ISO-10303-21;
HEADER;
FILE_DESCRIPTION(('Open CASCADE Model'),'2;1');
FILE_NAME('Open CASCADE Shape Model','2026-10-05T12:46:30',('Author'),(
    'Open CASCADE'),'Open CASCADE STEP processor 7.9','Open CASCADE 7.9'
  ,'Unknown');
FILE_SCHEMA(('AUTOMOTIVE_DESIGN { 1 0 10303 214 1 1 1 1 }'));
ENDSEC;
DATA;
#1 = APPLICATION_PROTOCOL_DEFINITION('international standard',
  'automotive_design',2000,#2);
#2 = APPLICATION_CONTEXT(
  'core data for automotive mechanical design processes');
#3 = SHAPE_DEFINITION_REPRESENTATION(#4,#10);
#4 = PRODUCT_DEFINITION_SHAPE('','',#5);
#5 = PRODUCT_DEFINITION('design','',#6,#9);
#6 = PRODUCT_DEFINITION_FORMATION('','',#7);
#7 = PRODUCT('Open CASCADE STEP translator 7.9 2',
  'Open CASCADE STEP translator 7.9 2','',(#8));
#8 = PRODUCT_CONTEXT('',#2,'mechanical');
#9 = PRODUCT_DEFINITION_CONTEXT('part definition',#2,'design');
#10 = ADVANCED_BREP_SHAPE_REPRESENTATION('',(#11,#15),#6053);
#11 = AXIS2_PLACEMENT_3D('',#12,#13,#14);
#12 = CARTESIAN_POINT('',(0.,0.,0.));
#13 = DIRECTION('',(0.,0.,1.));
#14 = DIRECTION('',(1.,0.,-0.));
#15 = MANIFOLD_SOLID_BREP('',#16);
#16 = CLOSED_SHELL('',(#17,#137,#213,#289,#2329,#3994,#4021,#4048,#4075,
    #4102,#4109,#4156,#4183,#4210,#4217,#4264,#4291,#4318,#4325,#4372,
    #4399,#4426,#4433,#4480,#4507,#4534,#4541,#4588,#4615,#4642,#4649,
    #4696,#4723,#4750,#4757,#4804,#4831,#4858,#4865,#4912,#4939,#4966,
    #4973,#5020,#5047,#5074,#5081,#5128,#5155,#5182,#5189,#5236,#5263,
    #5290,#5297,#5344,#5371,#5398,#5405,#5452,#5479,#5506,#5533,#5560,
    #5587,#5614,#5621,#5668,#5695,#5722,#5729,#5776,#5803,#5830,#5837,
    #5884,#5911,#5938,#5945,#5992,#6019,#6046));
#17 = ADVANCED_FACE('',(#18),#32,.F.);
#18 = FACE_BOUND('',#19,.F.);
#19 = EDGE_LOOP('',(#20,#55,#83,#111));
#20 = ORIENTED_EDGE('',*,*,#21,.T.);
#21 = EDGE_CURVE('',#22,#24,#26,.T.);
#22 = VERTEX_POINT('',#23);
#23 = CARTESIAN_POINT('',(177.5,73.522907321224,0.));
#24 = VERTEX_POINT('',#25);
#25 = CARTESIAN_POINT('',(177.5,73.522907321224,8.));
#26 = SURFACE_CURVE('',#27,(#31,#43),.PCURVE_S1.);
#27 = LINE('',#28,#29);
#28 = CARTESIAN_POINT('',(177.5,73.522907321224,0.));
#29 = VECTOR('',#30,1.);
#30 = DIRECTION('',(0.,0.,1.));
#31 = PCURVE('',#32,#37);
#32 = PLANE('',#33);
#33 = AXIS2_PLACEMENT_3D('',#34,#35,#36);
#34 = CARTESIAN_POINT('',(177.5,73.522907321224,0.));
#35 = DIRECTION('',(-0.707106781187,-0.707106781187,0.));
#36 = DIRECTION('',(-0.707106781187,0.707106781187,0.));
#37 = DEFINITIONAL_REPRESENTATION('',(#38),#42);
#38 = LINE('',#39,#40);
#39 = CARTESIAN_POINT('',(0.,0.));
#40 = VECTOR('',#41,1.);
#41 = DIRECTION('',(0.,-1.));
#42 = ( GEOMETRIC_REPRESENTATION_CONTEXT(2) 
PARAMETRIC_REPRESENTATION_CONTEXT() REPRESENTATION_CONTEXT('2D SPACE',''
  ) );
#43 = PCURVE('',#44,#49);
#44 = PLANE('',#45);
#45 = AXIS2_PLACEMENT_3D('',#46,#47,#48);
#46 = CARTESIAN_POINT('',(177.5,-73.52290732122,0.));
#47 = DIRECTION('',(-1.,3.865694443533E-16,0.));
#48 = DIRECTION('',(3.865694443533E-16,1.,0.));
#49 = DEFINITIONAL_REPRESENTATION('',(#50),#54);
#50 = LINE('',#51,#52);
#51 = CARTESIAN_POINT('',(147.04581464244,0.));
#52 = VECTOR('',#53,1.);
#53 = DIRECTION('',(0.,-1.));
#54 = ( GEOMETRIC_REPRESENTATION_CONTEXT(2) 
PARAMETRIC_REPRESENTATION_CONTEXT() REPRESENTATION_CONTEXT('2D SPACE',''
  ) );
#55 = ORIENTED_EDGE('',*,*,#56,.T.);
#56 = EDGE_CURVE('',#24,#57,#59,.T.);
#57 = VERTEX_POINT('',#58);
#58 = CARTESIAN_POINT('',(73.522907321224,177.5,8.));
#59 = SURFACE_CURVE('',#60,(#64,#71),.PCURVE_S1.);
#60 = LINE('',#61,#62);
#61 = CARTESIAN_POINT('',(177.5,73.522907321224,8.));
#62 = VECTOR('',#63,1.);
#63 = DIRECTION('',(-0.707106781187,0.707106781187,0.));
#64 = PCURVE('',#32,#65);
#65 = DEFINITIONAL_REPRESENTATION('',(#66),#70);
#66 = LINE('',#67,#68);
#67 = CARTESIAN_POINT('',(0.,-8.));
#68 = VECTOR('',#69,1.);
#69 = DIRECTION('',(1.,0.));
#70 = ( GEOMETRIC_REPRESENTATION_CONTEXT(2) 
PARAMETRIC_REPRESENTATION_CONTEXT() REPRESENTATION_CONTEXT('2D SPACE',''
  ) );
#71 = PCURVE('',#72,#77);
#72 = PLANE('',#73);
#73 = AXIS2_PLACEMENT_3D('',#74,#75,#76);
#74 = CARTESIAN_POINT('',(0.,1.005080555319E-14,8.));
#75 = DIRECTION('',(0.,0.,1.));
#76 = DIRECTION('',(1.,0.,-0.));
#77 = DEFINITIONAL_REPRESENTATION('',(#78),#82);
#78 = LINE('',#79,#80);
#79 = CARTESIAN_POINT('',(177.5,73.522907321224));
#80 = VECTOR('',#81,1.);
#81 = DIRECTION('',(-0.707106781187,0.707106781187));
#82 = ( GEOMETRIC_REPRESENTATION_CONTEXT(2) 
PARAMETRIC_REPRESENTATION_CONTEXT() REPRESENTATION_CONTEXT('2D SPACE',''
  ) );
#83 = ORIENTED_EDGE('',*,*,#84,.F.);
#84 = EDGE_CURVE('',#85,#57,#87,.T.);
#85 = VERTEX_POINT('',#86);
#86 = CARTESIAN_POINT('',(73.522907321224,177.5,0.));
#87 = SURFACE_CURVE('',#88,(#92,#99),.PCURVE_S1.);
#88 = LINE('',#89,#90);
#89 = CARTESIAN_POINT('',(73.522907321224,177.5,0.));
#90 = VECTOR('',#91,1.);
#91 = DIRECTION('',(0.,0.,1.));
#92 = PCURVE('',#32,#93);
#93 = DEFINITIONAL_REPRESENTATION('',(#94),#98);
#94 = LINE('',#95,#96);
#95 = CARTESIAN_POINT('',(147.04581464244,0.));
#96 = VECTOR('',#97,1.);
#97 = DIRECTION('',(0.,-1.));
#98 = ( GEOMETRIC_REPRESENTATION_CONTEXT(2) 
PARAMETRIC_REPRESENTATION_CONTEXT() REPRESENTATION_CONTEXT('2D SPACE',''
  ) );
#99 = PCURVE('',#100,#105);
#100 = PLANE('',#101);
#101 = AXIS2_PLACEMENT_3D('',#102,#103,#104);
#102 = CARTESIAN_POINT('',(73.522907321224,177.5,0.));
#103 = DIRECTION('',(0.,-1.,0.));
#104 = DIRECTION('',(-1.,0.,0.));
#105 = DEFINITIONAL_REPRESENTATION('',(#106),#110);
#106 = LINE('',#107,#108);
#107 = CARTESIAN_POINT('',(0.,-0.));
#108 = VECTOR('',#109,1.);
#109 = DIRECTION('',(0.,-1.));
#110 = ( GEOMETRIC_REPRESENTATION_CONTEXT(2) 
PARAMETRIC_REPRESENTATION_CONTEXT() REPRESENTATION_CONTEXT('2D SPACE',''
  ) );
#111 = ORIENTED_EDGE('',*,*,#112,.F.);
#112 = EDGE_CURVE('',#22,#85,#113,.T.);
#113 = SURFACE_CURVE('',#114,(#118,#125),.PCURVE_S1.);
#114 = LINE('',#115,#116);
#115 = CARTESIAN_POINT('',(177.5,73.522907321224,0.));
#116 = VECTOR('',#117,1.);
#117 = DIRECTION('',(-0.707106781187,0.707106781187,0.));
#118 = PCURVE('',#32,#119);
#119 = DEFINITIONAL_REPRESENTATION('',(#120),#124);
#120 = LINE('',#121,#122);
#121 = CARTESIAN_POINT('',(0.,0.));
#122 = VECTOR('',#123,1.);
#123 = DIRECTION('',(1.,0.));
#124 = ( GEOMETRIC_REPRESENTATION_CONTEXT(2) 
PARAMETRIC_REPRESENTATION_CONTEXT() REPRESENTATION_CONTEXT('2D SPACE',''
  ) );
#125 = PCURVE('',#126,#131);
#126 = PLANE('',#127);
#127 = AXIS2_PLACEMENT_3D('',#128,#129,#130);
#128 = CARTESIAN_POINT('',(0.,1.005080555319E-14,0.));
#129 = DIRECTION('',(0.,0.,1.));
#130 = DIRECTION('',(1.,0.,-0.));
#131 = DEFINITIONAL_REPRESENTATION('',(#132),#136);
#132 = LINE('',#133,#134);
#133 = CARTESIAN_POINT('',(177.5,73.522907321224));
#134 = VECTOR('',#135,1.);
#135 = DIRECTION('',(-0.707106781187,0.707106781187));
#136 = ( GEOMETRIC_REPRESENTATION_CONTEXT(2) 
PARAMETRIC_REPRESENTATION_CONTEXT() REPRESENTATION_CONTEXT('2D SPACE',''
  ) );
#137 = ADVANCED_FACE('',(#138),#44,.F.);
#138 = FACE_BOUND('',#139,.F.);
#139 = EDGE_LOOP('',(#140,#170,#191,#192));
#140 = ORIENTED_EDGE('',*,*,#141,.T.);
#141 = EDGE_CURVE('',#142,#144,#146,.T.);
#142 = VERTEX_POINT('',#143);
#143 = CARTESIAN_POINT('',(177.5,-73.52290732122,0.));
#144 = VERTEX_POINT('',#145);
#145 = CARTESIAN_POINT('',(177.5,-73.52290732122,8.));
#146 = SURFACE_CURVE('',#147,(#151,#158),.PCURVE_S1.);
#147 = LINE('',#148,#149);
#148 = CARTESIAN_POINT('',(177.5,-73.52290732122,0.));
#149 = VECTOR('',#150,1.);
#150 = DIRECTION('',(0.,0.,1.));
#151 = PCURVE('',#44,#152);
#152 = DEFINITIONAL_REPRESENTATION('',(#153),#157);
#153 = LINE('',#154,#155);
#154 = CARTESIAN_POINT('',(0.,0.));
#155 = VECTOR('',#156,1.);
#156 = DIRECTION('',(0.,-1.));
#157 = ( GEOMETRIC_REPRESENTATION_CONTEXT(2) 
PARAMETRIC_REPRESENTATION_CONTEXT() REPRESENTATION_CONTEXT('2D SPACE',''
  ) );
#158 = PCURVE('',#159,#164);
#159 = PLANE('',#160);
#160 = AXIS2_PLACEMENT_3D('',#161,#162,#163);
#161 = CARTESIAN_POINT('',(73.522907321224,-177.5,0.));
#162 = DIRECTION('',(-0.707106781187,0.707106781187,0.));
#163 = DIRECTION('',(0.707106781187,0.707106781187,0.));
#164 = DEFINITIONAL_REPRESENTATION('',(#165),#169);
#165 = LINE('',#166,#167);
#166 = CARTESIAN_POINT('',(147.04581464244,0.));
#167 = VECTOR('',#168,1.);
#168 = DIRECTION('',(0.,-1.));
#169 = ( GEOMETRIC_REPRESENTATION_CONTEXT(2) 
PARAMETRIC_REPRESENTATION_CONTEXT() REPRESENTATION_CONTEXT('2D SPACE',''
  ) );
#170 = ORIENTED_EDGE('',*,*,#171,.T.);
#171 = EDGE_CURVE('',#144,#24,#172,.T.);
#172 = SURFACE_CURVE('',#173,(#177,#184),.PCURVE_S1.);
#173 = LINE('',#174,#175);
#174 = CARTESIAN_POINT('',(177.5,-73.52290732122,8.));
#175 = VECTOR('',#176,1.);
#176 = DIRECTION('',(3.865694443533E-16,1.,0.));
#177 = PCURVE('',#44,#178);
#178 = DEFINITIONAL_REPRESENTATION('',(#179),#183);
#179 = LINE('',#180,#181);
#180 = CARTESIAN_POINT('',(0.,-8.));
#181 = VECTOR('',#182,1.);
#182 = DIRECTION('',(1.,0.));
#183 = ( GEOMETRIC_REPRESENTATION_CONTEXT(2) 
PARAMETRIC_REPRESENTATION_CONTEXT() REPRESENTATION_CONTEXT('2D SPACE',''
  ) );
#184 = PCURVE('',#72,#185);
#185 = DEFINITIONAL_REPRESENTATION('',(#186),#190);
#186 = LINE('',#187,#188);
#187 = CARTESIAN_POINT('',(177.5,-73.52290732122));
#188 = VECTOR('',#189,1.);
#189 = DIRECTION('',(3.865694443533E-16,1.));
#190 = ( GEOMETRIC_REPRESENTATION_CONTEXT(2) 
PARAMETRIC_REPRESENTATION_CONTEXT() REPRESENTATION_CONTEXT('2D SPACE',''
  ) );
#191 = ORIENTED_EDGE('',*,*,#21,.F.);
#192 = ORIENTED_EDGE('',*,*,#193,.F.);
#193 = EDGE_CURVE('',#142,#22,#194,.T.);
#194 = SURFACE_CURVE('',#195,(#199,#206),.PCURVE_S1.);
#195 = LINE('',#196,#197);
#196 = CARTESIAN_POINT('',(177.5,-73.52290732122,0.));
#197 = VECTOR('',#198,1.);
#198 = DIRECTION('',(3.865694443533E-16,1.,0.));
#199 = PCURVE('',#44,#200);
#200 = DEFINITIONAL_REPRESENTATION('',(#201),#205);
#201 = LINE('',#202,#203);
#202 = CARTESIAN_POINT('',(0.,0.));
#203 = VECTOR('',#204,1.);
#204 = DIRECTION('',(1.,0.));
#205 = ( GEOMETRIC_REPRESENTATION_CONTEXT(2) 
PARAMETRIC_REPRESENTATION_CONTEXT() REPRESENTATION_CONTEXT('2D SPACE',''
  ) );
#206 = PCURVE('',#126,#207);
#207 = DEFINITIONAL_REPRESENTATION('',(#208),#212);
#208 = LINE('',#209,#210);
#209 = CARTESIAN_POINT('',(177.5,-73.52290732122));
#210 = VECTOR('',#211,1.);
#211 = DIRECTION('',(3.865694443533E-16,1.));
#212 = ( GEOMETRIC_REPRESENTATION_CONTEXT(2) 
PARAMETRIC_REPRESENTATION_CONTEXT() REPRESENTATION_CONTEXT('2D SPACE',''
  ) );
#213 = ADVANCED_FACE('',(#214),#100,.F.);
#214 = FACE_BOUND('',#215,.F.);
#215 = EDGE_LOOP('',(#216,#217,#240,#268));
#216 = ORIENTED_EDGE('',*,*,#84,.T.);
#217 = ORIENTED_EDGE('',*,*,#218,.T.);
#218 = EDGE_CURVE('',#57,#219,#221,.T.);
#219 = VERTEX_POINT('',#220);
#220 = CARTESIAN_POINT('',(-73.52290732122,177.5,8.));
#221 = SURFACE_CURVE('',#222,(#226,#233),.PCURVE_S1.);
#222 = LINE('',#223,#224);
#223 = CARTESIAN_POINT('',(73.522907321224,177.5,8.));
#224 = VECTOR('',#225,1.);
#225 = DIRECTION('',(-1.,0.,0.));
#226 = PCURVE('',#100,#227);
#227 = DEFINITIONAL_REPRESENTATION('',(#228),#232);
#228 = LINE('',#229,#230);
#229 = CARTESIAN_POINT('',(0.,-8.));
#230 = VECTOR('',#231,1.);
#231 = DIRECTION('',(1.,0.));
#232 = ( GEOMETRIC_REPRESENTATION_CONTEXT(2) 
PARAMETRIC_REPRESENTATION_CONTEXT() REPRESENTATION_CONTEXT('2D SPACE',''
  ) );
#233 = PCURVE('',#72,#234);
#234 = DEFINITIONAL_REPRESENTATION('',(#235),#239);
#235 = LINE('',#236,#237);
#236 = CARTESIAN_POINT('',(73.522907321224,177.5));
#237 = VECTOR('',#238,1.);
#238 = DIRECTION('',(-1.,0.));
#239 = ( GEOMETRIC_REPRESENTATION_CONTEXT(2) 
PARAMETRIC_REPRESENTATION_CONTEXT() REPRESENTATION_CONTEXT('2D SPACE',''
  ) );
#240 = ORIENTED_EDGE('',*,*,#241,.F.);
#241 = EDGE_CURVE('',#242,#219,#244,.T.);
#242 = VERTEX_POINT('',#243);
#243 = CARTESIAN_POINT('',(-73.52290732122,177.5,0.));
#244 = SURFACE_CURVE('',#245,(#249,#256),.PCURVE_S1.);
#245 = LINE('',#246,#247);
#246 = CARTESIAN_POINT('',(-73.52290732122,177.5,0.));
#247 = VECTOR('',#248,1.);
#248 = DIRECTION('',(0.,0.,1.));
#249 = PCURVE('',#100,#250);
#250 = DEFINITIONAL_REPRESENTATION('',(#251),#255);
#251 = LINE('',#252,#253);
#252 = CARTESIAN_POINT('',(147.04581464244,0.));
#253 = VECTOR('',#254,1.);
#254 = DIRECTION('',(0.,-1.));
#255 = ( GEOMETRIC_REPRESENTATION_CONTEXT(2) 
PARAMETRIC_REPRESENTATION_CONTEXT() REPRESENTATION_CONTEXT('2D SPACE',''
  ) );
#256 = PCURVE('',#257,#262);
#257 = PLANE('',#258);
#258 = AXIS2_PLACEMENT_3D('',#259,#260,#261);
#259 = CARTESIAN_POINT('',(-73.52290732122,177.5,0.));
#260 = DIRECTION('',(0.707106781187,-0.707106781187,0.));
#261 = DIRECTION('',(-0.707106781187,-0.707106781187,0.));
#262 = DEFINITIONAL_REPRESENTATION('',(#263),#267);
#263 = LINE('',#264,#265);
#264 = CARTESIAN_POINT('',(0.,0.));
#265 = VECTOR('',#266,1.);
#266 = DIRECTION('',(0.,-1.));
#267 = ( GEOMETRIC_REPRESENTATION_CONTEXT(2) 
PARAMETRIC_REPRESENTATION_CONTEXT() REPRESENTATION_CONTEXT('2D SPACE',''
  ) );
#268 = ORIENTED_EDGE('',*,*,#269,.F.);
#269 = EDGE_CURVE('',#85,#242,#270,.T.);
#270 = SURFACE_CURVE('',#271,(#275,#282),.PCURVE_S1.);
#271 = LINE('',#272,#273);
#272 = CARTESIAN_POINT('',(73.522907321224,177.5,0.));
#273 = VECTOR('',#274,1.);
#274 = DIRECTION('',(-1.,0.,0.));
#275 = PCURVE('',#100,#276);
#276 = DEFINITIONAL_REPRESENTATION('',(#277),#281);
#277 = LINE('',#278,#279);
#278 = CARTESIAN_POINT('',(0.,-0.));
#279 = VECTOR('',#280,1.);
#280 = DIRECTION('',(1.,0.));
#281 = ( GEOMETRIC_REPRESENTATION_CONTEXT(2) 
PARAMETRIC_REPRESENTATION_CONTEXT() REPRESENTATION_CONTEXT('2D SPACE',''
  ) );
#282 = PCURVE('',#126,#283);
#283 = DEFINITIONAL_REPRESENTATION('',(#284),#288);
#284 = LINE('',#285,#286);
#285 = CARTESIAN_POINT('',(73.522907321224,177.5));
#286 = VECTOR('',#287,1.);
#287 = DIRECTION('',(-1.,0.));
#288 = ( GEOMETRIC_REPRESENTATION_CONTEXT(2) 
PARAMETRIC_REPRESENTATION_CONTEXT() REPRESENTATION_CONTEXT('2D SPACE',''
  ) );
#289 = ADVANCED_FACE('',(#290,#423,#529,#635,#741,#847,#953,#1059,#1165,
    #1271,#1377,#1483,#1589,#1695,#1905,#2011,#2117,#2223),#126,.F.);
#290 = FACE_BOUND('',#291,.F.);
#291 = EDGE_LOOP('',(#292,#293,#294,#317,#345,#373,#401,#422));
#292 = ORIENTED_EDGE('',*,*,#112,.T.);
#293 = ORIENTED_EDGE('',*,*,#269,.T.);
#294 = ORIENTED_EDGE('',*,*,#295,.T.);
#295 = EDGE_CURVE('',#242,#296,#298,.T.);
#296 = VERTEX_POINT('',#297);
#297 = CARTESIAN_POINT('',(-177.5,73.522907321224,0.));
#298 = SURFACE_CURVE('',#299,(#303,#310),.PCURVE_S1.);
#299 = LINE('',#300,#301);
#300 = CARTESIAN_POINT('',(-73.52290732122,177.5,0.));
#301 = VECTOR('',#302,1.);
#302 = DIRECTION('',(-0.707106781187,-0.707106781187,0.));
#303 = PCURVE('',#126,#304);
#304 = DEFINITIONAL_REPRESENTATION('',(#305),#309);
#305 = LINE('',#306,#307);
#306 = CARTESIAN_POINT('',(-73.52290732122,177.5));
#307 = VECTOR('',#308,1.);
#308 = DIRECTION('',(-0.707106781187,-0.707106781187));
#309 = ( GEOMETRIC_REPRESENTATION_CONTEXT(2) 
PARAMETRIC_REPRESENTATION_CONTEXT() REPRESENTATION_CONTEXT('2D SPACE',''
  ) );
#310 = PCURVE('',#257,#311);
#311 = DEFINITIONAL_REPRESENTATION('',(#312),#316);
#312 = LINE('',#313,#314);
#313 = CARTESIAN_POINT('',(0.,0.));
#314 = VECTOR('',#315,1.);
#315 = DIRECTION('',(1.,0.));
#316 = ( GEOMETRIC_REPRESENTATION_CONTEXT(2) 
PARAMETRIC_REPRESENTATION_CONTEXT() REPRESENTATION_CONTEXT('2D SPACE',''
  ) );
#317 = ORIENTED_EDGE('',*,*,#318,.T.);
#318 = EDGE_CURVE('',#296,#319,#321,.T.);
#319 = VERTEX_POINT('',#320);
#320 = CARTESIAN_POINT('',(-177.5,-73.52290732122,0.));
#321 = SURFACE_CURVE('',#322,(#326,#333),.PCURVE_S1.);
#322 = LINE('',#323,#324);
#323 = CARTESIAN_POINT('',(-177.5,73.522907321224,0.));
#324 = VECTOR('',#325,1.);
#325 = DIRECTION('',(0.,-1.,0.));
#326 = PCURVE('',#126,#327);
#327 = DEFINITIONAL_REPRESENTATION('',(#328),#332);
#328 = LINE('',#329,#330);
#329 = CARTESIAN_POINT('',(-177.5,73.522907321224));
#330 = VECTOR('',#331,1.);
#331 = DIRECTION('',(0.,-1.));
#332 = ( GEOMETRIC_REPRESENTATION_CONTEXT(2) 
PARAMETRIC_REPRESENTATION_CONTEXT() REPRESENTATION_CONTEXT('2D SPACE',''
  ) );
#333 = PCURVE('',#334,#339);
#334 = PLANE('',#335);
#335 = AXIS2_PLACEMENT_3D('',#336,#337,#338);
#336 = CARTESIAN_POINT('',(-177.5,73.522907321224,0.));
#337 = DIRECTION('',(1.,0.,-0.));
#338 = DIRECTION('',(0.,-1.,0.));
#339 = DEFINITIONAL_REPRESENTATION('',(#340),#344);
#340 = LINE('',#341,#342);
#341 = CARTESIAN_POINT('',(0.,0.));
#342 = VECTOR('',#343,1.);
#343 = DIRECTION('',(1.,0.));
#344 = ( GEOMETRIC_REPRESENTATION_CONTEXT(2) 
PARAMETRIC_REPRESENTATION_CONTEXT() REPRESENTATION_CONTEXT('2D SPACE',''
  ) );
#345 = ORIENTED_EDGE('',*,*,#346,.T.);
#346 = EDGE_CURVE('',#319,#347,#349,.T.);
#347 = VERTEX_POINT('',#348);
#348 = CARTESIAN_POINT('',(-73.52290732122,-177.5,0.));
#349 = SURFACE_CURVE('',#350,(#354,#361),.PCURVE_S1.);
#350 = LINE('',#351,#352);
#351 = CARTESIAN_POINT('',(-177.5,-73.52290732122,0.));
#352 = VECTOR('',#353,1.);
#353 = DIRECTION('',(0.707106781187,-0.707106781187,0.));
#354 = PCURVE('',#126,#355);
#355 = DEFINITIONAL_REPRESENTATION('',(#356),#360);
#356 = LINE('',#357,#358);
#357 = CARTESIAN_POINT('',(-177.5,-73.52290732122));
#358 = VECTOR('',#359,1.);
#359 = DIRECTION('',(0.707106781187,-0.707106781187));
#360 = ( GEOMETRIC_REPRESENTATION_CONTEXT(2) 
PARAMETRIC_REPRESENTATION_CONTEXT() REPRESENTATION_CONTEXT('2D SPACE',''
  ) );
#361 = PCURVE('',#362,#367);
#362 = PLANE('',#363);
#363 = AXIS2_PLACEMENT_3D('',#364,#365,#366);
#364 = CARTESIAN_POINT('',(-177.5,-73.52290732122,0.));
#365 = DIRECTION('',(0.707106781187,0.707106781187,-0.));
#366 = DIRECTION('',(0.707106781187,-0.707106781187,0.));
#367 = DEFINITIONAL_REPRESENTATION('',(#368),#372);
#368 = LINE('',#369,#370);
#369 = CARTESIAN_POINT('',(0.,0.));
#370 = VECTOR('',#371,1.);
#371 = DIRECTION('',(1.,0.));
#372 = ( GEOMETRIC_REPRESENTATION_CONTEXT(2) 
PARAMETRIC_REPRESENTATION_CONTEXT() REPRESENTATION_CONTEXT('2D SPACE',''
  ) );
#373 = ORIENTED_EDGE('',*,*,#374,.T.);
#374 = EDGE_CURVE('',#347,#375,#377,.T.);
#375 = VERTEX_POINT('',#376);
#376 = CARTESIAN_POINT('',(73.522907321224,-177.5,0.));
#377 = SURFACE_CURVE('',#378,(#382,#389),.PCURVE_S1.);
#378 = LINE('',#379,#380);
#379 = CARTESIAN_POINT('',(-73.52290732122,-177.5,0.));
#380 = VECTOR('',#381,1.);
#381 = DIRECTION('',(1.,-1.932847221766E-16,0.));
#382 = PCURVE('',#126,#383);
#383 = DEFINITIONAL_REPRESENTATION('',(#384),#388);
#384 = LINE('',#385,#386);
#385 = CARTESIAN_POINT('',(-73.52290732122,-177.5));
#386 = VECTOR('',#387,1.);
#387 = DIRECTION('',(1.,-1.932847221766E-16));
#388 = ( GEOMETRIC_REPRESENTATION_CONTEXT(2) 
PARAMETRIC_REPRESENTATION_CONTEXT() REPRESENTATION_CONTEXT('2D SPACE',''
  ) );
#389 = PCURVE('',#390,#395);
#390 = PLANE('',#391);
#391 = AXIS2_PLACEMENT_3D('',#392,#393,#394);
#392 = CARTESIAN_POINT('',(-73.52290732122,-177.5,0.));
#393 = DIRECTION('',(1.932847221766E-16,1.,-0.));
#394 = DIRECTION('',(1.,-1.932847221766E-16,0.));
#395 = DEFINITIONAL_REPRESENTATION('',(#396),#400);
#396 = LINE('',#397,#398);
#397 = CARTESIAN_POINT('',(0.,0.));
#398 = VECTOR('',#399,1.);
#399 = DIRECTION('',(1.,0.));
#400 = ( GEOMETRIC_REPRESENTATION_CONTEXT(2) 
PARAMETRIC_REPRESENTATION_CONTEXT() REPRESENTATION_CONTEXT('2D SPACE',''
  ) );
#401 = ORIENTED_EDGE('',*,*,#402,.T.);
#402 = EDGE_CURVE('',#375,#142,#403,.T.);
#403 = SURFACE_CURVE('',#404,(#408,#415),.PCURVE_S1.);
#404 = LINE('',#405,#406);
#405 = CARTESIAN_POINT('',(73.522907321224,-177.5,0.));
#406 = VECTOR('',#407,1.);
#407 = DIRECTION('',(0.707106781187,0.707106781187,0.));
#408 = PCURVE('',#126,#409);
#409 = DEFINITIONAL_REPRESENTATION('',(#410),#414);
#410 = LINE('',#411,#412);
#411 = CARTESIAN_POINT('',(73.522907321224,-177.5));
#412 = VECTOR('',#413,1.);
#413 = DIRECTION('',(0.707106781187,0.707106781187));
#414 = ( GEOMETRIC_REPRESENTATION_CONTEXT(2) 
PARAMETRIC_REPRESENTATION_CONTEXT() REPRESENTATION_CONTEXT('2D SPACE',''
  ) );
#415 = PCURVE('',#159,#416);
#416 = DEFINITIONAL_REPRESENTATION('',(#417),#421);
#417 = LINE('',#418,#419);
#418 = CARTESIAN_POINT('',(0.,0.));
#419 = VECTOR('',#420,1.);
#420 = DIRECTION('',(1.,0.));
#421 = ( GEOMETRIC_REPRESENTATION_CONTEXT(2) 
PARAMETRIC_REPRESENTATION_CONTEXT() REPRESENTATION_CONTEXT('2D SPACE',''
  ) );
#422 = ORIENTED_EDGE('',*,*,#193,.T.);
#423 = FACE_BOUND('',#424,.F.);
#424 = EDGE_LOOP('',(#425,#453,#479,#505));
#425 = ORIENTED_EDGE('',*,*,#426,.T.);
#426 = EDGE_CURVE('',#427,#429,#431,.T.);
#427 = VERTEX_POINT('',#428);
#428 = CARTESIAN_POINT('',(-109.3894190495,-123.1072906045,0.));
#429 = VERTEX_POINT('',#430);
#430 = CARTESIAN_POINT('',(-107.8337841309,-121.5516556859,0.));
#431 = SURFACE_CURVE('',#432,(#436,#442),.PCURVE_S1.);
#432 = LINE('',#433,#434);
#433 = CARTESIAN_POINT('',(-50.48742417672,-64.20529573173,0.));
#434 = VECTOR('',#435,1.);
#435 = DIRECTION('',(0.707106781187,0.707106781187,-0.));
#436 = PCURVE('',#126,#437);
#437 = DEFINITIONAL_REPRESENTATION('',(#438),#441);
#438 = B_SPLINE_CURVE_WITH_KNOTS('',1,(#439,#440),.UNSPECIFIED.,.F.,.F.,
  (2,2),(-83.3,-81.1),.PIECEWISE_BEZIER_KNOTS.);
#439 = CARTESIAN_POINT('',(-109.3894190495,-123.1072906045));
#440 = CARTESIAN_POINT('',(-107.8337841309,-121.5516556859));
#441 = ( GEOMETRIC_REPRESENTATION_CONTEXT(2) 
PARAMETRIC_REPRESENTATION_CONTEXT() REPRESENTATION_CONTEXT('2D SPACE',''
  ) );
#442 = PCURVE('',#443,#448);
#443 = PLANE('',#444);
#444 = AXIS2_PLACEMENT_3D('',#445,#446,#447);
#445 = CARTESIAN_POINT('',(-107.8337841309,-121.5516556859,-0.1));
#446 = DIRECTION('',(0.707106781187,-0.707106781187,0.));
#447 = DIRECTION('',(0.,0.,1.));
#448 = DEFINITIONAL_REPRESENTATION('',(#449),#452);
#449 = B_SPLINE_CURVE_WITH_KNOTS('',1,(#450,#451),.UNSPECIFIED.,.F.,.F.,
  (2,2),(-83.3,-81.1),.PIECEWISE_BEZIER_KNOTS.);
#450 = CARTESIAN_POINT('',(0.1,2.2));
#451 = CARTESIAN_POINT('',(0.1,0.));
#452 = ( GEOMETRIC_REPRESENTATION_CONTEXT(2) 
PARAMETRIC_REPRESENTATION_CONTEXT() REPRESENTATION_CONTEXT('2D SPACE',''
  ) );
#453 = ORIENTED_EDGE('',*,*,#454,.T.);
#454 = EDGE_CURVE('',#429,#455,#457,.T.);
#455 = VERTEX_POINT('',#456);
#456 = CARTESIAN_POINT('',(-73.46839456528,-155.9170452516,0.));
#457 = SURFACE_CURVE('',#458,(#462,#468),.PCURVE_S1.);
#458 = LINE('',#459,#460);
#459 = CARTESIAN_POINT('',(-111.2632520197,-118.1221877972,0.));
#460 = VECTOR('',#461,1.);
#461 = DIRECTION('',(0.707106781187,-0.707106781187,0.));
#462 = PCURVE('',#126,#463);
#463 = DEFINITIONAL_REPRESENTATION('',(#464),#467);
#464 = B_SPLINE_CURVE_WITH_KNOTS('',1,(#465,#466),.UNSPECIFIED.,.F.,.F.,
  (2,2),(4.85,53.45),.PIECEWISE_BEZIER_KNOTS.);
#465 = CARTESIAN_POINT('',(-107.8337841309,-121.5516556859));
#466 = CARTESIAN_POINT('',(-73.46839456528,-155.9170452516));
#467 = ( GEOMETRIC_REPRESENTATION_CONTEXT(2) 
PARAMETRIC_REPRESENTATION_CONTEXT() REPRESENTATION_CONTEXT('2D SPACE',''
  ) );
#468 = PCURVE('',#469,#474);
#469 = PLANE('',#470);
#470 = AXIS2_PLACEMENT_3D('',#471,#472,#473);
#471 = CARTESIAN_POINT('',(-107.8337841309,-121.5516556859,-0.1));
#472 = DIRECTION('',(-0.707106781187,-0.707106781187,0.));
#473 = DIRECTION('',(0.,0.,1.));
#474 = DEFINITIONAL_REPRESENTATION('',(#475),#478);
#475 = B_SPLINE_CURVE_WITH_KNOTS('',1,(#476,#477),.UNSPECIFIED.,.F.,.F.,
  (2,2),(4.85,53.45),.PIECEWISE_BEZIER_KNOTS.);
#476 = CARTESIAN_POINT('',(0.1,0.));
#477 = CARTESIAN_POINT('',(0.1,-48.6));
#478 = ( GEOMETRIC_REPRESENTATION_CONTEXT(2) 
PARAMETRIC_REPRESENTATION_CONTEXT() REPRESENTATION_CONTEXT('2D SPACE',''
  ) );
#479 = ORIENTED_EDGE('',*,*,#480,.F.);
#480 = EDGE_CURVE('',#481,#455,#483,.T.);
#481 = VERTEX_POINT('',#482);
#482 = CARTESIAN_POINT('',(-75.02402948389,-157.4726801702,0.));
#483 = SURFACE_CURVE('',#484,(#488,#494),.PCURVE_S1.);
#484 = LINE('',#485,#486);
#485 = CARTESIAN_POINT('',(-16.12203461105,-98.5706852974,0.));
#486 = VECTOR('',#487,1.);
#487 = DIRECTION('',(0.707106781187,0.707106781187,-0.));
#488 = PCURVE('',#126,#489);
#489 = DEFINITIONAL_REPRESENTATION('',(#490),#493);
#490 = B_SPLINE_CURVE_WITH_KNOTS('',1,(#491,#492),.UNSPECIFIED.,.F.,.F.,
  (2,2),(-83.3,-81.1),.PIECEWISE_BEZIER_KNOTS.);
#491 = CARTESIAN_POINT('',(-75.02402948389,-157.4726801702));
#492 = CARTESIAN_POINT('',(-73.46839456528,-155.9170452516));
#493 = ( GEOMETRIC_REPRESENTATION_CONTEXT(2) 
PARAMETRIC_REPRESENTATION_CONTEXT() REPRESENTATION_CONTEXT('2D SPACE',''
  ) );
#494 = PCURVE('',#495,#500);
#495 = PLANE('',#496);
#496 = AXIS2_PLACEMENT_3D('',#497,#498,#499);
#497 = CARTESIAN_POINT('',(-73.46839456528,-155.9170452516,-0.1));
#498 = DIRECTION('',(0.707106781187,-0.707106781187,0.));
#499 = DIRECTION('',(0.,0.,1.));
#500 = DEFINITIONAL_REPRESENTATION('',(#501),#504);
#501 = B_SPLINE_CURVE_WITH_KNOTS('',1,(#502,#503),.UNSPECIFIED.,.F.,.F.,
  (2,2),(-83.3,-81.1),.PIECEWISE_BEZIER_KNOTS.);
#502 = CARTESIAN_POINT('',(0.1,2.2));
#503 = CARTESIAN_POINT('',(0.1,0.));
#504 = ( GEOMETRIC_REPRESENTATION_CONTEXT(2) 
PARAMETRIC_REPRESENTATION_CONTEXT() REPRESENTATION_CONTEXT('2D SPACE',''
  ) );
#505 = ORIENTED_EDGE('',*,*,#506,.F.);
#506 = EDGE_CURVE('',#427,#481,#507,.T.);
#507 = SURFACE_CURVE('',#508,(#512,#518),.PCURVE_S1.);
#508 = LINE('',#509,#510);
#509 = CARTESIAN_POINT('',(-112.8188869383,-119.6778227158,0.));
#510 = VECTOR('',#511,1.);
#511 = DIRECTION('',(0.707106781187,-0.707106781187,0.));
#512 = PCURVE('',#126,#513);
#513 = DEFINITIONAL_REPRESENTATION('',(#514),#517);
#514 = B_SPLINE_CURVE_WITH_KNOTS('',1,(#515,#516),.UNSPECIFIED.,.F.,.F.,
  (2,2),(4.85,53.45),.PIECEWISE_BEZIER_KNOTS.);
#515 = CARTESIAN_POINT('',(-109.3894190495,-123.1072906045));
#516 = CARTESIAN_POINT('',(-75.02402948389,-157.4726801702));
#517 = ( GEOMETRIC_REPRESENTATION_CONTEXT(2) 
PARAMETRIC_REPRESENTATION_CONTEXT() REPRESENTATION_CONTEXT('2D SPACE',''
  ) );
#518 = PCURVE('',#519,#524);
#519 = PLANE('',#520);
#520 = AXIS2_PLACEMENT_3D('',#521,#522,#523);
#521 = CARTESIAN_POINT('',(-109.3894190495,-123.1072906045,-0.1));
#522 = DIRECTION('',(-0.707106781187,-0.707106781187,0.));
#523 = DIRECTION('',(0.,0.,1.));
#524 = DEFINITIONAL_REPRESENTATION('',(#525),#528);
#525 = B_SPLINE_CURVE_WITH_KNOTS('',1,(#526,#527),.UNSPECIFIED.,.F.,.F.,
  (2,2),(4.85,53.45),.PIECEWISE_BEZIER_KNOTS.);
#526 = CARTESIAN_POINT('',(0.1,0.));
#527 = CARTESIAN_POINT('',(0.1,-48.6));
#528 = ( GEOMETRIC_REPRESENTATION_CONTEXT(2) 
PARAMETRIC_REPRESENTATION_CONTEXT() REPRESENTATION_CONTEXT('2D SPACE',''
  ) );
#529 = FACE_BOUND('',#530,.F.);
#530 = EDGE_LOOP('',(#531,#559,#585,#611));
#531 = ORIENTED_EDGE('',*,*,#532,.T.);
#532 = EDGE_CURVE('',#533,#535,#537,.T.);
#533 = VERTEX_POINT('',#534);
#534 = CARTESIAN_POINT('',(-157.4726801702,-75.02402948389,0.));
#535 = VERTEX_POINT('',#536);
#536 = CARTESIAN_POINT('',(-155.9170452516,-73.46839456528,0.));
#537 = SURFACE_CURVE('',#538,(#542,#548),.PCURVE_S1.);
#538 = LINE('',#539,#540);
#539 = CARTESIAN_POINT('',(-98.5706852974,-16.12203461105,0.));
#540 = VECTOR('',#541,1.);
#541 = DIRECTION('',(0.707106781187,0.707106781187,-0.));
#542 = PCURVE('',#126,#543);
#543 = DEFINITIONAL_REPRESENTATION('',(#544),#547);
#544 = B_SPLINE_CURVE_WITH_KNOTS('',1,(#545,#546),.UNSPECIFIED.,.F.,.F.,
  (2,2),(-83.3,-81.1),.PIECEWISE_BEZIER_KNOTS.);
#545 = CARTESIAN_POINT('',(-157.4726801702,-75.02402948389));
#546 = CARTESIAN_POINT('',(-155.9170452516,-73.46839456528));
#547 = ( GEOMETRIC_REPRESENTATION_CONTEXT(2) 
PARAMETRIC_REPRESENTATION_CONTEXT() REPRESENTATION_CONTEXT('2D SPACE',''
  ) );
#548 = PCURVE('',#549,#554);
#549 = PLANE('',#550);
#550 = AXIS2_PLACEMENT_3D('',#551,#552,#553);
#551 = CARTESIAN_POINT('',(-155.9170452516,-73.46839456528,-0.1));
#552 = DIRECTION('',(0.707106781187,-0.707106781187,0.));
#553 = DIRECTION('',(0.,0.,1.));
#554 = DEFINITIONAL_REPRESENTATION('',(#555),#558);
#555 = B_SPLINE_CURVE_WITH_KNOTS('',1,(#556,#557),.UNSPECIFIED.,.F.,.F.,
  (2,2),(-83.3,-81.1),.PIECEWISE_BEZIER_KNOTS.);
#556 = CARTESIAN_POINT('',(0.1,2.2));
#557 = CARTESIAN_POINT('',(0.1,0.));
#558 = ( GEOMETRIC_REPRESENTATION_CONTEXT(2) 
PARAMETRIC_REPRESENTATION_CONTEXT() REPRESENTATION_CONTEXT('2D SPACE',''
  ) );
#559 = ORIENTED_EDGE('',*,*,#560,.T.);
#560 = EDGE_CURVE('',#535,#561,#563,.T.);
#561 = VERTEX_POINT('',#562);
#562 = CARTESIAN_POINT('',(-121.5516556859,-107.8337841309,0.));
#563 = SURFACE_CURVE('',#564,(#568,#574),.PCURVE_S1.);
#564 = LINE('',#565,#566);
#565 = CARTESIAN_POINT('',(-135.30488258,-94.08055723687,0.));
#566 = VECTOR('',#567,1.);
#567 = DIRECTION('',(0.707106781187,-0.707106781187,0.));
#568 = PCURVE('',#126,#569);
#569 = DEFINITIONAL_REPRESENTATION('',(#570),#573);
#570 = B_SPLINE_CURVE_WITH_KNOTS('',1,(#571,#572),.UNSPECIFIED.,.F.,.F.,
  (2,2),(-29.15,19.45),.PIECEWISE_BEZIER_KNOTS.);
#571 = CARTESIAN_POINT('',(-155.9170452516,-73.46839456528));
#572 = CARTESIAN_POINT('',(-121.5516556859,-107.8337841309));
#573 = ( GEOMETRIC_REPRESENTATION_CONTEXT(2) 
PARAMETRIC_REPRESENTATION_CONTEXT() REPRESENTATION_CONTEXT('2D SPACE',''
  ) );
#574 = PCURVE('',#575,#580);
#575 = PLANE('',#576);
#576 = AXIS2_PLACEMENT_3D('',#577,#578,#579);
#577 = CARTESIAN_POINT('',(-155.9170452516,-73.46839456528,-0.1));
#578 = DIRECTION('',(-0.707106781187,-0.707106781187,0.));
#579 = DIRECTION('',(0.,0.,1.));
#580 = DEFINITIONAL_REPRESENTATION('',(#581),#584);
#581 = B_SPLINE_CURVE_WITH_KNOTS('',1,(#582,#583),.UNSPECIFIED.,.F.,.F.,
  (2,2),(-29.15,19.45),.PIECEWISE_BEZIER_KNOTS.);
#582 = CARTESIAN_POINT('',(0.1,0.));
#583 = CARTESIAN_POINT('',(0.1,-48.6));
#584 = ( GEOMETRIC_REPRESENTATION_CONTEXT(2) 
PARAMETRIC_REPRESENTATION_CONTEXT() REPRESENTATION_CONTEXT('2D SPACE',''
  ) );
#585 = ORIENTED_EDGE('',*,*,#586,.F.);
#586 = EDGE_CURVE('',#587,#561,#589,.T.);
#587 = VERTEX_POINT('',#588);
#588 = CARTESIAN_POINT('',(-123.1072906045,-109.3894190495,0.));
#589 = SURFACE_CURVE('',#590,(#594,#600),.PCURVE_S1.);
#590 = LINE('',#591,#592);
#591 = CARTESIAN_POINT('',(-64.20529573173,-50.48742417671,0.));
#592 = VECTOR('',#593,1.);
#593 = DIRECTION('',(0.707106781187,0.707106781187,-0.));
#594 = PCURVE('',#126,#595);
#595 = DEFINITIONAL_REPRESENTATION('',(#596),#599);
#596 = B_SPLINE_CURVE_WITH_KNOTS('',1,(#597,#598),.UNSPECIFIED.,.F.,.F.,
  (2,2),(-83.3,-81.1),.PIECEWISE_BEZIER_KNOTS.);
#597 = CARTESIAN_POINT('',(-123.1072906045,-109.3894190495));
#598 = CARTESIAN_POINT('',(-121.5516556859,-107.8337841309));
#599 = ( GEOMETRIC_REPRESENTATION_CONTEXT(2) 
PARAMETRIC_REPRESENTATION_CONTEXT() REPRESENTATION_CONTEXT('2D SPACE',''
  ) );
#600 = PCURVE('',#601,#606);
#601 = PLANE('',#602);
#602 = AXIS2_PLACEMENT_3D('',#603,#604,#605);
#603 = CARTESIAN_POINT('',(-121.5516556859,-107.8337841309,-0.1));
#604 = DIRECTION('',(0.707106781187,-0.707106781187,0.));
#605 = DIRECTION('',(0.,0.,1.));
#606 = DEFINITIONAL_REPRESENTATION('',(#607),#610);
#607 = B_SPLINE_CURVE_WITH_KNOTS('',1,(#608,#609),.UNSPECIFIED.,.F.,.F.,
  (2,2),(-83.3,-81.1),.PIECEWISE_BEZIER_KNOTS.);
#608 = CARTESIAN_POINT('',(0.1,2.2));
#609 = CARTESIAN_POINT('',(0.1,0.));
#610 = ( GEOMETRIC_REPRESENTATION_CONTEXT(2) 
PARAMETRIC_REPRESENTATION_CONTEXT() REPRESENTATION_CONTEXT('2D SPACE',''
  ) );
#611 = ORIENTED_EDGE('',*,*,#612,.F.);
#612 = EDGE_CURVE('',#533,#587,#613,.T.);
#613 = SURFACE_CURVE('',#614,(#618,#624),.PCURVE_S1.);
#614 = LINE('',#615,#616);
#615 = CARTESIAN_POINT('',(-136.8605174986,-95.63619215548,0.));
#616 = VECTOR('',#617,1.);
#617 = DIRECTION('',(0.707106781187,-0.707106781187,0.));
#618 = PCURVE('',#126,#619);
#619 = DEFINITIONAL_REPRESENTATION('',(#620),#623);
#620 = B_SPLINE_CURVE_WITH_KNOTS('',1,(#621,#622),.UNSPECIFIED.,.F.,.F.,
  (2,2),(-29.15,19.45),.PIECEWISE_BEZIER_KNOTS.);
#621 = CARTESIAN_POINT('',(-157.4726801702,-75.02402948389));
#622 = CARTESIAN_POINT('',(-123.1072906045,-109.3894190495));
#623 = ( GEOMETRIC_REPRESENTATION_CONTEXT(2) 
PARAMETRIC_REPRESENTATION_CONTEXT() REPRESENTATION_CONTEXT('2D SPACE',''
  ) );
#624 = PCURVE('',#625,#630);
#625 = PLANE('',#626);
#626 = AXIS2_PLACEMENT_3D('',#627,#628,#629);
#627 = CARTESIAN_POINT('',(-157.4726801702,-75.02402948389,-0.1));
#628 = DIRECTION('',(-0.707106781187,-0.707106781187,0.));
#629 = DIRECTION('',(0.,0.,1.));
#630 = DEFINITIONAL_REPRESENTATION('',(#631),#634);
#631 = B_SPLINE_CURVE_WITH_KNOTS('',1,(#632,#633),.UNSPECIFIED.,.F.,.F.,
  (2,2),(-29.15,19.45),.PIECEWISE_BEZIER_KNOTS.);
#632 = CARTESIAN_POINT('',(0.1,0.));
#633 = CARTESIAN_POINT('',(0.1,-48.6));
#634 = ( GEOMETRIC_REPRESENTATION_CONTEXT(2) 
PARAMETRIC_REPRESENTATION_CONTEXT() REPRESENTATION_CONTEXT('2D SPACE',''
  ) );
#635 = FACE_BOUND('',#636,.F.);
#636 = EDGE_LOOP('',(#637,#665,#691,#717));
#637 = ORIENTED_EDGE('',*,*,#638,.T.);
#638 = EDGE_CURVE('',#639,#641,#643,.T.);
#639 = VERTEX_POINT('',#640);
#640 = CARTESIAN_POINT('',(-58.3,-164.4,0.));
#641 = VERTEX_POINT('',#642);
#642 = CARTESIAN_POINT('',(-58.3,-162.2,0.));
#643 = SURFACE_CURVE('',#644,(#648,#654),.PCURVE_S1.);
#644 = LINE('',#645,#646);
#645 = CARTESIAN_POINT('',(-58.3,-81.1,0.));
#646 = VECTOR('',#647,1.);
#647 = DIRECTION('',(2.22044604925E-16,1.,-0.));
#648 = PCURVE('',#126,#649);
#649 = DEFINITIONAL_REPRESENTATION('',(#650),#653);
#650 = B_SPLINE_CURVE_WITH_KNOTS('',1,(#651,#652),.UNSPECIFIED.,.F.,.F.,
  (2,2),(-83.3,-81.1),.PIECEWISE_BEZIER_KNOTS.);
#651 = CARTESIAN_POINT('',(-58.3,-164.4));
#652 = CARTESIAN_POINT('',(-58.3,-162.2));
#653 = ( GEOMETRIC_REPRESENTATION_CONTEXT(2) 
PARAMETRIC_REPRESENTATION_CONTEXT() REPRESENTATION_CONTEXT('2D SPACE',''
  ) );
#654 = PCURVE('',#655,#660);
#655 = PLANE('',#656);
#656 = AXIS2_PLACEMENT_3D('',#657,#658,#659);
#657 = CARTESIAN_POINT('',(-58.3,-162.2,-0.1));
#658 = DIRECTION('',(1.,-2.22044604925E-16,0.));
#659 = DIRECTION('',(0.,0.,1.));
#660 = DEFINITIONAL_REPRESENTATION('',(#661),#664);
#661 = B_SPLINE_CURVE_WITH_KNOTS('',1,(#662,#663),.UNSPECIFIED.,.F.,.F.,
  (2,2),(-83.3,-81.1),.PIECEWISE_BEZIER_KNOTS.);
#662 = CARTESIAN_POINT('',(0.1,2.2));
#663 = CARTESIAN_POINT('',(0.1,0.));
#664 = ( GEOMETRIC_REPRESENTATION_CONTEXT(2) 
PARAMETRIC_REPRESENTATION_CONTEXT() REPRESENTATION_CONTEXT('2D SPACE',''
  ) );
#665 = ORIENTED_EDGE('',*,*,#666,.T.);
#666 = EDGE_CURVE('',#641,#667,#669,.T.);
#667 = VERTEX_POINT('',#668);
#668 = CARTESIAN_POINT('',(-9.7,-162.2,0.));
#669 = SURFACE_CURVE('',#670,(#674,#680),.PCURVE_S1.);
#670 = LINE('',#671,#672);
#671 = CARTESIAN_POINT('',(-29.15,-162.2,0.));
#672 = VECTOR('',#673,1.);
#673 = DIRECTION('',(1.,-2.22044604925E-16,0.));
#674 = PCURVE('',#126,#675);
#675 = DEFINITIONAL_REPRESENTATION('',(#676),#679);
#676 = B_SPLINE_CURVE_WITH_KNOTS('',1,(#677,#678),.UNSPECIFIED.,.F.,.F.,
  (2,2),(-29.15,19.45),.PIECEWISE_BEZIER_KNOTS.);
#677 = CARTESIAN_POINT('',(-58.3,-162.2));
#678 = CARTESIAN_POINT('',(-9.7,-162.2));
#679 = ( GEOMETRIC_REPRESENTATION_CONTEXT(2) 
PARAMETRIC_REPRESENTATION_CONTEXT() REPRESENTATION_CONTEXT('2D SPACE',''
  ) );
#680 = PCURVE('',#681,#686);
#681 = PLANE('',#682);
#682 = AXIS2_PLACEMENT_3D('',#683,#684,#685);
#683 = CARTESIAN_POINT('',(-58.3,-162.2,-0.1));
#684 = DIRECTION('',(-2.22044604925E-16,-1.,0.));
#685 = DIRECTION('',(0.,0.,1.));
#686 = DEFINITIONAL_REPRESENTATION('',(#687),#690);
#687 = B_SPLINE_CURVE_WITH_KNOTS('',1,(#688,#689),.UNSPECIFIED.,.F.,.F.,
  (2,2),(-29.15,19.45),.PIECEWISE_BEZIER_KNOTS.);
#688 = CARTESIAN_POINT('',(0.1,0.));
#689 = CARTESIAN_POINT('',(0.1,-48.6));
#690 = ( GEOMETRIC_REPRESENTATION_CONTEXT(2) 
PARAMETRIC_REPRESENTATION_CONTEXT() REPRESENTATION_CONTEXT('2D SPACE',''
  ) );
#691 = ORIENTED_EDGE('',*,*,#692,.F.);
#692 = EDGE_CURVE('',#693,#667,#695,.T.);
#693 = VERTEX_POINT('',#694);
#694 = CARTESIAN_POINT('',(-9.7,-164.4,0.));
#695 = SURFACE_CURVE('',#696,(#700,#706),.PCURVE_S1.);
#696 = LINE('',#697,#698);
#697 = CARTESIAN_POINT('',(-9.7,-81.1,0.));
#698 = VECTOR('',#699,1.);
#699 = DIRECTION('',(2.22044604925E-16,1.,-0.));
#700 = PCURVE('',#126,#701);
#701 = DEFINITIONAL_REPRESENTATION('',(#702),#705);
#702 = B_SPLINE_CURVE_WITH_KNOTS('',1,(#703,#704),.UNSPECIFIED.,.F.,.F.,
  (2,2),(-83.3,-81.1),.PIECEWISE_BEZIER_KNOTS.);
#703 = CARTESIAN_POINT('',(-9.7,-164.4));
#704 = CARTESIAN_POINT('',(-9.7,-162.2));
#705 = ( GEOMETRIC_REPRESENTATION_CONTEXT(2) 
PARAMETRIC_REPRESENTATION_CONTEXT() REPRESENTATION_CONTEXT('2D SPACE',''
  ) );
#706 = PCURVE('',#707,#712);
#707 = PLANE('',#708);
#708 = AXIS2_PLACEMENT_3D('',#709,#710,#711);
#709 = CARTESIAN_POINT('',(-9.7,-162.2,-0.1));
#710 = DIRECTION('',(1.,-2.22044604925E-16,0.));
#711 = DIRECTION('',(0.,0.,1.));
#712 = DEFINITIONAL_REPRESENTATION('',(#713),#716);
#713 = B_SPLINE_CURVE_WITH_KNOTS('',1,(#714,#715),.UNSPECIFIED.,.F.,.F.,
  (2,2),(-83.3,-81.1),.PIECEWISE_BEZIER_KNOTS.);
#714 = CARTESIAN_POINT('',(0.1,2.2));
#715 = CARTESIAN_POINT('',(0.1,0.));
#716 = ( GEOMETRIC_REPRESENTATION_CONTEXT(2) 
PARAMETRIC_REPRESENTATION_CONTEXT() REPRESENTATION_CONTEXT('2D SPACE',''
  ) );
#717 = ORIENTED_EDGE('',*,*,#718,.F.);
#718 = EDGE_CURVE('',#639,#693,#719,.T.);
#719 = SURFACE_CURVE('',#720,(#724,#730),.PCURVE_S1.);
#720 = LINE('',#721,#722);
#721 = CARTESIAN_POINT('',(-29.15,-164.4,0.));
#722 = VECTOR('',#723,1.);
#723 = DIRECTION('',(1.,-2.22044604925E-16,0.));
#724 = PCURVE('',#126,#725);
#725 = DEFINITIONAL_REPRESENTATION('',(#726),#729);
#726 = B_SPLINE_CURVE_WITH_KNOTS('',1,(#727,#728),.UNSPECIFIED.,.F.,.F.,
  (2,2),(-29.15,19.45),.PIECEWISE_BEZIER_KNOTS.);
#727 = CARTESIAN_POINT('',(-58.3,-164.4));
#728 = CARTESIAN_POINT('',(-9.7,-164.4));
#729 = ( GEOMETRIC_REPRESENTATION_CONTEXT(2) 
PARAMETRIC_REPRESENTATION_CONTEXT() REPRESENTATION_CONTEXT('2D SPACE',''
  ) );
#730 = PCURVE('',#731,#736);
#731 = PLANE('',#732);
#732 = AXIS2_PLACEMENT_3D('',#733,#734,#735);
#733 = CARTESIAN_POINT('',(-58.3,-164.4,-0.1));
#734 = DIRECTION('',(-2.22044604925E-16,-1.,0.));
#735 = DIRECTION('',(0.,0.,1.));
#736 = DEFINITIONAL_REPRESENTATION('',(#737),#740);
#737 = B_SPLINE_CURVE_WITH_KNOTS('',1,(#738,#739),.UNSPECIFIED.,.F.,.F.,
  (2,2),(-29.15,19.45),.PIECEWISE_BEZIER_KNOTS.);
#738 = CARTESIAN_POINT('',(0.1,0.));
#739 = CARTESIAN_POINT('',(0.1,-48.6));
#740 = ( GEOMETRIC_REPRESENTATION_CONTEXT(2) 
PARAMETRIC_REPRESENTATION_CONTEXT() REPRESENTATION_CONTEXT('2D SPACE',''
  ) );
#741 = FACE_BOUND('',#742,.F.);
#742 = EDGE_LOOP('',(#743,#771,#797,#823));
#743 = ORIENTED_EDGE('',*,*,#744,.T.);
#744 = EDGE_CURVE('',#745,#747,#749,.T.);
#745 = VERTEX_POINT('',#746);
#746 = CARTESIAN_POINT('',(-164.4,-9.7,0.));
#747 = VERTEX_POINT('',#748);
#748 = CARTESIAN_POINT('',(-162.2,-9.7,0.));
#749 = SURFACE_CURVE('',#750,(#754,#760),.PCURVE_S1.);
#750 = LINE('',#751,#752);
#751 = CARTESIAN_POINT('',(-81.1,-9.7,0.));
#752 = VECTOR('',#753,1.);
#753 = DIRECTION('',(1.,-1.224646799147E-16,0.));
#754 = PCURVE('',#126,#755);
#755 = DEFINITIONAL_REPRESENTATION('',(#756),#759);
#756 = B_SPLINE_CURVE_WITH_KNOTS('',1,(#757,#758),.UNSPECIFIED.,.F.,.F.,
  (2,2),(-83.3,-81.1),.PIECEWISE_BEZIER_KNOTS.);
#757 = CARTESIAN_POINT('',(-164.4,-9.7));
#758 = CARTESIAN_POINT('',(-162.2,-9.7));
#759 = ( GEOMETRIC_REPRESENTATION_CONTEXT(2) 
PARAMETRIC_REPRESENTATION_CONTEXT() REPRESENTATION_CONTEXT('2D SPACE',''
  ) );
#760 = PCURVE('',#761,#766);
#761 = PLANE('',#762);
#762 = AXIS2_PLACEMENT_3D('',#763,#764,#765);
#763 = CARTESIAN_POINT('',(-162.2,-9.7,-0.1));
#764 = DIRECTION('',(-1.224646799147E-16,-1.,0.));
#765 = DIRECTION('',(0.,0.,1.));
#766 = DEFINITIONAL_REPRESENTATION('',(#767),#770);
#767 = B_SPLINE_CURVE_WITH_KNOTS('',1,(#768,#769),.UNSPECIFIED.,.F.,.F.,
  (2,2),(-83.3,-81.1),.PIECEWISE_BEZIER_KNOTS.);
#768 = CARTESIAN_POINT('',(0.1,2.2));
#769 = CARTESIAN_POINT('',(0.1,0.));
#770 = ( GEOMETRIC_REPRESENTATION_CONTEXT(2) 
PARAMETRIC_REPRESENTATION_CONTEXT() REPRESENTATION_CONTEXT('2D SPACE',''
  ) );
#771 = ORIENTED_EDGE('',*,*,#772,.T.);
#772 = EDGE_CURVE('',#747,#773,#775,.T.);
#773 = VERTEX_POINT('',#774);
#774 = CARTESIAN_POINT('',(-162.2,-58.3,0.));
#775 = SURFACE_CURVE('',#776,(#780,#786),.PCURVE_S1.);
#776 = LINE('',#777,#778);
#777 = CARTESIAN_POINT('',(-162.2,-4.85,0.));
#778 = VECTOR('',#779,1.);
#779 = DIRECTION('',(-1.224646799147E-16,-1.,0.));
#780 = PCURVE('',#126,#781);
#781 = DEFINITIONAL_REPRESENTATION('',(#782),#785);
#782 = B_SPLINE_CURVE_WITH_KNOTS('',1,(#783,#784),.UNSPECIFIED.,.F.,.F.,
  (2,2),(4.85,53.45),.PIECEWISE_BEZIER_KNOTS.);
#783 = CARTESIAN_POINT('',(-162.2,-9.7));
#784 = CARTESIAN_POINT('',(-162.2,-58.3));
#785 = ( GEOMETRIC_REPRESENTATION_CONTEXT(2) 
PARAMETRIC_REPRESENTATION_CONTEXT() REPRESENTATION_CONTEXT('2D SPACE',''
  ) );
#786 = PCURVE('',#787,#792);
#787 = PLANE('',#788);
#788 = AXIS2_PLACEMENT_3D('',#789,#790,#791);
#789 = CARTESIAN_POINT('',(-162.2,-9.7,-0.1));
#790 = DIRECTION('',(-1.,1.224646799147E-16,0.));
#791 = DIRECTION('',(0.,0.,1.));
#792 = DEFINITIONAL_REPRESENTATION('',(#793),#796);
#793 = B_SPLINE_CURVE_WITH_KNOTS('',1,(#794,#795),.UNSPECIFIED.,.F.,.F.,
  (2,2),(4.85,53.45),.PIECEWISE_BEZIER_KNOTS.);
#794 = CARTESIAN_POINT('',(0.1,0.));
#795 = CARTESIAN_POINT('',(0.1,-48.6));
#796 = ( GEOMETRIC_REPRESENTATION_CONTEXT(2) 
PARAMETRIC_REPRESENTATION_CONTEXT() REPRESENTATION_CONTEXT('2D SPACE',''
  ) );
#797 = ORIENTED_EDGE('',*,*,#798,.F.);
#798 = EDGE_CURVE('',#799,#773,#801,.T.);
#799 = VERTEX_POINT('',#800);
#800 = CARTESIAN_POINT('',(-164.4,-58.3,0.));
#801 = SURFACE_CURVE('',#802,(#806,#812),.PCURVE_S1.);
#802 = LINE('',#803,#804);
#803 = CARTESIAN_POINT('',(-81.1,-58.3,0.));
#804 = VECTOR('',#805,1.);
#805 = DIRECTION('',(1.,-1.224646799147E-16,0.));
#806 = PCURVE('',#126,#807);
#807 = DEFINITIONAL_REPRESENTATION('',(#808),#811);
#808 = B_SPLINE_CURVE_WITH_KNOTS('',1,(#809,#810),.UNSPECIFIED.,.F.,.F.,
  (2,2),(-83.3,-81.1),.PIECEWISE_BEZIER_KNOTS.);
#809 = CARTESIAN_POINT('',(-164.4,-58.3));
#810 = CARTESIAN_POINT('',(-162.2,-58.3));
#811 = ( GEOMETRIC_REPRESENTATION_CONTEXT(2) 
PARAMETRIC_REPRESENTATION_CONTEXT() REPRESENTATION_CONTEXT('2D SPACE',''
  ) );
#812 = PCURVE('',#813,#818);
#813 = PLANE('',#814);
#814 = AXIS2_PLACEMENT_3D('',#815,#816,#817);
#815 = CARTESIAN_POINT('',(-162.2,-58.3,-0.1));
#816 = DIRECTION('',(-1.224646799147E-16,-1.,0.));
#817 = DIRECTION('',(0.,0.,1.));
#818 = DEFINITIONAL_REPRESENTATION('',(#819),#822);
#819 = B_SPLINE_CURVE_WITH_KNOTS('',1,(#820,#821),.UNSPECIFIED.,.F.,.F.,
  (2,2),(-83.3,-81.1),.PIECEWISE_BEZIER_KNOTS.);
#820 = CARTESIAN_POINT('',(0.1,2.2));
#821 = CARTESIAN_POINT('',(0.1,0.));
#822 = ( GEOMETRIC_REPRESENTATION_CONTEXT(2) 
PARAMETRIC_REPRESENTATION_CONTEXT() REPRESENTATION_CONTEXT('2D SPACE',''
  ) );
#823 = ORIENTED_EDGE('',*,*,#824,.F.);
#824 = EDGE_CURVE('',#745,#799,#825,.T.);
#825 = SURFACE_CURVE('',#826,(#830,#836),.PCURVE_S1.);
#826 = LINE('',#827,#828);
#827 = CARTESIAN_POINT('',(-164.4,-4.85,0.));
#828 = VECTOR('',#829,1.);
#829 = DIRECTION('',(-1.224646799147E-16,-1.,0.));
#830 = PCURVE('',#126,#831);
#831 = DEFINITIONAL_REPRESENTATION('',(#832),#835);
#832 = B_SPLINE_CURVE_WITH_KNOTS('',1,(#833,#834),.UNSPECIFIED.,.F.,.F.,
  (2,2),(4.85,53.45),.PIECEWISE_BEZIER_KNOTS.);
#833 = CARTESIAN_POINT('',(-164.4,-9.7));
#834 = CARTESIAN_POINT('',(-164.4,-58.3));
#835 = ( GEOMETRIC_REPRESENTATION_CONTEXT(2) 
PARAMETRIC_REPRESENTATION_CONTEXT() REPRESENTATION_CONTEXT('2D SPACE',''
  ) );
#836 = PCURVE('',#837,#842);
#837 = PLANE('',#838);
#838 = AXIS2_PLACEMENT_3D('',#839,#840,#841);
#839 = CARTESIAN_POINT('',(-164.4,-9.7,-0.1));
#840 = DIRECTION('',(-1.,1.224646799147E-16,0.));
#841 = DIRECTION('',(0.,0.,1.));
#842 = DEFINITIONAL_REPRESENTATION('',(#843),#846);
#843 = B_SPLINE_CURVE_WITH_KNOTS('',1,(#844,#845),.UNSPECIFIED.,.F.,.F.,
  (2,2),(4.85,53.45),.PIECEWISE_BEZIER_KNOTS.);
#844 = CARTESIAN_POINT('',(0.1,0.));
#845 = CARTESIAN_POINT('',(0.1,-48.6));
#846 = ( GEOMETRIC_REPRESENTATION_CONTEXT(2) 
PARAMETRIC_REPRESENTATION_CONTEXT() REPRESENTATION_CONTEXT('2D SPACE',''
  ) );
#847 = FACE_BOUND('',#848,.F.);
#848 = EDGE_LOOP('',(#849,#877,#903,#929));
#849 = ORIENTED_EDGE('',*,*,#850,.T.);
#850 = EDGE_CURVE('',#851,#853,#855,.T.);
#851 = VERTEX_POINT('',#852);
#852 = CARTESIAN_POINT('',(9.7,-164.4,0.));
#853 = VERTEX_POINT('',#854);
#854 = CARTESIAN_POINT('',(9.7,-162.2,0.));
#855 = SURFACE_CURVE('',#856,(#860,#866),.PCURVE_S1.);
#856 = LINE('',#857,#858);
#857 = CARTESIAN_POINT('',(9.7,-81.1,0.));
#858 = VECTOR('',#859,1.);
#859 = DIRECTION('',(2.22044604925E-16,1.,-0.));
#860 = PCURVE('',#126,#861);
#861 = DEFINITIONAL_REPRESENTATION('',(#862),#865);
#862 = B_SPLINE_CURVE_WITH_KNOTS('',1,(#863,#864),.UNSPECIFIED.,.F.,.F.,
  (2,2),(-83.3,-81.1),.PIECEWISE_BEZIER_KNOTS.);
#863 = CARTESIAN_POINT('',(9.7,-164.4));
#864 = CARTESIAN_POINT('',(9.7,-162.2));
#865 = ( GEOMETRIC_REPRESENTATION_CONTEXT(2) 
PARAMETRIC_REPRESENTATION_CONTEXT() REPRESENTATION_CONTEXT('2D SPACE',''
  ) );
#866 = PCURVE('',#867,#872);
#867 = PLANE('',#868);
#868 = AXIS2_PLACEMENT_3D('',#869,#870,#871);
#869 = CARTESIAN_POINT('',(9.7,-162.2,-0.1));
#870 = DIRECTION('',(1.,-2.22044604925E-16,0.));
#871 = DIRECTION('',(0.,0.,1.));
#872 = DEFINITIONAL_REPRESENTATION('',(#873),#876);
#873 = B_SPLINE_CURVE_WITH_KNOTS('',1,(#874,#875),.UNSPECIFIED.,.F.,.F.,
  (2,2),(-83.3,-81.1),.PIECEWISE_BEZIER_KNOTS.);
#874 = CARTESIAN_POINT('',(0.1,2.2));
#875 = CARTESIAN_POINT('',(0.1,0.));
#876 = ( GEOMETRIC_REPRESENTATION_CONTEXT(2) 
PARAMETRIC_REPRESENTATION_CONTEXT() REPRESENTATION_CONTEXT('2D SPACE',''
  ) );
#877 = ORIENTED_EDGE('',*,*,#878,.T.);
#878 = EDGE_CURVE('',#853,#879,#881,.T.);
#879 = VERTEX_POINT('',#880);
#880 = CARTESIAN_POINT('',(58.3,-162.2,0.));
#881 = SURFACE_CURVE('',#882,(#886,#892),.PCURVE_S1.);
#882 = LINE('',#883,#884);
#883 = CARTESIAN_POINT('',(4.85,-162.2,0.));
#884 = VECTOR('',#885,1.);
#885 = DIRECTION('',(1.,-2.22044604925E-16,0.));
#886 = PCURVE('',#126,#887);
#887 = DEFINITIONAL_REPRESENTATION('',(#888),#891);
#888 = B_SPLINE_CURVE_WITH_KNOTS('',1,(#889,#890),.UNSPECIFIED.,.F.,.F.,
  (2,2),(4.85,53.45),.PIECEWISE_BEZIER_KNOTS.);
#889 = CARTESIAN_POINT('',(9.7,-162.2));
#890 = CARTESIAN_POINT('',(58.3,-162.2));
#891 = ( GEOMETRIC_REPRESENTATION_CONTEXT(2) 
PARAMETRIC_REPRESENTATION_CONTEXT() REPRESENTATION_CONTEXT('2D SPACE',''
  ) );
#892 = PCURVE('',#893,#898);
#893 = PLANE('',#894);
#894 = AXIS2_PLACEMENT_3D('',#895,#896,#897);
#895 = CARTESIAN_POINT('',(9.7,-162.2,-0.1));
#896 = DIRECTION('',(-2.22044604925E-16,-1.,0.));
#897 = DIRECTION('',(0.,0.,1.));
#898 = DEFINITIONAL_REPRESENTATION('',(#899),#902);
#899 = B_SPLINE_CURVE_WITH_KNOTS('',1,(#900,#901),.UNSPECIFIED.,.F.,.F.,
  (2,2),(4.85,53.45),.PIECEWISE_BEZIER_KNOTS.);
#900 = CARTESIAN_POINT('',(0.1,0.));
#901 = CARTESIAN_POINT('',(0.1,-48.6));
#902 = ( GEOMETRIC_REPRESENTATION_CONTEXT(2) 
PARAMETRIC_REPRESENTATION_CONTEXT() REPRESENTATION_CONTEXT('2D SPACE',''
  ) );
#903 = ORIENTED_EDGE('',*,*,#904,.F.);
#904 = EDGE_CURVE('',#905,#879,#907,.T.);
#905 = VERTEX_POINT('',#906);
#906 = CARTESIAN_POINT('',(58.3,-164.4,0.));
#907 = SURFACE_CURVE('',#908,(#912,#918),.PCURVE_S1.);
#908 = LINE('',#909,#910);
#909 = CARTESIAN_POINT('',(58.3,-81.1,0.));
#910 = VECTOR('',#911,1.);
#911 = DIRECTION('',(2.22044604925E-16,1.,-0.));
#912 = PCURVE('',#126,#913);
#913 = DEFINITIONAL_REPRESENTATION('',(#914),#917);
#914 = B_SPLINE_CURVE_WITH_KNOTS('',1,(#915,#916),.UNSPECIFIED.,.F.,.F.,
  (2,2),(-83.3,-81.1),.PIECEWISE_BEZIER_KNOTS.);
#915 = CARTESIAN_POINT('',(58.3,-164.4));
#916 = CARTESIAN_POINT('',(58.3,-162.2));
#917 = ( GEOMETRIC_REPRESENTATION_CONTEXT(2) 
PARAMETRIC_REPRESENTATION_CONTEXT() REPRESENTATION_CONTEXT('2D SPACE',''
  ) );
#918 = PCURVE('',#919,#924);
#919 = PLANE('',#920);
#920 = AXIS2_PLACEMENT_3D('',#921,#922,#923);
#921 = CARTESIAN_POINT('',(58.3,-162.2,-0.1));
#922 = DIRECTION('',(1.,-2.22044604925E-16,0.));
#923 = DIRECTION('',(0.,0.,1.));
#924 = DEFINITIONAL_REPRESENTATION('',(#925),#928);
#925 = B_SPLINE_CURVE_WITH_KNOTS('',1,(#926,#927),.UNSPECIFIED.,.F.,.F.,
  (2,2),(-83.3,-81.1),.PIECEWISE_BEZIER_KNOTS.);
#926 = CARTESIAN_POINT('',(0.1,2.2));
#927 = CARTESIAN_POINT('',(0.1,0.));
#928 = ( GEOMETRIC_REPRESENTATION_CONTEXT(2) 
PARAMETRIC_REPRESENTATION_CONTEXT() REPRESENTATION_CONTEXT('2D SPACE',''
  ) );
#929 = ORIENTED_EDGE('',*,*,#930,.F.);
#930 = EDGE_CURVE('',#851,#905,#931,.T.);
#931 = SURFACE_CURVE('',#932,(#936,#942),.PCURVE_S1.);
#932 = LINE('',#933,#934);
#933 = CARTESIAN_POINT('',(4.85,-164.4,0.));
#934 = VECTOR('',#935,1.);
#935 = DIRECTION('',(1.,-2.22044604925E-16,0.));
#936 = PCURVE('',#126,#937);
#937 = DEFINITIONAL_REPRESENTATION('',(#938),#941);
#938 = B_SPLINE_CURVE_WITH_KNOTS('',1,(#939,#940),.UNSPECIFIED.,.F.,.F.,
  (2,2),(4.85,53.45),.PIECEWISE_BEZIER_KNOTS.);
#939 = CARTESIAN_POINT('',(9.7,-164.4));
#940 = CARTESIAN_POINT('',(58.3,-164.4));
#941 = ( GEOMETRIC_REPRESENTATION_CONTEXT(2) 
PARAMETRIC_REPRESENTATION_CONTEXT() REPRESENTATION_CONTEXT('2D SPACE',''
  ) );
#942 = PCURVE('',#943,#948);
#943 = PLANE('',#944);
#944 = AXIS2_PLACEMENT_3D('',#945,#946,#947);
#945 = CARTESIAN_POINT('',(9.7,-164.4,-0.1));
#946 = DIRECTION('',(-2.22044604925E-16,-1.,0.));
#947 = DIRECTION('',(0.,0.,1.));
#948 = DEFINITIONAL_REPRESENTATION('',(#949),#952);
#949 = B_SPLINE_CURVE_WITH_KNOTS('',1,(#950,#951),.UNSPECIFIED.,.F.,.F.,
  (2,2),(4.85,53.45),.PIECEWISE_BEZIER_KNOTS.);
#950 = CARTESIAN_POINT('',(0.1,0.));
#951 = CARTESIAN_POINT('',(0.1,-48.6));
#952 = ( GEOMETRIC_REPRESENTATION_CONTEXT(2) 
PARAMETRIC_REPRESENTATION_CONTEXT() REPRESENTATION_CONTEXT('2D SPACE',''
  ) );
#953 = FACE_BOUND('',#954,.F.);
#954 = EDGE_LOOP('',(#955,#983,#1009,#1035));
#955 = ORIENTED_EDGE('',*,*,#956,.T.);
#956 = EDGE_CURVE('',#957,#959,#961,.T.);
#957 = VERTEX_POINT('',#958);
#958 = CARTESIAN_POINT('',(75.024029483893,-157.4726801702,0.));
#959 = VERTEX_POINT('',#960);
#960 = CARTESIAN_POINT('',(73.468394565282,-155.9170452516,0.));
#961 = SURFACE_CURVE('',#962,(#966,#972),.PCURVE_S1.);
#962 = LINE('',#963,#964);
#963 = CARTESIAN_POINT('',(16.122034611053,-98.5706852974,0.));
#964 = VECTOR('',#965,1.);
#965 = DIRECTION('',(-0.707106781187,0.707106781187,0.));
#966 = PCURVE('',#126,#967);
#967 = DEFINITIONAL_REPRESENTATION('',(#968),#971);
#968 = B_SPLINE_CURVE_WITH_KNOTS('',1,(#969,#970),.UNSPECIFIED.,.F.,.F.,
  (2,2),(-83.3,-81.1),.PIECEWISE_BEZIER_KNOTS.);
#969 = CARTESIAN_POINT('',(75.024029483893,-157.4726801702));
#970 = CARTESIAN_POINT('',(73.468394565282,-155.9170452516));
#971 = ( GEOMETRIC_REPRESENTATION_CONTEXT(2) 
PARAMETRIC_REPRESENTATION_CONTEXT() REPRESENTATION_CONTEXT('2D SPACE',''
  ) );
#972 = PCURVE('',#973,#978);
#973 = PLANE('',#974);
#974 = AXIS2_PLACEMENT_3D('',#975,#976,#977);
#975 = CARTESIAN_POINT('',(73.468394565282,-155.9170452516,-0.1));
#976 = DIRECTION('',(0.707106781187,0.707106781187,0.));
#977 = DIRECTION('',(0.,0.,1.));
#978 = DEFINITIONAL_REPRESENTATION('',(#979),#982);
#979 = B_SPLINE_CURVE_WITH_KNOTS('',1,(#980,#981),.UNSPECIFIED.,.F.,.F.,
  (2,2),(-83.3,-81.1),.PIECEWISE_BEZIER_KNOTS.);
#980 = CARTESIAN_POINT('',(0.1,2.2));
#981 = CARTESIAN_POINT('',(0.1,0.));
#982 = ( GEOMETRIC_REPRESENTATION_CONTEXT(2) 
PARAMETRIC_REPRESENTATION_CONTEXT() REPRESENTATION_CONTEXT('2D SPACE',''
  ) );
#983 = ORIENTED_EDGE('',*,*,#984,.T.);
#984 = EDGE_CURVE('',#959,#985,#987,.T.);
#985 = VERTEX_POINT('',#986);
#986 = CARTESIAN_POINT('',(107.83378413094,-121.5516556859,0.));
#987 = SURFACE_CURVE('',#988,(#992,#998),.PCURVE_S1.);
#988 = LINE('',#989,#990);
#989 = CARTESIAN_POINT('',(94.08055723687,-135.30488258,0.));
#990 = VECTOR('',#991,1.);
#991 = DIRECTION('',(0.707106781187,0.707106781187,-0.));
#992 = PCURVE('',#126,#993);
#993 = DEFINITIONAL_REPRESENTATION('',(#994),#997);
#994 = B_SPLINE_CURVE_WITH_KNOTS('',1,(#995,#996),.UNSPECIFIED.,.F.,.F.,
  (2,2),(-29.15,19.45),.PIECEWISE_BEZIER_KNOTS.);
#995 = CARTESIAN_POINT('',(73.468394565282,-155.9170452516));
#996 = CARTESIAN_POINT('',(107.83378413094,-121.5516556859));
#997 = ( GEOMETRIC_REPRESENTATION_CONTEXT(2) 
PARAMETRIC_REPRESENTATION_CONTEXT() REPRESENTATION_CONTEXT('2D SPACE',''
  ) );
#998 = PCURVE('',#999,#1004);
#999 = PLANE('',#1000);
#1000 = AXIS2_PLACEMENT_3D('',#1001,#1002,#1003);
#1001 = CARTESIAN_POINT('',(73.468394565282,-155.9170452516,-0.1));
#1002 = DIRECTION('',(0.707106781187,-0.707106781187,0.));
#1003 = DIRECTION('',(0.,0.,1.));
#1004 = DEFINITIONAL_REPRESENTATION('',(#1005),#1008);
#1005 = B_SPLINE_CURVE_WITH_KNOTS('',1,(#1006,#1007),.UNSPECIFIED.,.F.,
  .F.,(2,2),(-29.15,19.45),.PIECEWISE_BEZIER_KNOTS.);
#1006 = CARTESIAN_POINT('',(0.1,0.));
#1007 = CARTESIAN_POINT('',(0.1,-48.6));
#1008 = ( GEOMETRIC_REPRESENTATION_CONTEXT(2) 
PARAMETRIC_REPRESENTATION_CONTEXT() REPRESENTATION_CONTEXT('2D SPACE',''
  ) );
#1009 = ORIENTED_EDGE('',*,*,#1010,.F.);
#1010 = EDGE_CURVE('',#1011,#985,#1013,.T.);
#1011 = VERTEX_POINT('',#1012);
#1012 = CARTESIAN_POINT('',(109.38941904955,-123.1072906045,0.));
#1013 = SURFACE_CURVE('',#1014,(#1018,#1024),.PCURVE_S1.);
#1014 = LINE('',#1015,#1016);
#1015 = CARTESIAN_POINT('',(50.487424176719,-64.20529573173,0.));
#1016 = VECTOR('',#1017,1.);
#1017 = DIRECTION('',(-0.707106781187,0.707106781187,0.));
#1018 = PCURVE('',#126,#1019);
#1019 = DEFINITIONAL_REPRESENTATION('',(#1020),#1023);
#1020 = B_SPLINE_CURVE_WITH_KNOTS('',1,(#1021,#1022),.UNSPECIFIED.,.F.,
  .F.,(2,2),(-83.3,-81.1),.PIECEWISE_BEZIER_KNOTS.);
#1021 = CARTESIAN_POINT('',(109.38941904955,-123.1072906045));
#1022 = CARTESIAN_POINT('',(107.83378413094,-121.5516556859));
#1023 = ( GEOMETRIC_REPRESENTATION_CONTEXT(2) 
PARAMETRIC_REPRESENTATION_CONTEXT() REPRESENTATION_CONTEXT('2D SPACE',''
  ) );
#1024 = PCURVE('',#1025,#1030);
#1025 = PLANE('',#1026);
#1026 = AXIS2_PLACEMENT_3D('',#1027,#1028,#1029);
#1027 = CARTESIAN_POINT('',(107.83378413094,-121.5516556859,-0.1));
#1028 = DIRECTION('',(0.707106781187,0.707106781187,0.));
#1029 = DIRECTION('',(0.,0.,1.));
#1030 = DEFINITIONAL_REPRESENTATION('',(#1031),#1034);
#1031 = B_SPLINE_CURVE_WITH_KNOTS('',1,(#1032,#1033),.UNSPECIFIED.,.F.,
  .F.,(2,2),(-83.3,-81.1),.PIECEWISE_BEZIER_KNOTS.);
#1032 = CARTESIAN_POINT('',(0.1,2.2));
#1033 = CARTESIAN_POINT('',(0.1,0.));
#1034 = ( GEOMETRIC_REPRESENTATION_CONTEXT(2) 
PARAMETRIC_REPRESENTATION_CONTEXT() REPRESENTATION_CONTEXT('2D SPACE',''
  ) );
#1035 = ORIENTED_EDGE('',*,*,#1036,.F.);
#1036 = EDGE_CURVE('',#957,#1011,#1037,.T.);
#1037 = SURFACE_CURVE('',#1038,(#1042,#1048),.PCURVE_S1.);
#1038 = LINE('',#1039,#1040);
#1039 = CARTESIAN_POINT('',(95.636192155481,-136.8605174986,0.));
#1040 = VECTOR('',#1041,1.);
#1041 = DIRECTION('',(0.707106781187,0.707106781187,-0.));
#1042 = PCURVE('',#126,#1043);
#1043 = DEFINITIONAL_REPRESENTATION('',(#1044),#1047);
#1044 = B_SPLINE_CURVE_WITH_KNOTS('',1,(#1045,#1046),.UNSPECIFIED.,.F.,
  .F.,(2,2),(-29.15,19.45),.PIECEWISE_BEZIER_KNOTS.);
#1045 = CARTESIAN_POINT('',(75.024029483893,-157.4726801702));
#1046 = CARTESIAN_POINT('',(109.38941904955,-123.1072906045));
#1047 = ( GEOMETRIC_REPRESENTATION_CONTEXT(2) 
PARAMETRIC_REPRESENTATION_CONTEXT() REPRESENTATION_CONTEXT('2D SPACE',''
  ) );
#1048 = PCURVE('',#1049,#1054);
#1049 = PLANE('',#1050);
#1050 = AXIS2_PLACEMENT_3D('',#1051,#1052,#1053);
#1051 = CARTESIAN_POINT('',(75.024029483893,-157.4726801702,-0.1));
#1052 = DIRECTION('',(0.707106781187,-0.707106781187,0.));
#1053 = DIRECTION('',(0.,0.,1.));
#1054 = DEFINITIONAL_REPRESENTATION('',(#1055),#1058);
#1055 = B_SPLINE_CURVE_WITH_KNOTS('',1,(#1056,#1057),.UNSPECIFIED.,.F.,
  .F.,(2,2),(-29.15,19.45),.PIECEWISE_BEZIER_KNOTS.);
#1056 = CARTESIAN_POINT('',(0.1,0.));
#1057 = CARTESIAN_POINT('',(0.1,-48.6));
#1058 = ( GEOMETRIC_REPRESENTATION_CONTEXT(2) 
PARAMETRIC_REPRESENTATION_CONTEXT() REPRESENTATION_CONTEXT('2D SPACE',''
  ) );
#1059 = FACE_BOUND('',#1060,.F.);
#1060 = EDGE_LOOP('',(#1061,#1089,#1115,#1141));
#1061 = ORIENTED_EDGE('',*,*,#1062,.T.);
#1062 = EDGE_CURVE('',#1063,#1065,#1067,.T.);
#1063 = VERTEX_POINT('',#1064);
#1064 = CARTESIAN_POINT('',(123.10729060457,-109.3894190495,0.));
#1065 = VERTEX_POINT('',#1066);
#1066 = CARTESIAN_POINT('',(121.55165568596,-107.8337841309,0.));
#1067 = SURFACE_CURVE('',#1068,(#1072,#1078),.PCURVE_S1.);
#1068 = LINE('',#1069,#1070);
#1069 = CARTESIAN_POINT('',(64.205295731739,-50.48742417672,0.));
#1070 = VECTOR('',#1071,1.);
#1071 = DIRECTION('',(-0.707106781187,0.707106781187,0.));
#1072 = PCURVE('',#126,#1073);
#1073 = DEFINITIONAL_REPRESENTATION('',(#1074),#1077);
#1074 = B_SPLINE_CURVE_WITH_KNOTS('',1,(#1075,#1076),.UNSPECIFIED.,.F.,
  .F.,(2,2),(-83.3,-81.1),.PIECEWISE_BEZIER_KNOTS.);
#1075 = CARTESIAN_POINT('',(123.10729060457,-109.3894190495));
#1076 = CARTESIAN_POINT('',(121.55165568596,-107.8337841309));
#1077 = ( GEOMETRIC_REPRESENTATION_CONTEXT(2) 
PARAMETRIC_REPRESENTATION_CONTEXT() REPRESENTATION_CONTEXT('2D SPACE',''
  ) );
#1078 = PCURVE('',#1079,#1084);
#1079 = PLANE('',#1080);
#1080 = AXIS2_PLACEMENT_3D('',#1081,#1082,#1083);
#1081 = CARTESIAN_POINT('',(121.55165568596,-107.8337841309,-0.1));
#1082 = DIRECTION('',(0.707106781187,0.707106781187,0.));
#1083 = DIRECTION('',(0.,0.,1.));
#1084 = DEFINITIONAL_REPRESENTATION('',(#1085),#1088);
#1085 = B_SPLINE_CURVE_WITH_KNOTS('',1,(#1086,#1087),.UNSPECIFIED.,.F.,
  .F.,(2,2),(-83.3,-81.1),.PIECEWISE_BEZIER_KNOTS.);
#1086 = CARTESIAN_POINT('',(0.1,2.2));
#1087 = CARTESIAN_POINT('',(0.1,0.));
#1088 = ( GEOMETRIC_REPRESENTATION_CONTEXT(2) 
PARAMETRIC_REPRESENTATION_CONTEXT() REPRESENTATION_CONTEXT('2D SPACE',''
  ) );
#1089 = ORIENTED_EDGE('',*,*,#1090,.T.);
#1090 = EDGE_CURVE('',#1065,#1091,#1093,.T.);
#1091 = VERTEX_POINT('',#1092);
#1092 = CARTESIAN_POINT('',(155.91704525163,-73.46839456528,0.));
#1093 = SURFACE_CURVE('',#1094,(#1098,#1104),.PCURVE_S1.);
#1094 = LINE('',#1095,#1096);
#1095 = CARTESIAN_POINT('',(118.12218779721,-111.2632520197,0.));
#1096 = VECTOR('',#1097,1.);
#1097 = DIRECTION('',(0.707106781187,0.707106781187,-0.));
#1098 = PCURVE('',#126,#1099);
#1099 = DEFINITIONAL_REPRESENTATION('',(#1100),#1103);
#1100 = B_SPLINE_CURVE_WITH_KNOTS('',1,(#1101,#1102),.UNSPECIFIED.,.F.,
  .F.,(2,2),(4.85,53.45),.PIECEWISE_BEZIER_KNOTS.);
#1101 = CARTESIAN_POINT('',(121.55165568596,-107.8337841309));
#1102 = CARTESIAN_POINT('',(155.91704525163,-73.46839456528));
#1103 = ( GEOMETRIC_REPRESENTATION_CONTEXT(2) 
PARAMETRIC_REPRESENTATION_CONTEXT() REPRESENTATION_CONTEXT('2D SPACE',''
  ) );
#1104 = PCURVE('',#1105,#1110);
#1105 = PLANE('',#1106);
#1106 = AXIS2_PLACEMENT_3D('',#1107,#1108,#1109);
#1107 = CARTESIAN_POINT('',(121.55165568596,-107.8337841309,-0.1));
#1108 = DIRECTION('',(0.707106781187,-0.707106781187,0.));
#1109 = DIRECTION('',(0.,0.,1.));
#1110 = DEFINITIONAL_REPRESENTATION('',(#1111),#1114);
#1111 = B_SPLINE_CURVE_WITH_KNOTS('',1,(#1112,#1113),.UNSPECIFIED.,.F.,
  .F.,(2,2),(4.85,53.45),.PIECEWISE_BEZIER_KNOTS.);
#1112 = CARTESIAN_POINT('',(0.1,0.));
#1113 = CARTESIAN_POINT('',(0.1,-48.6));
#1114 = ( GEOMETRIC_REPRESENTATION_CONTEXT(2) 
PARAMETRIC_REPRESENTATION_CONTEXT() REPRESENTATION_CONTEXT('2D SPACE',''
  ) );
#1115 = ORIENTED_EDGE('',*,*,#1116,.F.);
#1116 = EDGE_CURVE('',#1117,#1091,#1119,.T.);
#1117 = VERTEX_POINT('',#1118);
#1118 = CARTESIAN_POINT('',(157.47268017024,-75.02402948389,0.));
#1119 = SURFACE_CURVE('',#1120,(#1124,#1130),.PCURVE_S1.);
#1120 = LINE('',#1121,#1122);
#1121 = CARTESIAN_POINT('',(98.570685297405,-16.12203461105,0.));
#1122 = VECTOR('',#1123,1.);
#1123 = DIRECTION('',(-0.707106781187,0.707106781187,0.));
#1124 = PCURVE('',#126,#1125);
#1125 = DEFINITIONAL_REPRESENTATION('',(#1126),#1129);
#1126 = B_SPLINE_CURVE_WITH_KNOTS('',1,(#1127,#1128),.UNSPECIFIED.,.F.,
  .F.,(2,2),(-83.3,-81.1),.PIECEWISE_BEZIER_KNOTS.);
#1127 = CARTESIAN_POINT('',(157.47268017024,-75.02402948389));
#1128 = CARTESIAN_POINT('',(155.91704525163,-73.46839456528));
#1129 = ( GEOMETRIC_REPRESENTATION_CONTEXT(2) 
PARAMETRIC_REPRESENTATION_CONTEXT() REPRESENTATION_CONTEXT('2D SPACE',''
  ) );
#1130 = PCURVE('',#1131,#1136);
#1131 = PLANE('',#1132);
#1132 = AXIS2_PLACEMENT_3D('',#1133,#1134,#1135);
#1133 = CARTESIAN_POINT('',(155.91704525163,-73.46839456528,-0.1));
#1134 = DIRECTION('',(0.707106781187,0.707106781187,0.));
#1135 = DIRECTION('',(0.,0.,1.));
#1136 = DEFINITIONAL_REPRESENTATION('',(#1137),#1140);
#1137 = B_SPLINE_CURVE_WITH_KNOTS('',1,(#1138,#1139),.UNSPECIFIED.,.F.,
  .F.,(2,2),(-83.3,-81.1),.PIECEWISE_BEZIER_KNOTS.);
#1138 = CARTESIAN_POINT('',(0.1,2.2));
#1139 = CARTESIAN_POINT('',(0.1,0.));
#1140 = ( GEOMETRIC_REPRESENTATION_CONTEXT(2) 
PARAMETRIC_REPRESENTATION_CONTEXT() REPRESENTATION_CONTEXT('2D SPACE',''
  ) );
#1141 = ORIENTED_EDGE('',*,*,#1142,.F.);
#1142 = EDGE_CURVE('',#1063,#1117,#1143,.T.);
#1143 = SURFACE_CURVE('',#1144,(#1148,#1154),.PCURVE_S1.);
#1144 = LINE('',#1145,#1146);
#1145 = CARTESIAN_POINT('',(119.67782271582,-112.8188869383,0.));
#1146 = VECTOR('',#1147,1.);
#1147 = DIRECTION('',(0.707106781187,0.707106781187,-0.));
#1148 = PCURVE('',#126,#1149);
#1149 = DEFINITIONAL_REPRESENTATION('',(#1150),#1153);
#1150 = B_SPLINE_CURVE_WITH_KNOTS('',1,(#1151,#1152),.UNSPECIFIED.,.F.,
  .F.,(2,2),(4.85,53.45),.PIECEWISE_BEZIER_KNOTS.);
#1151 = CARTESIAN_POINT('',(123.10729060457,-109.3894190495));
#1152 = CARTESIAN_POINT('',(157.47268017024,-75.02402948389));
#1153 = ( GEOMETRIC_REPRESENTATION_CONTEXT(2) 
PARAMETRIC_REPRESENTATION_CONTEXT() REPRESENTATION_CONTEXT('2D SPACE',''
  ) );
#1154 = PCURVE('',#1155,#1160);
#1155 = PLANE('',#1156);
#1156 = AXIS2_PLACEMENT_3D('',#1157,#1158,#1159);
#1157 = CARTESIAN_POINT('',(123.10729060457,-109.3894190495,-0.1));
#1158 = DIRECTION('',(0.707106781187,-0.707106781187,0.));
#1159 = DIRECTION('',(0.,0.,1.));
#1160 = DEFINITIONAL_REPRESENTATION('',(#1161),#1164);
#1161 = B_SPLINE_CURVE_WITH_KNOTS('',1,(#1162,#1163),.UNSPECIFIED.,.F.,
  .F.,(2,2),(4.85,53.45),.PIECEWISE_BEZIER_KNOTS.);
#1162 = CARTESIAN_POINT('',(0.1,0.));
#1163 = CARTESIAN_POINT('',(0.1,-48.6));
#1164 = ( GEOMETRIC_REPRESENTATION_CONTEXT(2) 
PARAMETRIC_REPRESENTATION_CONTEXT() REPRESENTATION_CONTEXT('2D SPACE',''
  ) );
#1165 = FACE_BOUND('',#1166,.F.);
#1166 = EDGE_LOOP('',(#1167,#1195,#1221,#1247));
#1167 = ORIENTED_EDGE('',*,*,#1168,.T.);
#1168 = EDGE_CURVE('',#1169,#1171,#1173,.T.);
#1169 = VERTEX_POINT('',#1170);
#1170 = CARTESIAN_POINT('',(164.4,-58.3,0.));
#1171 = VERTEX_POINT('',#1172);
#1172 = CARTESIAN_POINT('',(162.2,-58.3,0.));
#1173 = SURFACE_CURVE('',#1174,(#1178,#1184),.PCURVE_S1.);
#1174 = LINE('',#1175,#1176);
#1175 = CARTESIAN_POINT('',(81.1,-58.3,0.));
#1176 = VECTOR('',#1177,1.);
#1177 = DIRECTION('',(-1.,0.,0.));
#1178 = PCURVE('',#126,#1179);
#1179 = DEFINITIONAL_REPRESENTATION('',(#1180),#1183);
#1180 = B_SPLINE_CURVE_WITH_KNOTS('',1,(#1181,#1182),.UNSPECIFIED.,.F.,
  .F.,(2,2),(-83.3,-81.1),.PIECEWISE_BEZIER_KNOTS.);
#1181 = CARTESIAN_POINT('',(164.4,-58.3));
#1182 = CARTESIAN_POINT('',(162.2,-58.3));
#1183 = ( GEOMETRIC_REPRESENTATION_CONTEXT(2) 
PARAMETRIC_REPRESENTATION_CONTEXT() REPRESENTATION_CONTEXT('2D SPACE',''
  ) );
#1184 = PCURVE('',#1185,#1190);
#1185 = PLANE('',#1186);
#1186 = AXIS2_PLACEMENT_3D('',#1187,#1188,#1189);
#1187 = CARTESIAN_POINT('',(162.2,-58.3,-0.1));
#1188 = DIRECTION('',(0.,1.,0.));
#1189 = DIRECTION('',(0.,0.,1.));
#1190 = DEFINITIONAL_REPRESENTATION('',(#1191),#1194);
#1191 = B_SPLINE_CURVE_WITH_KNOTS('',1,(#1192,#1193),.UNSPECIFIED.,.F.,
  .F.,(2,2),(-83.3,-81.1),.PIECEWISE_BEZIER_KNOTS.);
#1192 = CARTESIAN_POINT('',(0.1,2.2));
#1193 = CARTESIAN_POINT('',(0.1,0.));
#1194 = ( GEOMETRIC_REPRESENTATION_CONTEXT(2) 
PARAMETRIC_REPRESENTATION_CONTEXT() REPRESENTATION_CONTEXT('2D SPACE',''
  ) );
#1195 = ORIENTED_EDGE('',*,*,#1196,.T.);
#1196 = EDGE_CURVE('',#1171,#1197,#1199,.T.);
#1197 = VERTEX_POINT('',#1198);
#1198 = CARTESIAN_POINT('',(162.2,-9.7,0.));
#1199 = SURFACE_CURVE('',#1200,(#1204,#1210),.PCURVE_S1.);
#1200 = LINE('',#1201,#1202);
#1201 = CARTESIAN_POINT('',(162.2,-29.15,0.));
#1202 = VECTOR('',#1203,1.);
#1203 = DIRECTION('',(0.,1.,0.));
#1204 = PCURVE('',#126,#1205);
#1205 = DEFINITIONAL_REPRESENTATION('',(#1206),#1209);
#1206 = B_SPLINE_CURVE_WITH_KNOTS('',1,(#1207,#1208),.UNSPECIFIED.,.F.,
  .F.,(2,2),(-29.15,19.45),.PIECEWISE_BEZIER_KNOTS.);
#1207 = CARTESIAN_POINT('',(162.2,-58.3));
#1208 = CARTESIAN_POINT('',(162.2,-9.7));
#1209 = ( GEOMETRIC_REPRESENTATION_CONTEXT(2) 
PARAMETRIC_REPRESENTATION_CONTEXT() REPRESENTATION_CONTEXT('2D SPACE',''
  ) );
#1210 = PCURVE('',#1211,#1216);
#1211 = PLANE('',#1212);
#1212 = AXIS2_PLACEMENT_3D('',#1213,#1214,#1215);
#1213 = CARTESIAN_POINT('',(162.2,-58.3,-0.1));
#1214 = DIRECTION('',(1.,0.,0.));
#1215 = DIRECTION('',(0.,0.,1.));
#1216 = DEFINITIONAL_REPRESENTATION('',(#1217),#1220);
#1217 = B_SPLINE_CURVE_WITH_KNOTS('',1,(#1218,#1219),.UNSPECIFIED.,.F.,
  .F.,(2,2),(-29.15,19.45),.PIECEWISE_BEZIER_KNOTS.);
#1218 = CARTESIAN_POINT('',(0.1,0.));
#1219 = CARTESIAN_POINT('',(0.1,-48.6));
#1220 = ( GEOMETRIC_REPRESENTATION_CONTEXT(2) 
PARAMETRIC_REPRESENTATION_CONTEXT() REPRESENTATION_CONTEXT('2D SPACE',''
  ) );
#1221 = ORIENTED_EDGE('',*,*,#1222,.F.);
#1222 = EDGE_CURVE('',#1223,#1197,#1225,.T.);
#1223 = VERTEX_POINT('',#1224);
#1224 = CARTESIAN_POINT('',(164.4,-9.7,0.));
#1225 = SURFACE_CURVE('',#1226,(#1230,#1236),.PCURVE_S1.);
#1226 = LINE('',#1227,#1228);
#1227 = CARTESIAN_POINT('',(81.1,-9.7,0.));
#1228 = VECTOR('',#1229,1.);
#1229 = DIRECTION('',(-1.,0.,0.));
#1230 = PCURVE('',#126,#1231);
#1231 = DEFINITIONAL_REPRESENTATION('',(#1232),#1235);
#1232 = B_SPLINE_CURVE_WITH_KNOTS('',1,(#1233,#1234),.UNSPECIFIED.,.F.,
  .F.,(2,2),(-83.3,-81.1),.PIECEWISE_BEZIER_KNOTS.);
#1233 = CARTESIAN_POINT('',(164.4,-9.7));
#1234 = CARTESIAN_POINT('',(162.2,-9.7));
#1235 = ( GEOMETRIC_REPRESENTATION_CONTEXT(2) 
PARAMETRIC_REPRESENTATION_CONTEXT() REPRESENTATION_CONTEXT('2D SPACE',''
  ) );
#1236 = PCURVE('',#1237,#1242);
#1237 = PLANE('',#1238);
#1238 = AXIS2_PLACEMENT_3D('',#1239,#1240,#1241);
#1239 = CARTESIAN_POINT('',(162.2,-9.7,-0.1));
#1240 = DIRECTION('',(0.,1.,0.));
#1241 = DIRECTION('',(0.,0.,1.));
#1242 = DEFINITIONAL_REPRESENTATION('',(#1243),#1246);
#1243 = B_SPLINE_CURVE_WITH_KNOTS('',1,(#1244,#1245),.UNSPECIFIED.,.F.,
  .F.,(2,2),(-83.3,-81.1),.PIECEWISE_BEZIER_KNOTS.);
#1244 = CARTESIAN_POINT('',(0.1,2.2));
#1245 = CARTESIAN_POINT('',(0.1,0.));
#1246 = ( GEOMETRIC_REPRESENTATION_CONTEXT(2) 
PARAMETRIC_REPRESENTATION_CONTEXT() REPRESENTATION_CONTEXT('2D SPACE',''
  ) );
#1247 = ORIENTED_EDGE('',*,*,#1248,.F.);
#1248 = EDGE_CURVE('',#1169,#1223,#1249,.T.);
#1249 = SURFACE_CURVE('',#1250,(#1254,#1260),.PCURVE_S1.);
#1250 = LINE('',#1251,#1252);
#1251 = CARTESIAN_POINT('',(164.4,-29.15,0.));
#1252 = VECTOR('',#1253,1.);
#1253 = DIRECTION('',(0.,1.,0.));
#1254 = PCURVE('',#126,#1255);
#1255 = DEFINITIONAL_REPRESENTATION('',(#1256),#1259);
#1256 = B_SPLINE_CURVE_WITH_KNOTS('',1,(#1257,#1258),.UNSPECIFIED.,.F.,
  .F.,(2,2),(-29.15,19.45),.PIECEWISE_BEZIER_KNOTS.);
#1257 = CARTESIAN_POINT('',(164.4,-58.3));
#1258 = CARTESIAN_POINT('',(164.4,-9.7));
#1259 = ( GEOMETRIC_REPRESENTATION_CONTEXT(2) 
PARAMETRIC_REPRESENTATION_CONTEXT() REPRESENTATION_CONTEXT('2D SPACE',''
  ) );
#1260 = PCURVE('',#1261,#1266);
#1261 = PLANE('',#1262);
#1262 = AXIS2_PLACEMENT_3D('',#1263,#1264,#1265);
#1263 = CARTESIAN_POINT('',(164.4,-58.3,-0.1));
#1264 = DIRECTION('',(1.,0.,0.));
#1265 = DIRECTION('',(0.,0.,1.));
#1266 = DEFINITIONAL_REPRESENTATION('',(#1267),#1270);
#1267 = B_SPLINE_CURVE_WITH_KNOTS('',1,(#1268,#1269),.UNSPECIFIED.,.F.,
  .F.,(2,2),(-29.15,19.45),.PIECEWISE_BEZIER_KNOTS.);
#1268 = CARTESIAN_POINT('',(0.1,0.));
#1269 = CARTESIAN_POINT('',(0.1,-48.6));
#1270 = ( GEOMETRIC_REPRESENTATION_CONTEXT(2) 
PARAMETRIC_REPRESENTATION_CONTEXT() REPRESENTATION_CONTEXT('2D SPACE',''
  ) );
#1271 = FACE_BOUND('',#1272,.F.);
#1272 = EDGE_LOOP('',(#1273,#1301,#1327,#1353));
#1273 = ORIENTED_EDGE('',*,*,#1274,.T.);
#1274 = EDGE_CURVE('',#1275,#1277,#1279,.T.);
#1275 = VERTEX_POINT('',#1276);
#1276 = CARTESIAN_POINT('',(-164.4,58.3,0.));
#1277 = VERTEX_POINT('',#1278);
#1278 = CARTESIAN_POINT('',(-162.2,58.3,0.));
#1279 = SURFACE_CURVE('',#1280,(#1284,#1290),.PCURVE_S1.);
#1280 = LINE('',#1281,#1282);
#1281 = CARTESIAN_POINT('',(-81.1,58.3,0.));
#1282 = VECTOR('',#1283,1.);
#1283 = DIRECTION('',(1.,-1.224646799147E-16,0.));
#1284 = PCURVE('',#126,#1285);
#1285 = DEFINITIONAL_REPRESENTATION('',(#1286),#1289);
#1286 = B_SPLINE_CURVE_WITH_KNOTS('',1,(#1287,#1288),.UNSPECIFIED.,.F.,
  .F.,(2,2),(-83.3,-81.1),.PIECEWISE_BEZIER_KNOTS.);
#1287 = CARTESIAN_POINT('',(-164.4,58.3));
#1288 = CARTESIAN_POINT('',(-162.2,58.3));
#1289 = ( GEOMETRIC_REPRESENTATION_CONTEXT(2) 
PARAMETRIC_REPRESENTATION_CONTEXT() REPRESENTATION_CONTEXT('2D SPACE',''
  ) );
#1290 = PCURVE('',#1291,#1296);
#1291 = PLANE('',#1292);
#1292 = AXIS2_PLACEMENT_3D('',#1293,#1294,#1295);
#1293 = CARTESIAN_POINT('',(-162.2,58.3,-0.1));
#1294 = DIRECTION('',(-1.224646799147E-16,-1.,0.));
#1295 = DIRECTION('',(0.,0.,1.));
#1296 = DEFINITIONAL_REPRESENTATION('',(#1297),#1300);
#1297 = B_SPLINE_CURVE_WITH_KNOTS('',1,(#1298,#1299),.UNSPECIFIED.,.F.,
  .F.,(2,2),(-83.3,-81.1),.PIECEWISE_BEZIER_KNOTS.);
#1298 = CARTESIAN_POINT('',(0.1,2.2));
#1299 = CARTESIAN_POINT('',(0.1,0.));
#1300 = ( GEOMETRIC_REPRESENTATION_CONTEXT(2) 
PARAMETRIC_REPRESENTATION_CONTEXT() REPRESENTATION_CONTEXT('2D SPACE',''
  ) );
#1301 = ORIENTED_EDGE('',*,*,#1302,.T.);
#1302 = EDGE_CURVE('',#1277,#1303,#1305,.T.);
#1303 = VERTEX_POINT('',#1304);
#1304 = CARTESIAN_POINT('',(-162.2,9.7,0.));
#1305 = SURFACE_CURVE('',#1306,(#1310,#1316),.PCURVE_S1.);
#1306 = LINE('',#1307,#1308);
#1307 = CARTESIAN_POINT('',(-162.2,29.15,0.));
#1308 = VECTOR('',#1309,1.);
#1309 = DIRECTION('',(-1.224646799147E-16,-1.,0.));
#1310 = PCURVE('',#126,#1311);
#1311 = DEFINITIONAL_REPRESENTATION('',(#1312),#1315);
#1312 = B_SPLINE_CURVE_WITH_KNOTS('',1,(#1313,#1314),.UNSPECIFIED.,.F.,
  .F.,(2,2),(-29.15,19.45),.PIECEWISE_BEZIER_KNOTS.);
#1313 = CARTESIAN_POINT('',(-162.2,58.3));
#1314 = CARTESIAN_POINT('',(-162.2,9.7));
#1315 = ( GEOMETRIC_REPRESENTATION_CONTEXT(2) 
PARAMETRIC_REPRESENTATION_CONTEXT() REPRESENTATION_CONTEXT('2D SPACE',''
  ) );
#1316 = PCURVE('',#1317,#1322);
#1317 = PLANE('',#1318);
#1318 = AXIS2_PLACEMENT_3D('',#1319,#1320,#1321);
#1319 = CARTESIAN_POINT('',(-162.2,58.3,-0.1));
#1320 = DIRECTION('',(-1.,1.224646799147E-16,0.));
#1321 = DIRECTION('',(0.,0.,1.));
#1322 = DEFINITIONAL_REPRESENTATION('',(#1323),#1326);
#1323 = B_SPLINE_CURVE_WITH_KNOTS('',1,(#1324,#1325),.UNSPECIFIED.,.F.,
  .F.,(2,2),(-29.15,19.45),.PIECEWISE_BEZIER_KNOTS.);
#1324 = CARTESIAN_POINT('',(0.1,0.));
#1325 = CARTESIAN_POINT('',(0.1,-48.6));
#1326 = ( GEOMETRIC_REPRESENTATION_CONTEXT(2) 
PARAMETRIC_REPRESENTATION_CONTEXT() REPRESENTATION_CONTEXT('2D SPACE',''
  ) );
#1327 = ORIENTED_EDGE('',*,*,#1328,.F.);
#1328 = EDGE_CURVE('',#1329,#1303,#1331,.T.);
#1329 = VERTEX_POINT('',#1330);
#1330 = CARTESIAN_POINT('',(-164.4,9.7,0.));
#1331 = SURFACE_CURVE('',#1332,(#1336,#1342),.PCURVE_S1.);
#1332 = LINE('',#1333,#1334);
#1333 = CARTESIAN_POINT('',(-81.1,9.7,0.));
#1334 = VECTOR('',#1335,1.);
#1335 = DIRECTION('',(1.,-1.224646799147E-16,0.));
#1336 = PCURVE('',#126,#1337);
#1337 = DEFINITIONAL_REPRESENTATION('',(#1338),#1341);
#1338 = B_SPLINE_CURVE_WITH_KNOTS('',1,(#1339,#1340),.UNSPECIFIED.,.F.,
  .F.,(2,2),(-83.3,-81.1),.PIECEWISE_BEZIER_KNOTS.);
#1339 = CARTESIAN_POINT('',(-164.4,9.7));
#1340 = CARTESIAN_POINT('',(-162.2,9.7));
#1341 = ( GEOMETRIC_REPRESENTATION_CONTEXT(2) 
PARAMETRIC_REPRESENTATION_CONTEXT() REPRESENTATION_CONTEXT('2D SPACE',''
  ) );
#1342 = PCURVE('',#1343,#1348);
#1343 = PLANE('',#1344);
#1344 = AXIS2_PLACEMENT_3D('',#1345,#1346,#1347);
#1345 = CARTESIAN_POINT('',(-162.2,9.7,-0.1));
#1346 = DIRECTION('',(-1.224646799147E-16,-1.,0.));
#1347 = DIRECTION('',(0.,0.,1.));
#1348 = DEFINITIONAL_REPRESENTATION('',(#1349),#1352);
#1349 = B_SPLINE_CURVE_WITH_KNOTS('',1,(#1350,#1351),.UNSPECIFIED.,.F.,
  .F.,(2,2),(-83.3,-81.1),.PIECEWISE_BEZIER_KNOTS.);
#1350 = CARTESIAN_POINT('',(0.1,2.2));
#1351 = CARTESIAN_POINT('',(0.1,0.));
#1352 = ( GEOMETRIC_REPRESENTATION_CONTEXT(2) 
PARAMETRIC_REPRESENTATION_CONTEXT() REPRESENTATION_CONTEXT('2D SPACE',''
  ) );
#1353 = ORIENTED_EDGE('',*,*,#1354,.F.);
#1354 = EDGE_CURVE('',#1275,#1329,#1355,.T.);
#1355 = SURFACE_CURVE('',#1356,(#1360,#1366),.PCURVE_S1.);
#1356 = LINE('',#1357,#1358);
#1357 = CARTESIAN_POINT('',(-164.4,29.15,0.));
#1358 = VECTOR('',#1359,1.);
#1359 = DIRECTION('',(-1.224646799147E-16,-1.,0.));
#1360 = PCURVE('',#126,#1361);
#1361 = DEFINITIONAL_REPRESENTATION('',(#1362),#1365);
#1362 = B_SPLINE_CURVE_WITH_KNOTS('',1,(#1363,#1364),.UNSPECIFIED.,.F.,
  .F.,(2,2),(-29.15,19.45),.PIECEWISE_BEZIER_KNOTS.);
#1363 = CARTESIAN_POINT('',(-164.4,58.3));
#1364 = CARTESIAN_POINT('',(-164.4,9.7));
#1365 = ( GEOMETRIC_REPRESENTATION_CONTEXT(2) 
PARAMETRIC_REPRESENTATION_CONTEXT() REPRESENTATION_CONTEXT('2D SPACE',''
  ) );
#1366 = PCURVE('',#1367,#1372);
#1367 = PLANE('',#1368);
#1368 = AXIS2_PLACEMENT_3D('',#1369,#1370,#1371);
#1369 = CARTESIAN_POINT('',(-164.4,58.3,-0.1));
#1370 = DIRECTION('',(-1.,1.224646799147E-16,0.));
#1371 = DIRECTION('',(0.,0.,1.));
#1372 = DEFINITIONAL_REPRESENTATION('',(#1373),#1376);
#1373 = B_SPLINE_CURVE_WITH_KNOTS('',1,(#1374,#1375),.UNSPECIFIED.,.F.,
  .F.,(2,2),(-29.15,19.45),.PIECEWISE_BEZIER_KNOTS.);
#1374 = CARTESIAN_POINT('',(0.1,0.));
#1375 = CARTESIAN_POINT('',(0.1,-48.6));
#1376 = ( GEOMETRIC_REPRESENTATION_CONTEXT(2) 
PARAMETRIC_REPRESENTATION_CONTEXT() REPRESENTATION_CONTEXT('2D SPACE',''
  ) );
#1377 = FACE_BOUND('',#1378,.F.);
#1378 = EDGE_LOOP('',(#1379,#1407,#1433,#1459));
#1379 = ORIENTED_EDGE('',*,*,#1380,.T.);
#1380 = EDGE_CURVE('',#1381,#1383,#1385,.T.);
#1381 = VERTEX_POINT('',#1382);
#1382 = CARTESIAN_POINT('',(-123.1072906045,109.38941904955,0.));
#1383 = VERTEX_POINT('',#1384);
#1384 = CARTESIAN_POINT('',(-121.5516556859,107.83378413094,0.));
#1385 = SURFACE_CURVE('',#1386,(#1390,#1396),.PCURVE_S1.);
#1386 = LINE('',#1387,#1388);
#1387 = CARTESIAN_POINT('',(-64.20529573173,50.487424176719,0.));
#1388 = VECTOR('',#1389,1.);
#1389 = DIRECTION('',(0.707106781187,-0.707106781187,0.));
#1390 = PCURVE('',#126,#1391);
#1391 = DEFINITIONAL_REPRESENTATION('',(#1392),#1395);
#1392 = B_SPLINE_CURVE_WITH_KNOTS('',1,(#1393,#1394),.UNSPECIFIED.,.F.,
  .F.,(2,2),(-83.3,-81.1),.PIECEWISE_BEZIER_KNOTS.);
#1393 = CARTESIAN_POINT('',(-123.1072906045,109.38941904955));
#1394 = CARTESIAN_POINT('',(-121.5516556859,107.83378413094));
#1395 = ( GEOMETRIC_REPRESENTATION_CONTEXT(2) 
PARAMETRIC_REPRESENTATION_CONTEXT() REPRESENTATION_CONTEXT('2D SPACE',''
  ) );
#1396 = PCURVE('',#1397,#1402);
#1397 = PLANE('',#1398);
#1398 = AXIS2_PLACEMENT_3D('',#1399,#1400,#1401);
#1399 = CARTESIAN_POINT('',(-121.5516556859,107.83378413094,-0.1));
#1400 = DIRECTION('',(-0.707106781187,-0.707106781187,0.));
#1401 = DIRECTION('',(0.,0.,1.));
#1402 = DEFINITIONAL_REPRESENTATION('',(#1403),#1406);
#1403 = B_SPLINE_CURVE_WITH_KNOTS('',1,(#1404,#1405),.UNSPECIFIED.,.F.,
  .F.,(2,2),(-83.3,-81.1),.PIECEWISE_BEZIER_KNOTS.);
#1404 = CARTESIAN_POINT('',(0.1,2.2));
#1405 = CARTESIAN_POINT('',(0.1,0.));
#1406 = ( GEOMETRIC_REPRESENTATION_CONTEXT(2) 
PARAMETRIC_REPRESENTATION_CONTEXT() REPRESENTATION_CONTEXT('2D SPACE',''
  ) );
#1407 = ORIENTED_EDGE('',*,*,#1408,.T.);
#1408 = EDGE_CURVE('',#1383,#1409,#1411,.T.);
#1409 = VERTEX_POINT('',#1410);
#1410 = CARTESIAN_POINT('',(-155.9170452516,73.468394565282,0.));
#1411 = SURFACE_CURVE('',#1412,(#1416,#1422),.PCURVE_S1.);
#1412 = LINE('',#1413,#1414);
#1413 = CARTESIAN_POINT('',(-118.1221877972,111.2632520197,0.));
#1414 = VECTOR('',#1415,1.);
#1415 = DIRECTION('',(-0.707106781187,-0.707106781187,0.));
#1416 = PCURVE('',#126,#1417);
#1417 = DEFINITIONAL_REPRESENTATION('',(#1418),#1421);
#1418 = B_SPLINE_CURVE_WITH_KNOTS('',1,(#1419,#1420),.UNSPECIFIED.,.F.,
  .F.,(2,2),(4.85,53.45),.PIECEWISE_BEZIER_KNOTS.);
#1419 = CARTESIAN_POINT('',(-121.5516556859,107.83378413094));
#1420 = CARTESIAN_POINT('',(-155.9170452516,73.468394565282));
#1421 = ( GEOMETRIC_REPRESENTATION_CONTEXT(2) 
PARAMETRIC_REPRESENTATION_CONTEXT() REPRESENTATION_CONTEXT('2D SPACE',''
  ) );
#1422 = PCURVE('',#1423,#1428);
#1423 = PLANE('',#1424);
#1424 = AXIS2_PLACEMENT_3D('',#1425,#1426,#1427);
#1425 = CARTESIAN_POINT('',(-121.5516556859,107.83378413094,-0.1));
#1426 = DIRECTION('',(-0.707106781187,0.707106781187,0.));
#1427 = DIRECTION('',(0.,0.,1.));
#1428 = DEFINITIONAL_REPRESENTATION('',(#1429),#1432);
#1429 = B_SPLINE_CURVE_WITH_KNOTS('',1,(#1430,#1431),.UNSPECIFIED.,.F.,
  .F.,(2,2),(4.85,53.45),.PIECEWISE_BEZIER_KNOTS.);
#1430 = CARTESIAN_POINT('',(0.1,0.));
#1431 = CARTESIAN_POINT('',(0.1,-48.6));
#1432 = ( GEOMETRIC_REPRESENTATION_CONTEXT(2) 
PARAMETRIC_REPRESENTATION_CONTEXT() REPRESENTATION_CONTEXT('2D SPACE',''
  ) );
#1433 = ORIENTED_EDGE('',*,*,#1434,.F.);
#1434 = EDGE_CURVE('',#1435,#1409,#1437,.T.);
#1435 = VERTEX_POINT('',#1436);
#1436 = CARTESIAN_POINT('',(-157.4726801702,75.024029483893,0.));
#1437 = SURFACE_CURVE('',#1438,(#1442,#1448),.PCURVE_S1.);
#1438 = LINE('',#1439,#1440);
#1439 = CARTESIAN_POINT('',(-98.5706852974,16.122034611053,0.));
#1440 = VECTOR('',#1441,1.);
#1441 = DIRECTION('',(0.707106781187,-0.707106781187,0.));
#1442 = PCURVE('',#126,#1443);
#1443 = DEFINITIONAL_REPRESENTATION('',(#1444),#1447);
#1444 = B_SPLINE_CURVE_WITH_KNOTS('',1,(#1445,#1446),.UNSPECIFIED.,.F.,
  .F.,(2,2),(-83.3,-81.1),.PIECEWISE_BEZIER_KNOTS.);
#1445 = CARTESIAN_POINT('',(-157.4726801702,75.024029483893));
#1446 = CARTESIAN_POINT('',(-155.9170452516,73.468394565282));
#1447 = ( GEOMETRIC_REPRESENTATION_CONTEXT(2) 
PARAMETRIC_REPRESENTATION_CONTEXT() REPRESENTATION_CONTEXT('2D SPACE',''
  ) );
#1448 = PCURVE('',#1449,#1454);
#1449 = PLANE('',#1450);
#1450 = AXIS2_PLACEMENT_3D('',#1451,#1452,#1453);
#1451 = CARTESIAN_POINT('',(-155.9170452516,73.468394565282,-0.1));
#1452 = DIRECTION('',(-0.707106781187,-0.707106781187,0.));
#1453 = DIRECTION('',(0.,0.,1.));
#1454 = DEFINITIONAL_REPRESENTATION('',(#1455),#1458);
#1455 = B_SPLINE_CURVE_WITH_KNOTS('',1,(#1456,#1457),.UNSPECIFIED.,.F.,
  .F.,(2,2),(-83.3,-81.1),.PIECEWISE_BEZIER_KNOTS.);
#1456 = CARTESIAN_POINT('',(0.1,2.2));
#1457 = CARTESIAN_POINT('',(0.1,0.));
#1458 = ( GEOMETRIC_REPRESENTATION_CONTEXT(2) 
PARAMETRIC_REPRESENTATION_CONTEXT() REPRESENTATION_CONTEXT('2D SPACE',''
  ) );
#1459 = ORIENTED_EDGE('',*,*,#1460,.F.);
#1460 = EDGE_CURVE('',#1381,#1435,#1461,.T.);
#1461 = SURFACE_CURVE('',#1462,(#1466,#1472),.PCURVE_S1.);
#1462 = LINE('',#1463,#1464);
#1463 = CARTESIAN_POINT('',(-119.6778227158,112.81888693831,0.));
#1464 = VECTOR('',#1465,1.);
#1465 = DIRECTION('',(-0.707106781187,-0.707106781187,0.));
#1466 = PCURVE('',#126,#1467);
#1467 = DEFINITIONAL_REPRESENTATION('',(#1468),#1471);
#1468 = B_SPLINE_CURVE_WITH_KNOTS('',1,(#1469,#1470),.UNSPECIFIED.,.F.,
  .F.,(2,2),(4.85,53.45),.PIECEWISE_BEZIER_KNOTS.);
#1469 = CARTESIAN_POINT('',(-123.1072906045,109.38941904955));
#1470 = CARTESIAN_POINT('',(-157.4726801702,75.024029483893));
#1471 = ( GEOMETRIC_REPRESENTATION_CONTEXT(2) 
PARAMETRIC_REPRESENTATION_CONTEXT() REPRESENTATION_CONTEXT('2D SPACE',''
  ) );
#1472 = PCURVE('',#1473,#1478);
#1473 = PLANE('',#1474);
#1474 = AXIS2_PLACEMENT_3D('',#1475,#1476,#1477);
#1475 = CARTESIAN_POINT('',(-123.1072906045,109.38941904955,-0.1));
#1476 = DIRECTION('',(-0.707106781187,0.707106781187,0.));
#1477 = DIRECTION('',(0.,0.,1.));
#1478 = DEFINITIONAL_REPRESENTATION('',(#1479),#1482);
#1479 = B_SPLINE_CURVE_WITH_KNOTS('',1,(#1480,#1481),.UNSPECIFIED.,.F.,
  .F.,(2,2),(4.85,53.45),.PIECEWISE_BEZIER_KNOTS.);
#1480 = CARTESIAN_POINT('',(0.1,0.));
#1481 = CARTESIAN_POINT('',(0.1,-48.6));
#1482 = ( GEOMETRIC_REPRESENTATION_CONTEXT(2) 
PARAMETRIC_REPRESENTATION_CONTEXT() REPRESENTATION_CONTEXT('2D SPACE',''
  ) );
#1483 = FACE_BOUND('',#1484,.F.);
#1484 = EDGE_LOOP('',(#1485,#1513,#1539,#1565));
#1485 = ORIENTED_EDGE('',*,*,#1486,.T.);
#1486 = EDGE_CURVE('',#1487,#1489,#1491,.T.);
#1487 = VERTEX_POINT('',#1488);
#1488 = CARTESIAN_POINT('',(-75.02402948389,157.47268017024,0.));
#1489 = VERTEX_POINT('',#1490);
#1490 = CARTESIAN_POINT('',(-73.46839456528,155.91704525163,0.));
#1491 = SURFACE_CURVE('',#1492,(#1496,#1502),.PCURVE_S1.);
#1492 = LINE('',#1493,#1494);
#1493 = CARTESIAN_POINT('',(-16.12203461105,98.570685297405,0.));
#1494 = VECTOR('',#1495,1.);
#1495 = DIRECTION('',(0.707106781187,-0.707106781187,0.));
#1496 = PCURVE('',#126,#1497);
#1497 = DEFINITIONAL_REPRESENTATION('',(#1498),#1501);
#1498 = B_SPLINE_CURVE_WITH_KNOTS('',1,(#1499,#1500),.UNSPECIFIED.,.F.,
  .F.,(2,2),(-83.3,-81.1),.PIECEWISE_BEZIER_KNOTS.);
#1499 = CARTESIAN_POINT('',(-75.02402948389,157.47268017024));
#1500 = CARTESIAN_POINT('',(-73.46839456528,155.91704525163));
#1501 = ( GEOMETRIC_REPRESENTATION_CONTEXT(2) 
PARAMETRIC_REPRESENTATION_CONTEXT() REPRESENTATION_CONTEXT('2D SPACE',''
  ) );
#1502 = PCURVE('',#1503,#1508);
#1503 = PLANE('',#1504);
#1504 = AXIS2_PLACEMENT_3D('',#1505,#1506,#1507);
#1505 = CARTESIAN_POINT('',(-73.46839456528,155.91704525163,-0.1));
#1506 = DIRECTION('',(-0.707106781187,-0.707106781187,0.));
#1507 = DIRECTION('',(0.,0.,1.));
#1508 = DEFINITIONAL_REPRESENTATION('',(#1509),#1512);
#1509 = B_SPLINE_CURVE_WITH_KNOTS('',1,(#1510,#1511),.UNSPECIFIED.,.F.,
  .F.,(2,2),(-83.3,-81.1),.PIECEWISE_BEZIER_KNOTS.);
#1510 = CARTESIAN_POINT('',(0.1,2.2));
#1511 = CARTESIAN_POINT('',(0.1,0.));
#1512 = ( GEOMETRIC_REPRESENTATION_CONTEXT(2) 
PARAMETRIC_REPRESENTATION_CONTEXT() REPRESENTATION_CONTEXT('2D SPACE',''
  ) );
#1513 = ORIENTED_EDGE('',*,*,#1514,.T.);
#1514 = EDGE_CURVE('',#1489,#1515,#1517,.T.);
#1515 = VERTEX_POINT('',#1516);
#1516 = CARTESIAN_POINT('',(-107.8337841309,121.55165568596,0.));
#1517 = SURFACE_CURVE('',#1518,(#1522,#1528),.PCURVE_S1.);
#1518 = LINE('',#1519,#1520);
#1519 = CARTESIAN_POINT('',(-94.08055723687,135.30488258004,0.));
#1520 = VECTOR('',#1521,1.);
#1521 = DIRECTION('',(-0.707106781187,-0.707106781187,0.));
#1522 = PCURVE('',#126,#1523);
#1523 = DEFINITIONAL_REPRESENTATION('',(#1524),#1527);
#1524 = B_SPLINE_CURVE_WITH_KNOTS('',1,(#1525,#1526),.UNSPECIFIED.,.F.,
  .F.,(2,2),(-29.15,19.45),.PIECEWISE_BEZIER_KNOTS.);
#1525 = CARTESIAN_POINT('',(-73.46839456528,155.91704525163));
#1526 = CARTESIAN_POINT('',(-107.8337841309,121.55165568596));
#1527 = ( GEOMETRIC_REPRESENTATION_CONTEXT(2) 
PARAMETRIC_REPRESENTATION_CONTEXT() REPRESENTATION_CONTEXT('2D SPACE',''
  ) );
#1528 = PCURVE('',#1529,#1534);
#1529 = PLANE('',#1530);
#1530 = AXIS2_PLACEMENT_3D('',#1531,#1532,#1533);
#1531 = CARTESIAN_POINT('',(-73.46839456528,155.91704525163,-0.1));
#1532 = DIRECTION('',(-0.707106781187,0.707106781187,0.));
#1533 = DIRECTION('',(0.,0.,1.));
#1534 = DEFINITIONAL_REPRESENTATION('',(#1535),#1538);
#1535 = B_SPLINE_CURVE_WITH_KNOTS('',1,(#1536,#1537),.UNSPECIFIED.,.F.,
  .F.,(2,2),(-29.15,19.45),.PIECEWISE_BEZIER_KNOTS.);
#1536 = CARTESIAN_POINT('',(0.1,0.));
#1537 = CARTESIAN_POINT('',(0.1,-48.6));
#1538 = ( GEOMETRIC_REPRESENTATION_CONTEXT(2) 
PARAMETRIC_REPRESENTATION_CONTEXT() REPRESENTATION_CONTEXT('2D SPACE',''
  ) );
#1539 = ORIENTED_EDGE('',*,*,#1540,.F.);
#1540 = EDGE_CURVE('',#1541,#1515,#1543,.T.);
#1541 = VERTEX_POINT('',#1542);
#1542 = CARTESIAN_POINT('',(-109.3894190495,123.10729060457,0.));
#1543 = SURFACE_CURVE('',#1544,(#1548,#1554),.PCURVE_S1.);
#1544 = LINE('',#1545,#1546);
#1545 = CARTESIAN_POINT('',(-50.48742417672,64.205295731739,0.));
#1546 = VECTOR('',#1547,1.);
#1547 = DIRECTION('',(0.707106781187,-0.707106781187,0.));
#1548 = PCURVE('',#126,#1549);
#1549 = DEFINITIONAL_REPRESENTATION('',(#1550),#1553);
#1550 = B_SPLINE_CURVE_WITH_KNOTS('',1,(#1551,#1552),.UNSPECIFIED.,.F.,
  .F.,(2,2),(-83.3,-81.1),.PIECEWISE_BEZIER_KNOTS.);
#1551 = CARTESIAN_POINT('',(-109.3894190495,123.10729060457));
#1552 = CARTESIAN_POINT('',(-107.8337841309,121.55165568596));
#1553 = ( GEOMETRIC_REPRESENTATION_CONTEXT(2) 
PARAMETRIC_REPRESENTATION_CONTEXT() REPRESENTATION_CONTEXT('2D SPACE',''
  ) );
#1554 = PCURVE('',#1555,#1560);
#1555 = PLANE('',#1556);
#1556 = AXIS2_PLACEMENT_3D('',#1557,#1558,#1559);
#1557 = CARTESIAN_POINT('',(-107.8337841309,121.55165568596,-0.1));
#1558 = DIRECTION('',(-0.707106781187,-0.707106781187,0.));
#1559 = DIRECTION('',(0.,0.,1.));
#1560 = DEFINITIONAL_REPRESENTATION('',(#1561),#1564);
#1561 = B_SPLINE_CURVE_WITH_KNOTS('',1,(#1562,#1563),.UNSPECIFIED.,.F.,
  .F.,(2,2),(-83.3,-81.1),.PIECEWISE_BEZIER_KNOTS.);
#1562 = CARTESIAN_POINT('',(0.1,2.2));
#1563 = CARTESIAN_POINT('',(0.1,0.));
#1564 = ( GEOMETRIC_REPRESENTATION_CONTEXT(2) 
PARAMETRIC_REPRESENTATION_CONTEXT() REPRESENTATION_CONTEXT('2D SPACE',''
  ) );
#1565 = ORIENTED_EDGE('',*,*,#1566,.F.);
#1566 = EDGE_CURVE('',#1487,#1541,#1567,.T.);
#1567 = SURFACE_CURVE('',#1568,(#1572,#1578),.PCURVE_S1.);
#1568 = LINE('',#1569,#1570);
#1569 = CARTESIAN_POINT('',(-95.63619215548,136.86051749865,0.));
#1570 = VECTOR('',#1571,1.);
#1571 = DIRECTION('',(-0.707106781187,-0.707106781187,0.));
#1572 = PCURVE('',#126,#1573);
#1573 = DEFINITIONAL_REPRESENTATION('',(#1574),#1577);
#1574 = B_SPLINE_CURVE_WITH_KNOTS('',1,(#1575,#1576),.UNSPECIFIED.,.F.,
  .F.,(2,2),(-29.15,19.45),.PIECEWISE_BEZIER_KNOTS.);
#1575 = CARTESIAN_POINT('',(-75.02402948389,157.47268017024));
#1576 = CARTESIAN_POINT('',(-109.3894190495,123.10729060457));
#1577 = ( GEOMETRIC_REPRESENTATION_CONTEXT(2) 
PARAMETRIC_REPRESENTATION_CONTEXT() REPRESENTATION_CONTEXT('2D SPACE',''
  ) );
#1578 = PCURVE('',#1579,#1584);
#1579 = PLANE('',#1580);
#1580 = AXIS2_PLACEMENT_3D('',#1581,#1582,#1583);
#1581 = CARTESIAN_POINT('',(-75.02402948389,157.47268017024,-0.1));
#1582 = DIRECTION('',(-0.707106781187,0.707106781187,0.));
#1583 = DIRECTION('',(0.,0.,1.));
#1584 = DEFINITIONAL_REPRESENTATION('',(#1585),#1588);
#1585 = B_SPLINE_CURVE_WITH_KNOTS('',1,(#1586,#1587),.UNSPECIFIED.,.F.,
  .F.,(2,2),(-29.15,19.45),.PIECEWISE_BEZIER_KNOTS.);
#1586 = CARTESIAN_POINT('',(0.1,0.));
#1587 = CARTESIAN_POINT('',(0.1,-48.6));
#1588 = ( GEOMETRIC_REPRESENTATION_CONTEXT(2) 
PARAMETRIC_REPRESENTATION_CONTEXT() REPRESENTATION_CONTEXT('2D SPACE',''
  ) );
#1589 = FACE_BOUND('',#1590,.F.);
#1590 = EDGE_LOOP('',(#1591,#1619,#1645,#1671));
#1591 = ORIENTED_EDGE('',*,*,#1592,.T.);
#1592 = EDGE_CURVE('',#1593,#1595,#1597,.T.);
#1593 = VERTEX_POINT('',#1594);
#1594 = CARTESIAN_POINT('',(-9.7,164.4,0.));
#1595 = VERTEX_POINT('',#1596);
#1596 = CARTESIAN_POINT('',(-9.7,162.2,0.));
#1597 = SURFACE_CURVE('',#1598,(#1602,#1608),.PCURVE_S1.);
#1598 = LINE('',#1599,#1600);
#1599 = CARTESIAN_POINT('',(-9.7,81.1,0.));
#1600 = VECTOR('',#1601,1.);
#1601 = DIRECTION('',(-1.110223024625E-16,-1.,0.));
#1602 = PCURVE('',#126,#1603);
#1603 = DEFINITIONAL_REPRESENTATION('',(#1604),#1607);
#1604 = B_SPLINE_CURVE_WITH_KNOTS('',1,(#1605,#1606),.UNSPECIFIED.,.F.,
  .F.,(2,2),(-83.3,-81.1),.PIECEWISE_BEZIER_KNOTS.);
#1605 = CARTESIAN_POINT('',(-9.7,164.4));
#1606 = CARTESIAN_POINT('',(-9.7,162.2));
#1607 = ( GEOMETRIC_REPRESENTATION_CONTEXT(2) 
PARAMETRIC_REPRESENTATION_CONTEXT() REPRESENTATION_CONTEXT('2D SPACE',''
  ) );
#1608 = PCURVE('',#1609,#1614);
#1609 = PLANE('',#1610);
#1610 = AXIS2_PLACEMENT_3D('',#1611,#1612,#1613);
#1611 = CARTESIAN_POINT('',(-9.7,162.2,-0.1));
#1612 = DIRECTION('',(-1.,1.110223024625E-16,0.));
#1613 = DIRECTION('',(0.,0.,1.));
#1614 = DEFINITIONAL_REPRESENTATION('',(#1615),#1618);
#1615 = B_SPLINE_CURVE_WITH_KNOTS('',1,(#1616,#1617),.UNSPECIFIED.,.F.,
  .F.,(2,2),(-83.3,-81.1),.PIECEWISE_BEZIER_KNOTS.);
#1616 = CARTESIAN_POINT('',(0.1,2.2));
#1617 = CARTESIAN_POINT('',(0.1,0.));
#1618 = ( GEOMETRIC_REPRESENTATION_CONTEXT(2) 
PARAMETRIC_REPRESENTATION_CONTEXT() REPRESENTATION_CONTEXT('2D SPACE',''
  ) );
#1619 = ORIENTED_EDGE('',*,*,#1620,.T.);
#1620 = EDGE_CURVE('',#1595,#1621,#1623,.T.);
#1621 = VERTEX_POINT('',#1622);
#1622 = CARTESIAN_POINT('',(-58.3,162.2,0.));
#1623 = SURFACE_CURVE('',#1624,(#1628,#1634),.PCURVE_S1.);
#1624 = LINE('',#1625,#1626);
#1625 = CARTESIAN_POINT('',(-4.85,162.2,0.));
#1626 = VECTOR('',#1627,1.);
#1627 = DIRECTION('',(-1.,1.110223024625E-16,0.));
#1628 = PCURVE('',#126,#1629);
#1629 = DEFINITIONAL_REPRESENTATION('',(#1630),#1633);
#1630 = B_SPLINE_CURVE_WITH_KNOTS('',1,(#1631,#1632),.UNSPECIFIED.,.F.,
  .F.,(2,2),(4.85,53.45),.PIECEWISE_BEZIER_KNOTS.);
#1631 = CARTESIAN_POINT('',(-9.7,162.2));
#1632 = CARTESIAN_POINT('',(-58.3,162.2));
#1633 = ( GEOMETRIC_REPRESENTATION_CONTEXT(2) 
PARAMETRIC_REPRESENTATION_CONTEXT() REPRESENTATION_CONTEXT('2D SPACE',''
  ) );
#1634 = PCURVE('',#1635,#1640);
#1635 = PLANE('',#1636);
#1636 = AXIS2_PLACEMENT_3D('',#1637,#1638,#1639);
#1637 = CARTESIAN_POINT('',(-9.7,162.2,-0.1));
#1638 = DIRECTION('',(1.110223024625E-16,1.,0.));
#1639 = DIRECTION('',(0.,0.,1.));
#1640 = DEFINITIONAL_REPRESENTATION('',(#1641),#1644);
#1641 = B_SPLINE_CURVE_WITH_KNOTS('',1,(#1642,#1643),.UNSPECIFIED.,.F.,
  .F.,(2,2),(4.85,53.45),.PIECEWISE_BEZIER_KNOTS.);
#1642 = CARTESIAN_POINT('',(0.1,0.));
#1643 = CARTESIAN_POINT('',(0.1,-48.6));
#1644 = ( GEOMETRIC_REPRESENTATION_CONTEXT(2) 
PARAMETRIC_REPRESENTATION_CONTEXT() REPRESENTATION_CONTEXT('2D SPACE',''
  ) );
#1645 = ORIENTED_EDGE('',*,*,#1646,.F.);
#1646 = EDGE_CURVE('',#1647,#1621,#1649,.T.);
#1647 = VERTEX_POINT('',#1648);
#1648 = CARTESIAN_POINT('',(-58.3,164.4,0.));
#1649 = SURFACE_CURVE('',#1650,(#1654,#1660),.PCURVE_S1.);
#1650 = LINE('',#1651,#1652);
#1651 = CARTESIAN_POINT('',(-58.3,81.1,0.));
#1652 = VECTOR('',#1653,1.);
#1653 = DIRECTION('',(-1.110223024625E-16,-1.,0.));
#1654 = PCURVE('',#126,#1655);
#1655 = DEFINITIONAL_REPRESENTATION('',(#1656),#1659);
#1656 = B_SPLINE_CURVE_WITH_KNOTS('',1,(#1657,#1658),.UNSPECIFIED.,.F.,
  .F.,(2,2),(-83.3,-81.1),.PIECEWISE_BEZIER_KNOTS.);
#1657 = CARTESIAN_POINT('',(-58.3,164.4));
#1658 = CARTESIAN_POINT('',(-58.3,162.2));
#1659 = ( GEOMETRIC_REPRESENTATION_CONTEXT(2) 
PARAMETRIC_REPRESENTATION_CONTEXT() REPRESENTATION_CONTEXT('2D SPACE',''
  ) );
#1660 = PCURVE('',#1661,#1666);
#1661 = PLANE('',#1662);
#1662 = AXIS2_PLACEMENT_3D('',#1663,#1664,#1665);
#1663 = CARTESIAN_POINT('',(-58.3,162.2,-0.1));
#1664 = DIRECTION('',(-1.,1.110223024625E-16,0.));
#1665 = DIRECTION('',(0.,0.,1.));
#1666 = DEFINITIONAL_REPRESENTATION('',(#1667),#1670);
#1667 = B_SPLINE_CURVE_WITH_KNOTS('',1,(#1668,#1669),.UNSPECIFIED.,.F.,
  .F.,(2,2),(-83.3,-81.1),.PIECEWISE_BEZIER_KNOTS.);
#1668 = CARTESIAN_POINT('',(0.1,2.2));
#1669 = CARTESIAN_POINT('',(0.1,0.));
#1670 = ( GEOMETRIC_REPRESENTATION_CONTEXT(2) 
PARAMETRIC_REPRESENTATION_CONTEXT() REPRESENTATION_CONTEXT('2D SPACE',''
  ) );
#1671 = ORIENTED_EDGE('',*,*,#1672,.F.);
#1672 = EDGE_CURVE('',#1593,#1647,#1673,.T.);
#1673 = SURFACE_CURVE('',#1674,(#1678,#1684),.PCURVE_S1.);
#1674 = LINE('',#1675,#1676);
#1675 = CARTESIAN_POINT('',(-4.85,164.4,0.));
#1676 = VECTOR('',#1677,1.);
#1677 = DIRECTION('',(-1.,1.110223024625E-16,0.));
#1678 = PCURVE('',#126,#1679);
#1679 = DEFINITIONAL_REPRESENTATION('',(#1680),#1683);
#1680 = B_SPLINE_CURVE_WITH_KNOTS('',1,(#1681,#1682),.UNSPECIFIED.,.F.,
  .F.,(2,2),(4.85,53.45),.PIECEWISE_BEZIER_KNOTS.);
#1681 = CARTESIAN_POINT('',(-9.7,164.4));
#1682 = CARTESIAN_POINT('',(-58.3,164.4));
#1683 = ( GEOMETRIC_REPRESENTATION_CONTEXT(2) 
PARAMETRIC_REPRESENTATION_CONTEXT() REPRESENTATION_CONTEXT('2D SPACE',''
  ) );
#1684 = PCURVE('',#1685,#1690);
#1685 = PLANE('',#1686);
#1686 = AXIS2_PLACEMENT_3D('',#1687,#1688,#1689);
#1687 = CARTESIAN_POINT('',(-9.7,164.4,-0.1));
#1688 = DIRECTION('',(1.110223024625E-16,1.,0.));
#1689 = DIRECTION('',(0.,0.,1.));
#1690 = DEFINITIONAL_REPRESENTATION('',(#1691),#1694);
#1691 = B_SPLINE_CURVE_WITH_KNOTS('',1,(#1692,#1693),.UNSPECIFIED.,.F.,
  .F.,(2,2),(4.85,53.45),.PIECEWISE_BEZIER_KNOTS.);
#1692 = CARTESIAN_POINT('',(0.1,0.));
#1693 = CARTESIAN_POINT('',(0.1,-48.6));
#1694 = ( GEOMETRIC_REPRESENTATION_CONTEXT(2) 
PARAMETRIC_REPRESENTATION_CONTEXT() REPRESENTATION_CONTEXT('2D SPACE',''
  ) );
#1695 = FACE_BOUND('',#1696,.F.);
#1696 = EDGE_LOOP('',(#1697,#1725,#1751,#1777,#1803,#1829,#1855,#1881));
#1697 = ORIENTED_EDGE('',*,*,#1698,.T.);
#1698 = EDGE_CURVE('',#1699,#1701,#1703,.T.);
#1699 = VERTEX_POINT('',#1700);
#1700 = CARTESIAN_POINT('',(-66.48127676088,160.5,0.));
#1701 = VERTEX_POINT('',#1702);
#1702 = CARTESIAN_POINT('',(66.481276760882,160.5,0.));
#1703 = SURFACE_CURVE('',#1704,(#1708,#1714),.PCURVE_S1.);
#1704 = LINE('',#1705,#1706);
#1705 = CARTESIAN_POINT('',(33.240638380441,160.5,0.));
#1706 = VECTOR('',#1707,1.);
#1707 = DIRECTION('',(1.,0.,-0.));
#1708 = PCURVE('',#126,#1709);
#1709 = DEFINITIONAL_REPRESENTATION('',(#1710),#1713);
#1710 = B_SPLINE_CURVE_WITH_KNOTS('',1,(#1711,#1712),.UNSPECIFIED.,.F.,
  .F.,(2,2),(-99.72191514132,33.240638380441),.PIECEWISE_BEZIER_KNOTS.);
#1711 = CARTESIAN_POINT('',(-66.48127676088,160.5));
#1712 = CARTESIAN_POINT('',(66.481276760882,160.5));
#1713 = ( GEOMETRIC_REPRESENTATION_CONTEXT(2) 
PARAMETRIC_REPRESENTATION_CONTEXT() REPRESENTATION_CONTEXT('2D SPACE',''
  ) );
#1714 = PCURVE('',#1715,#1720);
#1715 = PLANE('',#1716);
#1716 = AXIS2_PLACEMENT_3D('',#1717,#1718,#1719);
#1717 = CARTESIAN_POINT('',(66.481276760882,160.5,-0.1));
#1718 = DIRECTION('',(0.,-1.,0.));
#1719 = DIRECTION('',(-1.,0.,0.));
#1720 = DEFINITIONAL_REPRESENTATION('',(#1721),#1724);
#1721 = B_SPLINE_CURVE_WITH_KNOTS('',1,(#1722,#1723),.UNSPECIFIED.,.F.,
  .F.,(2,2),(-99.72191514132,33.240638380441),.PIECEWISE_BEZIER_KNOTS.);
#1722 = CARTESIAN_POINT('',(132.96255352176,-0.1));
#1723 = CARTESIAN_POINT('',(0.,-0.1));
#1724 = ( GEOMETRIC_REPRESENTATION_CONTEXT(2) 
PARAMETRIC_REPRESENTATION_CONTEXT() REPRESENTATION_CONTEXT('2D SPACE',''
  ) );
#1725 = ORIENTED_EDGE('',*,*,#1726,.T.);
#1726 = EDGE_CURVE('',#1701,#1727,#1729,.T.);
#1727 = VERTEX_POINT('',#1728);
#1728 = CARTESIAN_POINT('',(160.5,66.481276760882,0.));
#1729 = SURFACE_CURVE('',#1730,(#1734,#1740),.PCURVE_S1.);
#1730 = LINE('',#1731,#1732);
#1731 = CARTESIAN_POINT('',(136.99531919022,89.985957570661,
    1.387778780781E-17));
#1732 = VECTOR('',#1733,1.);
#1733 = DIRECTION('',(0.707106781187,-0.707106781187,0.));
#1734 = PCURVE('',#126,#1735);
#1735 = DEFINITIONAL_REPRESENTATION('',(#1736),#1739);
#1736 = B_SPLINE_CURVE_WITH_KNOTS('',1,(#1737,#1738),.UNSPECIFIED.,.F.,
  .F.,(2,2),(-99.72191514132,33.240638380441),.PIECEWISE_BEZIER_KNOTS.);
#1737 = CARTESIAN_POINT('',(66.481276760882,160.5));
#1738 = CARTESIAN_POINT('',(160.5,66.481276760882));
#1739 = ( GEOMETRIC_REPRESENTATION_CONTEXT(2) 
PARAMETRIC_REPRESENTATION_CONTEXT() REPRESENTATION_CONTEXT('2D SPACE',''
  ) );
#1740 = PCURVE('',#1741,#1746);
#1741 = PLANE('',#1742);
#1742 = AXIS2_PLACEMENT_3D('',#1743,#1744,#1745);
#1743 = CARTESIAN_POINT('',(160.5,66.481276760882,-0.1));
#1744 = DIRECTION('',(-0.707106781187,-0.707106781187,0.));
#1745 = DIRECTION('',(-0.707106781187,0.707106781187,0.));
#1746 = DEFINITIONAL_REPRESENTATION('',(#1747),#1750);
#1747 = B_SPLINE_CURVE_WITH_KNOTS('',1,(#1748,#1749),.UNSPECIFIED.,.F.,
  .F.,(2,2),(-99.72191514132,33.240638380441),.PIECEWISE_BEZIER_KNOTS.);
#1748 = CARTESIAN_POINT('',(132.96255352176,-0.1));
#1749 = CARTESIAN_POINT('',(0.,-0.1));
#1750 = ( GEOMETRIC_REPRESENTATION_CONTEXT(2) 
PARAMETRIC_REPRESENTATION_CONTEXT() REPRESENTATION_CONTEXT('2D SPACE',''
  ) );
#1751 = ORIENTED_EDGE('',*,*,#1752,.T.);
#1752 = EDGE_CURVE('',#1727,#1753,#1755,.T.);
#1753 = VERTEX_POINT('',#1754);
#1754 = CARTESIAN_POINT('',(160.5,-66.48127676088,0.));
#1755 = SURFACE_CURVE('',#1756,(#1760,#1766),.PCURVE_S1.);
#1756 = LINE('',#1757,#1758);
#1757 = CARTESIAN_POINT('',(160.5,-33.24063838044,0.));
#1758 = VECTOR('',#1759,1.);
#1759 = DIRECTION('',(-2.13757247267E-16,-1.,0.));
#1760 = PCURVE('',#126,#1761);
#1761 = DEFINITIONAL_REPRESENTATION('',(#1762),#1765);
#1762 = B_SPLINE_CURVE_WITH_KNOTS('',1,(#1763,#1764),.UNSPECIFIED.,.F.,
  .F.,(2,2),(-99.72191514132,33.240638380441),.PIECEWISE_BEZIER_KNOTS.);
#1763 = CARTESIAN_POINT('',(160.5,66.481276760882));
#1764 = CARTESIAN_POINT('',(160.5,-66.48127676088));
#1765 = ( GEOMETRIC_REPRESENTATION_CONTEXT(2) 
PARAMETRIC_REPRESENTATION_CONTEXT() REPRESENTATION_CONTEXT('2D SPACE',''
  ) );
#1766 = PCURVE('',#1767,#1772);
#1767 = PLANE('',#1768);
#1768 = AXIS2_PLACEMENT_3D('',#1769,#1770,#1771);
#1769 = CARTESIAN_POINT('',(160.5,-66.48127676088,-0.1));
#1770 = DIRECTION('',(-1.,2.13757247267E-16,0.));
#1771 = DIRECTION('',(2.13757247267E-16,1.,0.));
#1772 = DEFINITIONAL_REPRESENTATION('',(#1773),#1776);
#1773 = B_SPLINE_CURVE_WITH_KNOTS('',1,(#1774,#1775),.UNSPECIFIED.,.F.,
  .F.,(2,2),(-99.72191514132,33.240638380441),.PIECEWISE_BEZIER_KNOTS.);
#1774 = CARTESIAN_POINT('',(132.96255352176,-0.1));
#1775 = CARTESIAN_POINT('',(0.,-0.1));
#1776 = ( GEOMETRIC_REPRESENTATION_CONTEXT(2) 
PARAMETRIC_REPRESENTATION_CONTEXT() REPRESENTATION_CONTEXT('2D SPACE',''
  ) );
#1777 = ORIENTED_EDGE('',*,*,#1778,.T.);
#1778 = EDGE_CURVE('',#1753,#1779,#1781,.T.);
#1779 = VERTEX_POINT('',#1780);
#1780 = CARTESIAN_POINT('',(66.481276760882,-160.5,0.));
#1781 = SURFACE_CURVE('',#1782,(#1786,#1792),.PCURVE_S1.);
#1782 = LINE('',#1783,#1784);
#1783 = CARTESIAN_POINT('',(89.985957570661,-136.9953191902,0.));
#1784 = VECTOR('',#1785,1.);
#1785 = DIRECTION('',(-0.707106781187,-0.707106781187,0.));
#1786 = PCURVE('',#126,#1787);
#1787 = DEFINITIONAL_REPRESENTATION('',(#1788),#1791);
#1788 = B_SPLINE_CURVE_WITH_KNOTS('',1,(#1789,#1790),.UNSPECIFIED.,.F.,
  .F.,(2,2),(-99.72191514132,33.240638380441),.PIECEWISE_BEZIER_KNOTS.);
#1789 = CARTESIAN_POINT('',(160.5,-66.48127676088));
#1790 = CARTESIAN_POINT('',(66.481276760882,-160.5));
#1791 = ( GEOMETRIC_REPRESENTATION_CONTEXT(2) 
PARAMETRIC_REPRESENTATION_CONTEXT() REPRESENTATION_CONTEXT('2D SPACE',''
  ) );
#1792 = PCURVE('',#1793,#1798);
#1793 = PLANE('',#1794);
#1794 = AXIS2_PLACEMENT_3D('',#1795,#1796,#1797);
#1795 = CARTESIAN_POINT('',(66.481276760882,-160.5,-0.1));
#1796 = DIRECTION('',(-0.707106781187,0.707106781187,0.));
#1797 = DIRECTION('',(0.707106781187,0.707106781187,0.));
#1798 = DEFINITIONAL_REPRESENTATION('',(#1799),#1802);
#1799 = B_SPLINE_CURVE_WITH_KNOTS('',1,(#1800,#1801),.UNSPECIFIED.,.F.,
  .F.,(2,2),(-99.72191514132,33.240638380441),.PIECEWISE_BEZIER_KNOTS.);
#1800 = CARTESIAN_POINT('',(132.96255352176,-0.1));
#1801 = CARTESIAN_POINT('',(0.,-0.1));
#1802 = ( GEOMETRIC_REPRESENTATION_CONTEXT(2) 
PARAMETRIC_REPRESENTATION_CONTEXT() REPRESENTATION_CONTEXT('2D SPACE',''
  ) );
#1803 = ORIENTED_EDGE('',*,*,#1804,.T.);
#1804 = EDGE_CURVE('',#1779,#1805,#1807,.T.);
#1805 = VERTEX_POINT('',#1806);
#1806 = CARTESIAN_POINT('',(-66.48127676088,-160.5,0.));
#1807 = SURFACE_CURVE('',#1808,(#1812,#1818),.PCURVE_S1.);
#1808 = LINE('',#1809,#1810);
#1809 = CARTESIAN_POINT('',(-33.24063838044,-160.5,0.));
#1810 = VECTOR('',#1811,1.);
#1811 = DIRECTION('',(-1.,2.13757247267E-16,0.));
#1812 = PCURVE('',#126,#1813);
#1813 = DEFINITIONAL_REPRESENTATION('',(#1814),#1817);
#1814 = B_SPLINE_CURVE_WITH_KNOTS('',1,(#1815,#1816),.UNSPECIFIED.,.F.,
  .F.,(2,2),(-99.72191514132,33.240638380441),.PIECEWISE_BEZIER_KNOTS.);
#1815 = CARTESIAN_POINT('',(66.481276760882,-160.5));
#1816 = CARTESIAN_POINT('',(-66.48127676088,-160.5));
#1817 = ( GEOMETRIC_REPRESENTATION_CONTEXT(2) 
PARAMETRIC_REPRESENTATION_CONTEXT() REPRESENTATION_CONTEXT('2D SPACE',''
  ) );
#1818 = PCURVE('',#1819,#1824);
#1819 = PLANE('',#1820);
#1820 = AXIS2_PLACEMENT_3D('',#1821,#1822,#1823);
#1821 = CARTESIAN_POINT('',(-66.48127676088,-160.5,-0.1));
#1822 = DIRECTION('',(2.13757247267E-16,1.,-0.));
#1823 = DIRECTION('',(1.,-2.13757247267E-16,0.));
#1824 = DEFINITIONAL_REPRESENTATION('',(#1825),#1828);
#1825 = B_SPLINE_CURVE_WITH_KNOTS('',1,(#1826,#1827),.UNSPECIFIED.,.F.,
  .F.,(2,2),(-99.72191514132,33.240638380441),.PIECEWISE_BEZIER_KNOTS.);
#1826 = CARTESIAN_POINT('',(132.96255352176,-0.1));
#1827 = CARTESIAN_POINT('',(0.,-0.1));
#1828 = ( GEOMETRIC_REPRESENTATION_CONTEXT(2) 
PARAMETRIC_REPRESENTATION_CONTEXT() REPRESENTATION_CONTEXT('2D SPACE',''
  ) );
#1829 = ORIENTED_EDGE('',*,*,#1830,.T.);
#1830 = EDGE_CURVE('',#1805,#1831,#1833,.T.);
#1831 = VERTEX_POINT('',#1832);
#1832 = CARTESIAN_POINT('',(-160.5,-66.48127676088,0.));
#1833 = SURFACE_CURVE('',#1834,(#1838,#1844),.PCURVE_S1.);
#1834 = LINE('',#1835,#1836);
#1835 = CARTESIAN_POINT('',(-136.9953191902,-89.98595757066,0.));
#1836 = VECTOR('',#1837,1.);
#1837 = DIRECTION('',(-0.707106781187,0.707106781187,0.));
#1838 = PCURVE('',#126,#1839);
#1839 = DEFINITIONAL_REPRESENTATION('',(#1840),#1843);
#1840 = B_SPLINE_CURVE_WITH_KNOTS('',1,(#1841,#1842),.UNSPECIFIED.,.F.,
  .F.,(2,2),(-99.72191514132,33.240638380441),.PIECEWISE_BEZIER_KNOTS.);
#1841 = CARTESIAN_POINT('',(-66.48127676088,-160.5));
#1842 = CARTESIAN_POINT('',(-160.5,-66.48127676088));
#1843 = ( GEOMETRIC_REPRESENTATION_CONTEXT(2) 
PARAMETRIC_REPRESENTATION_CONTEXT() REPRESENTATION_CONTEXT('2D SPACE',''
  ) );
#1844 = PCURVE('',#1845,#1850);
#1845 = PLANE('',#1846);
#1846 = AXIS2_PLACEMENT_3D('',#1847,#1848,#1849);
#1847 = CARTESIAN_POINT('',(-160.5,-66.48127676088,-0.1));
#1848 = DIRECTION('',(0.707106781187,0.707106781187,-0.));
#1849 = DIRECTION('',(0.707106781187,-0.707106781187,0.));
#1850 = DEFINITIONAL_REPRESENTATION('',(#1851),#1854);
#1851 = B_SPLINE_CURVE_WITH_KNOTS('',1,(#1852,#1853),.UNSPECIFIED.,.F.,
  .F.,(2,2),(-99.72191514132,33.240638380441),.PIECEWISE_BEZIER_KNOTS.);
#1852 = CARTESIAN_POINT('',(132.96255352176,-0.1));
#1853 = CARTESIAN_POINT('',(0.,-0.1));
#1854 = ( GEOMETRIC_REPRESENTATION_CONTEXT(2) 
PARAMETRIC_REPRESENTATION_CONTEXT() REPRESENTATION_CONTEXT('2D SPACE',''
  ) );
#1855 = ORIENTED_EDGE('',*,*,#1856,.T.);
#1856 = EDGE_CURVE('',#1831,#1857,#1859,.T.);
#1857 = VERTEX_POINT('',#1858);
#1858 = CARTESIAN_POINT('',(-160.5,66.481276760882,0.));
#1859 = SURFACE_CURVE('',#1860,(#1864,#1870),.PCURVE_S1.);
#1860 = LINE('',#1861,#1862);
#1861 = CARTESIAN_POINT('',(-160.5,33.240638380441,0.));
#1862 = VECTOR('',#1863,1.);
#1863 = DIRECTION('',(2.13757247267E-16,1.,-0.));
#1864 = PCURVE('',#126,#1865);
#1865 = DEFINITIONAL_REPRESENTATION('',(#1866),#1869);
#1866 = B_SPLINE_CURVE_WITH_KNOTS('',1,(#1867,#1868),.UNSPECIFIED.,.F.,
  .F.,(2,2),(-99.72191514132,33.240638380441),.PIECEWISE_BEZIER_KNOTS.);
#1867 = CARTESIAN_POINT('',(-160.5,-66.48127676088));
#1868 = CARTESIAN_POINT('',(-160.5,66.481276760882));
#1869 = ( GEOMETRIC_REPRESENTATION_CONTEXT(2) 
PARAMETRIC_REPRESENTATION_CONTEXT() REPRESENTATION_CONTEXT('2D SPACE',''
  ) );
#1870 = PCURVE('',#1871,#1876);
#1871 = PLANE('',#1872);
#1872 = AXIS2_PLACEMENT_3D('',#1873,#1874,#1875);
#1873 = CARTESIAN_POINT('',(-160.5,66.481276760882,-0.1));
#1874 = DIRECTION('',(1.,-2.13757247267E-16,0.));
#1875 = DIRECTION('',(-2.13757247267E-16,-1.,0.));
#1876 = DEFINITIONAL_REPRESENTATION('',(#1877),#1880);
#1877 = B_SPLINE_CURVE_WITH_KNOTS('',1,(#1878,#1879),.UNSPECIFIED.,.F.,
  .F.,(2,2),(-99.72191514132,33.240638380441),.PIECEWISE_BEZIER_KNOTS.);
#1878 = CARTESIAN_POINT('',(132.96255352176,-0.1));
#1879 = CARTESIAN_POINT('',(0.,-0.1));
#1880 = ( GEOMETRIC_REPRESENTATION_CONTEXT(2) 
PARAMETRIC_REPRESENTATION_CONTEXT() REPRESENTATION_CONTEXT('2D SPACE',''
  ) );
#1881 = ORIENTED_EDGE('',*,*,#1882,.T.);
#1882 = EDGE_CURVE('',#1857,#1699,#1883,.T.);
#1883 = SURFACE_CURVE('',#1884,(#1888,#1894),.PCURVE_S1.);
#1884 = LINE('',#1885,#1886);
#1885 = CARTESIAN_POINT('',(-89.98595757066,136.99531919022,0.));
#1886 = VECTOR('',#1887,1.);
#1887 = DIRECTION('',(0.707106781187,0.707106781187,-0.));
#1888 = PCURVE('',#126,#1889);
#1889 = DEFINITIONAL_REPRESENTATION('',(#1890),#1893);
#1890 = B_SPLINE_CURVE_WITH_KNOTS('',1,(#1891,#1892),.UNSPECIFIED.,.F.,
  .F.,(2,2),(-99.72191514132,33.240638380441),.PIECEWISE_BEZIER_KNOTS.);
#1891 = CARTESIAN_POINT('',(-160.5,66.481276760882));
#1892 = CARTESIAN_POINT('',(-66.48127676088,160.5));
#1893 = ( GEOMETRIC_REPRESENTATION_CONTEXT(2) 
PARAMETRIC_REPRESENTATION_CONTEXT() REPRESENTATION_CONTEXT('2D SPACE',''
  ) );
#1894 = PCURVE('',#1895,#1900);
#1895 = PLANE('',#1896);
#1896 = AXIS2_PLACEMENT_3D('',#1897,#1898,#1899);
#1897 = CARTESIAN_POINT('',(-66.48127676088,160.5,-0.1));
#1898 = DIRECTION('',(0.707106781187,-0.707106781187,0.));
#1899 = DIRECTION('',(-0.707106781187,-0.707106781187,0.));
#1900 = DEFINITIONAL_REPRESENTATION('',(#1901),#1904);
#1901 = B_SPLINE_CURVE_WITH_KNOTS('',1,(#1902,#1903),.UNSPECIFIED.,.F.,
  .F.,(2,2),(-99.72191514132,33.240638380441),.PIECEWISE_BEZIER_KNOTS.);
#1902 = CARTESIAN_POINT('',(132.96255352176,-0.1));
#1903 = CARTESIAN_POINT('',(0.,-0.1));
#1904 = ( GEOMETRIC_REPRESENTATION_CONTEXT(2) 
PARAMETRIC_REPRESENTATION_CONTEXT() REPRESENTATION_CONTEXT('2D SPACE',''
  ) );
#1905 = FACE_BOUND('',#1906,.F.);
#1906 = EDGE_LOOP('',(#1907,#1935,#1961,#1987));
#1907 = ORIENTED_EDGE('',*,*,#1908,.T.);
#1908 = EDGE_CURVE('',#1909,#1911,#1913,.T.);
#1909 = VERTEX_POINT('',#1910);
#1910 = CARTESIAN_POINT('',(164.4,9.7,0.));
#1911 = VERTEX_POINT('',#1912);
#1912 = CARTESIAN_POINT('',(162.2,9.7,0.));
#1913 = SURFACE_CURVE('',#1914,(#1918,#1924),.PCURVE_S1.);
#1914 = LINE('',#1915,#1916);
#1915 = CARTESIAN_POINT('',(81.1,9.7,0.));
#1916 = VECTOR('',#1917,1.);
#1917 = DIRECTION('',(-1.,0.,0.));
#1918 = PCURVE('',#126,#1919);
#1919 = DEFINITIONAL_REPRESENTATION('',(#1920),#1923);
#1920 = B_SPLINE_CURVE_WITH_KNOTS('',1,(#1921,#1922),.UNSPECIFIED.,.F.,
  .F.,(2,2),(-83.3,-81.1),.PIECEWISE_BEZIER_KNOTS.);
#1921 = CARTESIAN_POINT('',(164.4,9.7));
#1922 = CARTESIAN_POINT('',(162.2,9.7));
#1923 = ( GEOMETRIC_REPRESENTATION_CONTEXT(2) 
PARAMETRIC_REPRESENTATION_CONTEXT() REPRESENTATION_CONTEXT('2D SPACE',''
  ) );
#1924 = PCURVE('',#1925,#1930);
#1925 = PLANE('',#1926);
#1926 = AXIS2_PLACEMENT_3D('',#1927,#1928,#1929);
#1927 = CARTESIAN_POINT('',(162.2,9.7,-0.1));
#1928 = DIRECTION('',(0.,1.,0.));
#1929 = DIRECTION('',(0.,0.,1.));
#1930 = DEFINITIONAL_REPRESENTATION('',(#1931),#1934);
#1931 = B_SPLINE_CURVE_WITH_KNOTS('',1,(#1932,#1933),.UNSPECIFIED.,.F.,
  .F.,(2,2),(-83.3,-81.1),.PIECEWISE_BEZIER_KNOTS.);
#1932 = CARTESIAN_POINT('',(0.1,2.2));
#1933 = CARTESIAN_POINT('',(0.1,0.));
#1934 = ( GEOMETRIC_REPRESENTATION_CONTEXT(2) 
PARAMETRIC_REPRESENTATION_CONTEXT() REPRESENTATION_CONTEXT('2D SPACE',''
  ) );
#1935 = ORIENTED_EDGE('',*,*,#1936,.T.);
#1936 = EDGE_CURVE('',#1911,#1937,#1939,.T.);
#1937 = VERTEX_POINT('',#1938);
#1938 = CARTESIAN_POINT('',(162.2,58.3,0.));
#1939 = SURFACE_CURVE('',#1940,(#1944,#1950),.PCURVE_S1.);
#1940 = LINE('',#1941,#1942);
#1941 = CARTESIAN_POINT('',(162.2,4.85,0.));
#1942 = VECTOR('',#1943,1.);
#1943 = DIRECTION('',(0.,1.,0.));
#1944 = PCURVE('',#126,#1945);
#1945 = DEFINITIONAL_REPRESENTATION('',(#1946),#1949);
#1946 = B_SPLINE_CURVE_WITH_KNOTS('',1,(#1947,#1948),.UNSPECIFIED.,.F.,
  .F.,(2,2),(4.85,53.45),.PIECEWISE_BEZIER_KNOTS.);
#1947 = CARTESIAN_POINT('',(162.2,9.7));
#1948 = CARTESIAN_POINT('',(162.2,58.3));
#1949 = ( GEOMETRIC_REPRESENTATION_CONTEXT(2) 
PARAMETRIC_REPRESENTATION_CONTEXT() REPRESENTATION_CONTEXT('2D SPACE',''
  ) );
#1950 = PCURVE('',#1951,#1956);
#1951 = PLANE('',#1952);
#1952 = AXIS2_PLACEMENT_3D('',#1953,#1954,#1955);
#1953 = CARTESIAN_POINT('',(162.2,9.7,-0.1));
#1954 = DIRECTION('',(1.,0.,0.));
#1955 = DIRECTION('',(0.,0.,1.));
#1956 = DEFINITIONAL_REPRESENTATION('',(#1957),#1960);
#1957 = B_SPLINE_CURVE_WITH_KNOTS('',1,(#1958,#1959),.UNSPECIFIED.,.F.,
  .F.,(2,2),(4.85,53.45),.PIECEWISE_BEZIER_KNOTS.);
#1958 = CARTESIAN_POINT('',(0.1,0.));
#1959 = CARTESIAN_POINT('',(0.1,-48.6));
#1960 = ( GEOMETRIC_REPRESENTATION_CONTEXT(2) 
PARAMETRIC_REPRESENTATION_CONTEXT() REPRESENTATION_CONTEXT('2D SPACE',''
  ) );
#1961 = ORIENTED_EDGE('',*,*,#1962,.F.);
#1962 = EDGE_CURVE('',#1963,#1937,#1965,.T.);
#1963 = VERTEX_POINT('',#1964);
#1964 = CARTESIAN_POINT('',(164.4,58.3,0.));
#1965 = SURFACE_CURVE('',#1966,(#1970,#1976),.PCURVE_S1.);
#1966 = LINE('',#1967,#1968);
#1967 = CARTESIAN_POINT('',(81.1,58.3,0.));
#1968 = VECTOR('',#1969,1.);
#1969 = DIRECTION('',(-1.,0.,0.));
#1970 = PCURVE('',#126,#1971);
#1971 = DEFINITIONAL_REPRESENTATION('',(#1972),#1975);
#1972 = B_SPLINE_CURVE_WITH_KNOTS('',1,(#1973,#1974),.UNSPECIFIED.,.F.,
  .F.,(2,2),(-83.3,-81.1),.PIECEWISE_BEZIER_KNOTS.);
#1973 = CARTESIAN_POINT('',(164.4,58.3));
#1974 = CARTESIAN_POINT('',(162.2,58.3));
#1975 = ( GEOMETRIC_REPRESENTATION_CONTEXT(2) 
PARAMETRIC_REPRESENTATION_CONTEXT() REPRESENTATION_CONTEXT('2D SPACE',''
  ) );
#1976 = PCURVE('',#1977,#1982);
#1977 = PLANE('',#1978);
#1978 = AXIS2_PLACEMENT_3D('',#1979,#1980,#1981);
#1979 = CARTESIAN_POINT('',(162.2,58.3,-0.1));
#1980 = DIRECTION('',(0.,1.,0.));
#1981 = DIRECTION('',(0.,0.,1.));
#1982 = DEFINITIONAL_REPRESENTATION('',(#1983),#1986);
#1983 = B_SPLINE_CURVE_WITH_KNOTS('',1,(#1984,#1985),.UNSPECIFIED.,.F.,
  .F.,(2,2),(-83.3,-81.1),.PIECEWISE_BEZIER_KNOTS.);
#1984 = CARTESIAN_POINT('',(0.1,2.2));
#1985 = CARTESIAN_POINT('',(0.1,0.));
#1986 = ( GEOMETRIC_REPRESENTATION_CONTEXT(2) 
PARAMETRIC_REPRESENTATION_CONTEXT() REPRESENTATION_CONTEXT('2D SPACE',''
  ) );
#1987 = ORIENTED_EDGE('',*,*,#1988,.F.);
#1988 = EDGE_CURVE('',#1909,#1963,#1989,.T.);
#1989 = SURFACE_CURVE('',#1990,(#1994,#2000),.PCURVE_S1.);
#1990 = LINE('',#1991,#1992);
#1991 = CARTESIAN_POINT('',(164.4,4.85,0.));
#1992 = VECTOR('',#1993,1.);
#1993 = DIRECTION('',(0.,1.,0.));
#1994 = PCURVE('',#126,#1995);
#1995 = DEFINITIONAL_REPRESENTATION('',(#1996),#1999);
#1996 = B_SPLINE_CURVE_WITH_KNOTS('',1,(#1997,#1998),.UNSPECIFIED.,.F.,
  .F.,(2,2),(4.85,53.45),.PIECEWISE_BEZIER_KNOTS.);
#1997 = CARTESIAN_POINT('',(164.4,9.7));
#1998 = CARTESIAN_POINT('',(164.4,58.3));
#1999 = ( GEOMETRIC_REPRESENTATION_CONTEXT(2) 
PARAMETRIC_REPRESENTATION_CONTEXT() REPRESENTATION_CONTEXT('2D SPACE',''
  ) );
#2000 = PCURVE('',#2001,#2006);
#2001 = PLANE('',#2002);
#2002 = AXIS2_PLACEMENT_3D('',#2003,#2004,#2005);
#2003 = CARTESIAN_POINT('',(164.4,9.7,-0.1));
#2004 = DIRECTION('',(1.,0.,0.));
#2005 = DIRECTION('',(0.,0.,1.));
#2006 = DEFINITIONAL_REPRESENTATION('',(#2007),#2010);
#2007 = B_SPLINE_CURVE_WITH_KNOTS('',1,(#2008,#2009),.UNSPECIFIED.,.F.,
  .F.,(2,2),(4.85,53.45),.PIECEWISE_BEZIER_KNOTS.);
#2008 = CARTESIAN_POINT('',(0.1,0.));
#2009 = CARTESIAN_POINT('',(0.1,-48.6));
#2010 = ( GEOMETRIC_REPRESENTATION_CONTEXT(2) 
PARAMETRIC_REPRESENTATION_CONTEXT() REPRESENTATION_CONTEXT('2D SPACE',''
  ) );
#2011 = FACE_BOUND('',#2012,.F.);
#2012 = EDGE_LOOP('',(#2013,#2041,#2067,#2093));
#2013 = ORIENTED_EDGE('',*,*,#2014,.T.);
#2014 = EDGE_CURVE('',#2015,#2017,#2019,.T.);
#2015 = VERTEX_POINT('',#2016);
#2016 = CARTESIAN_POINT('',(58.3,164.4,0.));
#2017 = VERTEX_POINT('',#2018);
#2018 = CARTESIAN_POINT('',(58.3,162.2,0.));
#2019 = SURFACE_CURVE('',#2020,(#2024,#2030),.PCURVE_S1.);
#2020 = LINE('',#2021,#2022);
#2021 = CARTESIAN_POINT('',(58.3,81.1,0.));
#2022 = VECTOR('',#2023,1.);
#2023 = DIRECTION('',(-1.110223024625E-16,-1.,0.));
#2024 = PCURVE('',#126,#2025);
#2025 = DEFINITIONAL_REPRESENTATION('',(#2026),#2029);
#2026 = B_SPLINE_CURVE_WITH_KNOTS('',1,(#2027,#2028),.UNSPECIFIED.,.F.,
  .F.,(2,2),(-83.3,-81.1),.PIECEWISE_BEZIER_KNOTS.);
#2027 = CARTESIAN_POINT('',(58.3,164.4));
#2028 = CARTESIAN_POINT('',(58.3,162.2));
#2029 = ( GEOMETRIC_REPRESENTATION_CONTEXT(2) 
PARAMETRIC_REPRESENTATION_CONTEXT() REPRESENTATION_CONTEXT('2D SPACE',''
  ) );
#2030 = PCURVE('',#2031,#2036);
#2031 = PLANE('',#2032);
#2032 = AXIS2_PLACEMENT_3D('',#2033,#2034,#2035);
#2033 = CARTESIAN_POINT('',(58.3,162.2,-0.1));
#2034 = DIRECTION('',(-1.,1.110223024625E-16,0.));
#2035 = DIRECTION('',(0.,0.,1.));
#2036 = DEFINITIONAL_REPRESENTATION('',(#2037),#2040);
#2037 = B_SPLINE_CURVE_WITH_KNOTS('',1,(#2038,#2039),.UNSPECIFIED.,.F.,
  .F.,(2,2),(-83.3,-81.1),.PIECEWISE_BEZIER_KNOTS.);
#2038 = CARTESIAN_POINT('',(0.1,2.2));
#2039 = CARTESIAN_POINT('',(0.1,0.));
#2040 = ( GEOMETRIC_REPRESENTATION_CONTEXT(2) 
PARAMETRIC_REPRESENTATION_CONTEXT() REPRESENTATION_CONTEXT('2D SPACE',''
  ) );
#2041 = ORIENTED_EDGE('',*,*,#2042,.T.);
#2042 = EDGE_CURVE('',#2017,#2043,#2045,.T.);
#2043 = VERTEX_POINT('',#2044);
#2044 = CARTESIAN_POINT('',(9.7,162.2,0.));
#2045 = SURFACE_CURVE('',#2046,(#2050,#2056),.PCURVE_S1.);
#2046 = LINE('',#2047,#2048);
#2047 = CARTESIAN_POINT('',(29.15,162.2,0.));
#2048 = VECTOR('',#2049,1.);
#2049 = DIRECTION('',(-1.,1.110223024625E-16,0.));
#2050 = PCURVE('',#126,#2051);
#2051 = DEFINITIONAL_REPRESENTATION('',(#2052),#2055);
#2052 = B_SPLINE_CURVE_WITH_KNOTS('',1,(#2053,#2054),.UNSPECIFIED.,.F.,
  .F.,(2,2),(-29.15,19.45),.PIECEWISE_BEZIER_KNOTS.);
#2053 = CARTESIAN_POINT('',(58.3,162.2));
#2054 = CARTESIAN_POINT('',(9.7,162.2));
#2055 = ( GEOMETRIC_REPRESENTATION_CONTEXT(2) 
PARAMETRIC_REPRESENTATION_CONTEXT() REPRESENTATION_CONTEXT('2D SPACE',''
  ) );
#2056 = PCURVE('',#2057,#2062);
#2057 = PLANE('',#2058);
#2058 = AXIS2_PLACEMENT_3D('',#2059,#2060,#2061);
#2059 = CARTESIAN_POINT('',(58.3,162.2,-0.1));
#2060 = DIRECTION('',(1.110223024625E-16,1.,0.));
#2061 = DIRECTION('',(0.,0.,1.));
#2062 = DEFINITIONAL_REPRESENTATION('',(#2063),#2066);
#2063 = B_SPLINE_CURVE_WITH_KNOTS('',1,(#2064,#2065),.UNSPECIFIED.,.F.,
  .F.,(2,2),(-29.15,19.45),.PIECEWISE_BEZIER_KNOTS.);
#2064 = CARTESIAN_POINT('',(0.1,0.));
#2065 = CARTESIAN_POINT('',(0.1,-48.6));
#2066 = ( GEOMETRIC_REPRESENTATION_CONTEXT(2) 
PARAMETRIC_REPRESENTATION_CONTEXT() REPRESENTATION_CONTEXT('2D SPACE',''
  ) );
#2067 = ORIENTED_EDGE('',*,*,#2068,.F.);
#2068 = EDGE_CURVE('',#2069,#2043,#2071,.T.);
#2069 = VERTEX_POINT('',#2070);
#2070 = CARTESIAN_POINT('',(9.7,164.4,0.));
#2071 = SURFACE_CURVE('',#2072,(#2076,#2082),.PCURVE_S1.);
#2072 = LINE('',#2073,#2074);
#2073 = CARTESIAN_POINT('',(9.7,81.1,0.));
#2074 = VECTOR('',#2075,1.);
#2075 = DIRECTION('',(-1.110223024625E-16,-1.,0.));
#2076 = PCURVE('',#126,#2077);
#2077 = DEFINITIONAL_REPRESENTATION('',(#2078),#2081);
#2078 = B_SPLINE_CURVE_WITH_KNOTS('',1,(#2079,#2080),.UNSPECIFIED.,.F.,
  .F.,(2,2),(-83.3,-81.1),.PIECEWISE_BEZIER_KNOTS.);
#2079 = CARTESIAN_POINT('',(9.7,164.4));
#2080 = CARTESIAN_POINT('',(9.7,162.2));
#2081 = ( GEOMETRIC_REPRESENTATION_CONTEXT(2) 
PARAMETRIC_REPRESENTATION_CONTEXT() REPRESENTATION_CONTEXT('2D SPACE',''
  ) );
#2082 = PCURVE('',#2083,#2088);
#2083 = PLANE('',#2084);
#2084 = AXIS2_PLACEMENT_3D('',#2085,#2086,#2087);
#2085 = CARTESIAN_POINT('',(9.7,162.2,-0.1));
#2086 = DIRECTION('',(-1.,1.110223024625E-16,0.));
#2087 = DIRECTION('',(0.,0.,1.));
#2088 = DEFINITIONAL_REPRESENTATION('',(#2089),#2092);
#2089 = B_SPLINE_CURVE_WITH_KNOTS('',1,(#2090,#2091),.UNSPECIFIED.,.F.,
  .F.,(2,2),(-83.3,-81.1),.PIECEWISE_BEZIER_KNOTS.);
#2090 = CARTESIAN_POINT('',(0.1,2.2));
#2091 = CARTESIAN_POINT('',(0.1,0.));
#2092 = ( GEOMETRIC_REPRESENTATION_CONTEXT(2) 
PARAMETRIC_REPRESENTATION_CONTEXT() REPRESENTATION_CONTEXT('2D SPACE',''
  ) );
#2093 = ORIENTED_EDGE('',*,*,#2094,.F.);
#2094 = EDGE_CURVE('',#2015,#2069,#2095,.T.);
#2095 = SURFACE_CURVE('',#2096,(#2100,#2106),.PCURVE_S1.);
#2096 = LINE('',#2097,#2098);
#2097 = CARTESIAN_POINT('',(29.15,164.4,0.));
#2098 = VECTOR('',#2099,1.);
#2099 = DIRECTION('',(-1.,1.110223024625E-16,0.));
#2100 = PCURVE('',#126,#2101);
#2101 = DEFINITIONAL_REPRESENTATION('',(#2102),#2105);
#2102 = B_SPLINE_CURVE_WITH_KNOTS('',1,(#2103,#2104),.UNSPECIFIED.,.F.,
  .F.,(2,2),(-29.15,19.45),.PIECEWISE_BEZIER_KNOTS.);
#2103 = CARTESIAN_POINT('',(58.3,164.4));
#2104 = CARTESIAN_POINT('',(9.7,164.4));
#2105 = ( GEOMETRIC_REPRESENTATION_CONTEXT(2) 
PARAMETRIC_REPRESENTATION_CONTEXT() REPRESENTATION_CONTEXT('2D SPACE',''
  ) );
#2106 = PCURVE('',#2107,#2112);
#2107 = PLANE('',#2108);
#2108 = AXIS2_PLACEMENT_3D('',#2109,#2110,#2111);
#2109 = CARTESIAN_POINT('',(58.3,164.4,-0.1));
#2110 = DIRECTION('',(1.110223024625E-16,1.,0.));
#2111 = DIRECTION('',(0.,0.,1.));
#2112 = DEFINITIONAL_REPRESENTATION('',(#2113),#2116);
#2113 = B_SPLINE_CURVE_WITH_KNOTS('',1,(#2114,#2115),.UNSPECIFIED.,.F.,
  .F.,(2,2),(-29.15,19.45),.PIECEWISE_BEZIER_KNOTS.);
#2114 = CARTESIAN_POINT('',(0.1,0.));
#2115 = CARTESIAN_POINT('',(0.1,-48.6));
#2116 = ( GEOMETRIC_REPRESENTATION_CONTEXT(2) 
PARAMETRIC_REPRESENTATION_CONTEXT() REPRESENTATION_CONTEXT('2D SPACE',''
  ) );
#2117 = FACE_BOUND('',#2118,.F.);
#2118 = EDGE_LOOP('',(#2119,#2147,#2173,#2199));
#2119 = ORIENTED_EDGE('',*,*,#2120,.T.);
#2120 = EDGE_CURVE('',#2121,#2123,#2125,.T.);
#2121 = VERTEX_POINT('',#2122);
#2122 = CARTESIAN_POINT('',(157.47268017024,75.024029483893,0.));
#2123 = VERTEX_POINT('',#2124);
#2124 = CARTESIAN_POINT('',(155.91704525163,73.468394565282,0.));
#2125 = SURFACE_CURVE('',#2126,(#2130,#2136),.PCURVE_S1.);
#2126 = LINE('',#2127,#2128);
#2127 = CARTESIAN_POINT('',(98.570685297405,16.122034611053,
    1.387778780781E-17));
#2128 = VECTOR('',#2129,1.);
#2129 = DIRECTION('',(-0.707106781187,-0.707106781187,0.));
#2130 = PCURVE('',#126,#2131);
#2131 = DEFINITIONAL_REPRESENTATION('',(#2132),#2135);
#2132 = B_SPLINE_CURVE_WITH_KNOTS('',1,(#2133,#2134),.UNSPECIFIED.,.F.,
  .F.,(2,2),(-83.3,-81.1),.PIECEWISE_BEZIER_KNOTS.);
#2133 = CARTESIAN_POINT('',(157.47268017024,75.024029483893));
#2134 = CARTESIAN_POINT('',(155.91704525163,73.468394565282));
#2135 = ( GEOMETRIC_REPRESENTATION_CONTEXT(2) 
PARAMETRIC_REPRESENTATION_CONTEXT() REPRESENTATION_CONTEXT('2D SPACE',''
  ) );
#2136 = PCURVE('',#2137,#2142);
#2137 = PLANE('',#2138);
#2138 = AXIS2_PLACEMENT_3D('',#2139,#2140,#2141);
#2139 = CARTESIAN_POINT('',(155.91704525163,73.468394565282,-0.1));
#2140 = DIRECTION('',(-0.707106781187,0.707106781187,0.));
#2141 = DIRECTION('',(0.,0.,1.));
#2142 = DEFINITIONAL_REPRESENTATION('',(#2143),#2146);
#2143 = B_SPLINE_CURVE_WITH_KNOTS('',1,(#2144,#2145),.UNSPECIFIED.,.F.,
  .F.,(2,2),(-83.3,-81.1),.PIECEWISE_BEZIER_KNOTS.);
#2144 = CARTESIAN_POINT('',(0.1,2.2));
#2145 = CARTESIAN_POINT('',(0.1,0.));
#2146 = ( GEOMETRIC_REPRESENTATION_CONTEXT(2) 
PARAMETRIC_REPRESENTATION_CONTEXT() REPRESENTATION_CONTEXT('2D SPACE',''
  ) );
#2147 = ORIENTED_EDGE('',*,*,#2148,.T.);
#2148 = EDGE_CURVE('',#2123,#2149,#2151,.T.);
#2149 = VERTEX_POINT('',#2150);
#2150 = CARTESIAN_POINT('',(121.55165568596,107.83378413094,0.));
#2151 = SURFACE_CURVE('',#2152,(#2156,#2162),.PCURVE_S1.);
#2152 = LINE('',#2153,#2154);
#2153 = CARTESIAN_POINT('',(135.30488258004,94.08055723687,
    1.387778780781E-17));
#2154 = VECTOR('',#2155,1.);
#2155 = DIRECTION('',(-0.707106781187,0.707106781187,0.));
#2156 = PCURVE('',#126,#2157);
#2157 = DEFINITIONAL_REPRESENTATION('',(#2158),#2161);
#2158 = B_SPLINE_CURVE_WITH_KNOTS('',1,(#2159,#2160),.UNSPECIFIED.,.F.,
  .F.,(2,2),(-29.15,19.45),.PIECEWISE_BEZIER_KNOTS.);
#2159 = CARTESIAN_POINT('',(155.91704525163,73.468394565282));
#2160 = CARTESIAN_POINT('',(121.55165568596,107.83378413094));
#2161 = ( GEOMETRIC_REPRESENTATION_CONTEXT(2) 
PARAMETRIC_REPRESENTATION_CONTEXT() REPRESENTATION_CONTEXT('2D SPACE',''
  ) );
#2162 = PCURVE('',#2163,#2168);
#2163 = PLANE('',#2164);
#2164 = AXIS2_PLACEMENT_3D('',#2165,#2166,#2167);
#2165 = CARTESIAN_POINT('',(155.91704525163,73.468394565282,-0.1));
#2166 = DIRECTION('',(0.707106781187,0.707106781187,0.));
#2167 = DIRECTION('',(0.,0.,1.));
#2168 = DEFINITIONAL_REPRESENTATION('',(#2169),#2172);
#2169 = B_SPLINE_CURVE_WITH_KNOTS('',1,(#2170,#2171),.UNSPECIFIED.,.F.,
  .F.,(2,2),(-29.15,19.45),.PIECEWISE_BEZIER_KNOTS.);
#2170 = CARTESIAN_POINT('',(0.1,0.));
#2171 = CARTESIAN_POINT('',(0.1,-48.6));
#2172 = ( GEOMETRIC_REPRESENTATION_CONTEXT(2) 
PARAMETRIC_REPRESENTATION_CONTEXT() REPRESENTATION_CONTEXT('2D SPACE',''
  ) );
#2173 = ORIENTED_EDGE('',*,*,#2174,.F.);
#2174 = EDGE_CURVE('',#2175,#2149,#2177,.T.);
#2175 = VERTEX_POINT('',#2176);
#2176 = CARTESIAN_POINT('',(123.10729060457,109.38941904955,0.));
#2177 = SURFACE_CURVE('',#2178,(#2182,#2188),.PCURVE_S1.);
#2178 = LINE('',#2179,#2180);
#2179 = CARTESIAN_POINT('',(64.205295731739,50.487424176719,
    1.387778780781E-17));
#2180 = VECTOR('',#2181,1.);
#2181 = DIRECTION('',(-0.707106781187,-0.707106781187,0.));
#2182 = PCURVE('',#126,#2183);
#2183 = DEFINITIONAL_REPRESENTATION('',(#2184),#2187);
#2184 = B_SPLINE_CURVE_WITH_KNOTS('',1,(#2185,#2186),.UNSPECIFIED.,.F.,
  .F.,(2,2),(-83.3,-81.1),.PIECEWISE_BEZIER_KNOTS.);
#2185 = CARTESIAN_POINT('',(123.10729060457,109.38941904955));
#2186 = CARTESIAN_POINT('',(121.55165568596,107.83378413094));
#2187 = ( GEOMETRIC_REPRESENTATION_CONTEXT(2) 
PARAMETRIC_REPRESENTATION_CONTEXT() REPRESENTATION_CONTEXT('2D SPACE',''
  ) );
#2188 = PCURVE('',#2189,#2194);
#2189 = PLANE('',#2190);
#2190 = AXIS2_PLACEMENT_3D('',#2191,#2192,#2193);
#2191 = CARTESIAN_POINT('',(121.55165568596,107.83378413094,-0.1));
#2192 = DIRECTION('',(-0.707106781187,0.707106781187,0.));
#2193 = DIRECTION('',(0.,0.,1.));
#2194 = DEFINITIONAL_REPRESENTATION('',(#2195),#2198);
#2195 = B_SPLINE_CURVE_WITH_KNOTS('',1,(#2196,#2197),.UNSPECIFIED.,.F.,
  .F.,(2,2),(-83.3,-81.1),.PIECEWISE_BEZIER_KNOTS.);
#2196 = CARTESIAN_POINT('',(0.1,2.2));
#2197 = CARTESIAN_POINT('',(0.1,0.));
#2198 = ( GEOMETRIC_REPRESENTATION_CONTEXT(2) 
PARAMETRIC_REPRESENTATION_CONTEXT() REPRESENTATION_CONTEXT('2D SPACE',''
  ) );
#2199 = ORIENTED_EDGE('',*,*,#2200,.F.);
#2200 = EDGE_CURVE('',#2121,#2175,#2201,.T.);
#2201 = SURFACE_CURVE('',#2202,(#2206,#2212),.PCURVE_S1.);
#2202 = LINE('',#2203,#2204);
#2203 = CARTESIAN_POINT('',(136.86051749865,95.636192155481,
    1.387778780781E-17));
#2204 = VECTOR('',#2205,1.);
#2205 = DIRECTION('',(-0.707106781187,0.707106781187,0.));
#2206 = PCURVE('',#126,#2207);
#2207 = DEFINITIONAL_REPRESENTATION('',(#2208),#2211);
#2208 = B_SPLINE_CURVE_WITH_KNOTS('',1,(#2209,#2210),.UNSPECIFIED.,.F.,
  .F.,(2,2),(-29.15,19.45),.PIECEWISE_BEZIER_KNOTS.);
#2209 = CARTESIAN_POINT('',(157.47268017024,75.024029483893));
#2210 = CARTESIAN_POINT('',(123.10729060457,109.38941904955));
#2211 = ( GEOMETRIC_REPRESENTATION_CONTEXT(2) 
PARAMETRIC_REPRESENTATION_CONTEXT() REPRESENTATION_CONTEXT('2D SPACE',''
  ) );
#2212 = PCURVE('',#2213,#2218);
#2213 = PLANE('',#2214);
#2214 = AXIS2_PLACEMENT_3D('',#2215,#2216,#2217);
#2215 = CARTESIAN_POINT('',(157.47268017024,75.024029483893,-0.1));
#2216 = DIRECTION('',(0.707106781187,0.707106781187,0.));
#2217 = DIRECTION('',(0.,0.,1.));
#2218 = DEFINITIONAL_REPRESENTATION('',(#2219),#2222);
#2219 = B_SPLINE_CURVE_WITH_KNOTS('',1,(#2220,#2221),.UNSPECIFIED.,.F.,
  .F.,(2,2),(-29.15,19.45),.PIECEWISE_BEZIER_KNOTS.);
#2220 = CARTESIAN_POINT('',(0.1,0.));
#2221 = CARTESIAN_POINT('',(0.1,-48.6));
#2222 = ( GEOMETRIC_REPRESENTATION_CONTEXT(2) 
PARAMETRIC_REPRESENTATION_CONTEXT() REPRESENTATION_CONTEXT('2D SPACE',''
  ) );
#2223 = FACE_BOUND('',#2224,.F.);
#2224 = EDGE_LOOP('',(#2225,#2253,#2279,#2305));
#2225 = ORIENTED_EDGE('',*,*,#2226,.T.);
#2226 = EDGE_CURVE('',#2227,#2229,#2231,.T.);
#2227 = VERTEX_POINT('',#2228);
#2228 = CARTESIAN_POINT('',(109.38941904955,123.10729060457,0.));
#2229 = VERTEX_POINT('',#2230);
#2230 = CARTESIAN_POINT('',(107.83378413094,121.55165568596,0.));
#2231 = SURFACE_CURVE('',#2232,(#2236,#2242),.PCURVE_S1.);
#2232 = LINE('',#2233,#2234);
#2233 = CARTESIAN_POINT('',(50.487424176719,64.205295731739,
    1.387778780781E-17));
#2234 = VECTOR('',#2235,1.);
#2235 = DIRECTION('',(-0.707106781187,-0.707106781187,0.));
#2236 = PCURVE('',#126,#2237);
#2237 = DEFINITIONAL_REPRESENTATION('',(#2238),#2241);
#2238 = B_SPLINE_CURVE_WITH_KNOTS('',1,(#2239,#2240),.UNSPECIFIED.,.F.,
  .F.,(2,2),(-83.3,-81.1),.PIECEWISE_BEZIER_KNOTS.);
#2239 = CARTESIAN_POINT('',(109.38941904955,123.10729060457));
#2240 = CARTESIAN_POINT('',(107.83378413094,121.55165568596));
#2241 = ( GEOMETRIC_REPRESENTATION_CONTEXT(2) 
PARAMETRIC_REPRESENTATION_CONTEXT() REPRESENTATION_CONTEXT('2D SPACE',''
  ) );
#2242 = PCURVE('',#2243,#2248);
#2243 = PLANE('',#2244);
#2244 = AXIS2_PLACEMENT_3D('',#2245,#2246,#2247);
#2245 = CARTESIAN_POINT('',(107.83378413094,121.55165568596,-0.1));
#2246 = DIRECTION('',(-0.707106781187,0.707106781187,0.));
#2247 = DIRECTION('',(0.,0.,1.));
#2248 = DEFINITIONAL_REPRESENTATION('',(#2249),#2252);
#2249 = B_SPLINE_CURVE_WITH_KNOTS('',1,(#2250,#2251),.UNSPECIFIED.,.F.,
  .F.,(2,2),(-83.3,-81.1),.PIECEWISE_BEZIER_KNOTS.);
#2250 = CARTESIAN_POINT('',(0.1,2.2));
#2251 = CARTESIAN_POINT('',(0.1,0.));
#2252 = ( GEOMETRIC_REPRESENTATION_CONTEXT(2) 
PARAMETRIC_REPRESENTATION_CONTEXT() REPRESENTATION_CONTEXT('2D SPACE',''
  ) );
#2253 = ORIENTED_EDGE('',*,*,#2254,.T.);
#2254 = EDGE_CURVE('',#2229,#2255,#2257,.T.);
#2255 = VERTEX_POINT('',#2256);
#2256 = CARTESIAN_POINT('',(73.468394565282,155.91704525163,0.));
#2257 = SURFACE_CURVE('',#2258,(#2262,#2268),.PCURVE_S1.);
#2258 = LINE('',#2259,#2260);
#2259 = CARTESIAN_POINT('',(111.2632520197,118.12218779721,
    1.387778780781E-17));
#2260 = VECTOR('',#2261,1.);
#2261 = DIRECTION('',(-0.707106781187,0.707106781187,0.));
#2262 = PCURVE('',#126,#2263);
#2263 = DEFINITIONAL_REPRESENTATION('',(#2264),#2267);
#2264 = B_SPLINE_CURVE_WITH_KNOTS('',1,(#2265,#2266),.UNSPECIFIED.,.F.,
  .F.,(2,2),(4.85,53.45),.PIECEWISE_BEZIER_KNOTS.);
#2265 = CARTESIAN_POINT('',(107.83378413094,121.55165568596));
#2266 = CARTESIAN_POINT('',(73.468394565282,155.91704525163));
#2267 = ( GEOMETRIC_REPRESENTATION_CONTEXT(2) 
PARAMETRIC_REPRESENTATION_CONTEXT() REPRESENTATION_CONTEXT('2D SPACE',''
  ) );
#2268 = PCURVE('',#2269,#2274);
#2269 = PLANE('',#2270);
#2270 = AXIS2_PLACEMENT_3D('',#2271,#2272,#2273);
#2271 = CARTESIAN_POINT('',(107.83378413094,121.55165568596,-0.1));
#2272 = DIRECTION('',(0.707106781187,0.707106781187,0.));
#2273 = DIRECTION('',(0.,0.,1.));
#2274 = DEFINITIONAL_REPRESENTATION('',(#2275),#2278);
#2275 = B_SPLINE_CURVE_WITH_KNOTS('',1,(#2276,#2277),.UNSPECIFIED.,.F.,
  .F.,(2,2),(4.85,53.45),.PIECEWISE_BEZIER_KNOTS.);
#2276 = CARTESIAN_POINT('',(0.1,0.));
#2277 = CARTESIAN_POINT('',(0.1,-48.6));
#2278 = ( GEOMETRIC_REPRESENTATION_CONTEXT(2) 
PARAMETRIC_REPRESENTATION_CONTEXT() REPRESENTATION_CONTEXT('2D SPACE',''
  ) );
#2279 = ORIENTED_EDGE('',*,*,#2280,.F.);
#2280 = EDGE_CURVE('',#2281,#2255,#2283,.T.);
#2281 = VERTEX_POINT('',#2282);
#2282 = CARTESIAN_POINT('',(75.024029483893,157.47268017024,0.));
#2283 = SURFACE_CURVE('',#2284,(#2288,#2294),.PCURVE_S1.);
#2284 = LINE('',#2285,#2286);
#2285 = CARTESIAN_POINT('',(16.122034611053,98.570685297405,
    1.387778780781E-17));
#2286 = VECTOR('',#2287,1.);
#2287 = DIRECTION('',(-0.707106781187,-0.707106781187,0.));
#2288 = PCURVE('',#126,#2289);
#2289 = DEFINITIONAL_REPRESENTATION('',(#2290),#2293);
#2290 = B_SPLINE_CURVE_WITH_KNOTS('',1,(#2291,#2292),.UNSPECIFIED.,.F.,
  .F.,(2,2),(-83.3,-81.1),.PIECEWISE_BEZIER_KNOTS.);
#2291 = CARTESIAN_POINT('',(75.024029483893,157.47268017024));
#2292 = CARTESIAN_POINT('',(73.468394565282,155.91704525163));
#2293 = ( GEOMETRIC_REPRESENTATION_CONTEXT(2) 
PARAMETRIC_REPRESENTATION_CONTEXT() REPRESENTATION_CONTEXT('2D SPACE',''
  ) );
#2294 = PCURVE('',#2295,#2300);
#2295 = PLANE('',#2296);
#2296 = AXIS2_PLACEMENT_3D('',#2297,#2298,#2299);
#2297 = CARTESIAN_POINT('',(73.468394565282,155.91704525163,-0.1));
#2298 = DIRECTION('',(-0.707106781187,0.707106781187,0.));
#2299 = DIRECTION('',(0.,0.,1.));
#2300 = DEFINITIONAL_REPRESENTATION('',(#2301),#2304);
#2301 = B_SPLINE_CURVE_WITH_KNOTS('',1,(#2302,#2303),.UNSPECIFIED.,.F.,
  .F.,(2,2),(-83.3,-81.1),.PIECEWISE_BEZIER_KNOTS.);
#2302 = CARTESIAN_POINT('',(0.1,2.2));
#2303 = CARTESIAN_POINT('',(0.1,0.));
#2304 = ( GEOMETRIC_REPRESENTATION_CONTEXT(2) 
PARAMETRIC_REPRESENTATION_CONTEXT() REPRESENTATION_CONTEXT('2D SPACE',''
  ) );
#2305 = ORIENTED_EDGE('',*,*,#2306,.F.);
#2306 = EDGE_CURVE('',#2227,#2281,#2307,.T.);
#2307 = SURFACE_CURVE('',#2308,(#2312,#2318),.PCURVE_S1.);
#2308 = LINE('',#2309,#2310);
#2309 = CARTESIAN_POINT('',(112.81888693831,119.67782271582,
    1.387778780781E-17));
#2310 = VECTOR('',#2311,1.);
#2311 = DIRECTION('',(-0.707106781187,0.707106781187,0.));
#2312 = PCURVE('',#126,#2313);
#2313 = DEFINITIONAL_REPRESENTATION('',(#2314),#2317);
#2314 = B_SPLINE_CURVE_WITH_KNOTS('',1,(#2315,#2316),.UNSPECIFIED.,.F.,
  .F.,(2,2),(4.85,53.45),.PIECEWISE_BEZIER_KNOTS.);
#2315 = CARTESIAN_POINT('',(109.38941904955,123.10729060457));
#2316 = CARTESIAN_POINT('',(75.024029483893,157.47268017024));
#2317 = ( GEOMETRIC_REPRESENTATION_CONTEXT(2) 
PARAMETRIC_REPRESENTATION_CONTEXT() REPRESENTATION_CONTEXT('2D SPACE',''
  ) );
#2318 = PCURVE('',#2319,#2324);
#2319 = PLANE('',#2320);
#2320 = AXIS2_PLACEMENT_3D('',#2321,#2322,#2323);
#2321 = CARTESIAN_POINT('',(109.38941904955,123.10729060457,-0.1));
#2322 = DIRECTION('',(0.707106781187,0.707106781187,0.));
#2323 = DIRECTION('',(0.,0.,1.));
#2324 = DEFINITIONAL_REPRESENTATION('',(#2325),#2328);
#2325 = B_SPLINE_CURVE_WITH_KNOTS('',1,(#2326,#2327),.UNSPECIFIED.,.F.,
  .F.,(2,2),(4.85,53.45),.PIECEWISE_BEZIER_KNOTS.);
#2326 = CARTESIAN_POINT('',(0.1,0.));
#2327 = CARTESIAN_POINT('',(0.1,-48.6));
#2328 = ( GEOMETRIC_REPRESENTATION_CONTEXT(2) 
PARAMETRIC_REPRESENTATION_CONTEXT() REPRESENTATION_CONTEXT('2D SPACE',''
  ) );
#2329 = ADVANCED_FACE('',(#2330,#2448,#2534,#2620,#2706,#2792,#2878,
    #2964,#3050,#3136,#3222,#3308,#3394,#3480,#3650,#3736,#3822,#3908),
  #72,.T.);
#2330 = FACE_BOUND('',#2331,.T.);
#2331 = EDGE_LOOP('',(#2332,#2333,#2334,#2357,#2380,#2403,#2426,#2447));
#2332 = ORIENTED_EDGE('',*,*,#56,.T.);
#2333 = ORIENTED_EDGE('',*,*,#218,.T.);
#2334 = ORIENTED_EDGE('',*,*,#2335,.T.);
#2335 = EDGE_CURVE('',#219,#2336,#2338,.T.);
#2336 = VERTEX_POINT('',#2337);
#2337 = CARTESIAN_POINT('',(-177.5,73.522907321224,8.));
#2338 = SURFACE_CURVE('',#2339,(#2343,#2350),.PCURVE_S1.);
#2339 = LINE('',#2340,#2341);
#2340 = CARTESIAN_POINT('',(-73.52290732122,177.5,8.));
#2341 = VECTOR('',#2342,1.);
#2342 = DIRECTION('',(-0.707106781187,-0.707106781187,0.));
#2343 = PCURVE('',#72,#2344);
#2344 = DEFINITIONAL_REPRESENTATION('',(#2345),#2349);
#2345 = LINE('',#2346,#2347);
#2346 = CARTESIAN_POINT('',(-73.52290732122,177.5));
#2347 = VECTOR('',#2348,1.);
#2348 = DIRECTION('',(-0.707106781187,-0.707106781187));
#2349 = ( GEOMETRIC_REPRESENTATION_CONTEXT(2) 
PARAMETRIC_REPRESENTATION_CONTEXT() REPRESENTATION_CONTEXT('2D SPACE',''
  ) );
#2350 = PCURVE('',#257,#2351);
#2351 = DEFINITIONAL_REPRESENTATION('',(#2352),#2356);
#2352 = LINE('',#2353,#2354);
#2353 = CARTESIAN_POINT('',(0.,-8.));
#2354 = VECTOR('',#2355,1.);
#2355 = DIRECTION('',(1.,0.));
#2356 = ( GEOMETRIC_REPRESENTATION_CONTEXT(2) 
PARAMETRIC_REPRESENTATION_CONTEXT() REPRESENTATION_CONTEXT('2D SPACE',''
  ) );
#2357 = ORIENTED_EDGE('',*,*,#2358,.T.);
#2358 = EDGE_CURVE('',#2336,#2359,#2361,.T.);
#2359 = VERTEX_POINT('',#2360);
#2360 = CARTESIAN_POINT('',(-177.5,-73.52290732122,8.));
#2361 = SURFACE_CURVE('',#2362,(#2366,#2373),.PCURVE_S1.);
#2362 = LINE('',#2363,#2364);
#2363 = CARTESIAN_POINT('',(-177.5,73.522907321224,8.));
#2364 = VECTOR('',#2365,1.);
#2365 = DIRECTION('',(0.,-1.,0.));
#2366 = PCURVE('',#72,#2367);
#2367 = DEFINITIONAL_REPRESENTATION('',(#2368),#2372);
#2368 = LINE('',#2369,#2370);
#2369 = CARTESIAN_POINT('',(-177.5,73.522907321224));
#2370 = VECTOR('',#2371,1.);
#2371 = DIRECTION('',(0.,-1.));
#2372 = ( GEOMETRIC_REPRESENTATION_CONTEXT(2) 
PARAMETRIC_REPRESENTATION_CONTEXT() REPRESENTATION_CONTEXT('2D SPACE',''
  ) );
#2373 = PCURVE('',#334,#2374);
#2374 = DEFINITIONAL_REPRESENTATION('',(#2375),#2379);
#2375 = LINE('',#2376,#2377);
#2376 = CARTESIAN_POINT('',(0.,-8.));
#2377 = VECTOR('',#2378,1.);
#2378 = DIRECTION('',(1.,0.));
#2379 = ( GEOMETRIC_REPRESENTATION_CONTEXT(2) 
PARAMETRIC_REPRESENTATION_CONTEXT() REPRESENTATION_CONTEXT('2D SPACE',''
  ) );
#2380 = ORIENTED_EDGE('',*,*,#2381,.T.);
#2381 = EDGE_CURVE('',#2359,#2382,#2384,.T.);
#2382 = VERTEX_POINT('',#2383);
#2383 = CARTESIAN_POINT('',(-73.52290732122,-177.5,8.));
#2384 = SURFACE_CURVE('',#2385,(#2389,#2396),.PCURVE_S1.);
#2385 = LINE('',#2386,#2387);
#2386 = CARTESIAN_POINT('',(-177.5,-73.52290732122,8.));
#2387 = VECTOR('',#2388,1.);
#2388 = DIRECTION('',(0.707106781187,-0.707106781187,0.));
#2389 = PCURVE('',#72,#2390);
#2390 = DEFINITIONAL_REPRESENTATION('',(#2391),#2395);
#2391 = LINE('',#2392,#2393);
#2392 = CARTESIAN_POINT('',(-177.5,-73.52290732122));
#2393 = VECTOR('',#2394,1.);
#2394 = DIRECTION('',(0.707106781187,-0.707106781187));
#2395 = ( GEOMETRIC_REPRESENTATION_CONTEXT(2) 
PARAMETRIC_REPRESENTATION_CONTEXT() REPRESENTATION_CONTEXT('2D SPACE',''
  ) );
#2396 = PCURVE('',#362,#2397);
#2397 = DEFINITIONAL_REPRESENTATION('',(#2398),#2402);
#2398 = LINE('',#2399,#2400);
#2399 = CARTESIAN_POINT('',(0.,-8.));
#2400 = VECTOR('',#2401,1.);
#2401 = DIRECTION('',(1.,0.));
#2402 = ( GEOMETRIC_REPRESENTATION_CONTEXT(2) 
PARAMETRIC_REPRESENTATION_CONTEXT() REPRESENTATION_CONTEXT('2D SPACE',''
  ) );
#2403 = ORIENTED_EDGE('',*,*,#2404,.T.);
#2404 = EDGE_CURVE('',#2382,#2405,#2407,.T.);
#2405 = VERTEX_POINT('',#2406);
#2406 = CARTESIAN_POINT('',(73.522907321224,-177.5,8.));
#2407 = SURFACE_CURVE('',#2408,(#2412,#2419),.PCURVE_S1.);
#2408 = LINE('',#2409,#2410);
#2409 = CARTESIAN_POINT('',(-73.52290732122,-177.5,8.));
#2410 = VECTOR('',#2411,1.);
#2411 = DIRECTION('',(1.,-1.932847221766E-16,0.));
#2412 = PCURVE('',#72,#2413);
#2413 = DEFINITIONAL_REPRESENTATION('',(#2414),#2418);
#2414 = LINE('',#2415,#2416);
#2415 = CARTESIAN_POINT('',(-73.52290732122,-177.5));
#2416 = VECTOR('',#2417,1.);
#2417 = DIRECTION('',(1.,-1.932847221766E-16));
#2418 = ( GEOMETRIC_REPRESENTATION_CONTEXT(2) 
PARAMETRIC_REPRESENTATION_CONTEXT() REPRESENTATION_CONTEXT('2D SPACE',''
  ) );
#2419 = PCURVE('',#390,#2420);
#2420 = DEFINITIONAL_REPRESENTATION('',(#2421),#2425);
#2421 = LINE('',#2422,#2423);
#2422 = CARTESIAN_POINT('',(0.,-8.));
#2423 = VECTOR('',#2424,1.);
#2424 = DIRECTION('',(1.,0.));
#2425 = ( GEOMETRIC_REPRESENTATION_CONTEXT(2) 
PARAMETRIC_REPRESENTATION_CONTEXT() REPRESENTATION_CONTEXT('2D SPACE',''
  ) );
#2426 = ORIENTED_EDGE('',*,*,#2427,.T.);
#2427 = EDGE_CURVE('',#2405,#144,#2428,.T.);
#2428 = SURFACE_CURVE('',#2429,(#2433,#2440),.PCURVE_S1.);
#2429 = LINE('',#2430,#2431);
#2430 = CARTESIAN_POINT('',(73.522907321224,-177.5,8.));
#2431 = VECTOR('',#2432,1.);
#2432 = DIRECTION('',(0.707106781187,0.707106781187,0.));
#2433 = PCURVE('',#72,#2434);
#2434 = DEFINITIONAL_REPRESENTATION('',(#2435),#2439);
#2435 = LINE('',#2436,#2437);
#2436 = CARTESIAN_POINT('',(73.522907321224,-177.5));
#2437 = VECTOR('',#2438,1.);
#2438 = DIRECTION('',(0.707106781187,0.707106781187));
#2439 = ( GEOMETRIC_REPRESENTATION_CONTEXT(2) 
PARAMETRIC_REPRESENTATION_CONTEXT() REPRESENTATION_CONTEXT('2D SPACE',''
  ) );
#2440 = PCURVE('',#159,#2441);
#2441 = DEFINITIONAL_REPRESENTATION('',(#2442),#2446);
#2442 = LINE('',#2443,#2444);
#2443 = CARTESIAN_POINT('',(0.,-8.));
#2444 = VECTOR('',#2445,1.);
#2445 = DIRECTION('',(1.,0.));
#2446 = ( GEOMETRIC_REPRESENTATION_CONTEXT(2) 
PARAMETRIC_REPRESENTATION_CONTEXT() REPRESENTATION_CONTEXT('2D SPACE',''
  ) );
#2447 = ORIENTED_EDGE('',*,*,#171,.T.);
#2448 = FACE_BOUND('',#2449,.T.);
#2449 = EDGE_LOOP('',(#2450,#2473,#2494,#2515));
#2450 = ORIENTED_EDGE('',*,*,#2451,.T.);
#2451 = EDGE_CURVE('',#2452,#2454,#2456,.T.);
#2452 = VERTEX_POINT('',#2453);
#2453 = CARTESIAN_POINT('',(-109.3894190495,-123.1072906045,8.));
#2454 = VERTEX_POINT('',#2455);
#2455 = CARTESIAN_POINT('',(-107.8337841309,-121.5516556859,8.));
#2456 = SURFACE_CURVE('',#2457,(#2461,#2467),.PCURVE_S1.);
#2457 = LINE('',#2458,#2459);
#2458 = CARTESIAN_POINT('',(-50.48742417672,-64.20529573173,8.));
#2459 = VECTOR('',#2460,1.);
#2460 = DIRECTION('',(0.707106781187,0.707106781187,-0.));
#2461 = PCURVE('',#72,#2462);
#2462 = DEFINITIONAL_REPRESENTATION('',(#2463),#2466);
#2463 = B_SPLINE_CURVE_WITH_KNOTS('',1,(#2464,#2465),.UNSPECIFIED.,.F.,
  .F.,(2,2),(-83.3,-81.1),.PIECEWISE_BEZIER_KNOTS.);
#2464 = CARTESIAN_POINT('',(-109.3894190495,-123.1072906045));
#2465 = CARTESIAN_POINT('',(-107.8337841309,-121.5516556859));
#2466 = ( GEOMETRIC_REPRESENTATION_CONTEXT(2) 
PARAMETRIC_REPRESENTATION_CONTEXT() REPRESENTATION_CONTEXT('2D SPACE',''
  ) );
#2467 = PCURVE('',#443,#2468);
#2468 = DEFINITIONAL_REPRESENTATION('',(#2469),#2472);
#2469 = B_SPLINE_CURVE_WITH_KNOTS('',1,(#2470,#2471),.UNSPECIFIED.,.F.,
  .F.,(2,2),(-83.3,-81.1),.PIECEWISE_BEZIER_KNOTS.);
#2470 = CARTESIAN_POINT('',(8.1,2.2));
#2471 = CARTESIAN_POINT('',(8.1,0.));
#2472 = ( GEOMETRIC_REPRESENTATION_CONTEXT(2) 
PARAMETRIC_REPRESENTATION_CONTEXT() REPRESENTATION_CONTEXT('2D SPACE',''
  ) );
#2473 = ORIENTED_EDGE('',*,*,#2474,.T.);
#2474 = EDGE_CURVE('',#2454,#2475,#2477,.T.);
#2475 = VERTEX_POINT('',#2476);
#2476 = CARTESIAN_POINT('',(-73.46839456528,-155.9170452516,8.));
#2477 = SURFACE_CURVE('',#2478,(#2482,#2488),.PCURVE_S1.);
#2478 = LINE('',#2479,#2480);
#2479 = CARTESIAN_POINT('',(-111.2632520197,-118.1221877972,8.));
#2480 = VECTOR('',#2481,1.);
#2481 = DIRECTION('',(0.707106781187,-0.707106781187,0.));
#2482 = PCURVE('',#72,#2483);
#2483 = DEFINITIONAL_REPRESENTATION('',(#2484),#2487);
#2484 = B_SPLINE_CURVE_WITH_KNOTS('',1,(#2485,#2486),.UNSPECIFIED.,.F.,
  .F.,(2,2),(4.85,53.45),.PIECEWISE_BEZIER_KNOTS.);
#2485 = CARTESIAN_POINT('',(-107.8337841309,-121.5516556859));
#2486 = CARTESIAN_POINT('',(-73.46839456528,-155.9170452516));
#2487 = ( GEOMETRIC_REPRESENTATION_CONTEXT(2) 
PARAMETRIC_REPRESENTATION_CONTEXT() REPRESENTATION_CONTEXT('2D SPACE',''
  ) );
#2488 = PCURVE('',#469,#2489);
#2489 = DEFINITIONAL_REPRESENTATION('',(#2490),#2493);
#2490 = B_SPLINE_CURVE_WITH_KNOTS('',1,(#2491,#2492),.UNSPECIFIED.,.F.,
  .F.,(2,2),(4.85,53.45),.PIECEWISE_BEZIER_KNOTS.);
#2491 = CARTESIAN_POINT('',(8.1,0.));
#2492 = CARTESIAN_POINT('',(8.1,-48.6));
#2493 = ( GEOMETRIC_REPRESENTATION_CONTEXT(2) 
PARAMETRIC_REPRESENTATION_CONTEXT() REPRESENTATION_CONTEXT('2D SPACE',''
  ) );
#2494 = ORIENTED_EDGE('',*,*,#2495,.F.);
#2495 = EDGE_CURVE('',#2496,#2475,#2498,.T.);
#2496 = VERTEX_POINT('',#2497);
#2497 = CARTESIAN_POINT('',(-75.02402948389,-157.4726801702,8.));
#2498 = SURFACE_CURVE('',#2499,(#2503,#2509),.PCURVE_S1.);
#2499 = LINE('',#2500,#2501);
#2500 = CARTESIAN_POINT('',(-16.12203461105,-98.5706852974,8.));
#2501 = VECTOR('',#2502,1.);
#2502 = DIRECTION('',(0.707106781187,0.707106781187,-0.));
#2503 = PCURVE('',#72,#2504);
#2504 = DEFINITIONAL_REPRESENTATION('',(#2505),#2508);
#2505 = B_SPLINE_CURVE_WITH_KNOTS('',1,(#2506,#2507),.UNSPECIFIED.,.F.,
  .F.,(2,2),(-83.3,-81.1),.PIECEWISE_BEZIER_KNOTS.);
#2506 = CARTESIAN_POINT('',(-75.02402948389,-157.4726801702));
#2507 = CARTESIAN_POINT('',(-73.46839456528,-155.9170452516));
#2508 = ( GEOMETRIC_REPRESENTATION_CONTEXT(2) 
PARAMETRIC_REPRESENTATION_CONTEXT() REPRESENTATION_CONTEXT('2D SPACE',''
  ) );
#2509 = PCURVE('',#495,#2510);
#2510 = DEFINITIONAL_REPRESENTATION('',(#2511),#2514);
#2511 = B_SPLINE_CURVE_WITH_KNOTS('',1,(#2512,#2513),.UNSPECIFIED.,.F.,
  .F.,(2,2),(-83.3,-81.1),.PIECEWISE_BEZIER_KNOTS.);
#2512 = CARTESIAN_POINT('',(8.1,2.2));
#2513 = CARTESIAN_POINT('',(8.1,0.));
#2514 = ( GEOMETRIC_REPRESENTATION_CONTEXT(2) 
PARAMETRIC_REPRESENTATION_CONTEXT() REPRESENTATION_CONTEXT('2D SPACE',''
  ) );
#2515 = ORIENTED_EDGE('',*,*,#2516,.F.);
#2516 = EDGE_CURVE('',#2452,#2496,#2517,.T.);
#2517 = SURFACE_CURVE('',#2518,(#2522,#2528),.PCURVE_S1.);
#2518 = LINE('',#2519,#2520);
#2519 = CARTESIAN_POINT('',(-112.8188869383,-119.6778227158,8.));
#2520 = VECTOR('',#2521,1.);
#2521 = DIRECTION('',(0.707106781187,-0.707106781187,0.));
#2522 = PCURVE('',#72,#2523);
#2523 = DEFINITIONAL_REPRESENTATION('',(#2524),#2527);
#2524 = B_SPLINE_CURVE_WITH_KNOTS('',1,(#2525,#2526),.UNSPECIFIED.,.F.,
  .F.,(2,2),(4.85,53.45),.PIECEWISE_BEZIER_KNOTS.);
#2525 = CARTESIAN_POINT('',(-109.3894190495,-123.1072906045));
#2526 = CARTESIAN_POINT('',(-75.02402948389,-157.4726801702));
#2527 = ( GEOMETRIC_REPRESENTATION_CONTEXT(2) 
PARAMETRIC_REPRESENTATION_CONTEXT() REPRESENTATION_CONTEXT('2D SPACE',''
  ) );
#2528 = PCURVE('',#519,#2529);
#2529 = DEFINITIONAL_REPRESENTATION('',(#2530),#2533);
#2530 = B_SPLINE_CURVE_WITH_KNOTS('',1,(#2531,#2532),.UNSPECIFIED.,.F.,
  .F.,(2,2),(4.85,53.45),.PIECEWISE_BEZIER_KNOTS.);
#2531 = CARTESIAN_POINT('',(8.1,0.));
#2532 = CARTESIAN_POINT('',(8.1,-48.6));
#2533 = ( GEOMETRIC_REPRESENTATION_CONTEXT(2) 
PARAMETRIC_REPRESENTATION_CONTEXT() REPRESENTATION_CONTEXT('2D SPACE',''
  ) );
#2534 = FACE_BOUND('',#2535,.T.);
#2535 = EDGE_LOOP('',(#2536,#2559,#2580,#2601));
#2536 = ORIENTED_EDGE('',*,*,#2537,.T.);
#2537 = EDGE_CURVE('',#2538,#2540,#2542,.T.);
#2538 = VERTEX_POINT('',#2539);
#2539 = CARTESIAN_POINT('',(-157.4726801702,-75.02402948389,8.));
#2540 = VERTEX_POINT('',#2541);
#2541 = CARTESIAN_POINT('',(-155.9170452516,-73.46839456528,8.));
#2542 = SURFACE_CURVE('',#2543,(#2547,#2553),.PCURVE_S1.);
#2543 = LINE('',#2544,#2545);
#2544 = CARTESIAN_POINT('',(-98.5706852974,-16.12203461105,8.));
#2545 = VECTOR('',#2546,1.);
#2546 = DIRECTION('',(0.707106781187,0.707106781187,-0.));
#2547 = PCURVE('',#72,#2548);
#2548 = DEFINITIONAL_REPRESENTATION('',(#2549),#2552);
#2549 = B_SPLINE_CURVE_WITH_KNOTS('',1,(#2550,#2551),.UNSPECIFIED.,.F.,
  .F.,(2,2),(-83.3,-81.1),.PIECEWISE_BEZIER_KNOTS.);
#2550 = CARTESIAN_POINT('',(-157.4726801702,-75.02402948389));
#2551 = CARTESIAN_POINT('',(-155.9170452516,-73.46839456528));
#2552 = ( GEOMETRIC_REPRESENTATION_CONTEXT(2) 
PARAMETRIC_REPRESENTATION_CONTEXT() REPRESENTATION_CONTEXT('2D SPACE',''
  ) );
#2553 = PCURVE('',#549,#2554);
#2554 = DEFINITIONAL_REPRESENTATION('',(#2555),#2558);
#2555 = B_SPLINE_CURVE_WITH_KNOTS('',1,(#2556,#2557),.UNSPECIFIED.,.F.,
  .F.,(2,2),(-83.3,-81.1),.PIECEWISE_BEZIER_KNOTS.);
#2556 = CARTESIAN_POINT('',(8.1,2.2));
#2557 = CARTESIAN_POINT('',(8.1,0.));
#2558 = ( GEOMETRIC_REPRESENTATION_CONTEXT(2) 
PARAMETRIC_REPRESENTATION_CONTEXT() REPRESENTATION_CONTEXT('2D SPACE',''
  ) );
#2559 = ORIENTED_EDGE('',*,*,#2560,.T.);
#2560 = EDGE_CURVE('',#2540,#2561,#2563,.T.);
#2561 = VERTEX_POINT('',#2562);
#2562 = CARTESIAN_POINT('',(-121.5516556859,-107.8337841309,8.));
#2563 = SURFACE_CURVE('',#2564,(#2568,#2574),.PCURVE_S1.);
#2564 = LINE('',#2565,#2566);
#2565 = CARTESIAN_POINT('',(-135.30488258,-94.08055723687,8.));
#2566 = VECTOR('',#2567,1.);
#2567 = DIRECTION('',(0.707106781187,-0.707106781187,0.));
#2568 = PCURVE('',#72,#2569);
#2569 = DEFINITIONAL_REPRESENTATION('',(#2570),#2573);
#2570 = B_SPLINE_CURVE_WITH_KNOTS('',1,(#2571,#2572),.UNSPECIFIED.,.F.,
  .F.,(2,2),(-29.15,19.45),.PIECEWISE_BEZIER_KNOTS.);
#2571 = CARTESIAN_POINT('',(-155.9170452516,-73.46839456528));
#2572 = CARTESIAN_POINT('',(-121.5516556859,-107.8337841309));
#2573 = ( GEOMETRIC_REPRESENTATION_CONTEXT(2) 
PARAMETRIC_REPRESENTATION_CONTEXT() REPRESENTATION_CONTEXT('2D SPACE',''
  ) );
#2574 = PCURVE('',#575,#2575);
#2575 = DEFINITIONAL_REPRESENTATION('',(#2576),#2579);
#2576 = B_SPLINE_CURVE_WITH_KNOTS('',1,(#2577,#2578),.UNSPECIFIED.,.F.,
  .F.,(2,2),(-29.15,19.45),.PIECEWISE_BEZIER_KNOTS.);
#2577 = CARTESIAN_POINT('',(8.1,0.));
#2578 = CARTESIAN_POINT('',(8.1,-48.6));
#2579 = ( GEOMETRIC_REPRESENTATION_CONTEXT(2) 
PARAMETRIC_REPRESENTATION_CONTEXT() REPRESENTATION_CONTEXT('2D SPACE',''
  ) );
#2580 = ORIENTED_EDGE('',*,*,#2581,.F.);
#2581 = EDGE_CURVE('',#2582,#2561,#2584,.T.);
#2582 = VERTEX_POINT('',#2583);
#2583 = CARTESIAN_POINT('',(-123.1072906045,-109.3894190495,8.));
#2584 = SURFACE_CURVE('',#2585,(#2589,#2595),.PCURVE_S1.);
#2585 = LINE('',#2586,#2587);
#2586 = CARTESIAN_POINT('',(-64.20529573173,-50.48742417671,8.));
#2587 = VECTOR('',#2588,1.);
#2588 = DIRECTION('',(0.707106781187,0.707106781187,-0.));
#2589 = PCURVE('',#72,#2590);
#2590 = DEFINITIONAL_REPRESENTATION('',(#2591),#2594);
#2591 = B_SPLINE_CURVE_WITH_KNOTS('',1,(#2592,#2593),.UNSPECIFIED.,.F.,
  .F.,(2,2),(-83.3,-81.1),.PIECEWISE_BEZIER_KNOTS.);
#2592 = CARTESIAN_POINT('',(-123.1072906045,-109.3894190495));
#2593 = CARTESIAN_POINT('',(-121.5516556859,-107.8337841309));
#2594 = ( GEOMETRIC_REPRESENTATION_CONTEXT(2) 
PARAMETRIC_REPRESENTATION_CONTEXT() REPRESENTATION_CONTEXT('2D SPACE',''
  ) );
#2595 = PCURVE('',#601,#2596);
#2596 = DEFINITIONAL_REPRESENTATION('',(#2597),#2600);
#2597 = B_SPLINE_CURVE_WITH_KNOTS('',1,(#2598,#2599),.UNSPECIFIED.,.F.,
  .F.,(2,2),(-83.3,-81.1),.PIECEWISE_BEZIER_KNOTS.);
#2598 = CARTESIAN_POINT('',(8.1,2.2));
#2599 = CARTESIAN_POINT('',(8.1,0.));
#2600 = ( GEOMETRIC_REPRESENTATION_CONTEXT(2) 
PARAMETRIC_REPRESENTATION_CONTEXT() REPRESENTATION_CONTEXT('2D SPACE',''
  ) );
#2601 = ORIENTED_EDGE('',*,*,#2602,.F.);
#2602 = EDGE_CURVE('',#2538,#2582,#2603,.T.);
#2603 = SURFACE_CURVE('',#2604,(#2608,#2614),.PCURVE_S1.);
#2604 = LINE('',#2605,#2606);
#2605 = CARTESIAN_POINT('',(-136.8605174986,-95.63619215548,8.));
#2606 = VECTOR('',#2607,1.);
#2607 = DIRECTION('',(0.707106781187,-0.707106781187,0.));
#2608 = PCURVE('',#72,#2609);
#2609 = DEFINITIONAL_REPRESENTATION('',(#2610),#2613);
#2610 = B_SPLINE_CURVE_WITH_KNOTS('',1,(#2611,#2612),.UNSPECIFIED.,.F.,
  .F.,(2,2),(-29.15,19.45),.PIECEWISE_BEZIER_KNOTS.);
#2611 = CARTESIAN_POINT('',(-157.4726801702,-75.02402948389));
#2612 = CARTESIAN_POINT('',(-123.1072906045,-109.3894190495));
#2613 = ( GEOMETRIC_REPRESENTATION_CONTEXT(2) 
PARAMETRIC_REPRESENTATION_CONTEXT() REPRESENTATION_CONTEXT('2D SPACE',''
  ) );
#2614 = PCURVE('',#625,#2615);
#2615 = DEFINITIONAL_REPRESENTATION('',(#2616),#2619);
#2616 = B_SPLINE_CURVE_WITH_KNOTS('',1,(#2617,#2618),.UNSPECIFIED.,.F.,
  .F.,(2,2),(-29.15,19.45),.PIECEWISE_BEZIER_KNOTS.);
#2617 = CARTESIAN_POINT('',(8.1,0.));
#2618 = CARTESIAN_POINT('',(8.1,-48.6));
#2619 = ( GEOMETRIC_REPRESENTATION_CONTEXT(2) 
PARAMETRIC_REPRESENTATION_CONTEXT() REPRESENTATION_CONTEXT('2D SPACE',''
  ) );
#2620 = FACE_BOUND('',#2621,.T.);
#2621 = EDGE_LOOP('',(#2622,#2645,#2666,#2687));
#2622 = ORIENTED_EDGE('',*,*,#2623,.T.);
#2623 = EDGE_CURVE('',#2624,#2626,#2628,.T.);
#2624 = VERTEX_POINT('',#2625);
#2625 = CARTESIAN_POINT('',(-58.3,-164.4,8.));
#2626 = VERTEX_POINT('',#2627);
#2627 = CARTESIAN_POINT('',(-58.3,-162.2,8.));
#2628 = SURFACE_CURVE('',#2629,(#2633,#2639),.PCURVE_S1.);
#2629 = LINE('',#2630,#2631);
#2630 = CARTESIAN_POINT('',(-58.3,-81.1,8.));
#2631 = VECTOR('',#2632,1.);
#2632 = DIRECTION('',(2.22044604925E-16,1.,-0.));
#2633 = PCURVE('',#72,#2634);
#2634 = DEFINITIONAL_REPRESENTATION('',(#2635),#2638);
#2635 = B_SPLINE_CURVE_WITH_KNOTS('',1,(#2636,#2637),.UNSPECIFIED.,.F.,
  .F.,(2,2),(-83.3,-81.1),.PIECEWISE_BEZIER_KNOTS.);
#2636 = CARTESIAN_POINT('',(-58.3,-164.4));
#2637 = CARTESIAN_POINT('',(-58.3,-162.2));
#2638 = ( GEOMETRIC_REPRESENTATION_CONTEXT(2) 
PARAMETRIC_REPRESENTATION_CONTEXT() REPRESENTATION_CONTEXT('2D SPACE',''
  ) );
#2639 = PCURVE('',#655,#2640);
#2640 = DEFINITIONAL_REPRESENTATION('',(#2641),#2644);
#2641 = B_SPLINE_CURVE_WITH_KNOTS('',1,(#2642,#2643),.UNSPECIFIED.,.F.,
  .F.,(2,2),(-83.3,-81.1),.PIECEWISE_BEZIER_KNOTS.);
#2642 = CARTESIAN_POINT('',(8.1,2.2));
#2643 = CARTESIAN_POINT('',(8.1,0.));
#2644 = ( GEOMETRIC_REPRESENTATION_CONTEXT(2) 
PARAMETRIC_REPRESENTATION_CONTEXT() REPRESENTATION_CONTEXT('2D SPACE',''
  ) );
#2645 = ORIENTED_EDGE('',*,*,#2646,.T.);
#2646 = EDGE_CURVE('',#2626,#2647,#2649,.T.);
#2647 = VERTEX_POINT('',#2648);
#2648 = CARTESIAN_POINT('',(-9.7,-162.2,8.));
#2649 = SURFACE_CURVE('',#2650,(#2654,#2660),.PCURVE_S1.);
#2650 = LINE('',#2651,#2652);
#2651 = CARTESIAN_POINT('',(-29.15,-162.2,8.));
#2652 = VECTOR('',#2653,1.);
#2653 = DIRECTION('',(1.,-2.22044604925E-16,0.));
#2654 = PCURVE('',#72,#2655);
#2655 = DEFINITIONAL_REPRESENTATION('',(#2656),#2659);
#2656 = B_SPLINE_CURVE_WITH_KNOTS('',1,(#2657,#2658),.UNSPECIFIED.,.F.,
  .F.,(2,2),(-29.15,19.45),.PIECEWISE_BEZIER_KNOTS.);
#2657 = CARTESIAN_POINT('',(-58.3,-162.2));
#2658 = CARTESIAN_POINT('',(-9.7,-162.2));
#2659 = ( GEOMETRIC_REPRESENTATION_CONTEXT(2) 
PARAMETRIC_REPRESENTATION_CONTEXT() REPRESENTATION_CONTEXT('2D SPACE',''
  ) );
#2660 = PCURVE('',#681,#2661);
#2661 = DEFINITIONAL_REPRESENTATION('',(#2662),#2665);
#2662 = B_SPLINE_CURVE_WITH_KNOTS('',1,(#2663,#2664),.UNSPECIFIED.,.F.,
  .F.,(2,2),(-29.15,19.45),.PIECEWISE_BEZIER_KNOTS.);
#2663 = CARTESIAN_POINT('',(8.1,0.));
#2664 = CARTESIAN_POINT('',(8.1,-48.6));
#2665 = ( GEOMETRIC_REPRESENTATION_CONTEXT(2) 
PARAMETRIC_REPRESENTATION_CONTEXT() REPRESENTATION_CONTEXT('2D SPACE',''
  ) );
#2666 = ORIENTED_EDGE('',*,*,#2667,.F.);
#2667 = EDGE_CURVE('',#2668,#2647,#2670,.T.);
#2668 = VERTEX_POINT('',#2669);
#2669 = CARTESIAN_POINT('',(-9.7,-164.4,8.));
#2670 = SURFACE_CURVE('',#2671,(#2675,#2681),.PCURVE_S1.);
#2671 = LINE('',#2672,#2673);
#2672 = CARTESIAN_POINT('',(-9.7,-81.1,8.));
#2673 = VECTOR('',#2674,1.);
#2674 = DIRECTION('',(2.22044604925E-16,1.,-0.));
#2675 = PCURVE('',#72,#2676);
#2676 = DEFINITIONAL_REPRESENTATION('',(#2677),#2680);
#2677 = B_SPLINE_CURVE_WITH_KNOTS('',1,(#2678,#2679),.UNSPECIFIED.,.F.,
  .F.,(2,2),(-83.3,-81.1),.PIECEWISE_BEZIER_KNOTS.);
#2678 = CARTESIAN_POINT('',(-9.7,-164.4));
#2679 = CARTESIAN_POINT('',(-9.7,-162.2));
#2680 = ( GEOMETRIC_REPRESENTATION_CONTEXT(2) 
PARAMETRIC_REPRESENTATION_CONTEXT() REPRESENTATION_CONTEXT('2D SPACE',''
  ) );
#2681 = PCURVE('',#707,#2682);
#2682 = DEFINITIONAL_REPRESENTATION('',(#2683),#2686);
#2683 = B_SPLINE_CURVE_WITH_KNOTS('',1,(#2684,#2685),.UNSPECIFIED.,.F.,
  .F.,(2,2),(-83.3,-81.1),.PIECEWISE_BEZIER_KNOTS.);
#2684 = CARTESIAN_POINT('',(8.1,2.2));
#2685 = CARTESIAN_POINT('',(8.1,0.));
#2686 = ( GEOMETRIC_REPRESENTATION_CONTEXT(2) 
PARAMETRIC_REPRESENTATION_CONTEXT() REPRESENTATION_CONTEXT('2D SPACE',''
  ) );
#2687 = ORIENTED_EDGE('',*,*,#2688,.F.);
#2688 = EDGE_CURVE('',#2624,#2668,#2689,.T.);
#2689 = SURFACE_CURVE('',#2690,(#2694,#2700),.PCURVE_S1.);
#2690 = LINE('',#2691,#2692);
#2691 = CARTESIAN_POINT('',(-29.15,-164.4,8.));
#2692 = VECTOR('',#2693,1.);
#2693 = DIRECTION('',(1.,-2.22044604925E-16,0.));
#2694 = PCURVE('',#72,#2695);
#2695 = DEFINITIONAL_REPRESENTATION('',(#2696),#2699);
#2696 = B_SPLINE_CURVE_WITH_KNOTS('',1,(#2697,#2698),.UNSPECIFIED.,.F.,
  .F.,(2,2),(-29.15,19.45),.PIECEWISE_BEZIER_KNOTS.);
#2697 = CARTESIAN_POINT('',(-58.3,-164.4));
#2698 = CARTESIAN_POINT('',(-9.7,-164.4));
#2699 = ( GEOMETRIC_REPRESENTATION_CONTEXT(2) 
PARAMETRIC_REPRESENTATION_CONTEXT() REPRESENTATION_CONTEXT('2D SPACE',''
  ) );
#2700 = PCURVE('',#731,#2701);
#2701 = DEFINITIONAL_REPRESENTATION('',(#2702),#2705);
#2702 = B_SPLINE_CURVE_WITH_KNOTS('',1,(#2703,#2704),.UNSPECIFIED.,.F.,
  .F.,(2,2),(-29.15,19.45),.PIECEWISE_BEZIER_KNOTS.);
#2703 = CARTESIAN_POINT('',(8.1,0.));
#2704 = CARTESIAN_POINT('',(8.1,-48.6));
#2705 = ( GEOMETRIC_REPRESENTATION_CONTEXT(2) 
PARAMETRIC_REPRESENTATION_CONTEXT() REPRESENTATION_CONTEXT('2D SPACE',''
  ) );
#2706 = FACE_BOUND('',#2707,.T.);
#2707 = EDGE_LOOP('',(#2708,#2731,#2752,#2773));
#2708 = ORIENTED_EDGE('',*,*,#2709,.T.);
#2709 = EDGE_CURVE('',#2710,#2712,#2714,.T.);
#2710 = VERTEX_POINT('',#2711);
#2711 = CARTESIAN_POINT('',(-164.4,-9.7,8.));
#2712 = VERTEX_POINT('',#2713);
#2713 = CARTESIAN_POINT('',(-162.2,-9.7,8.));
#2714 = SURFACE_CURVE('',#2715,(#2719,#2725),.PCURVE_S1.);
#2715 = LINE('',#2716,#2717);
#2716 = CARTESIAN_POINT('',(-81.1,-9.7,8.));
#2717 = VECTOR('',#2718,1.);
#2718 = DIRECTION('',(1.,-1.224646799147E-16,0.));
#2719 = PCURVE('',#72,#2720);
#2720 = DEFINITIONAL_REPRESENTATION('',(#2721),#2724);
#2721 = B_SPLINE_CURVE_WITH_KNOTS('',1,(#2722,#2723),.UNSPECIFIED.,.F.,
  .F.,(2,2),(-83.3,-81.1),.PIECEWISE_BEZIER_KNOTS.);
#2722 = CARTESIAN_POINT('',(-164.4,-9.7));
#2723 = CARTESIAN_POINT('',(-162.2,-9.7));
#2724 = ( GEOMETRIC_REPRESENTATION_CONTEXT(2) 
PARAMETRIC_REPRESENTATION_CONTEXT() REPRESENTATION_CONTEXT('2D SPACE',''
  ) );
#2725 = PCURVE('',#761,#2726);
#2726 = DEFINITIONAL_REPRESENTATION('',(#2727),#2730);
#2727 = B_SPLINE_CURVE_WITH_KNOTS('',1,(#2728,#2729),.UNSPECIFIED.,.F.,
  .F.,(2,2),(-83.3,-81.1),.PIECEWISE_BEZIER_KNOTS.);
#2728 = CARTESIAN_POINT('',(8.1,2.2));
#2729 = CARTESIAN_POINT('',(8.1,0.));
#2730 = ( GEOMETRIC_REPRESENTATION_CONTEXT(2) 
PARAMETRIC_REPRESENTATION_CONTEXT() REPRESENTATION_CONTEXT('2D SPACE',''
  ) );
#2731 = ORIENTED_EDGE('',*,*,#2732,.T.);
#2732 = EDGE_CURVE('',#2712,#2733,#2735,.T.);
#2733 = VERTEX_POINT('',#2734);
#2734 = CARTESIAN_POINT('',(-162.2,-58.3,8.));
#2735 = SURFACE_CURVE('',#2736,(#2740,#2746),.PCURVE_S1.);
#2736 = LINE('',#2737,#2738);
#2737 = CARTESIAN_POINT('',(-162.2,-4.85,8.));
#2738 = VECTOR('',#2739,1.);
#2739 = DIRECTION('',(-1.224646799147E-16,-1.,0.));
#2740 = PCURVE('',#72,#2741);
#2741 = DEFINITIONAL_REPRESENTATION('',(#2742),#2745);
#2742 = B_SPLINE_CURVE_WITH_KNOTS('',1,(#2743,#2744),.UNSPECIFIED.,.F.,
  .F.,(2,2),(4.85,53.45),.PIECEWISE_BEZIER_KNOTS.);
#2743 = CARTESIAN_POINT('',(-162.2,-9.7));
#2744 = CARTESIAN_POINT('',(-162.2,-58.3));
#2745 = ( GEOMETRIC_REPRESENTATION_CONTEXT(2) 
PARAMETRIC_REPRESENTATION_CONTEXT() REPRESENTATION_CONTEXT('2D SPACE',''
  ) );
#2746 = PCURVE('',#787,#2747);
#2747 = DEFINITIONAL_REPRESENTATION('',(#2748),#2751);
#2748 = B_SPLINE_CURVE_WITH_KNOTS('',1,(#2749,#2750),.UNSPECIFIED.,.F.,
  .F.,(2,2),(4.85,53.45),.PIECEWISE_BEZIER_KNOTS.);
#2749 = CARTESIAN_POINT('',(8.1,0.));
#2750 = CARTESIAN_POINT('',(8.1,-48.6));
#2751 = ( GEOMETRIC_REPRESENTATION_CONTEXT(2) 
PARAMETRIC_REPRESENTATION_CONTEXT() REPRESENTATION_CONTEXT('2D SPACE',''
  ) );
#2752 = ORIENTED_EDGE('',*,*,#2753,.F.);
#2753 = EDGE_CURVE('',#2754,#2733,#2756,.T.);
#2754 = VERTEX_POINT('',#2755);
#2755 = CARTESIAN_POINT('',(-164.4,-58.3,8.));
#2756 = SURFACE_CURVE('',#2757,(#2761,#2767),.PCURVE_S1.);
#2757 = LINE('',#2758,#2759);
#2758 = CARTESIAN_POINT('',(-81.1,-58.3,8.));
#2759 = VECTOR('',#2760,1.);
#2760 = DIRECTION('',(1.,-1.224646799147E-16,0.));
#2761 = PCURVE('',#72,#2762);
#2762 = DEFINITIONAL_REPRESENTATION('',(#2763),#2766);
#2763 = B_SPLINE_CURVE_WITH_KNOTS('',1,(#2764,#2765),.UNSPECIFIED.,.F.,
  .F.,(2,2),(-83.3,-81.1),.PIECEWISE_BEZIER_KNOTS.);
#2764 = CARTESIAN_POINT('',(-164.4,-58.3));
#2765 = CARTESIAN_POINT('',(-162.2,-58.3));
#2766 = ( GEOMETRIC_REPRESENTATION_CONTEXT(2) 
PARAMETRIC_REPRESENTATION_CONTEXT() REPRESENTATION_CONTEXT('2D SPACE',''
  ) );
#2767 = PCURVE('',#813,#2768);
#2768 = DEFINITIONAL_REPRESENTATION('',(#2769),#2772);
#2769 = B_SPLINE_CURVE_WITH_KNOTS('',1,(#2770,#2771),.UNSPECIFIED.,.F.,
  .F.,(2,2),(-83.3,-81.1),.PIECEWISE_BEZIER_KNOTS.);
#2770 = CARTESIAN_POINT('',(8.1,2.2));
#2771 = CARTESIAN_POINT('',(8.1,0.));
#2772 = ( GEOMETRIC_REPRESENTATION_CONTEXT(2) 
PARAMETRIC_REPRESENTATION_CONTEXT() REPRESENTATION_CONTEXT('2D SPACE',''
  ) );
#2773 = ORIENTED_EDGE('',*,*,#2774,.F.);
#2774 = EDGE_CURVE('',#2710,#2754,#2775,.T.);
#2775 = SURFACE_CURVE('',#2776,(#2780,#2786),.PCURVE_S1.);
#2776 = LINE('',#2777,#2778);
#2777 = CARTESIAN_POINT('',(-164.4,-4.85,8.));
#2778 = VECTOR('',#2779,1.);
#2779 = DIRECTION('',(-1.224646799147E-16,-1.,0.));
#2780 = PCURVE('',#72,#2781);
#2781 = DEFINITIONAL_REPRESENTATION('',(#2782),#2785);
#2782 = B_SPLINE_CURVE_WITH_KNOTS('',1,(#2783,#2784),.UNSPECIFIED.,.F.,
  .F.,(2,2),(4.85,53.45),.PIECEWISE_BEZIER_KNOTS.);
#2783 = CARTESIAN_POINT('',(-164.4,-9.7));
#2784 = CARTESIAN_POINT('',(-164.4,-58.3));
#2785 = ( GEOMETRIC_REPRESENTATION_CONTEXT(2) 
PARAMETRIC_REPRESENTATION_CONTEXT() REPRESENTATION_CONTEXT('2D SPACE',''
  ) );
#2786 = PCURVE('',#837,#2787);
#2787 = DEFINITIONAL_REPRESENTATION('',(#2788),#2791);
#2788 = B_SPLINE_CURVE_WITH_KNOTS('',1,(#2789,#2790),.UNSPECIFIED.,.F.,
  .F.,(2,2),(4.85,53.45),.PIECEWISE_BEZIER_KNOTS.);
#2789 = CARTESIAN_POINT('',(8.1,0.));
#2790 = CARTESIAN_POINT('',(8.1,-48.6));
#2791 = ( GEOMETRIC_REPRESENTATION_CONTEXT(2) 
PARAMETRIC_REPRESENTATION_CONTEXT() REPRESENTATION_CONTEXT('2D SPACE',''
  ) );
#2792 = FACE_BOUND('',#2793,.T.);
#2793 = EDGE_LOOP('',(#2794,#2817,#2838,#2859));
#2794 = ORIENTED_EDGE('',*,*,#2795,.T.);
#2795 = EDGE_CURVE('',#2796,#2798,#2800,.T.);
#2796 = VERTEX_POINT('',#2797);
#2797 = CARTESIAN_POINT('',(9.7,-164.4,8.));
#2798 = VERTEX_POINT('',#2799);
#2799 = CARTESIAN_POINT('',(9.7,-162.2,8.));
#2800 = SURFACE_CURVE('',#2801,(#2805,#2811),.PCURVE_S1.);
#2801 = LINE('',#2802,#2803);
#2802 = CARTESIAN_POINT('',(9.7,-81.1,8.));
#2803 = VECTOR('',#2804,1.);
#2804 = DIRECTION('',(2.22044604925E-16,1.,-0.));
#2805 = PCURVE('',#72,#2806);
#2806 = DEFINITIONAL_REPRESENTATION('',(#2807),#2810);
#2807 = B_SPLINE_CURVE_WITH_KNOTS('',1,(#2808,#2809),.UNSPECIFIED.,.F.,
  .F.,(2,2),(-83.3,-81.1),.PIECEWISE_BEZIER_KNOTS.);
#2808 = CARTESIAN_POINT('',(9.7,-164.4));
#2809 = CARTESIAN_POINT('',(9.7,-162.2));
#2810 = ( GEOMETRIC_REPRESENTATION_CONTEXT(2) 
PARAMETRIC_REPRESENTATION_CONTEXT() REPRESENTATION_CONTEXT('2D SPACE',''
  ) );
#2811 = PCURVE('',#867,#2812);
#2812 = DEFINITIONAL_REPRESENTATION('',(#2813),#2816);
#2813 = B_SPLINE_CURVE_WITH_KNOTS('',1,(#2814,#2815),.UNSPECIFIED.,.F.,
  .F.,(2,2),(-83.3,-81.1),.PIECEWISE_BEZIER_KNOTS.);
#2814 = CARTESIAN_POINT('',(8.1,2.2));
#2815 = CARTESIAN_POINT('',(8.1,0.));
#2816 = ( GEOMETRIC_REPRESENTATION_CONTEXT(2) 
PARAMETRIC_REPRESENTATION_CONTEXT() REPRESENTATION_CONTEXT('2D SPACE',''
  ) );
#2817 = ORIENTED_EDGE('',*,*,#2818,.T.);
#2818 = EDGE_CURVE('',#2798,#2819,#2821,.T.);
#2819 = VERTEX_POINT('',#2820);
#2820 = CARTESIAN_POINT('',(58.3,-162.2,8.));
#2821 = SURFACE_CURVE('',#2822,(#2826,#2832),.PCURVE_S1.);
#2822 = LINE('',#2823,#2824);
#2823 = CARTESIAN_POINT('',(4.85,-162.2,8.));
#2824 = VECTOR('',#2825,1.);
#2825 = DIRECTION('',(1.,-2.22044604925E-16,0.));
#2826 = PCURVE('',#72,#2827);
#2827 = DEFINITIONAL_REPRESENTATION('',(#2828),#2831);
#2828 = B_SPLINE_CURVE_WITH_KNOTS('',1,(#2829,#2830),.UNSPECIFIED.,.F.,
  .F.,(2,2),(4.85,53.45),.PIECEWISE_BEZIER_KNOTS.);
#2829 = CARTESIAN_POINT('',(9.7,-162.2));
#2830 = CARTESIAN_POINT('',(58.3,-162.2));
#2831 = ( GEOMETRIC_REPRESENTATION_CONTEXT(2) 
PARAMETRIC_REPRESENTATION_CONTEXT() REPRESENTATION_CONTEXT('2D SPACE',''
  ) );
#2832 = PCURVE('',#893,#2833);
#2833 = DEFINITIONAL_REPRESENTATION('',(#2834),#2837);
#2834 = B_SPLINE_CURVE_WITH_KNOTS('',1,(#2835,#2836),.UNSPECIFIED.,.F.,
  .F.,(2,2),(4.85,53.45),.PIECEWISE_BEZIER_KNOTS.);
#2835 = CARTESIAN_POINT('',(8.1,0.));
#2836 = CARTESIAN_POINT('',(8.1,-48.6));
#2837 = ( GEOMETRIC_REPRESENTATION_CONTEXT(2) 
PARAMETRIC_REPRESENTATION_CONTEXT() REPRESENTATION_CONTEXT('2D SPACE',''
  ) );
#2838 = ORIENTED_EDGE('',*,*,#2839,.F.);
#2839 = EDGE_CURVE('',#2840,#2819,#2842,.T.);
#2840 = VERTEX_POINT('',#2841);
#2841 = CARTESIAN_POINT('',(58.3,-164.4,8.));
#2842 = SURFACE_CURVE('',#2843,(#2847,#2853),.PCURVE_S1.);
#2843 = LINE('',#2844,#2845);
#2844 = CARTESIAN_POINT('',(58.3,-81.1,8.));
#2845 = VECTOR('',#2846,1.);
#2846 = DIRECTION('',(2.22044604925E-16,1.,-0.));
#2847 = PCURVE('',#72,#2848);
#2848 = DEFINITIONAL_REPRESENTATION('',(#2849),#2852);
#2849 = B_SPLINE_CURVE_WITH_KNOTS('',1,(#2850,#2851),.UNSPECIFIED.,.F.,
  .F.,(2,2),(-83.3,-81.1),.PIECEWISE_BEZIER_KNOTS.);
#2850 = CARTESIAN_POINT('',(58.3,-164.4));
#2851 = CARTESIAN_POINT('',(58.3,-162.2));
#2852 = ( GEOMETRIC_REPRESENTATION_CONTEXT(2) 
PARAMETRIC_REPRESENTATION_CONTEXT() REPRESENTATION_CONTEXT('2D SPACE',''
  ) );
#2853 = PCURVE('',#919,#2854);
#2854 = DEFINITIONAL_REPRESENTATION('',(#2855),#2858);
#2855 = B_SPLINE_CURVE_WITH_KNOTS('',1,(#2856,#2857),.UNSPECIFIED.,.F.,
  .F.,(2,2),(-83.3,-81.1),.PIECEWISE_BEZIER_KNOTS.);
#2856 = CARTESIAN_POINT('',(8.1,2.2));
#2857 = CARTESIAN_POINT('',(8.1,0.));
#2858 = ( GEOMETRIC_REPRESENTATION_CONTEXT(2) 
PARAMETRIC_REPRESENTATION_CONTEXT() REPRESENTATION_CONTEXT('2D SPACE',''
  ) );
#2859 = ORIENTED_EDGE('',*,*,#2860,.F.);
#2860 = EDGE_CURVE('',#2796,#2840,#2861,.T.);
#2861 = SURFACE_CURVE('',#2862,(#2866,#2872),.PCURVE_S1.);
#2862 = LINE('',#2863,#2864);
#2863 = CARTESIAN_POINT('',(4.85,-164.4,8.));
#2864 = VECTOR('',#2865,1.);
#2865 = DIRECTION('',(1.,-2.22044604925E-16,0.));
#2866 = PCURVE('',#72,#2867);
#2867 = DEFINITIONAL_REPRESENTATION('',(#2868),#2871);
#2868 = B_SPLINE_CURVE_WITH_KNOTS('',1,(#2869,#2870),.UNSPECIFIED.,.F.,
  .F.,(2,2),(4.85,53.45),.PIECEWISE_BEZIER_KNOTS.);
#2869 = CARTESIAN_POINT('',(9.7,-164.4));
#2870 = CARTESIAN_POINT('',(58.3,-164.4));
#2871 = ( GEOMETRIC_REPRESENTATION_CONTEXT(2) 
PARAMETRIC_REPRESENTATION_CONTEXT() REPRESENTATION_CONTEXT('2D SPACE',''
  ) );
#2872 = PCURVE('',#943,#2873);
#2873 = DEFINITIONAL_REPRESENTATION('',(#2874),#2877);
#2874 = B_SPLINE_CURVE_WITH_KNOTS('',1,(#2875,#2876),.UNSPECIFIED.,.F.,
  .F.,(2,2),(4.85,53.45),.PIECEWISE_BEZIER_KNOTS.);
#2875 = CARTESIAN_POINT('',(8.1,0.));
#2876 = CARTESIAN_POINT('',(8.1,-48.6));
#2877 = ( GEOMETRIC_REPRESENTATION_CONTEXT(2) 
PARAMETRIC_REPRESENTATION_CONTEXT() REPRESENTATION_CONTEXT('2D SPACE',''
  ) );
#2878 = FACE_BOUND('',#2879,.T.);
#2879 = EDGE_LOOP('',(#2880,#2903,#2924,#2945));
#2880 = ORIENTED_EDGE('',*,*,#2881,.T.);
#2881 = EDGE_CURVE('',#2882,#2884,#2886,.T.);
#2882 = VERTEX_POINT('',#2883);
#2883 = CARTESIAN_POINT('',(75.024029483893,-157.4726801702,8.));
#2884 = VERTEX_POINT('',#2885);
#2885 = CARTESIAN_POINT('',(73.468394565282,-155.9170452516,8.));
#2886 = SURFACE_CURVE('',#2887,(#2891,#2897),.PCURVE_S1.);
#2887 = LINE('',#2888,#2889);
#2888 = CARTESIAN_POINT('',(16.122034611053,-98.5706852974,8.));
#2889 = VECTOR('',#2890,1.);
#2890 = DIRECTION('',(-0.707106781187,0.707106781187,0.));
#2891 = PCURVE('',#72,#2892);
#2892 = DEFINITIONAL_REPRESENTATION('',(#2893),#2896);
#2893 = B_SPLINE_CURVE_WITH_KNOTS('',1,(#2894,#2895),.UNSPECIFIED.,.F.,
  .F.,(2,2),(-83.3,-81.1),.PIECEWISE_BEZIER_KNOTS.);
#2894 = CARTESIAN_POINT('',(75.024029483893,-157.4726801702));
#2895 = CARTESIAN_POINT('',(73.468394565282,-155.9170452516));
#2896 = ( GEOMETRIC_REPRESENTATION_CONTEXT(2) 
PARAMETRIC_REPRESENTATION_CONTEXT() REPRESENTATION_CONTEXT('2D SPACE',''
  ) );
#2897 = PCURVE('',#973,#2898);
#2898 = DEFINITIONAL_REPRESENTATION('',(#2899),#2902);
#2899 = B_SPLINE_CURVE_WITH_KNOTS('',1,(#2900,#2901),.UNSPECIFIED.,.F.,
  .F.,(2,2),(-83.3,-81.1),.PIECEWISE_BEZIER_KNOTS.);
#2900 = CARTESIAN_POINT('',(8.1,2.2));
#2901 = CARTESIAN_POINT('',(8.1,0.));
#2902 = ( GEOMETRIC_REPRESENTATION_CONTEXT(2) 
PARAMETRIC_REPRESENTATION_CONTEXT() REPRESENTATION_CONTEXT('2D SPACE',''
  ) );
#2903 = ORIENTED_EDGE('',*,*,#2904,.T.);
#2904 = EDGE_CURVE('',#2884,#2905,#2907,.T.);
#2905 = VERTEX_POINT('',#2906);
#2906 = CARTESIAN_POINT('',(107.83378413094,-121.5516556859,8.));
#2907 = SURFACE_CURVE('',#2908,(#2912,#2918),.PCURVE_S1.);
#2908 = LINE('',#2909,#2910);
#2909 = CARTESIAN_POINT('',(94.08055723687,-135.30488258,8.));
#2910 = VECTOR('',#2911,1.);
#2911 = DIRECTION('',(0.707106781187,0.707106781187,-0.));
#2912 = PCURVE('',#72,#2913);
#2913 = DEFINITIONAL_REPRESENTATION('',(#2914),#2917);
#2914 = B_SPLINE_CURVE_WITH_KNOTS('',1,(#2915,#2916),.UNSPECIFIED.,.F.,
  .F.,(2,2),(-29.15,19.45),.PIECEWISE_BEZIER_KNOTS.);
#2915 = CARTESIAN_POINT('',(73.468394565282,-155.9170452516));
#2916 = CARTESIAN_POINT('',(107.83378413094,-121.5516556859));
#2917 = ( GEOMETRIC_REPRESENTATION_CONTEXT(2) 
PARAMETRIC_REPRESENTATION_CONTEXT() REPRESENTATION_CONTEXT('2D SPACE',''
  ) );
#2918 = PCURVE('',#999,#2919);
#2919 = DEFINITIONAL_REPRESENTATION('',(#2920),#2923);
#2920 = B_SPLINE_CURVE_WITH_KNOTS('',1,(#2921,#2922),.UNSPECIFIED.,.F.,
  .F.,(2,2),(-29.15,19.45),.PIECEWISE_BEZIER_KNOTS.);
#2921 = CARTESIAN_POINT('',(8.1,0.));
#2922 = CARTESIAN_POINT('',(8.1,-48.6));
#2923 = ( GEOMETRIC_REPRESENTATION_CONTEXT(2) 
PARAMETRIC_REPRESENTATION_CONTEXT() REPRESENTATION_CONTEXT('2D SPACE',''
  ) );
#2924 = ORIENTED_EDGE('',*,*,#2925,.F.);
#2925 = EDGE_CURVE('',#2926,#2905,#2928,.T.);
#2926 = VERTEX_POINT('',#2927);
#2927 = CARTESIAN_POINT('',(109.38941904955,-123.1072906045,8.));
#2928 = SURFACE_CURVE('',#2929,(#2933,#2939),.PCURVE_S1.);
#2929 = LINE('',#2930,#2931);
#2930 = CARTESIAN_POINT('',(50.487424176719,-64.20529573173,8.));
#2931 = VECTOR('',#2932,1.);
#2932 = DIRECTION('',(-0.707106781187,0.707106781187,0.));
#2933 = PCURVE('',#72,#2934);
#2934 = DEFINITIONAL_REPRESENTATION('',(#2935),#2938);
#2935 = B_SPLINE_CURVE_WITH_KNOTS('',1,(#2936,#2937),.UNSPECIFIED.,.F.,
  .F.,(2,2),(-83.3,-81.1),.PIECEWISE_BEZIER_KNOTS.);
#2936 = CARTESIAN_POINT('',(109.38941904955,-123.1072906045));
#2937 = CARTESIAN_POINT('',(107.83378413094,-121.5516556859));
#2938 = ( GEOMETRIC_REPRESENTATION_CONTEXT(2) 
PARAMETRIC_REPRESENTATION_CONTEXT() REPRESENTATION_CONTEXT('2D SPACE',''
  ) );
#2939 = PCURVE('',#1025,#2940);
#2940 = DEFINITIONAL_REPRESENTATION('',(#2941),#2944);
#2941 = B_SPLINE_CURVE_WITH_KNOTS('',1,(#2942,#2943),.UNSPECIFIED.,.F.,
  .F.,(2,2),(-83.3,-81.1),.PIECEWISE_BEZIER_KNOTS.);
#2942 = CARTESIAN_POINT('',(8.1,2.2));
#2943 = CARTESIAN_POINT('',(8.1,0.));
#2944 = ( GEOMETRIC_REPRESENTATION_CONTEXT(2) 
PARAMETRIC_REPRESENTATION_CONTEXT() REPRESENTATION_CONTEXT('2D SPACE',''
  ) );
#2945 = ORIENTED_EDGE('',*,*,#2946,.F.);
#2946 = EDGE_CURVE('',#2882,#2926,#2947,.T.);
#2947 = SURFACE_CURVE('',#2948,(#2952,#2958),.PCURVE_S1.);
#2948 = LINE('',#2949,#2950);
#2949 = CARTESIAN_POINT('',(95.636192155481,-136.8605174986,8.));
#2950 = VECTOR('',#2951,1.);
#2951 = DIRECTION('',(0.707106781187,0.707106781187,-0.));
#2952 = PCURVE('',#72,#2953);
#2953 = DEFINITIONAL_REPRESENTATION('',(#2954),#2957);
#2954 = B_SPLINE_CURVE_WITH_KNOTS('',1,(#2955,#2956),.UNSPECIFIED.,.F.,
  .F.,(2,2),(-29.15,19.45),.PIECEWISE_BEZIER_KNOTS.);
#2955 = CARTESIAN_POINT('',(75.024029483893,-157.4726801702));
#2956 = CARTESIAN_POINT('',(109.38941904955,-123.1072906045));
#2957 = ( GEOMETRIC_REPRESENTATION_CONTEXT(2) 
PARAMETRIC_REPRESENTATION_CONTEXT() REPRESENTATION_CONTEXT('2D SPACE',''
  ) );
#2958 = PCURVE('',#1049,#2959);
#2959 = DEFINITIONAL_REPRESENTATION('',(#2960),#2963);
#2960 = B_SPLINE_CURVE_WITH_KNOTS('',1,(#2961,#2962),.UNSPECIFIED.,.F.,
  .F.,(2,2),(-29.15,19.45),.PIECEWISE_BEZIER_KNOTS.);
#2961 = CARTESIAN_POINT('',(8.1,0.));
#2962 = CARTESIAN_POINT('',(8.1,-48.6));
#2963 = ( GEOMETRIC_REPRESENTATION_CONTEXT(2) 
PARAMETRIC_REPRESENTATION_CONTEXT() REPRESENTATION_CONTEXT('2D SPACE',''
  ) );
#2964 = FACE_BOUND('',#2965,.T.);
#2965 = EDGE_LOOP('',(#2966,#2989,#3010,#3031));
#2966 = ORIENTED_EDGE('',*,*,#2967,.T.);
#2967 = EDGE_CURVE('',#2968,#2970,#2972,.T.);
#2968 = VERTEX_POINT('',#2969);
#2969 = CARTESIAN_POINT('',(123.10729060457,-109.3894190495,8.));
#2970 = VERTEX_POINT('',#2971);
#2971 = CARTESIAN_POINT('',(121.55165568596,-107.8337841309,8.));
#2972 = SURFACE_CURVE('',#2973,(#2977,#2983),.PCURVE_S1.);
#2973 = LINE('',#2974,#2975);
#2974 = CARTESIAN_POINT('',(64.205295731739,-50.48742417672,8.));
#2975 = VECTOR('',#2976,1.);
#2976 = DIRECTION('',(-0.707106781187,0.707106781187,0.));
#2977 = PCURVE('',#72,#2978);
#2978 = DEFINITIONAL_REPRESENTATION('',(#2979),#2982);
#2979 = B_SPLINE_CURVE_WITH_KNOTS('',1,(#2980,#2981),.UNSPECIFIED.,.F.,
  .F.,(2,2),(-83.3,-81.1),.PIECEWISE_BEZIER_KNOTS.);
#2980 = CARTESIAN_POINT('',(123.10729060457,-109.3894190495));
#2981 = CARTESIAN_POINT('',(121.55165568596,-107.8337841309));
#2982 = ( GEOMETRIC_REPRESENTATION_CONTEXT(2) 
PARAMETRIC_REPRESENTATION_CONTEXT() REPRESENTATION_CONTEXT('2D SPACE',''
  ) );
#2983 = PCURVE('',#1079,#2984);
#2984 = DEFINITIONAL_REPRESENTATION('',(#2985),#2988);
#2985 = B_SPLINE_CURVE_WITH_KNOTS('',1,(#2986,#2987),.UNSPECIFIED.,.F.,
  .F.,(2,2),(-83.3,-81.1),.PIECEWISE_BEZIER_KNOTS.);
#2986 = CARTESIAN_POINT('',(8.1,2.2));
#2987 = CARTESIAN_POINT('',(8.1,0.));
#2988 = ( GEOMETRIC_REPRESENTATION_CONTEXT(2) 
PARAMETRIC_REPRESENTATION_CONTEXT() REPRESENTATION_CONTEXT('2D SPACE',''
  ) );
#2989 = ORIENTED_EDGE('',*,*,#2990,.T.);
#2990 = EDGE_CURVE('',#2970,#2991,#2993,.T.);
#2991 = VERTEX_POINT('',#2992);
#2992 = CARTESIAN_POINT('',(155.91704525163,-73.46839456528,8.));
#2993 = SURFACE_CURVE('',#2994,(#2998,#3004),.PCURVE_S1.);
#2994 = LINE('',#2995,#2996);
#2995 = CARTESIAN_POINT('',(118.12218779721,-111.2632520197,8.));
#2996 = VECTOR('',#2997,1.);
#2997 = DIRECTION('',(0.707106781187,0.707106781187,-0.));
#2998 = PCURVE('',#72,#2999);
#2999 = DEFINITIONAL_REPRESENTATION('',(#3000),#3003);
#3000 = B_SPLINE_CURVE_WITH_KNOTS('',1,(#3001,#3002),.UNSPECIFIED.,.F.,
  .F.,(2,2),(4.85,53.45),.PIECEWISE_BEZIER_KNOTS.);
#3001 = CARTESIAN_POINT('',(121.55165568596,-107.8337841309));
#3002 = CARTESIAN_POINT('',(155.91704525163,-73.46839456528));
#3003 = ( GEOMETRIC_REPRESENTATION_CONTEXT(2) 
PARAMETRIC_REPRESENTATION_CONTEXT() REPRESENTATION_CONTEXT('2D SPACE',''
  ) );
#3004 = PCURVE('',#1105,#3005);
#3005 = DEFINITIONAL_REPRESENTATION('',(#3006),#3009);
#3006 = B_SPLINE_CURVE_WITH_KNOTS('',1,(#3007,#3008),.UNSPECIFIED.,.F.,
  .F.,(2,2),(4.85,53.45),.PIECEWISE_BEZIER_KNOTS.);
#3007 = CARTESIAN_POINT('',(8.1,0.));
#3008 = CARTESIAN_POINT('',(8.1,-48.6));
#3009 = ( GEOMETRIC_REPRESENTATION_CONTEXT(2) 
PARAMETRIC_REPRESENTATION_CONTEXT() REPRESENTATION_CONTEXT('2D SPACE',''
  ) );
#3010 = ORIENTED_EDGE('',*,*,#3011,.F.);
#3011 = EDGE_CURVE('',#3012,#2991,#3014,.T.);
#3012 = VERTEX_POINT('',#3013);
#3013 = CARTESIAN_POINT('',(157.47268017024,-75.02402948389,8.));
#3014 = SURFACE_CURVE('',#3015,(#3019,#3025),.PCURVE_S1.);
#3015 = LINE('',#3016,#3017);
#3016 = CARTESIAN_POINT('',(98.570685297405,-16.12203461105,8.));
#3017 = VECTOR('',#3018,1.);
#3018 = DIRECTION('',(-0.707106781187,0.707106781187,0.));
#3019 = PCURVE('',#72,#3020);
#3020 = DEFINITIONAL_REPRESENTATION('',(#3021),#3024);
#3021 = B_SPLINE_CURVE_WITH_KNOTS('',1,(#3022,#3023),.UNSPECIFIED.,.F.,
  .F.,(2,2),(-83.3,-81.1),.PIECEWISE_BEZIER_KNOTS.);
#3022 = CARTESIAN_POINT('',(157.47268017024,-75.02402948389));
#3023 = CARTESIAN_POINT('',(155.91704525163,-73.46839456528));
#3024 = ( GEOMETRIC_REPRESENTATION_CONTEXT(2) 
PARAMETRIC_REPRESENTATION_CONTEXT() REPRESENTATION_CONTEXT('2D SPACE',''
  ) );
#3025 = PCURVE('',#1131,#3026);
#3026 = DEFINITIONAL_REPRESENTATION('',(#3027),#3030);
#3027 = B_SPLINE_CURVE_WITH_KNOTS('',1,(#3028,#3029),.UNSPECIFIED.,.F.,
  .F.,(2,2),(-83.3,-81.1),.PIECEWISE_BEZIER_KNOTS.);
#3028 = CARTESIAN_POINT('',(8.1,2.2));
#3029 = CARTESIAN_POINT('',(8.1,0.));
#3030 = ( GEOMETRIC_REPRESENTATION_CONTEXT(2) 
PARAMETRIC_REPRESENTATION_CONTEXT() REPRESENTATION_CONTEXT('2D SPACE',''
  ) );
#3031 = ORIENTED_EDGE('',*,*,#3032,.F.);
#3032 = EDGE_CURVE('',#2968,#3012,#3033,.T.);
#3033 = SURFACE_CURVE('',#3034,(#3038,#3044),.PCURVE_S1.);
#3034 = LINE('',#3035,#3036);
#3035 = CARTESIAN_POINT('',(119.67782271582,-112.8188869383,8.));
#3036 = VECTOR('',#3037,1.);
#3037 = DIRECTION('',(0.707106781187,0.707106781187,-0.));
#3038 = PCURVE('',#72,#3039);
#3039 = DEFINITIONAL_REPRESENTATION('',(#3040),#3043);
#3040 = B_SPLINE_CURVE_WITH_KNOTS('',1,(#3041,#3042),.UNSPECIFIED.,.F.,
  .F.,(2,2),(4.85,53.45),.PIECEWISE_BEZIER_KNOTS.);
#3041 = CARTESIAN_POINT('',(123.10729060457,-109.3894190495));
#3042 = CARTESIAN_POINT('',(157.47268017024,-75.02402948389));
#3043 = ( GEOMETRIC_REPRESENTATION_CONTEXT(2) 
PARAMETRIC_REPRESENTATION_CONTEXT() REPRESENTATION_CONTEXT('2D SPACE',''
  ) );
#3044 = PCURVE('',#1155,#3045);
#3045 = DEFINITIONAL_REPRESENTATION('',(#3046),#3049);
#3046 = B_SPLINE_CURVE_WITH_KNOTS('',1,(#3047,#3048),.UNSPECIFIED.,.F.,
  .F.,(2,2),(4.85,53.45),.PIECEWISE_BEZIER_KNOTS.);
#3047 = CARTESIAN_POINT('',(8.1,0.));
#3048 = CARTESIAN_POINT('',(8.1,-48.6));
#3049 = ( GEOMETRIC_REPRESENTATION_CONTEXT(2) 
PARAMETRIC_REPRESENTATION_CONTEXT() REPRESENTATION_CONTEXT('2D SPACE',''
  ) );
#3050 = FACE_BOUND('',#3051,.T.);
#3051 = EDGE_LOOP('',(#3052,#3075,#3096,#3117));
#3052 = ORIENTED_EDGE('',*,*,#3053,.T.);
#3053 = EDGE_CURVE('',#3054,#3056,#3058,.T.);
#3054 = VERTEX_POINT('',#3055);
#3055 = CARTESIAN_POINT('',(164.4,-58.3,8.));
#3056 = VERTEX_POINT('',#3057);
#3057 = CARTESIAN_POINT('',(162.2,-58.3,8.));
#3058 = SURFACE_CURVE('',#3059,(#3063,#3069),.PCURVE_S1.);
#3059 = LINE('',#3060,#3061);
#3060 = CARTESIAN_POINT('',(81.1,-58.3,8.));
#3061 = VECTOR('',#3062,1.);
#3062 = DIRECTION('',(-1.,0.,0.));
#3063 = PCURVE('',#72,#3064);
#3064 = DEFINITIONAL_REPRESENTATION('',(#3065),#3068);
#3065 = B_SPLINE_CURVE_WITH_KNOTS('',1,(#3066,#3067),.UNSPECIFIED.,.F.,
  .F.,(2,2),(-83.3,-81.1),.PIECEWISE_BEZIER_KNOTS.);
#3066 = CARTESIAN_POINT('',(164.4,-58.3));
#3067 = CARTESIAN_POINT('',(162.2,-58.3));
#3068 = ( GEOMETRIC_REPRESENTATION_CONTEXT(2) 
PARAMETRIC_REPRESENTATION_CONTEXT() REPRESENTATION_CONTEXT('2D SPACE',''
  ) );
#3069 = PCURVE('',#1185,#3070);
#3070 = DEFINITIONAL_REPRESENTATION('',(#3071),#3074);
#3071 = B_SPLINE_CURVE_WITH_KNOTS('',1,(#3072,#3073),.UNSPECIFIED.,.F.,
  .F.,(2,2),(-83.3,-81.1),.PIECEWISE_BEZIER_KNOTS.);
#3072 = CARTESIAN_POINT('',(8.1,2.2));
#3073 = CARTESIAN_POINT('',(8.1,0.));
#3074 = ( GEOMETRIC_REPRESENTATION_CONTEXT(2) 
PARAMETRIC_REPRESENTATION_CONTEXT() REPRESENTATION_CONTEXT('2D SPACE',''
  ) );
#3075 = ORIENTED_EDGE('',*,*,#3076,.T.);
#3076 = EDGE_CURVE('',#3056,#3077,#3079,.T.);
#3077 = VERTEX_POINT('',#3078);
#3078 = CARTESIAN_POINT('',(162.2,-9.7,8.));
#3079 = SURFACE_CURVE('',#3080,(#3084,#3090),.PCURVE_S1.);
#3080 = LINE('',#3081,#3082);
#3081 = CARTESIAN_POINT('',(162.2,-29.15,8.));
#3082 = VECTOR('',#3083,1.);
#3083 = DIRECTION('',(0.,1.,0.));
#3084 = PCURVE('',#72,#3085);
#3085 = DEFINITIONAL_REPRESENTATION('',(#3086),#3089);
#3086 = B_SPLINE_CURVE_WITH_KNOTS('',1,(#3087,#3088),.UNSPECIFIED.,.F.,
  .F.,(2,2),(-29.15,19.45),.PIECEWISE_BEZIER_KNOTS.);
#3087 = CARTESIAN_POINT('',(162.2,-58.3));
#3088 = CARTESIAN_POINT('',(162.2,-9.7));
#3089 = ( GEOMETRIC_REPRESENTATION_CONTEXT(2) 
PARAMETRIC_REPRESENTATION_CONTEXT() REPRESENTATION_CONTEXT('2D SPACE',''
  ) );
#3090 = PCURVE('',#1211,#3091);
#3091 = DEFINITIONAL_REPRESENTATION('',(#3092),#3095);
#3092 = B_SPLINE_CURVE_WITH_KNOTS('',1,(#3093,#3094),.UNSPECIFIED.,.F.,
  .F.,(2,2),(-29.15,19.45),.PIECEWISE_BEZIER_KNOTS.);
#3093 = CARTESIAN_POINT('',(8.1,0.));
#3094 = CARTESIAN_POINT('',(8.1,-48.6));
#3095 = ( GEOMETRIC_REPRESENTATION_CONTEXT(2) 
PARAMETRIC_REPRESENTATION_CONTEXT() REPRESENTATION_CONTEXT('2D SPACE',''
  ) );
#3096 = ORIENTED_EDGE('',*,*,#3097,.F.);
#3097 = EDGE_CURVE('',#3098,#3077,#3100,.T.);
#3098 = VERTEX_POINT('',#3099);
#3099 = CARTESIAN_POINT('',(164.4,-9.7,8.));
#3100 = SURFACE_CURVE('',#3101,(#3105,#3111),.PCURVE_S1.);
#3101 = LINE('',#3102,#3103);
#3102 = CARTESIAN_POINT('',(81.1,-9.7,8.));
#3103 = VECTOR('',#3104,1.);
#3104 = DIRECTION('',(-1.,0.,0.));
#3105 = PCURVE('',#72,#3106);
#3106 = DEFINITIONAL_REPRESENTATION('',(#3107),#3110);
#3107 = B_SPLINE_CURVE_WITH_KNOTS('',1,(#3108,#3109),.UNSPECIFIED.,.F.,
  .F.,(2,2),(-83.3,-81.1),.PIECEWISE_BEZIER_KNOTS.);
#3108 = CARTESIAN_POINT('',(164.4,-9.7));
#3109 = CARTESIAN_POINT('',(162.2,-9.7));
#3110 = ( GEOMETRIC_REPRESENTATION_CONTEXT(2) 
PARAMETRIC_REPRESENTATION_CONTEXT() REPRESENTATION_CONTEXT('2D SPACE',''
  ) );
#3111 = PCURVE('',#1237,#3112);
#3112 = DEFINITIONAL_REPRESENTATION('',(#3113),#3116);
#3113 = B_SPLINE_CURVE_WITH_KNOTS('',1,(#3114,#3115),.UNSPECIFIED.,.F.,
  .F.,(2,2),(-83.3,-81.1),.PIECEWISE_BEZIER_KNOTS.);
#3114 = CARTESIAN_POINT('',(8.1,2.2));
#3115 = CARTESIAN_POINT('',(8.1,0.));
#3116 = ( GEOMETRIC_REPRESENTATION_CONTEXT(2) 
PARAMETRIC_REPRESENTATION_CONTEXT() REPRESENTATION_CONTEXT('2D SPACE',''
  ) );
#3117 = ORIENTED_EDGE('',*,*,#3118,.F.);
#3118 = EDGE_CURVE('',#3054,#3098,#3119,.T.);
#3119 = SURFACE_CURVE('',#3120,(#3124,#3130),.PCURVE_S1.);
#3120 = LINE('',#3121,#3122);
#3121 = CARTESIAN_POINT('',(164.4,-29.15,8.));
#3122 = VECTOR('',#3123,1.);
#3123 = DIRECTION('',(0.,1.,0.));
#3124 = PCURVE('',#72,#3125);
#3125 = DEFINITIONAL_REPRESENTATION('',(#3126),#3129);
#3126 = B_SPLINE_CURVE_WITH_KNOTS('',1,(#3127,#3128),.UNSPECIFIED.,.F.,
  .F.,(2,2),(-29.15,19.45),.PIECEWISE_BEZIER_KNOTS.);
#3127 = CARTESIAN_POINT('',(164.4,-58.3));
#3128 = CARTESIAN_POINT('',(164.4,-9.7));
#3129 = ( GEOMETRIC_REPRESENTATION_CONTEXT(2) 
PARAMETRIC_REPRESENTATION_CONTEXT() REPRESENTATION_CONTEXT('2D SPACE',''
  ) );
#3130 = PCURVE('',#1261,#3131);
#3131 = DEFINITIONAL_REPRESENTATION('',(#3132),#3135);
#3132 = B_SPLINE_CURVE_WITH_KNOTS('',1,(#3133,#3134),.UNSPECIFIED.,.F.,
  .F.,(2,2),(-29.15,19.45),.PIECEWISE_BEZIER_KNOTS.);
#3133 = CARTESIAN_POINT('',(8.1,0.));
#3134 = CARTESIAN_POINT('',(8.1,-48.6));
#3135 = ( GEOMETRIC_REPRESENTATION_CONTEXT(2) 
PARAMETRIC_REPRESENTATION_CONTEXT() REPRESENTATION_CONTEXT('2D SPACE',''
  ) );
#3136 = FACE_BOUND('',#3137,.T.);
#3137 = EDGE_LOOP('',(#3138,#3161,#3182,#3203));
#3138 = ORIENTED_EDGE('',*,*,#3139,.T.);
#3139 = EDGE_CURVE('',#3140,#3142,#3144,.T.);
#3140 = VERTEX_POINT('',#3141);
#3141 = CARTESIAN_POINT('',(-164.4,58.3,8.));
#3142 = VERTEX_POINT('',#3143);
#3143 = CARTESIAN_POINT('',(-162.2,58.3,8.));
#3144 = SURFACE_CURVE('',#3145,(#3149,#3155),.PCURVE_S1.);
#3145 = LINE('',#3146,#3147);
#3146 = CARTESIAN_POINT('',(-81.1,58.3,8.));
#3147 = VECTOR('',#3148,1.);
#3148 = DIRECTION('',(1.,-1.224646799147E-16,0.));
#3149 = PCURVE('',#72,#3150);
#3150 = DEFINITIONAL_REPRESENTATION('',(#3151),#3154);
#3151 = B_SPLINE_CURVE_WITH_KNOTS('',1,(#3152,#3153),.UNSPECIFIED.,.F.,
  .F.,(2,2),(-83.3,-81.1),.PIECEWISE_BEZIER_KNOTS.);
#3152 = CARTESIAN_POINT('',(-164.4,58.3));
#3153 = CARTESIAN_POINT('',(-162.2,58.3));
#3154 = ( GEOMETRIC_REPRESENTATION_CONTEXT(2) 
PARAMETRIC_REPRESENTATION_CONTEXT() REPRESENTATION_CONTEXT('2D SPACE',''
  ) );
#3155 = PCURVE('',#1291,#3156);
#3156 = DEFINITIONAL_REPRESENTATION('',(#3157),#3160);
#3157 = B_SPLINE_CURVE_WITH_KNOTS('',1,(#3158,#3159),.UNSPECIFIED.,.F.,
  .F.,(2,2),(-83.3,-81.1),.PIECEWISE_BEZIER_KNOTS.);
#3158 = CARTESIAN_POINT('',(8.1,2.2));
#3159 = CARTESIAN_POINT('',(8.1,0.));
#3160 = ( GEOMETRIC_REPRESENTATION_CONTEXT(2) 
PARAMETRIC_REPRESENTATION_CONTEXT() REPRESENTATION_CONTEXT('2D SPACE',''
  ) );
#3161 = ORIENTED_EDGE('',*,*,#3162,.T.);
#3162 = EDGE_CURVE('',#3142,#3163,#3165,.T.);
#3163 = VERTEX_POINT('',#3164);
#3164 = CARTESIAN_POINT('',(-162.2,9.7,8.));
#3165 = SURFACE_CURVE('',#3166,(#3170,#3176),.PCURVE_S1.);
#3166 = LINE('',#3167,#3168);
#3167 = CARTESIAN_POINT('',(-162.2,29.15,8.));
#3168 = VECTOR('',#3169,1.);
#3169 = DIRECTION('',(-1.224646799147E-16,-1.,0.));
#3170 = PCURVE('',#72,#3171);
#3171 = DEFINITIONAL_REPRESENTATION('',(#3172),#3175);
#3172 = B_SPLINE_CURVE_WITH_KNOTS('',1,(#3173,#3174),.UNSPECIFIED.,.F.,
  .F.,(2,2),(-29.15,19.45),.PIECEWISE_BEZIER_KNOTS.);
#3173 = CARTESIAN_POINT('',(-162.2,58.3));
#3174 = CARTESIAN_POINT('',(-162.2,9.7));
#3175 = ( GEOMETRIC_REPRESENTATION_CONTEXT(2) 
PARAMETRIC_REPRESENTATION_CONTEXT() REPRESENTATION_CONTEXT('2D SPACE',''
  ) );
#3176 = PCURVE('',#1317,#3177);
#3177 = DEFINITIONAL_REPRESENTATION('',(#3178),#3181);
#3178 = B_SPLINE_CURVE_WITH_KNOTS('',1,(#3179,#3180),.UNSPECIFIED.,.F.,
  .F.,(2,2),(-29.15,19.45),.PIECEWISE_BEZIER_KNOTS.);
#3179 = CARTESIAN_POINT('',(8.1,0.));
#3180 = CARTESIAN_POINT('',(8.1,-48.6));
#3181 = ( GEOMETRIC_REPRESENTATION_CONTEXT(2) 
PARAMETRIC_REPRESENTATION_CONTEXT() REPRESENTATION_CONTEXT('2D SPACE',''
  ) );
#3182 = ORIENTED_EDGE('',*,*,#3183,.F.);
#3183 = EDGE_CURVE('',#3184,#3163,#3186,.T.);
#3184 = VERTEX_POINT('',#3185);
#3185 = CARTESIAN_POINT('',(-164.4,9.7,8.));
#3186 = SURFACE_CURVE('',#3187,(#3191,#3197),.PCURVE_S1.);
#3187 = LINE('',#3188,#3189);
#3188 = CARTESIAN_POINT('',(-81.1,9.7,8.));
#3189 = VECTOR('',#3190,1.);
#3190 = DIRECTION('',(1.,-1.224646799147E-16,0.));
#3191 = PCURVE('',#72,#3192);
#3192 = DEFINITIONAL_REPRESENTATION('',(#3193),#3196);
#3193 = B_SPLINE_CURVE_WITH_KNOTS('',1,(#3194,#3195),.UNSPECIFIED.,.F.,
  .F.,(2,2),(-83.3,-81.1),.PIECEWISE_BEZIER_KNOTS.);
#3194 = CARTESIAN_POINT('',(-164.4,9.7));
#3195 = CARTESIAN_POINT('',(-162.2,9.7));
#3196 = ( GEOMETRIC_REPRESENTATION_CONTEXT(2) 
PARAMETRIC_REPRESENTATION_CONTEXT() REPRESENTATION_CONTEXT('2D SPACE',''
  ) );
#3197 = PCURVE('',#1343,#3198);
#3198 = DEFINITIONAL_REPRESENTATION('',(#3199),#3202);
#3199 = B_SPLINE_CURVE_WITH_KNOTS('',1,(#3200,#3201),.UNSPECIFIED.,.F.,
  .F.,(2,2),(-83.3,-81.1),.PIECEWISE_BEZIER_KNOTS.);
#3200 = CARTESIAN_POINT('',(8.1,2.2));
#3201 = CARTESIAN_POINT('',(8.1,0.));
#3202 = ( GEOMETRIC_REPRESENTATION_CONTEXT(2) 
PARAMETRIC_REPRESENTATION_CONTEXT() REPRESENTATION_CONTEXT('2D SPACE',''
  ) );
#3203 = ORIENTED_EDGE('',*,*,#3204,.F.);
#3204 = EDGE_CURVE('',#3140,#3184,#3205,.T.);
#3205 = SURFACE_CURVE('',#3206,(#3210,#3216),.PCURVE_S1.);
#3206 = LINE('',#3207,#3208);
#3207 = CARTESIAN_POINT('',(-164.4,29.15,8.));
#3208 = VECTOR('',#3209,1.);
#3209 = DIRECTION('',(-1.224646799147E-16,-1.,0.));
#3210 = PCURVE('',#72,#3211);
#3211 = DEFINITIONAL_REPRESENTATION('',(#3212),#3215);
#3212 = B_SPLINE_CURVE_WITH_KNOTS('',1,(#3213,#3214),.UNSPECIFIED.,.F.,
  .F.,(2,2),(-29.15,19.45),.PIECEWISE_BEZIER_KNOTS.);
#3213 = CARTESIAN_POINT('',(-164.4,58.3));
#3214 = CARTESIAN_POINT('',(-164.4,9.7));
#3215 = ( GEOMETRIC_REPRESENTATION_CONTEXT(2) 
PARAMETRIC_REPRESENTATION_CONTEXT() REPRESENTATION_CONTEXT('2D SPACE',''
  ) );
#3216 = PCURVE('',#1367,#3217);
#3217 = DEFINITIONAL_REPRESENTATION('',(#3218),#3221);
#3218 = B_SPLINE_CURVE_WITH_KNOTS('',1,(#3219,#3220),.UNSPECIFIED.,.F.,
  .F.,(2,2),(-29.15,19.45),.PIECEWISE_BEZIER_KNOTS.);
#3219 = CARTESIAN_POINT('',(8.1,0.));
#3220 = CARTESIAN_POINT('',(8.1,-48.6));
#3221 = ( GEOMETRIC_REPRESENTATION_CONTEXT(2) 
PARAMETRIC_REPRESENTATION_CONTEXT() REPRESENTATION_CONTEXT('2D SPACE',''
  ) );
#3222 = FACE_BOUND('',#3223,.T.);
#3223 = EDGE_LOOP('',(#3224,#3247,#3268,#3289));
#3224 = ORIENTED_EDGE('',*,*,#3225,.T.);
#3225 = EDGE_CURVE('',#3226,#3228,#3230,.T.);
#3226 = VERTEX_POINT('',#3227);
#3227 = CARTESIAN_POINT('',(-123.1072906045,109.38941904955,8.));
#3228 = VERTEX_POINT('',#3229);
#3229 = CARTESIAN_POINT('',(-121.5516556859,107.83378413094,8.));
#3230 = SURFACE_CURVE('',#3231,(#3235,#3241),.PCURVE_S1.);
#3231 = LINE('',#3232,#3233);
#3232 = CARTESIAN_POINT('',(-64.20529573173,50.487424176719,8.));
#3233 = VECTOR('',#3234,1.);
#3234 = DIRECTION('',(0.707106781187,-0.707106781187,0.));
#3235 = PCURVE('',#72,#3236);
#3236 = DEFINITIONAL_REPRESENTATION('',(#3237),#3240);
#3237 = B_SPLINE_CURVE_WITH_KNOTS('',1,(#3238,#3239),.UNSPECIFIED.,.F.,
  .F.,(2,2),(-83.3,-81.1),.PIECEWISE_BEZIER_KNOTS.);
#3238 = CARTESIAN_POINT('',(-123.1072906045,109.38941904955));
#3239 = CARTESIAN_POINT('',(-121.5516556859,107.83378413094));
#3240 = ( GEOMETRIC_REPRESENTATION_CONTEXT(2) 
PARAMETRIC_REPRESENTATION_CONTEXT() REPRESENTATION_CONTEXT('2D SPACE',''
  ) );
#3241 = PCURVE('',#1397,#3242);
#3242 = DEFINITIONAL_REPRESENTATION('',(#3243),#3246);
#3243 = B_SPLINE_CURVE_WITH_KNOTS('',1,(#3244,#3245),.UNSPECIFIED.,.F.,
  .F.,(2,2),(-83.3,-81.1),.PIECEWISE_BEZIER_KNOTS.);
#3244 = CARTESIAN_POINT('',(8.1,2.2));
#3245 = CARTESIAN_POINT('',(8.1,0.));
#3246 = ( GEOMETRIC_REPRESENTATION_CONTEXT(2) 
PARAMETRIC_REPRESENTATION_CONTEXT() REPRESENTATION_CONTEXT('2D SPACE',''
  ) );
#3247 = ORIENTED_EDGE('',*,*,#3248,.T.);
#3248 = EDGE_CURVE('',#3228,#3249,#3251,.T.);
#3249 = VERTEX_POINT('',#3250);
#3250 = CARTESIAN_POINT('',(-155.9170452516,73.468394565282,8.));
#3251 = SURFACE_CURVE('',#3252,(#3256,#3262),.PCURVE_S1.);
#3252 = LINE('',#3253,#3254);
#3253 = CARTESIAN_POINT('',(-118.1221877972,111.2632520197,8.));
#3254 = VECTOR('',#3255,1.);
#3255 = DIRECTION('',(-0.707106781187,-0.707106781187,0.));
#3256 = PCURVE('',#72,#3257);
#3257 = DEFINITIONAL_REPRESENTATION('',(#3258),#3261);
#3258 = B_SPLINE_CURVE_WITH_KNOTS('',1,(#3259,#3260),.UNSPECIFIED.,.F.,
  .F.,(2,2),(4.85,53.45),.PIECEWISE_BEZIER_KNOTS.);
#3259 = CARTESIAN_POINT('',(-121.5516556859,107.83378413094));
#3260 = CARTESIAN_POINT('',(-155.9170452516,73.468394565282));
#3261 = ( GEOMETRIC_REPRESENTATION_CONTEXT(2) 
PARAMETRIC_REPRESENTATION_CONTEXT() REPRESENTATION_CONTEXT('2D SPACE',''
  ) );
#3262 = PCURVE('',#1423,#3263);
#3263 = DEFINITIONAL_REPRESENTATION('',(#3264),#3267);
#3264 = B_SPLINE_CURVE_WITH_KNOTS('',1,(#3265,#3266),.UNSPECIFIED.,.F.,
  .F.,(2,2),(4.85,53.45),.PIECEWISE_BEZIER_KNOTS.);
#3265 = CARTESIAN_POINT('',(8.1,0.));
#3266 = CARTESIAN_POINT('',(8.1,-48.6));
#3267 = ( GEOMETRIC_REPRESENTATION_CONTEXT(2) 
PARAMETRIC_REPRESENTATION_CONTEXT() REPRESENTATION_CONTEXT('2D SPACE',''
  ) );
#3268 = ORIENTED_EDGE('',*,*,#3269,.F.);
#3269 = EDGE_CURVE('',#3270,#3249,#3272,.T.);
#3270 = VERTEX_POINT('',#3271);
#3271 = CARTESIAN_POINT('',(-157.4726801702,75.024029483893,8.));
#3272 = SURFACE_CURVE('',#3273,(#3277,#3283),.PCURVE_S1.);
#3273 = LINE('',#3274,#3275);
#3274 = CARTESIAN_POINT('',(-98.5706852974,16.122034611053,8.));
#3275 = VECTOR('',#3276,1.);
#3276 = DIRECTION('',(0.707106781187,-0.707106781187,0.));
#3277 = PCURVE('',#72,#3278);
#3278 = DEFINITIONAL_REPRESENTATION('',(#3279),#3282);
#3279 = B_SPLINE_CURVE_WITH_KNOTS('',1,(#3280,#3281),.UNSPECIFIED.,.F.,
  .F.,(2,2),(-83.3,-81.1),.PIECEWISE_BEZIER_KNOTS.);
#3280 = CARTESIAN_POINT('',(-157.4726801702,75.024029483893));
#3281 = CARTESIAN_POINT('',(-155.9170452516,73.468394565282));
#3282 = ( GEOMETRIC_REPRESENTATION_CONTEXT(2) 
PARAMETRIC_REPRESENTATION_CONTEXT() REPRESENTATION_CONTEXT('2D SPACE',''
  ) );
#3283 = PCURVE('',#1449,#3284);
#3284 = DEFINITIONAL_REPRESENTATION('',(#3285),#3288);
#3285 = B_SPLINE_CURVE_WITH_KNOTS('',1,(#3286,#3287),.UNSPECIFIED.,.F.,
  .F.,(2,2),(-83.3,-81.1),.PIECEWISE_BEZIER_KNOTS.);
#3286 = CARTESIAN_POINT('',(8.1,2.2));
#3287 = CARTESIAN_POINT('',(8.1,0.));
#3288 = ( GEOMETRIC_REPRESENTATION_CONTEXT(2) 
PARAMETRIC_REPRESENTATION_CONTEXT() REPRESENTATION_CONTEXT('2D SPACE',''
  ) );
#3289 = ORIENTED_EDGE('',*,*,#3290,.F.);
#3290 = EDGE_CURVE('',#3226,#3270,#3291,.T.);
#3291 = SURFACE_CURVE('',#3292,(#3296,#3302),.PCURVE_S1.);
#3292 = LINE('',#3293,#3294);
#3293 = CARTESIAN_POINT('',(-119.6778227158,112.81888693831,8.));
#3294 = VECTOR('',#3295,1.);
#3295 = DIRECTION('',(-0.707106781187,-0.707106781187,0.));
#3296 = PCURVE('',#72,#3297);
#3297 = DEFINITIONAL_REPRESENTATION('',(#3298),#3301);
#3298 = B_SPLINE_CURVE_WITH_KNOTS('',1,(#3299,#3300),.UNSPECIFIED.,.F.,
  .F.,(2,2),(4.85,53.45),.PIECEWISE_BEZIER_KNOTS.);
#3299 = CARTESIAN_POINT('',(-123.1072906045,109.38941904955));
#3300 = CARTESIAN_POINT('',(-157.4726801702,75.024029483893));
#3301 = ( GEOMETRIC_REPRESENTATION_CONTEXT(2) 
PARAMETRIC_REPRESENTATION_CONTEXT() REPRESENTATION_CONTEXT('2D SPACE',''
  ) );
#3302 = PCURVE('',#1473,#3303);
#3303 = DEFINITIONAL_REPRESENTATION('',(#3304),#3307);
#3304 = B_SPLINE_CURVE_WITH_KNOTS('',1,(#3305,#3306),.UNSPECIFIED.,.F.,
  .F.,(2,2),(4.85,53.45),.PIECEWISE_BEZIER_KNOTS.);
#3305 = CARTESIAN_POINT('',(8.1,0.));
#3306 = CARTESIAN_POINT('',(8.1,-48.6));
#3307 = ( GEOMETRIC_REPRESENTATION_CONTEXT(2) 
PARAMETRIC_REPRESENTATION_CONTEXT() REPRESENTATION_CONTEXT('2D SPACE',''
  ) );
#3308 = FACE_BOUND('',#3309,.T.);
#3309 = EDGE_LOOP('',(#3310,#3333,#3354,#3375));
#3310 = ORIENTED_EDGE('',*,*,#3311,.T.);
#3311 = EDGE_CURVE('',#3312,#3314,#3316,.T.);
#3312 = VERTEX_POINT('',#3313);
#3313 = CARTESIAN_POINT('',(-75.02402948389,157.47268017024,8.));
#3314 = VERTEX_POINT('',#3315);
#3315 = CARTESIAN_POINT('',(-73.46839456528,155.91704525163,8.));
#3316 = SURFACE_CURVE('',#3317,(#3321,#3327),.PCURVE_S1.);
#3317 = LINE('',#3318,#3319);
#3318 = CARTESIAN_POINT('',(-16.12203461105,98.570685297405,8.));
#3319 = VECTOR('',#3320,1.);
#3320 = DIRECTION('',(0.707106781187,-0.707106781187,0.));
#3321 = PCURVE('',#72,#3322);
#3322 = DEFINITIONAL_REPRESENTATION('',(#3323),#3326);
#3323 = B_SPLINE_CURVE_WITH_KNOTS('',1,(#3324,#3325),.UNSPECIFIED.,.F.,
  .F.,(2,2),(-83.3,-81.1),.PIECEWISE_BEZIER_KNOTS.);
#3324 = CARTESIAN_POINT('',(-75.02402948389,157.47268017024));
#3325 = CARTESIAN_POINT('',(-73.46839456528,155.91704525163));
#3326 = ( GEOMETRIC_REPRESENTATION_CONTEXT(2) 
PARAMETRIC_REPRESENTATION_CONTEXT() REPRESENTATION_CONTEXT('2D SPACE',''
  ) );
#3327 = PCURVE('',#1503,#3328);
#3328 = DEFINITIONAL_REPRESENTATION('',(#3329),#3332);
#3329 = B_SPLINE_CURVE_WITH_KNOTS('',1,(#3330,#3331),.UNSPECIFIED.,.F.,
  .F.,(2,2),(-83.3,-81.1),.PIECEWISE_BEZIER_KNOTS.);
#3330 = CARTESIAN_POINT('',(8.1,2.2));
#3331 = CARTESIAN_POINT('',(8.1,0.));
#3332 = ( GEOMETRIC_REPRESENTATION_CONTEXT(2) 
PARAMETRIC_REPRESENTATION_CONTEXT() REPRESENTATION_CONTEXT('2D SPACE',''
  ) );
#3333 = ORIENTED_EDGE('',*,*,#3334,.T.);
#3334 = EDGE_CURVE('',#3314,#3335,#3337,.T.);
#3335 = VERTEX_POINT('',#3336);
#3336 = CARTESIAN_POINT('',(-107.8337841309,121.55165568596,8.));
#3337 = SURFACE_CURVE('',#3338,(#3342,#3348),.PCURVE_S1.);
#3338 = LINE('',#3339,#3340);
#3339 = CARTESIAN_POINT('',(-94.08055723687,135.30488258004,8.));
#3340 = VECTOR('',#3341,1.);
#3341 = DIRECTION('',(-0.707106781187,-0.707106781187,0.));
#3342 = PCURVE('',#72,#3343);
#3343 = DEFINITIONAL_REPRESENTATION('',(#3344),#3347);
#3344 = B_SPLINE_CURVE_WITH_KNOTS('',1,(#3345,#3346),.UNSPECIFIED.,.F.,
  .F.,(2,2),(-29.15,19.45),.PIECEWISE_BEZIER_KNOTS.);
#3345 = CARTESIAN_POINT('',(-73.46839456528,155.91704525163));
#3346 = CARTESIAN_POINT('',(-107.8337841309,121.55165568596));
#3347 = ( GEOMETRIC_REPRESENTATION_CONTEXT(2) 
PARAMETRIC_REPRESENTATION_CONTEXT() REPRESENTATION_CONTEXT('2D SPACE',''
  ) );
#3348 = PCURVE('',#1529,#3349);
#3349 = DEFINITIONAL_REPRESENTATION('',(#3350),#3353);
#3350 = B_SPLINE_CURVE_WITH_KNOTS('',1,(#3351,#3352),.UNSPECIFIED.,.F.,
  .F.,(2,2),(-29.15,19.45),.PIECEWISE_BEZIER_KNOTS.);
#3351 = CARTESIAN_POINT('',(8.1,0.));
#3352 = CARTESIAN_POINT('',(8.1,-48.6));
#3353 = ( GEOMETRIC_REPRESENTATION_CONTEXT(2) 
PARAMETRIC_REPRESENTATION_CONTEXT() REPRESENTATION_CONTEXT('2D SPACE',''
  ) );
#3354 = ORIENTED_EDGE('',*,*,#3355,.F.);
#3355 = EDGE_CURVE('',#3356,#3335,#3358,.T.);
#3356 = VERTEX_POINT('',#3357);
#3357 = CARTESIAN_POINT('',(-109.3894190495,123.10729060457,8.));
#3358 = SURFACE_CURVE('',#3359,(#3363,#3369),.PCURVE_S1.);
#3359 = LINE('',#3360,#3361);
#3360 = CARTESIAN_POINT('',(-50.48742417672,64.205295731739,8.));
#3361 = VECTOR('',#3362,1.);
#3362 = DIRECTION('',(0.707106781187,-0.707106781187,0.));
#3363 = PCURVE('',#72,#3364);
#3364 = DEFINITIONAL_REPRESENTATION('',(#3365),#3368);
#3365 = B_SPLINE_CURVE_WITH_KNOTS('',1,(#3366,#3367),.UNSPECIFIED.,.F.,
  .F.,(2,2),(-83.3,-81.1),.PIECEWISE_BEZIER_KNOTS.);
#3366 = CARTESIAN_POINT('',(-109.3894190495,123.10729060457));
#3367 = CARTESIAN_POINT('',(-107.8337841309,121.55165568596));
#3368 = ( GEOMETRIC_REPRESENTATION_CONTEXT(2) 
PARAMETRIC_REPRESENTATION_CONTEXT() REPRESENTATION_CONTEXT('2D SPACE',''
  ) );
#3369 = PCURVE('',#1555,#3370);
#3370 = DEFINITIONAL_REPRESENTATION('',(#3371),#3374);
#3371 = B_SPLINE_CURVE_WITH_KNOTS('',1,(#3372,#3373),.UNSPECIFIED.,.F.,
  .F.,(2,2),(-83.3,-81.1),.PIECEWISE_BEZIER_KNOTS.);
#3372 = CARTESIAN_POINT('',(8.1,2.2));
#3373 = CARTESIAN_POINT('',(8.1,0.));
#3374 = ( GEOMETRIC_REPRESENTATION_CONTEXT(2) 
PARAMETRIC_REPRESENTATION_CONTEXT() REPRESENTATION_CONTEXT('2D SPACE',''
  ) );
#3375 = ORIENTED_EDGE('',*,*,#3376,.F.);
#3376 = EDGE_CURVE('',#3312,#3356,#3377,.T.);
#3377 = SURFACE_CURVE('',#3378,(#3382,#3388),.PCURVE_S1.);
#3378 = LINE('',#3379,#3380);
#3379 = CARTESIAN_POINT('',(-95.63619215548,136.86051749865,8.));
#3380 = VECTOR('',#3381,1.);
#3381 = DIRECTION('',(-0.707106781187,-0.707106781187,0.));
#3382 = PCURVE('',#72,#3383);
#3383 = DEFINITIONAL_REPRESENTATION('',(#3384),#3387);
#3384 = B_SPLINE_CURVE_WITH_KNOTS('',1,(#3385,#3386),.UNSPECIFIED.,.F.,
  .F.,(2,2),(-29.15,19.45),.PIECEWISE_BEZIER_KNOTS.);
#3385 = CARTESIAN_POINT('',(-75.02402948389,157.47268017024));
#3386 = CARTESIAN_POINT('',(-109.3894190495,123.10729060457));
#3387 = ( GEOMETRIC_REPRESENTATION_CONTEXT(2) 
PARAMETRIC_REPRESENTATION_CONTEXT() REPRESENTATION_CONTEXT('2D SPACE',''
  ) );
#3388 = PCURVE('',#1579,#3389);
#3389 = DEFINITIONAL_REPRESENTATION('',(#3390),#3393);
#3390 = B_SPLINE_CURVE_WITH_KNOTS('',1,(#3391,#3392),.UNSPECIFIED.,.F.,
  .F.,(2,2),(-29.15,19.45),.PIECEWISE_BEZIER_KNOTS.);
#3391 = CARTESIAN_POINT('',(8.1,0.));
#3392 = CARTESIAN_POINT('',(8.1,-48.6));
#3393 = ( GEOMETRIC_REPRESENTATION_CONTEXT(2) 
PARAMETRIC_REPRESENTATION_CONTEXT() REPRESENTATION_CONTEXT('2D SPACE',''
  ) );
#3394 = FACE_BOUND('',#3395,.T.);
#3395 = EDGE_LOOP('',(#3396,#3419,#3440,#3461));
#3396 = ORIENTED_EDGE('',*,*,#3397,.T.);
#3397 = EDGE_CURVE('',#3398,#3400,#3402,.T.);
#3398 = VERTEX_POINT('',#3399);
#3399 = CARTESIAN_POINT('',(-9.7,164.4,8.));
#3400 = VERTEX_POINT('',#3401);
#3401 = CARTESIAN_POINT('',(-9.7,162.2,8.));
#3402 = SURFACE_CURVE('',#3403,(#3407,#3413),.PCURVE_S1.);
#3403 = LINE('',#3404,#3405);
#3404 = CARTESIAN_POINT('',(-9.7,81.1,8.));
#3405 = VECTOR('',#3406,1.);
#3406 = DIRECTION('',(-1.110223024625E-16,-1.,0.));
#3407 = PCURVE('',#72,#3408);
#3408 = DEFINITIONAL_REPRESENTATION('',(#3409),#3412);
#3409 = B_SPLINE_CURVE_WITH_KNOTS('',1,(#3410,#3411),.UNSPECIFIED.,.F.,
  .F.,(2,2),(-83.3,-81.1),.PIECEWISE_BEZIER_KNOTS.);
#3410 = CARTESIAN_POINT('',(-9.7,164.4));
#3411 = CARTESIAN_POINT('',(-9.7,162.2));
#3412 = ( GEOMETRIC_REPRESENTATION_CONTEXT(2) 
PARAMETRIC_REPRESENTATION_CONTEXT() REPRESENTATION_CONTEXT('2D SPACE',''
  ) );
#3413 = PCURVE('',#1609,#3414);
#3414 = DEFINITIONAL_REPRESENTATION('',(#3415),#3418);
#3415 = B_SPLINE_CURVE_WITH_KNOTS('',1,(#3416,#3417),.UNSPECIFIED.,.F.,
  .F.,(2,2),(-83.3,-81.1),.PIECEWISE_BEZIER_KNOTS.);
#3416 = CARTESIAN_POINT('',(8.1,2.2));
#3417 = CARTESIAN_POINT('',(8.1,0.));
#3418 = ( GEOMETRIC_REPRESENTATION_CONTEXT(2) 
PARAMETRIC_REPRESENTATION_CONTEXT() REPRESENTATION_CONTEXT('2D SPACE',''
  ) );
#3419 = ORIENTED_EDGE('',*,*,#3420,.T.);
#3420 = EDGE_CURVE('',#3400,#3421,#3423,.T.);
#3421 = VERTEX_POINT('',#3422);
#3422 = CARTESIAN_POINT('',(-58.3,162.2,8.));
#3423 = SURFACE_CURVE('',#3424,(#3428,#3434),.PCURVE_S1.);
#3424 = LINE('',#3425,#3426);
#3425 = CARTESIAN_POINT('',(-4.85,162.2,8.));
#3426 = VECTOR('',#3427,1.);
#3427 = DIRECTION('',(-1.,1.110223024625E-16,0.));
#3428 = PCURVE('',#72,#3429);
#3429 = DEFINITIONAL_REPRESENTATION('',(#3430),#3433);
#3430 = B_SPLINE_CURVE_WITH_KNOTS('',1,(#3431,#3432),.UNSPECIFIED.,.F.,
  .F.,(2,2),(4.85,53.45),.PIECEWISE_BEZIER_KNOTS.);
#3431 = CARTESIAN_POINT('',(-9.7,162.2));
#3432 = CARTESIAN_POINT('',(-58.3,162.2));
#3433 = ( GEOMETRIC_REPRESENTATION_CONTEXT(2) 
PARAMETRIC_REPRESENTATION_CONTEXT() REPRESENTATION_CONTEXT('2D SPACE',''
  ) );
#3434 = PCURVE('',#1635,#3435);
#3435 = DEFINITIONAL_REPRESENTATION('',(#3436),#3439);
#3436 = B_SPLINE_CURVE_WITH_KNOTS('',1,(#3437,#3438),.UNSPECIFIED.,.F.,
  .F.,(2,2),(4.85,53.45),.PIECEWISE_BEZIER_KNOTS.);
#3437 = CARTESIAN_POINT('',(8.1,0.));
#3438 = CARTESIAN_POINT('',(8.1,-48.6));
#3439 = ( GEOMETRIC_REPRESENTATION_CONTEXT(2) 
PARAMETRIC_REPRESENTATION_CONTEXT() REPRESENTATION_CONTEXT('2D SPACE',''
  ) );
#3440 = ORIENTED_EDGE('',*,*,#3441,.F.);
#3441 = EDGE_CURVE('',#3442,#3421,#3444,.T.);
#3442 = VERTEX_POINT('',#3443);
#3443 = CARTESIAN_POINT('',(-58.3,164.4,8.));
#3444 = SURFACE_CURVE('',#3445,(#3449,#3455),.PCURVE_S1.);
#3445 = LINE('',#3446,#3447);
#3446 = CARTESIAN_POINT('',(-58.3,81.1,8.));
#3447 = VECTOR('',#3448,1.);
#3448 = DIRECTION('',(-1.110223024625E-16,-1.,0.));
#3449 = PCURVE('',#72,#3450);
#3450 = DEFINITIONAL_REPRESENTATION('',(#3451),#3454);
#3451 = B_SPLINE_CURVE_WITH_KNOTS('',1,(#3452,#3453),.UNSPECIFIED.,.F.,
  .F.,(2,2),(-83.3,-81.1),.PIECEWISE_BEZIER_KNOTS.);
#3452 = CARTESIAN_POINT('',(-58.3,164.4));
#3453 = CARTESIAN_POINT('',(-58.3,162.2));
#3454 = ( GEOMETRIC_REPRESENTATION_CONTEXT(2) 
PARAMETRIC_REPRESENTATION_CONTEXT() REPRESENTATION_CONTEXT('2D SPACE',''
  ) );
#3455 = PCURVE('',#1661,#3456);
#3456 = DEFINITIONAL_REPRESENTATION('',(#3457),#3460);
#3457 = B_SPLINE_CURVE_WITH_KNOTS('',1,(#3458,#3459),.UNSPECIFIED.,.F.,
  .F.,(2,2),(-83.3,-81.1),.PIECEWISE_BEZIER_KNOTS.);
#3458 = CARTESIAN_POINT('',(8.1,2.2));
#3459 = CARTESIAN_POINT('',(8.1,0.));
#3460 = ( GEOMETRIC_REPRESENTATION_CONTEXT(2) 
PARAMETRIC_REPRESENTATION_CONTEXT() REPRESENTATION_CONTEXT('2D SPACE',''
  ) );
#3461 = ORIENTED_EDGE('',*,*,#3462,.F.);
#3462 = EDGE_CURVE('',#3398,#3442,#3463,.T.);
#3463 = SURFACE_CURVE('',#3464,(#3468,#3474),.PCURVE_S1.);
#3464 = LINE('',#3465,#3466);
#3465 = CARTESIAN_POINT('',(-4.85,164.4,8.));
#3466 = VECTOR('',#3467,1.);
#3467 = DIRECTION('',(-1.,1.110223024625E-16,0.));
#3468 = PCURVE('',#72,#3469);
#3469 = DEFINITIONAL_REPRESENTATION('',(#3470),#3473);
#3470 = B_SPLINE_CURVE_WITH_KNOTS('',1,(#3471,#3472),.UNSPECIFIED.,.F.,
  .F.,(2,2),(4.85,53.45),.PIECEWISE_BEZIER_KNOTS.);
#3471 = CARTESIAN_POINT('',(-9.7,164.4));
#3472 = CARTESIAN_POINT('',(-58.3,164.4));
#3473 = ( GEOMETRIC_REPRESENTATION_CONTEXT(2) 
PARAMETRIC_REPRESENTATION_CONTEXT() REPRESENTATION_CONTEXT('2D SPACE',''
  ) );
#3474 = PCURVE('',#1685,#3475);
#3475 = DEFINITIONAL_REPRESENTATION('',(#3476),#3479);
#3476 = B_SPLINE_CURVE_WITH_KNOTS('',1,(#3477,#3478),.UNSPECIFIED.,.F.,
  .F.,(2,2),(4.85,53.45),.PIECEWISE_BEZIER_KNOTS.);
#3477 = CARTESIAN_POINT('',(8.1,0.));
#3478 = CARTESIAN_POINT('',(8.1,-48.6));
#3479 = ( GEOMETRIC_REPRESENTATION_CONTEXT(2) 
PARAMETRIC_REPRESENTATION_CONTEXT() REPRESENTATION_CONTEXT('2D SPACE',''
  ) );
#3480 = FACE_BOUND('',#3481,.T.);
#3481 = EDGE_LOOP('',(#3482,#3505,#3526,#3547,#3568,#3589,#3610,#3631));
#3482 = ORIENTED_EDGE('',*,*,#3483,.T.);
#3483 = EDGE_CURVE('',#3484,#3486,#3488,.T.);
#3484 = VERTEX_POINT('',#3485);
#3485 = CARTESIAN_POINT('',(-66.48127676088,160.5,8.));
#3486 = VERTEX_POINT('',#3487);
#3487 = CARTESIAN_POINT('',(66.481276760882,160.5,8.));
#3488 = SURFACE_CURVE('',#3489,(#3493,#3499),.PCURVE_S1.);
#3489 = LINE('',#3490,#3491);
#3490 = CARTESIAN_POINT('',(33.240638380441,160.5,8.));
#3491 = VECTOR('',#3492,1.);
#3492 = DIRECTION('',(1.,0.,-0.));
#3493 = PCURVE('',#72,#3494);
#3494 = DEFINITIONAL_REPRESENTATION('',(#3495),#3498);
#3495 = B_SPLINE_CURVE_WITH_KNOTS('',1,(#3496,#3497),.UNSPECIFIED.,.F.,
  .F.,(2,2),(-99.72191514132,33.240638380441),.PIECEWISE_BEZIER_KNOTS.);
#3496 = CARTESIAN_POINT('',(-66.48127676088,160.5));
#3497 = CARTESIAN_POINT('',(66.481276760882,160.5));
#3498 = ( GEOMETRIC_REPRESENTATION_CONTEXT(2) 
PARAMETRIC_REPRESENTATION_CONTEXT() REPRESENTATION_CONTEXT('2D SPACE',''
  ) );
#3499 = PCURVE('',#1715,#3500);
#3500 = DEFINITIONAL_REPRESENTATION('',(#3501),#3504);
#3501 = B_SPLINE_CURVE_WITH_KNOTS('',1,(#3502,#3503),.UNSPECIFIED.,.F.,
  .F.,(2,2),(-99.72191514132,33.240638380441),.PIECEWISE_BEZIER_KNOTS.);
#3502 = CARTESIAN_POINT('',(132.96255352176,-8.1));
#3503 = CARTESIAN_POINT('',(0.,-8.1));
#3504 = ( GEOMETRIC_REPRESENTATION_CONTEXT(2) 
PARAMETRIC_REPRESENTATION_CONTEXT() REPRESENTATION_CONTEXT('2D SPACE',''
  ) );
#3505 = ORIENTED_EDGE('',*,*,#3506,.T.);
#3506 = EDGE_CURVE('',#3486,#3507,#3509,.T.);
#3507 = VERTEX_POINT('',#3508);
#3508 = CARTESIAN_POINT('',(160.5,66.481276760882,8.));
#3509 = SURFACE_CURVE('',#3510,(#3514,#3520),.PCURVE_S1.);
#3510 = LINE('',#3511,#3512);
#3511 = CARTESIAN_POINT('',(136.99531919022,89.985957570661,8.));
#3512 = VECTOR('',#3513,1.);
#3513 = DIRECTION('',(0.707106781187,-0.707106781187,0.));
#3514 = PCURVE('',#72,#3515);
#3515 = DEFINITIONAL_REPRESENTATION('',(#3516),#3519);
#3516 = B_SPLINE_CURVE_WITH_KNOTS('',1,(#3517,#3518),.UNSPECIFIED.,.F.,
  .F.,(2,2),(-99.72191514132,33.240638380441),.PIECEWISE_BEZIER_KNOTS.);
#3517 = CARTESIAN_POINT('',(66.481276760882,160.5));
#3518 = CARTESIAN_POINT('',(160.5,66.481276760882));
#3519 = ( GEOMETRIC_REPRESENTATION_CONTEXT(2) 
PARAMETRIC_REPRESENTATION_CONTEXT() REPRESENTATION_CONTEXT('2D SPACE',''
  ) );
#3520 = PCURVE('',#1741,#3521);
#3521 = DEFINITIONAL_REPRESENTATION('',(#3522),#3525);
#3522 = B_SPLINE_CURVE_WITH_KNOTS('',1,(#3523,#3524),.UNSPECIFIED.,.F.,
  .F.,(2,2),(-99.72191514132,33.240638380441),.PIECEWISE_BEZIER_KNOTS.);
#3523 = CARTESIAN_POINT('',(132.96255352176,-8.1));
#3524 = CARTESIAN_POINT('',(0.,-8.1));
#3525 = ( GEOMETRIC_REPRESENTATION_CONTEXT(2) 
PARAMETRIC_REPRESENTATION_CONTEXT() REPRESENTATION_CONTEXT('2D SPACE',''
  ) );
#3526 = ORIENTED_EDGE('',*,*,#3527,.T.);
#3527 = EDGE_CURVE('',#3507,#3528,#3530,.T.);
#3528 = VERTEX_POINT('',#3529);
#3529 = CARTESIAN_POINT('',(160.5,-66.48127676088,8.));
#3530 = SURFACE_CURVE('',#3531,(#3535,#3541),.PCURVE_S1.);
#3531 = LINE('',#3532,#3533);
#3532 = CARTESIAN_POINT('',(160.5,-33.24063838044,8.));
#3533 = VECTOR('',#3534,1.);
#3534 = DIRECTION('',(-2.13757247267E-16,-1.,0.));
#3535 = PCURVE('',#72,#3536);
#3536 = DEFINITIONAL_REPRESENTATION('',(#3537),#3540);
#3537 = B_SPLINE_CURVE_WITH_KNOTS('',1,(#3538,#3539),.UNSPECIFIED.,.F.,
  .F.,(2,2),(-99.72191514132,33.240638380441),.PIECEWISE_BEZIER_KNOTS.);
#3538 = CARTESIAN_POINT('',(160.5,66.481276760882));
#3539 = CARTESIAN_POINT('',(160.5,-66.48127676088));
#3540 = ( GEOMETRIC_REPRESENTATION_CONTEXT(2) 
PARAMETRIC_REPRESENTATION_CONTEXT() REPRESENTATION_CONTEXT('2D SPACE',''
  ) );
#3541 = PCURVE('',#1767,#3542);
#3542 = DEFINITIONAL_REPRESENTATION('',(#3543),#3546);
#3543 = B_SPLINE_CURVE_WITH_KNOTS('',1,(#3544,#3545),.UNSPECIFIED.,.F.,
  .F.,(2,2),(-99.72191514132,33.240638380441),.PIECEWISE_BEZIER_KNOTS.);
#3544 = CARTESIAN_POINT('',(132.96255352176,-8.1));
#3545 = CARTESIAN_POINT('',(0.,-8.1));
#3546 = ( GEOMETRIC_REPRESENTATION_CONTEXT(2) 
PARAMETRIC_REPRESENTATION_CONTEXT() REPRESENTATION_CONTEXT('2D SPACE',''
  ) );
#3547 = ORIENTED_EDGE('',*,*,#3548,.T.);
#3548 = EDGE_CURVE('',#3528,#3549,#3551,.T.);
#3549 = VERTEX_POINT('',#3550);
#3550 = CARTESIAN_POINT('',(66.481276760882,-160.5,8.));
#3551 = SURFACE_CURVE('',#3552,(#3556,#3562),.PCURVE_S1.);
#3552 = LINE('',#3553,#3554);
#3553 = CARTESIAN_POINT('',(89.985957570661,-136.9953191902,8.));
#3554 = VECTOR('',#3555,1.);
#3555 = DIRECTION('',(-0.707106781187,-0.707106781187,0.));
#3556 = PCURVE('',#72,#3557);
#3557 = DEFINITIONAL_REPRESENTATION('',(#3558),#3561);
#3558 = B_SPLINE_CURVE_WITH_KNOTS('',1,(#3559,#3560),.UNSPECIFIED.,.F.,
  .F.,(2,2),(-99.72191514132,33.240638380441),.PIECEWISE_BEZIER_KNOTS.);
#3559 = CARTESIAN_POINT('',(160.5,-66.48127676088));
#3560 = CARTESIAN_POINT('',(66.481276760882,-160.5));
#3561 = ( GEOMETRIC_REPRESENTATION_CONTEXT(2) 
PARAMETRIC_REPRESENTATION_CONTEXT() REPRESENTATION_CONTEXT('2D SPACE',''
  ) );
#3562 = PCURVE('',#1793,#3563);
#3563 = DEFINITIONAL_REPRESENTATION('',(#3564),#3567);
#3564 = B_SPLINE_CURVE_WITH_KNOTS('',1,(#3565,#3566),.UNSPECIFIED.,.F.,
  .F.,(2,2),(-99.72191514132,33.240638380441),.PIECEWISE_BEZIER_KNOTS.);
#3565 = CARTESIAN_POINT('',(132.96255352176,-8.1));
#3566 = CARTESIAN_POINT('',(0.,-8.1));
#3567 = ( GEOMETRIC_REPRESENTATION_CONTEXT(2) 
PARAMETRIC_REPRESENTATION_CONTEXT() REPRESENTATION_CONTEXT('2D SPACE',''
  ) );
#3568 = ORIENTED_EDGE('',*,*,#3569,.T.);
#3569 = EDGE_CURVE('',#3549,#3570,#3572,.T.);
#3570 = VERTEX_POINT('',#3571);
#3571 = CARTESIAN_POINT('',(-66.48127676088,-160.5,8.));
#3572 = SURFACE_CURVE('',#3573,(#3577,#3583),.PCURVE_S1.);
#3573 = LINE('',#3574,#3575);
#3574 = CARTESIAN_POINT('',(-33.24063838044,-160.5,8.));
#3575 = VECTOR('',#3576,1.);
#3576 = DIRECTION('',(-1.,2.13757247267E-16,0.));
#3577 = PCURVE('',#72,#3578);
#3578 = DEFINITIONAL_REPRESENTATION('',(#3579),#3582);
#3579 = B_SPLINE_CURVE_WITH_KNOTS('',1,(#3580,#3581),.UNSPECIFIED.,.F.,
  .F.,(2,2),(-99.72191514132,33.240638380441),.PIECEWISE_BEZIER_KNOTS.);
#3580 = CARTESIAN_POINT('',(66.481276760882,-160.5));
#3581 = CARTESIAN_POINT('',(-66.48127676088,-160.5));
#3582 = ( GEOMETRIC_REPRESENTATION_CONTEXT(2) 
PARAMETRIC_REPRESENTATION_CONTEXT() REPRESENTATION_CONTEXT('2D SPACE',''
  ) );
#3583 = PCURVE('',#1819,#3584);
#3584 = DEFINITIONAL_REPRESENTATION('',(#3585),#3588);
#3585 = B_SPLINE_CURVE_WITH_KNOTS('',1,(#3586,#3587),.UNSPECIFIED.,.F.,
  .F.,(2,2),(-99.72191514132,33.240638380441),.PIECEWISE_BEZIER_KNOTS.);
#3586 = CARTESIAN_POINT('',(132.96255352176,-8.1));
#3587 = CARTESIAN_POINT('',(0.,-8.1));
#3588 = ( GEOMETRIC_REPRESENTATION_CONTEXT(2) 
PARAMETRIC_REPRESENTATION_CONTEXT() REPRESENTATION_CONTEXT('2D SPACE',''
  ) );
#3589 = ORIENTED_EDGE('',*,*,#3590,.T.);
#3590 = EDGE_CURVE('',#3570,#3591,#3593,.T.);
#3591 = VERTEX_POINT('',#3592);
#3592 = CARTESIAN_POINT('',(-160.5,-66.48127676088,8.));
#3593 = SURFACE_CURVE('',#3594,(#3598,#3604),.PCURVE_S1.);
#3594 = LINE('',#3595,#3596);
#3595 = CARTESIAN_POINT('',(-136.9953191902,-89.98595757066,8.));
#3596 = VECTOR('',#3597,1.);
#3597 = DIRECTION('',(-0.707106781187,0.707106781187,0.));
#3598 = PCURVE('',#72,#3599);
#3599 = DEFINITIONAL_REPRESENTATION('',(#3600),#3603);
#3600 = B_SPLINE_CURVE_WITH_KNOTS('',1,(#3601,#3602),.UNSPECIFIED.,.F.,
  .F.,(2,2),(-99.72191514132,33.240638380441),.PIECEWISE_BEZIER_KNOTS.);
#3601 = CARTESIAN_POINT('',(-66.48127676088,-160.5));
#3602 = CARTESIAN_POINT('',(-160.5,-66.48127676088));
#3603 = ( GEOMETRIC_REPRESENTATION_CONTEXT(2) 
PARAMETRIC_REPRESENTATION_CONTEXT() REPRESENTATION_CONTEXT('2D SPACE',''
  ) );
#3604 = PCURVE('',#1845,#3605);
#3605 = DEFINITIONAL_REPRESENTATION('',(#3606),#3609);
#3606 = B_SPLINE_CURVE_WITH_KNOTS('',1,(#3607,#3608),.UNSPECIFIED.,.F.,
  .F.,(2,2),(-99.72191514132,33.240638380441),.PIECEWISE_BEZIER_KNOTS.);
#3607 = CARTESIAN_POINT('',(132.96255352176,-8.1));
#3608 = CARTESIAN_POINT('',(0.,-8.1));
#3609 = ( GEOMETRIC_REPRESENTATION_CONTEXT(2) 
PARAMETRIC_REPRESENTATION_CONTEXT() REPRESENTATION_CONTEXT('2D SPACE',''
  ) );
#3610 = ORIENTED_EDGE('',*,*,#3611,.T.);
#3611 = EDGE_CURVE('',#3591,#3612,#3614,.T.);
#3612 = VERTEX_POINT('',#3613);
#3613 = CARTESIAN_POINT('',(-160.5,66.481276760882,8.));
#3614 = SURFACE_CURVE('',#3615,(#3619,#3625),.PCURVE_S1.);
#3615 = LINE('',#3616,#3617);
#3616 = CARTESIAN_POINT('',(-160.5,33.240638380441,8.));
#3617 = VECTOR('',#3618,1.);
#3618 = DIRECTION('',(2.13757247267E-16,1.,-0.));
#3619 = PCURVE('',#72,#3620);
#3620 = DEFINITIONAL_REPRESENTATION('',(#3621),#3624);
#3621 = B_SPLINE_CURVE_WITH_KNOTS('',1,(#3622,#3623),.UNSPECIFIED.,.F.,
  .F.,(2,2),(-99.72191514132,33.240638380441),.PIECEWISE_BEZIER_KNOTS.);
#3622 = CARTESIAN_POINT('',(-160.5,-66.48127676088));
#3623 = CARTESIAN_POINT('',(-160.5,66.481276760882));
#3624 = ( GEOMETRIC_REPRESENTATION_CONTEXT(2) 
PARAMETRIC_REPRESENTATION_CONTEXT() REPRESENTATION_CONTEXT('2D SPACE',''
  ) );
#3625 = PCURVE('',#1871,#3626);
#3626 = DEFINITIONAL_REPRESENTATION('',(#3627),#3630);
#3627 = B_SPLINE_CURVE_WITH_KNOTS('',1,(#3628,#3629),.UNSPECIFIED.,.F.,
  .F.,(2,2),(-99.72191514132,33.240638380441),.PIECEWISE_BEZIER_KNOTS.);
#3628 = CARTESIAN_POINT('',(132.96255352176,-8.1));
#3629 = CARTESIAN_POINT('',(0.,-8.1));
#3630 = ( GEOMETRIC_REPRESENTATION_CONTEXT(2) 
PARAMETRIC_REPRESENTATION_CONTEXT() REPRESENTATION_CONTEXT('2D SPACE',''
  ) );
#3631 = ORIENTED_EDGE('',*,*,#3632,.T.);
#3632 = EDGE_CURVE('',#3612,#3484,#3633,.T.);
#3633 = SURFACE_CURVE('',#3634,(#3638,#3644),.PCURVE_S1.);
#3634 = LINE('',#3635,#3636);
#3635 = CARTESIAN_POINT('',(-89.98595757066,136.99531919022,8.));
#3636 = VECTOR('',#3637,1.);
#3637 = DIRECTION('',(0.707106781187,0.707106781187,-0.));
#3638 = PCURVE('',#72,#3639);
#3639 = DEFINITIONAL_REPRESENTATION('',(#3640),#3643);
#3640 = B_SPLINE_CURVE_WITH_KNOTS('',1,(#3641,#3642),.UNSPECIFIED.,.F.,
  .F.,(2,2),(-99.72191514132,33.240638380441),.PIECEWISE_BEZIER_KNOTS.);
#3641 = CARTESIAN_POINT('',(-160.5,66.481276760882));
#3642 = CARTESIAN_POINT('',(-66.48127676088,160.5));
#3643 = ( GEOMETRIC_REPRESENTATION_CONTEXT(2) 
PARAMETRIC_REPRESENTATION_CONTEXT() REPRESENTATION_CONTEXT('2D SPACE',''
  ) );
#3644 = PCURVE('',#1895,#3645);
#3645 = DEFINITIONAL_REPRESENTATION('',(#3646),#3649);
#3646 = B_SPLINE_CURVE_WITH_KNOTS('',1,(#3647,#3648),.UNSPECIFIED.,.F.,
  .F.,(2,2),(-99.72191514132,33.240638380441),.PIECEWISE_BEZIER_KNOTS.);
#3647 = CARTESIAN_POINT('',(132.96255352176,-8.1));
#3648 = CARTESIAN_POINT('',(0.,-8.1));
#3649 = ( GEOMETRIC_REPRESENTATION_CONTEXT(2) 
PARAMETRIC_REPRESENTATION_CONTEXT() REPRESENTATION_CONTEXT('2D SPACE',''
  ) );
#3650 = FACE_BOUND('',#3651,.T.);
#3651 = EDGE_LOOP('',(#3652,#3675,#3696,#3717));
#3652 = ORIENTED_EDGE('',*,*,#3653,.T.);
#3653 = EDGE_CURVE('',#3654,#3656,#3658,.T.);
#3654 = VERTEX_POINT('',#3655);
#3655 = CARTESIAN_POINT('',(164.4,9.7,8.));
#3656 = VERTEX_POINT('',#3657);
#3657 = CARTESIAN_POINT('',(162.2,9.7,8.));
#3658 = SURFACE_CURVE('',#3659,(#3663,#3669),.PCURVE_S1.);
#3659 = LINE('',#3660,#3661);
#3660 = CARTESIAN_POINT('',(81.1,9.7,8.));
#3661 = VECTOR('',#3662,1.);
#3662 = DIRECTION('',(-1.,0.,0.));
#3663 = PCURVE('',#72,#3664);
#3664 = DEFINITIONAL_REPRESENTATION('',(#3665),#3668);
#3665 = B_SPLINE_CURVE_WITH_KNOTS('',1,(#3666,#3667),.UNSPECIFIED.,.F.,
  .F.,(2,2),(-83.3,-81.1),.PIECEWISE_BEZIER_KNOTS.);
#3666 = CARTESIAN_POINT('',(164.4,9.7));
#3667 = CARTESIAN_POINT('',(162.2,9.7));
#3668 = ( GEOMETRIC_REPRESENTATION_CONTEXT(2) 
PARAMETRIC_REPRESENTATION_CONTEXT() REPRESENTATION_CONTEXT('2D SPACE',''
  ) );
#3669 = PCURVE('',#1925,#3670);
#3670 = DEFINITIONAL_REPRESENTATION('',(#3671),#3674);
#3671 = B_SPLINE_CURVE_WITH_KNOTS('',1,(#3672,#3673),.UNSPECIFIED.,.F.,
  .F.,(2,2),(-83.3,-81.1),.PIECEWISE_BEZIER_KNOTS.);
#3672 = CARTESIAN_POINT('',(8.1,2.2));
#3673 = CARTESIAN_POINT('',(8.1,0.));
#3674 = ( GEOMETRIC_REPRESENTATION_CONTEXT(2) 
PARAMETRIC_REPRESENTATION_CONTEXT() REPRESENTATION_CONTEXT('2D SPACE',''
  ) );
#3675 = ORIENTED_EDGE('',*,*,#3676,.T.);
#3676 = EDGE_CURVE('',#3656,#3677,#3679,.T.);
#3677 = VERTEX_POINT('',#3678);
#3678 = CARTESIAN_POINT('',(162.2,58.3,8.));
#3679 = SURFACE_CURVE('',#3680,(#3684,#3690),.PCURVE_S1.);
#3680 = LINE('',#3681,#3682);
#3681 = CARTESIAN_POINT('',(162.2,4.85,8.));
#3682 = VECTOR('',#3683,1.);
#3683 = DIRECTION('',(0.,1.,0.));
#3684 = PCURVE('',#72,#3685);
#3685 = DEFINITIONAL_REPRESENTATION('',(#3686),#3689);
#3686 = B_SPLINE_CURVE_WITH_KNOTS('',1,(#3687,#3688),.UNSPECIFIED.,.F.,
  .F.,(2,2),(4.85,53.45),.PIECEWISE_BEZIER_KNOTS.);
#3687 = CARTESIAN_POINT('',(162.2,9.7));
#3688 = CARTESIAN_POINT('',(162.2,58.3));
#3689 = ( GEOMETRIC_REPRESENTATION_CONTEXT(2) 
PARAMETRIC_REPRESENTATION_CONTEXT() REPRESENTATION_CONTEXT('2D SPACE',''
  ) );
#3690 = PCURVE('',#1951,#3691);
#3691 = DEFINITIONAL_REPRESENTATION('',(#3692),#3695);
#3692 = B_SPLINE_CURVE_WITH_KNOTS('',1,(#3693,#3694),.UNSPECIFIED.,.F.,
  .F.,(2,2),(4.85,53.45),.PIECEWISE_BEZIER_KNOTS.);
#3693 = CARTESIAN_POINT('',(8.1,0.));
#3694 = CARTESIAN_POINT('',(8.1,-48.6));
#3695 = ( GEOMETRIC_REPRESENTATION_CONTEXT(2) 
PARAMETRIC_REPRESENTATION_CONTEXT() REPRESENTATION_CONTEXT('2D SPACE',''
  ) );
#3696 = ORIENTED_EDGE('',*,*,#3697,.F.);
#3697 = EDGE_CURVE('',#3698,#3677,#3700,.T.);
#3698 = VERTEX_POINT('',#3699);
#3699 = CARTESIAN_POINT('',(164.4,58.3,8.));
#3700 = SURFACE_CURVE('',#3701,(#3705,#3711),.PCURVE_S1.);
#3701 = LINE('',#3702,#3703);
#3702 = CARTESIAN_POINT('',(81.1,58.3,8.));
#3703 = VECTOR('',#3704,1.);
#3704 = DIRECTION('',(-1.,0.,0.));
#3705 = PCURVE('',#72,#3706);
#3706 = DEFINITIONAL_REPRESENTATION('',(#3707),#3710);
#3707 = B_SPLINE_CURVE_WITH_KNOTS('',1,(#3708,#3709),.UNSPECIFIED.,.F.,
  .F.,(2,2),(-83.3,-81.1),.PIECEWISE_BEZIER_KNOTS.);
#3708 = CARTESIAN_POINT('',(164.4,58.3));
#3709 = CARTESIAN_POINT('',(162.2,58.3));
#3710 = ( GEOMETRIC_REPRESENTATION_CONTEXT(2) 
PARAMETRIC_REPRESENTATION_CONTEXT() REPRESENTATION_CONTEXT('2D SPACE',''
  ) );
#3711 = PCURVE('',#1977,#3712);
#3712 = DEFINITIONAL_REPRESENTATION('',(#3713),#3716);
#3713 = B_SPLINE_CURVE_WITH_KNOTS('',1,(#3714,#3715),.UNSPECIFIED.,.F.,
  .F.,(2,2),(-83.3,-81.1),.PIECEWISE_BEZIER_KNOTS.);
#3714 = CARTESIAN_POINT('',(8.1,2.2));
#3715 = CARTESIAN_POINT('',(8.1,0.));
#3716 = ( GEOMETRIC_REPRESENTATION_CONTEXT(2) 
PARAMETRIC_REPRESENTATION_CONTEXT() REPRESENTATION_CONTEXT('2D SPACE',''
  ) );
#3717 = ORIENTED_EDGE('',*,*,#3718,.F.);
#3718 = EDGE_CURVE('',#3654,#3698,#3719,.T.);
#3719 = SURFACE_CURVE('',#3720,(#3724,#3730),.PCURVE_S1.);
#3720 = LINE('',#3721,#3722);
#3721 = CARTESIAN_POINT('',(164.4,4.85,8.));
#3722 = VECTOR('',#3723,1.);
#3723 = DIRECTION('',(0.,1.,0.));
#3724 = PCURVE('',#72,#3725);
#3725 = DEFINITIONAL_REPRESENTATION('',(#3726),#3729);
#3726 = B_SPLINE_CURVE_WITH_KNOTS('',1,(#3727,#3728),.UNSPECIFIED.,.F.,
  .F.,(2,2),(4.85,53.45),.PIECEWISE_BEZIER_KNOTS.);
#3727 = CARTESIAN_POINT('',(164.4,9.7));
#3728 = CARTESIAN_POINT('',(164.4,58.3));
#3729 = ( GEOMETRIC_REPRESENTATION_CONTEXT(2) 
PARAMETRIC_REPRESENTATION_CONTEXT() REPRESENTATION_CONTEXT('2D SPACE',''
  ) );
#3730 = PCURVE('',#2001,#3731);
#3731 = DEFINITIONAL_REPRESENTATION('',(#3732),#3735);
#3732 = B_SPLINE_CURVE_WITH_KNOTS('',1,(#3733,#3734),.UNSPECIFIED.,.F.,
  .F.,(2,2),(4.85,53.45),.PIECEWISE_BEZIER_KNOTS.);
#3733 = CARTESIAN_POINT('',(8.1,0.));
#3734 = CARTESIAN_POINT('',(8.1,-48.6));
#3735 = ( GEOMETRIC_REPRESENTATION_CONTEXT(2) 
PARAMETRIC_REPRESENTATION_CONTEXT() REPRESENTATION_CONTEXT('2D SPACE',''
  ) );
#3736 = FACE_BOUND('',#3737,.T.);
#3737 = EDGE_LOOP('',(#3738,#3761,#3782,#3803));
#3738 = ORIENTED_EDGE('',*,*,#3739,.T.);
#3739 = EDGE_CURVE('',#3740,#3742,#3744,.T.);
#3740 = VERTEX_POINT('',#3741);
#3741 = CARTESIAN_POINT('',(58.3,164.4,8.));
#3742 = VERTEX_POINT('',#3743);
#3743 = CARTESIAN_POINT('',(58.3,162.2,8.));
#3744 = SURFACE_CURVE('',#3745,(#3749,#3755),.PCURVE_S1.);
#3745 = LINE('',#3746,#3747);
#3746 = CARTESIAN_POINT('',(58.3,81.1,8.));
#3747 = VECTOR('',#3748,1.);
#3748 = DIRECTION('',(-1.110223024625E-16,-1.,0.));
#3749 = PCURVE('',#72,#3750);
#3750 = DEFINITIONAL_REPRESENTATION('',(#3751),#3754);
#3751 = B_SPLINE_CURVE_WITH_KNOTS('',1,(#3752,#3753),.UNSPECIFIED.,.F.,
  .F.,(2,2),(-83.3,-81.1),.PIECEWISE_BEZIER_KNOTS.);
#3752 = CARTESIAN_POINT('',(58.3,164.4));
#3753 = CARTESIAN_POINT('',(58.3,162.2));
#3754 = ( GEOMETRIC_REPRESENTATION_CONTEXT(2) 
PARAMETRIC_REPRESENTATION_CONTEXT() REPRESENTATION_CONTEXT('2D SPACE',''
  ) );
#3755 = PCURVE('',#2031,#3756);
#3756 = DEFINITIONAL_REPRESENTATION('',(#3757),#3760);
#3757 = B_SPLINE_CURVE_WITH_KNOTS('',1,(#3758,#3759),.UNSPECIFIED.,.F.,
  .F.,(2,2),(-83.3,-81.1),.PIECEWISE_BEZIER_KNOTS.);
#3758 = CARTESIAN_POINT('',(8.1,2.2));
#3759 = CARTESIAN_POINT('',(8.1,0.));
#3760 = ( GEOMETRIC_REPRESENTATION_CONTEXT(2) 
PARAMETRIC_REPRESENTATION_CONTEXT() REPRESENTATION_CONTEXT('2D SPACE',''
  ) );
#3761 = ORIENTED_EDGE('',*,*,#3762,.T.);
#3762 = EDGE_CURVE('',#3742,#3763,#3765,.T.);
#3763 = VERTEX_POINT('',#3764);
#3764 = CARTESIAN_POINT('',(9.7,162.2,8.));
#3765 = SURFACE_CURVE('',#3766,(#3770,#3776),.PCURVE_S1.);
#3766 = LINE('',#3767,#3768);
#3767 = CARTESIAN_POINT('',(29.15,162.2,8.));
#3768 = VECTOR('',#3769,1.);
#3769 = DIRECTION('',(-1.,1.110223024625E-16,0.));
#3770 = PCURVE('',#72,#3771);
#3771 = DEFINITIONAL_REPRESENTATION('',(#3772),#3775);
#3772 = B_SPLINE_CURVE_WITH_KNOTS('',1,(#3773,#3774),.UNSPECIFIED.,.F.,
  .F.,(2,2),(-29.15,19.45),.PIECEWISE_BEZIER_KNOTS.);
#3773 = CARTESIAN_POINT('',(58.3,162.2));
#3774 = CARTESIAN_POINT('',(9.7,162.2));
#3775 = ( GEOMETRIC_REPRESENTATION_CONTEXT(2) 
PARAMETRIC_REPRESENTATION_CONTEXT() REPRESENTATION_CONTEXT('2D SPACE',''
  ) );
#3776 = PCURVE('',#2057,#3777);
#3777 = DEFINITIONAL_REPRESENTATION('',(#3778),#3781);
#3778 = B_SPLINE_CURVE_WITH_KNOTS('',1,(#3779,#3780),.UNSPECIFIED.,.F.,
  .F.,(2,2),(-29.15,19.45),.PIECEWISE_BEZIER_KNOTS.);
#3779 = CARTESIAN_POINT('',(8.1,0.));
#3780 = CARTESIAN_POINT('',(8.1,-48.6));
#3781 = ( GEOMETRIC_REPRESENTATION_CONTEXT(2) 
PARAMETRIC_REPRESENTATION_CONTEXT() REPRESENTATION_CONTEXT('2D SPACE',''
  ) );
#3782 = ORIENTED_EDGE('',*,*,#3783,.F.);
#3783 = EDGE_CURVE('',#3784,#3763,#3786,.T.);
#3784 = VERTEX_POINT('',#3785);
#3785 = CARTESIAN_POINT('',(9.7,164.4,8.));
#3786 = SURFACE_CURVE('',#3787,(#3791,#3797),.PCURVE_S1.);
#3787 = LINE('',#3788,#3789);
#3788 = CARTESIAN_POINT('',(9.7,81.1,8.));
#3789 = VECTOR('',#3790,1.);
#3790 = DIRECTION('',(-1.110223024625E-16,-1.,0.));
#3791 = PCURVE('',#72,#3792);
#3792 = DEFINITIONAL_REPRESENTATION('',(#3793),#3796);
#3793 = B_SPLINE_CURVE_WITH_KNOTS('',1,(#3794,#3795),.UNSPECIFIED.,.F.,
  .F.,(2,2),(-83.3,-81.1),.PIECEWISE_BEZIER_KNOTS.);
#3794 = CARTESIAN_POINT('',(9.7,164.4));
#3795 = CARTESIAN_POINT('',(9.7,162.2));
#3796 = ( GEOMETRIC_REPRESENTATION_CONTEXT(2) 
PARAMETRIC_REPRESENTATION_CONTEXT() REPRESENTATION_CONTEXT('2D SPACE',''
  ) );
#3797 = PCURVE('',#2083,#3798);
#3798 = DEFINITIONAL_REPRESENTATION('',(#3799),#3802);
#3799 = B_SPLINE_CURVE_WITH_KNOTS('',1,(#3800,#3801),.UNSPECIFIED.,.F.,
  .F.,(2,2),(-83.3,-81.1),.PIECEWISE_BEZIER_KNOTS.);
#3800 = CARTESIAN_POINT('',(8.1,2.2));
#3801 = CARTESIAN_POINT('',(8.1,0.));
#3802 = ( GEOMETRIC_REPRESENTATION_CONTEXT(2) 
PARAMETRIC_REPRESENTATION_CONTEXT() REPRESENTATION_CONTEXT('2D SPACE',''
  ) );
#3803 = ORIENTED_EDGE('',*,*,#3804,.F.);
#3804 = EDGE_CURVE('',#3740,#3784,#3805,.T.);
#3805 = SURFACE_CURVE('',#3806,(#3810,#3816),.PCURVE_S1.);
#3806 = LINE('',#3807,#3808);
#3807 = CARTESIAN_POINT('',(29.15,164.4,8.));
#3808 = VECTOR('',#3809,1.);
#3809 = DIRECTION('',(-1.,1.110223024625E-16,0.));
#3810 = PCURVE('',#72,#3811);
#3811 = DEFINITIONAL_REPRESENTATION('',(#3812),#3815);
#3812 = B_SPLINE_CURVE_WITH_KNOTS('',1,(#3813,#3814),.UNSPECIFIED.,.F.,
  .F.,(2,2),(-29.15,19.45),.PIECEWISE_BEZIER_KNOTS.);
#3813 = CARTESIAN_POINT('',(58.3,164.4));
#3814 = CARTESIAN_POINT('',(9.7,164.4));
#3815 = ( GEOMETRIC_REPRESENTATION_CONTEXT(2) 
PARAMETRIC_REPRESENTATION_CONTEXT() REPRESENTATION_CONTEXT('2D SPACE',''
  ) );
#3816 = PCURVE('',#2107,#3817);
#3817 = DEFINITIONAL_REPRESENTATION('',(#3818),#3821);
#3818 = B_SPLINE_CURVE_WITH_KNOTS('',1,(#3819,#3820),.UNSPECIFIED.,.F.,
  .F.,(2,2),(-29.15,19.45),.PIECEWISE_BEZIER_KNOTS.);
#3819 = CARTESIAN_POINT('',(8.1,0.));
#3820 = CARTESIAN_POINT('',(8.1,-48.6));
#3821 = ( GEOMETRIC_REPRESENTATION_CONTEXT(2) 
PARAMETRIC_REPRESENTATION_CONTEXT() REPRESENTATION_CONTEXT('2D SPACE',''
  ) );
#3822 = FACE_BOUND('',#3823,.T.);
#3823 = EDGE_LOOP('',(#3824,#3847,#3868,#3889));
#3824 = ORIENTED_EDGE('',*,*,#3825,.T.);
#3825 = EDGE_CURVE('',#3826,#3828,#3830,.T.);
#3826 = VERTEX_POINT('',#3827);
#3827 = CARTESIAN_POINT('',(157.47268017024,75.024029483893,8.));
#3828 = VERTEX_POINT('',#3829);
#3829 = CARTESIAN_POINT('',(155.91704525163,73.468394565282,8.));
#3830 = SURFACE_CURVE('',#3831,(#3835,#3841),.PCURVE_S1.);
#3831 = LINE('',#3832,#3833);
#3832 = CARTESIAN_POINT('',(98.570685297405,16.122034611053,8.));
#3833 = VECTOR('',#3834,1.);
#3834 = DIRECTION('',(-0.707106781187,-0.707106781187,0.));
#3835 = PCURVE('',#72,#3836);
#3836 = DEFINITIONAL_REPRESENTATION('',(#3837),#3840);
#3837 = B_SPLINE_CURVE_WITH_KNOTS('',1,(#3838,#3839),.UNSPECIFIED.,.F.,
  .F.,(2,2),(-83.3,-81.1),.PIECEWISE_BEZIER_KNOTS.);
#3838 = CARTESIAN_POINT('',(157.47268017024,75.024029483893));
#3839 = CARTESIAN_POINT('',(155.91704525163,73.468394565282));
#3840 = ( GEOMETRIC_REPRESENTATION_CONTEXT(2) 
PARAMETRIC_REPRESENTATION_CONTEXT() REPRESENTATION_CONTEXT('2D SPACE',''
  ) );
#3841 = PCURVE('',#2137,#3842);
#3842 = DEFINITIONAL_REPRESENTATION('',(#3843),#3846);
#3843 = B_SPLINE_CURVE_WITH_KNOTS('',1,(#3844,#3845),.UNSPECIFIED.,.F.,
  .F.,(2,2),(-83.3,-81.1),.PIECEWISE_BEZIER_KNOTS.);
#3844 = CARTESIAN_POINT('',(8.1,2.2));
#3845 = CARTESIAN_POINT('',(8.1,0.));
#3846 = ( GEOMETRIC_REPRESENTATION_CONTEXT(2) 
PARAMETRIC_REPRESENTATION_CONTEXT() REPRESENTATION_CONTEXT('2D SPACE',''
  ) );
#3847 = ORIENTED_EDGE('',*,*,#3848,.T.);
#3848 = EDGE_CURVE('',#3828,#3849,#3851,.T.);
#3849 = VERTEX_POINT('',#3850);
#3850 = CARTESIAN_POINT('',(121.55165568596,107.83378413094,8.));
#3851 = SURFACE_CURVE('',#3852,(#3856,#3862),.PCURVE_S1.);
#3852 = LINE('',#3853,#3854);
#3853 = CARTESIAN_POINT('',(135.30488258004,94.08055723687,8.));
#3854 = VECTOR('',#3855,1.);
#3855 = DIRECTION('',(-0.707106781187,0.707106781187,0.));
#3856 = PCURVE('',#72,#3857);
#3857 = DEFINITIONAL_REPRESENTATION('',(#3858),#3861);
#3858 = B_SPLINE_CURVE_WITH_KNOTS('',1,(#3859,#3860),.UNSPECIFIED.,.F.,
  .F.,(2,2),(-29.15,19.45),.PIECEWISE_BEZIER_KNOTS.);
#3859 = CARTESIAN_POINT('',(155.91704525163,73.468394565282));
#3860 = CARTESIAN_POINT('',(121.55165568596,107.83378413094));
#3861 = ( GEOMETRIC_REPRESENTATION_CONTEXT(2) 
PARAMETRIC_REPRESENTATION_CONTEXT() REPRESENTATION_CONTEXT('2D SPACE',''
  ) );
#3862 = PCURVE('',#2163,#3863);
#3863 = DEFINITIONAL_REPRESENTATION('',(#3864),#3867);
#3864 = B_SPLINE_CURVE_WITH_KNOTS('',1,(#3865,#3866),.UNSPECIFIED.,.F.,
  .F.,(2,2),(-29.15,19.45),.PIECEWISE_BEZIER_KNOTS.);
#3865 = CARTESIAN_POINT('',(8.1,0.));
#3866 = CARTESIAN_POINT('',(8.1,-48.6));
#3867 = ( GEOMETRIC_REPRESENTATION_CONTEXT(2) 
PARAMETRIC_REPRESENTATION_CONTEXT() REPRESENTATION_CONTEXT('2D SPACE',''
  ) );
#3868 = ORIENTED_EDGE('',*,*,#3869,.F.);
#3869 = EDGE_CURVE('',#3870,#3849,#3872,.T.);
#3870 = VERTEX_POINT('',#3871);
#3871 = CARTESIAN_POINT('',(123.10729060457,109.38941904955,8.));
#3872 = SURFACE_CURVE('',#3873,(#3877,#3883),.PCURVE_S1.);
#3873 = LINE('',#3874,#3875);
#3874 = CARTESIAN_POINT('',(64.205295731739,50.487424176719,8.));
#3875 = VECTOR('',#3876,1.);
#3876 = DIRECTION('',(-0.707106781187,-0.707106781187,0.));
#3877 = PCURVE('',#72,#3878);
#3878 = DEFINITIONAL_REPRESENTATION('',(#3879),#3882);
#3879 = B_SPLINE_CURVE_WITH_KNOTS('',1,(#3880,#3881),.UNSPECIFIED.,.F.,
  .F.,(2,2),(-83.3,-81.1),.PIECEWISE_BEZIER_KNOTS.);
#3880 = CARTESIAN_POINT('',(123.10729060457,109.38941904955));
#3881 = CARTESIAN_POINT('',(121.55165568596,107.83378413094));
#3882 = ( GEOMETRIC_REPRESENTATION_CONTEXT(2) 
PARAMETRIC_REPRESENTATION_CONTEXT() REPRESENTATION_CONTEXT('2D SPACE',''
  ) );
#3883 = PCURVE('',#2189,#3884);
#3884 = DEFINITIONAL_REPRESENTATION('',(#3885),#3888);
#3885 = B_SPLINE_CURVE_WITH_KNOTS('',1,(#3886,#3887),.UNSPECIFIED.,.F.,
  .F.,(2,2),(-83.3,-81.1),.PIECEWISE_BEZIER_KNOTS.);
#3886 = CARTESIAN_POINT('',(8.1,2.2));
#3887 = CARTESIAN_POINT('',(8.1,0.));
#3888 = ( GEOMETRIC_REPRESENTATION_CONTEXT(2) 
PARAMETRIC_REPRESENTATION_CONTEXT() REPRESENTATION_CONTEXT('2D SPACE',''
  ) );
#3889 = ORIENTED_EDGE('',*,*,#3890,.F.);
#3890 = EDGE_CURVE('',#3826,#3870,#3891,.T.);
#3891 = SURFACE_CURVE('',#3892,(#3896,#3902),.PCURVE_S1.);
#3892 = LINE('',#3893,#3894);
#3893 = CARTESIAN_POINT('',(136.86051749865,95.636192155481,8.));
#3894 = VECTOR('',#3895,1.);
#3895 = DIRECTION('',(-0.707106781187,0.707106781187,0.));
#3896 = PCURVE('',#72,#3897);
#3897 = DEFINITIONAL_REPRESENTATION('',(#3898),#3901);
#3898 = B_SPLINE_CURVE_WITH_KNOTS('',1,(#3899,#3900),.UNSPECIFIED.,.F.,
  .F.,(2,2),(-29.15,19.45),.PIECEWISE_BEZIER_KNOTS.);
#3899 = CARTESIAN_POINT('',(157.47268017024,75.024029483893));
#3900 = CARTESIAN_POINT('',(123.10729060457,109.38941904955));
#3901 = ( GEOMETRIC_REPRESENTATION_CONTEXT(2) 
PARAMETRIC_REPRESENTATION_CONTEXT() REPRESENTATION_CONTEXT('2D SPACE',''
  ) );
#3902 = PCURVE('',#2213,#3903);
#3903 = DEFINITIONAL_REPRESENTATION('',(#3904),#3907);
#3904 = B_SPLINE_CURVE_WITH_KNOTS('',1,(#3905,#3906),.UNSPECIFIED.,.F.,
  .F.,(2,2),(-29.15,19.45),.PIECEWISE_BEZIER_KNOTS.);
#3905 = CARTESIAN_POINT('',(8.1,0.));
#3906 = CARTESIAN_POINT('',(8.1,-48.6));
#3907 = ( GEOMETRIC_REPRESENTATION_CONTEXT(2) 
PARAMETRIC_REPRESENTATION_CONTEXT() REPRESENTATION_CONTEXT('2D SPACE',''
  ) );
#3908 = FACE_BOUND('',#3909,.T.);
#3909 = EDGE_LOOP('',(#3910,#3933,#3954,#3975));
#3910 = ORIENTED_EDGE('',*,*,#3911,.T.);
#3911 = EDGE_CURVE('',#3912,#3914,#3916,.T.);
#3912 = VERTEX_POINT('',#3913);
#3913 = CARTESIAN_POINT('',(109.38941904955,123.10729060457,8.));
#3914 = VERTEX_POINT('',#3915);
#3915 = CARTESIAN_POINT('',(107.83378413094,121.55165568596,8.));
#3916 = SURFACE_CURVE('',#3917,(#3921,#3927),.PCURVE_S1.);
#3917 = LINE('',#3918,#3919);
#3918 = CARTESIAN_POINT('',(50.487424176719,64.205295731739,8.));
#3919 = VECTOR('',#3920,1.);
#3920 = DIRECTION('',(-0.707106781187,-0.707106781187,0.));
#3921 = PCURVE('',#72,#3922);
#3922 = DEFINITIONAL_REPRESENTATION('',(#3923),#3926);
#3923 = B_SPLINE_CURVE_WITH_KNOTS('',1,(#3924,#3925),.UNSPECIFIED.,.F.,
  .F.,(2,2),(-83.3,-81.1),.PIECEWISE_BEZIER_KNOTS.);
#3924 = CARTESIAN_POINT('',(109.38941904955,123.10729060457));
#3925 = CARTESIAN_POINT('',(107.83378413094,121.55165568596));
#3926 = ( GEOMETRIC_REPRESENTATION_CONTEXT(2) 
PARAMETRIC_REPRESENTATION_CONTEXT() REPRESENTATION_CONTEXT('2D SPACE',''
  ) );
#3927 = PCURVE('',#2243,#3928);
#3928 = DEFINITIONAL_REPRESENTATION('',(#3929),#3932);
#3929 = B_SPLINE_CURVE_WITH_KNOTS('',1,(#3930,#3931),.UNSPECIFIED.,.F.,
  .F.,(2,2),(-83.3,-81.1),.PIECEWISE_BEZIER_KNOTS.);
#3930 = CARTESIAN_POINT('',(8.1,2.2));
#3931 = CARTESIAN_POINT('',(8.1,0.));
#3932 = ( GEOMETRIC_REPRESENTATION_CONTEXT(2) 
PARAMETRIC_REPRESENTATION_CONTEXT() REPRESENTATION_CONTEXT('2D SPACE',''
  ) );
#3933 = ORIENTED_EDGE('',*,*,#3934,.T.);
#3934 = EDGE_CURVE('',#3914,#3935,#3937,.T.);
#3935 = VERTEX_POINT('',#3936);
#3936 = CARTESIAN_POINT('',(73.468394565282,155.91704525163,8.));
#3937 = SURFACE_CURVE('',#3938,(#3942,#3948),.PCURVE_S1.);
#3938 = LINE('',#3939,#3940);
#3939 = CARTESIAN_POINT('',(111.2632520197,118.12218779721,8.));
#3940 = VECTOR('',#3941,1.);
#3941 = DIRECTION('',(-0.707106781187,0.707106781187,0.));
#3942 = PCURVE('',#72,#3943);
#3943 = DEFINITIONAL_REPRESENTATION('',(#3944),#3947);
#3944 = B_SPLINE_CURVE_WITH_KNOTS('',1,(#3945,#3946),.UNSPECIFIED.,.F.,
  .F.,(2,2),(4.85,53.45),.PIECEWISE_BEZIER_KNOTS.);
#3945 = CARTESIAN_POINT('',(107.83378413094,121.55165568596));
#3946 = CARTESIAN_POINT('',(73.468394565282,155.91704525163));
#3947 = ( GEOMETRIC_REPRESENTATION_CONTEXT(2) 
PARAMETRIC_REPRESENTATION_CONTEXT() REPRESENTATION_CONTEXT('2D SPACE',''
  ) );
#3948 = PCURVE('',#2269,#3949);
#3949 = DEFINITIONAL_REPRESENTATION('',(#3950),#3953);
#3950 = B_SPLINE_CURVE_WITH_KNOTS('',1,(#3951,#3952),.UNSPECIFIED.,.F.,
  .F.,(2,2),(4.85,53.45),.PIECEWISE_BEZIER_KNOTS.);
#3951 = CARTESIAN_POINT('',(8.1,0.));
#3952 = CARTESIAN_POINT('',(8.1,-48.6));
#3953 = ( GEOMETRIC_REPRESENTATION_CONTEXT(2) 
PARAMETRIC_REPRESENTATION_CONTEXT() REPRESENTATION_CONTEXT('2D SPACE',''
  ) );
#3954 = ORIENTED_EDGE('',*,*,#3955,.F.);
#3955 = EDGE_CURVE('',#3956,#3935,#3958,.T.);
#3956 = VERTEX_POINT('',#3957);
#3957 = CARTESIAN_POINT('',(75.024029483893,157.47268017024,8.));
#3958 = SURFACE_CURVE('',#3959,(#3963,#3969),.PCURVE_S1.);
#3959 = LINE('',#3960,#3961);
#3960 = CARTESIAN_POINT('',(16.122034611053,98.570685297405,8.));
#3961 = VECTOR('',#3962,1.);
#3962 = DIRECTION('',(-0.707106781187,-0.707106781187,0.));
#3963 = PCURVE('',#72,#3964);
#3964 = DEFINITIONAL_REPRESENTATION('',(#3965),#3968);
#3965 = B_SPLINE_CURVE_WITH_KNOTS('',1,(#3966,#3967),.UNSPECIFIED.,.F.,
  .F.,(2,2),(-83.3,-81.1),.PIECEWISE_BEZIER_KNOTS.);
#3966 = CARTESIAN_POINT('',(75.024029483893,157.47268017024));
#3967 = CARTESIAN_POINT('',(73.468394565282,155.91704525163));
#3968 = ( GEOMETRIC_REPRESENTATION_CONTEXT(2) 
PARAMETRIC_REPRESENTATION_CONTEXT() REPRESENTATION_CONTEXT('2D SPACE',''
  ) );
#3969 = PCURVE('',#2295,#3970);
#3970 = DEFINITIONAL_REPRESENTATION('',(#3971),#3974);
#3971 = B_SPLINE_CURVE_WITH_KNOTS('',1,(#3972,#3973),.UNSPECIFIED.,.F.,
  .F.,(2,2),(-83.3,-81.1),.PIECEWISE_BEZIER_KNOTS.);
#3972 = CARTESIAN_POINT('',(8.1,2.2));
#3973 = CARTESIAN_POINT('',(8.1,0.));
#3974 = ( GEOMETRIC_REPRESENTATION_CONTEXT(2) 
PARAMETRIC_REPRESENTATION_CONTEXT() REPRESENTATION_CONTEXT('2D SPACE',''
  ) );
#3975 = ORIENTED_EDGE('',*,*,#3976,.F.);
#3976 = EDGE_CURVE('',#3912,#3956,#3977,.T.);
#3977 = SURFACE_CURVE('',#3978,(#3982,#3988),.PCURVE_S1.);
#3978 = LINE('',#3979,#3980);
#3979 = CARTESIAN_POINT('',(112.81888693831,119.67782271582,8.));
#3980 = VECTOR('',#3981,1.);
#3981 = DIRECTION('',(-0.707106781187,0.707106781187,0.));
#3982 = PCURVE('',#72,#3983);
#3983 = DEFINITIONAL_REPRESENTATION('',(#3984),#3987);
#3984 = B_SPLINE_CURVE_WITH_KNOTS('',1,(#3985,#3986),.UNSPECIFIED.,.F.,
  .F.,(2,2),(4.85,53.45),.PIECEWISE_BEZIER_KNOTS.);
#3985 = CARTESIAN_POINT('',(109.38941904955,123.10729060457));
#3986 = CARTESIAN_POINT('',(75.024029483893,157.47268017024));
#3987 = ( GEOMETRIC_REPRESENTATION_CONTEXT(2) 
PARAMETRIC_REPRESENTATION_CONTEXT() REPRESENTATION_CONTEXT('2D SPACE',''
  ) );
#3988 = PCURVE('',#2319,#3989);
#3989 = DEFINITIONAL_REPRESENTATION('',(#3990),#3993);
#3990 = B_SPLINE_CURVE_WITH_KNOTS('',1,(#3991,#3992),.UNSPECIFIED.,.F.,
  .F.,(2,2),(4.85,53.45),.PIECEWISE_BEZIER_KNOTS.);
#3991 = CARTESIAN_POINT('',(8.1,0.));
#3992 = CARTESIAN_POINT('',(8.1,-48.6));
#3993 = ( GEOMETRIC_REPRESENTATION_CONTEXT(2) 
PARAMETRIC_REPRESENTATION_CONTEXT() REPRESENTATION_CONTEXT('2D SPACE',''
  ) );
#3994 = ADVANCED_FACE('',(#3995),#159,.F.);
#3995 = FACE_BOUND('',#3996,.F.);
#3996 = EDGE_LOOP('',(#3997,#4018,#4019,#4020));
#3997 = ORIENTED_EDGE('',*,*,#3998,.T.);
#3998 = EDGE_CURVE('',#375,#2405,#3999,.T.);
#3999 = SURFACE_CURVE('',#4000,(#4004,#4011),.PCURVE_S1.);
#4000 = LINE('',#4001,#4002);
#4001 = CARTESIAN_POINT('',(73.522907321224,-177.5,0.));
#4002 = VECTOR('',#4003,1.);
#4003 = DIRECTION('',(0.,0.,1.));
#4004 = PCURVE('',#159,#4005);
#4005 = DEFINITIONAL_REPRESENTATION('',(#4006),#4010);
#4006 = LINE('',#4007,#4008);
#4007 = CARTESIAN_POINT('',(0.,0.));
#4008 = VECTOR('',#4009,1.);
#4009 = DIRECTION('',(0.,-1.));
#4010 = ( GEOMETRIC_REPRESENTATION_CONTEXT(2) 
PARAMETRIC_REPRESENTATION_CONTEXT() REPRESENTATION_CONTEXT('2D SPACE',''
  ) );
#4011 = PCURVE('',#390,#4012);
#4012 = DEFINITIONAL_REPRESENTATION('',(#4013),#4017);
#4013 = LINE('',#4014,#4015);
#4014 = CARTESIAN_POINT('',(147.04581464244,0.));
#4015 = VECTOR('',#4016,1.);
#4016 = DIRECTION('',(0.,-1.));
#4017 = ( GEOMETRIC_REPRESENTATION_CONTEXT(2) 
PARAMETRIC_REPRESENTATION_CONTEXT() REPRESENTATION_CONTEXT('2D SPACE',''
  ) );
#4018 = ORIENTED_EDGE('',*,*,#2427,.T.);
#4019 = ORIENTED_EDGE('',*,*,#141,.F.);
#4020 = ORIENTED_EDGE('',*,*,#402,.F.);
#4021 = ADVANCED_FACE('',(#4022),#257,.F.);
#4022 = FACE_BOUND('',#4023,.F.);
#4023 = EDGE_LOOP('',(#4024,#4025,#4026,#4047));
#4024 = ORIENTED_EDGE('',*,*,#241,.T.);
#4025 = ORIENTED_EDGE('',*,*,#2335,.T.);
#4026 = ORIENTED_EDGE('',*,*,#4027,.F.);
#4027 = EDGE_CURVE('',#296,#2336,#4028,.T.);
#4028 = SURFACE_CURVE('',#4029,(#4033,#4040),.PCURVE_S1.);
#4029 = LINE('',#4030,#4031);
#4030 = CARTESIAN_POINT('',(-177.5,73.522907321224,0.));
#4031 = VECTOR('',#4032,1.);
#4032 = DIRECTION('',(0.,0.,1.));
#4033 = PCURVE('',#257,#4034);
#4034 = DEFINITIONAL_REPRESENTATION('',(#4035),#4039);
#4035 = LINE('',#4036,#4037);
#4036 = CARTESIAN_POINT('',(147.04581464244,0.));
#4037 = VECTOR('',#4038,1.);
#4038 = DIRECTION('',(0.,-1.));
#4039 = ( GEOMETRIC_REPRESENTATION_CONTEXT(2) 
PARAMETRIC_REPRESENTATION_CONTEXT() REPRESENTATION_CONTEXT('2D SPACE',''
  ) );
#4040 = PCURVE('',#334,#4041);
#4041 = DEFINITIONAL_REPRESENTATION('',(#4042),#4046);
#4042 = LINE('',#4043,#4044);
#4043 = CARTESIAN_POINT('',(0.,0.));
#4044 = VECTOR('',#4045,1.);
#4045 = DIRECTION('',(0.,-1.));
#4046 = ( GEOMETRIC_REPRESENTATION_CONTEXT(2) 
PARAMETRIC_REPRESENTATION_CONTEXT() REPRESENTATION_CONTEXT('2D SPACE',''
  ) );
#4047 = ORIENTED_EDGE('',*,*,#295,.F.);
#4048 = ADVANCED_FACE('',(#4049),#390,.F.);
#4049 = FACE_BOUND('',#4050,.F.);
#4050 = EDGE_LOOP('',(#4051,#4072,#4073,#4074));
#4051 = ORIENTED_EDGE('',*,*,#4052,.T.);
#4052 = EDGE_CURVE('',#347,#2382,#4053,.T.);
#4053 = SURFACE_CURVE('',#4054,(#4058,#4065),.PCURVE_S1.);
#4054 = LINE('',#4055,#4056);
#4055 = CARTESIAN_POINT('',(-73.52290732122,-177.5,0.));
#4056 = VECTOR('',#4057,1.);
#4057 = DIRECTION('',(0.,0.,1.));
#4058 = PCURVE('',#390,#4059);
#4059 = DEFINITIONAL_REPRESENTATION('',(#4060),#4064);
#4060 = LINE('',#4061,#4062);
#4061 = CARTESIAN_POINT('',(0.,0.));
#4062 = VECTOR('',#4063,1.);
#4063 = DIRECTION('',(0.,-1.));
#4064 = ( GEOMETRIC_REPRESENTATION_CONTEXT(2) 
PARAMETRIC_REPRESENTATION_CONTEXT() REPRESENTATION_CONTEXT('2D SPACE',''
  ) );
#4065 = PCURVE('',#362,#4066);
#4066 = DEFINITIONAL_REPRESENTATION('',(#4067),#4071);
#4067 = LINE('',#4068,#4069);
#4068 = CARTESIAN_POINT('',(147.04581464244,0.));
#4069 = VECTOR('',#4070,1.);
#4070 = DIRECTION('',(0.,-1.));
#4071 = ( GEOMETRIC_REPRESENTATION_CONTEXT(2) 
PARAMETRIC_REPRESENTATION_CONTEXT() REPRESENTATION_CONTEXT('2D SPACE',''
  ) );
#4072 = ORIENTED_EDGE('',*,*,#2404,.T.);
#4073 = ORIENTED_EDGE('',*,*,#3998,.F.);
#4074 = ORIENTED_EDGE('',*,*,#374,.F.);
#4075 = ADVANCED_FACE('',(#4076),#334,.F.);
#4076 = FACE_BOUND('',#4077,.F.);
#4077 = EDGE_LOOP('',(#4078,#4079,#4080,#4101));
#4078 = ORIENTED_EDGE('',*,*,#4027,.T.);
#4079 = ORIENTED_EDGE('',*,*,#2358,.T.);
#4080 = ORIENTED_EDGE('',*,*,#4081,.F.);
#4081 = EDGE_CURVE('',#319,#2359,#4082,.T.);
#4082 = SURFACE_CURVE('',#4083,(#4087,#4094),.PCURVE_S1.);
#4083 = LINE('',#4084,#4085);
#4084 = CARTESIAN_POINT('',(-177.5,-73.52290732122,0.));
#4085 = VECTOR('',#4086,1.);
#4086 = DIRECTION('',(0.,0.,1.));
#4087 = PCURVE('',#334,#4088);
#4088 = DEFINITIONAL_REPRESENTATION('',(#4089),#4093);
#4089 = LINE('',#4090,#4091);
#4090 = CARTESIAN_POINT('',(147.04581464244,0.));
#4091 = VECTOR('',#4092,1.);
#4092 = DIRECTION('',(0.,-1.));
#4093 = ( GEOMETRIC_REPRESENTATION_CONTEXT(2) 
PARAMETRIC_REPRESENTATION_CONTEXT() REPRESENTATION_CONTEXT('2D SPACE',''
  ) );
#4094 = PCURVE('',#362,#4095);
#4095 = DEFINITIONAL_REPRESENTATION('',(#4096),#4100);
#4096 = LINE('',#4097,#4098);
#4097 = CARTESIAN_POINT('',(0.,0.));
#4098 = VECTOR('',#4099,1.);
#4099 = DIRECTION('',(0.,-1.));
#4100 = ( GEOMETRIC_REPRESENTATION_CONTEXT(2) 
PARAMETRIC_REPRESENTATION_CONTEXT() REPRESENTATION_CONTEXT('2D SPACE',''
  ) );
#4101 = ORIENTED_EDGE('',*,*,#318,.F.);
#4102 = ADVANCED_FACE('',(#4103),#362,.F.);
#4103 = FACE_BOUND('',#4104,.F.);
#4104 = EDGE_LOOP('',(#4105,#4106,#4107,#4108));
#4105 = ORIENTED_EDGE('',*,*,#4081,.T.);
#4106 = ORIENTED_EDGE('',*,*,#2381,.T.);
#4107 = ORIENTED_EDGE('',*,*,#4052,.F.);
#4108 = ORIENTED_EDGE('',*,*,#346,.F.);
#4109 = ADVANCED_FACE('',(#4110),#443,.T.);
#4110 = FACE_BOUND('',#4111,.T.);
#4111 = EDGE_LOOP('',(#4112,#4133,#4134,#4155));
#4112 = ORIENTED_EDGE('',*,*,#4113,.F.);
#4113 = EDGE_CURVE('',#427,#2452,#4114,.T.);
#4114 = SURFACE_CURVE('',#4115,(#4119,#4126),.PCURVE_S1.);
#4115 = LINE('',#4116,#4117);
#4116 = CARTESIAN_POINT('',(-109.3894190495,-123.1072906045,-0.1));
#4117 = VECTOR('',#4118,1.);
#4118 = DIRECTION('',(0.,0.,1.));
#4119 = PCURVE('',#443,#4120);
#4120 = DEFINITIONAL_REPRESENTATION('',(#4121),#4125);
#4121 = LINE('',#4122,#4123);
#4122 = CARTESIAN_POINT('',(0.,2.2));
#4123 = VECTOR('',#4124,1.);
#4124 = DIRECTION('',(1.,0.));
#4125 = ( GEOMETRIC_REPRESENTATION_CONTEXT(2) 
PARAMETRIC_REPRESENTATION_CONTEXT() REPRESENTATION_CONTEXT('2D SPACE',''
  ) );
#4126 = PCURVE('',#519,#4127);
#4127 = DEFINITIONAL_REPRESENTATION('',(#4128),#4132);
#4128 = LINE('',#4129,#4130);
#4129 = CARTESIAN_POINT('',(0.,0.));
#4130 = VECTOR('',#4131,1.);
#4131 = DIRECTION('',(1.,0.));
#4132 = ( GEOMETRIC_REPRESENTATION_CONTEXT(2) 
PARAMETRIC_REPRESENTATION_CONTEXT() REPRESENTATION_CONTEXT('2D SPACE',''
  ) );
#4133 = ORIENTED_EDGE('',*,*,#426,.T.);
#4134 = ORIENTED_EDGE('',*,*,#4135,.T.);
#4135 = EDGE_CURVE('',#429,#2454,#4136,.T.);
#4136 = SURFACE_CURVE('',#4137,(#4141,#4148),.PCURVE_S1.);
#4137 = LINE('',#4138,#4139);
#4138 = CARTESIAN_POINT('',(-107.8337841309,-121.5516556859,-0.1));
#4139 = VECTOR('',#4140,1.);
#4140 = DIRECTION('',(0.,0.,1.));
#4141 = PCURVE('',#443,#4142);
#4142 = DEFINITIONAL_REPRESENTATION('',(#4143),#4147);
#4143 = LINE('',#4144,#4145);
#4144 = CARTESIAN_POINT('',(0.,0.));
#4145 = VECTOR('',#4146,1.);
#4146 = DIRECTION('',(1.,0.));
#4147 = ( GEOMETRIC_REPRESENTATION_CONTEXT(2) 
PARAMETRIC_REPRESENTATION_CONTEXT() REPRESENTATION_CONTEXT('2D SPACE',''
  ) );
#4148 = PCURVE('',#469,#4149);
#4149 = DEFINITIONAL_REPRESENTATION('',(#4150),#4154);
#4150 = LINE('',#4151,#4152);
#4151 = CARTESIAN_POINT('',(0.,0.));
#4152 = VECTOR('',#4153,1.);
#4153 = DIRECTION('',(1.,0.));
#4154 = ( GEOMETRIC_REPRESENTATION_CONTEXT(2) 
PARAMETRIC_REPRESENTATION_CONTEXT() REPRESENTATION_CONTEXT('2D SPACE',''
  ) );
#4155 = ORIENTED_EDGE('',*,*,#2451,.F.);
#4156 = ADVANCED_FACE('',(#4157),#519,.F.);
#4157 = FACE_BOUND('',#4158,.F.);
#4158 = EDGE_LOOP('',(#4159,#4160,#4161,#4182));
#4159 = ORIENTED_EDGE('',*,*,#4113,.F.);
#4160 = ORIENTED_EDGE('',*,*,#506,.T.);
#4161 = ORIENTED_EDGE('',*,*,#4162,.T.);
#4162 = EDGE_CURVE('',#481,#2496,#4163,.T.);
#4163 = SURFACE_CURVE('',#4164,(#4168,#4175),.PCURVE_S1.);
#4164 = LINE('',#4165,#4166);
#4165 = CARTESIAN_POINT('',(-75.02402948389,-157.4726801702,-0.1));
#4166 = VECTOR('',#4167,1.);
#4167 = DIRECTION('',(0.,0.,1.));
#4168 = PCURVE('',#519,#4169);
#4169 = DEFINITIONAL_REPRESENTATION('',(#4170),#4174);
#4170 = LINE('',#4171,#4172);
#4171 = CARTESIAN_POINT('',(0.,-48.6));
#4172 = VECTOR('',#4173,1.);
#4173 = DIRECTION('',(1.,0.));
#4174 = ( GEOMETRIC_REPRESENTATION_CONTEXT(2) 
PARAMETRIC_REPRESENTATION_CONTEXT() REPRESENTATION_CONTEXT('2D SPACE',''
  ) );
#4175 = PCURVE('',#495,#4176);
#4176 = DEFINITIONAL_REPRESENTATION('',(#4177),#4181);
#4177 = LINE('',#4178,#4179);
#4178 = CARTESIAN_POINT('',(0.,2.2));
#4179 = VECTOR('',#4180,1.);
#4180 = DIRECTION('',(1.,0.));
#4181 = ( GEOMETRIC_REPRESENTATION_CONTEXT(2) 
PARAMETRIC_REPRESENTATION_CONTEXT() REPRESENTATION_CONTEXT('2D SPACE',''
  ) );
#4182 = ORIENTED_EDGE('',*,*,#2516,.F.);
#4183 = ADVANCED_FACE('',(#4184),#469,.T.);
#4184 = FACE_BOUND('',#4185,.T.);
#4185 = EDGE_LOOP('',(#4186,#4187,#4188,#4209));
#4186 = ORIENTED_EDGE('',*,*,#4135,.F.);
#4187 = ORIENTED_EDGE('',*,*,#454,.T.);
#4188 = ORIENTED_EDGE('',*,*,#4189,.T.);
#4189 = EDGE_CURVE('',#455,#2475,#4190,.T.);
#4190 = SURFACE_CURVE('',#4191,(#4195,#4202),.PCURVE_S1.);
#4191 = LINE('',#4192,#4193);
#4192 = CARTESIAN_POINT('',(-73.46839456528,-155.9170452516,-0.1));
#4193 = VECTOR('',#4194,1.);
#4194 = DIRECTION('',(0.,0.,1.));
#4195 = PCURVE('',#469,#4196);
#4196 = DEFINITIONAL_REPRESENTATION('',(#4197),#4201);
#4197 = LINE('',#4198,#4199);
#4198 = CARTESIAN_POINT('',(0.,-48.6));
#4199 = VECTOR('',#4200,1.);
#4200 = DIRECTION('',(1.,0.));
#4201 = ( GEOMETRIC_REPRESENTATION_CONTEXT(2) 
PARAMETRIC_REPRESENTATION_CONTEXT() REPRESENTATION_CONTEXT('2D SPACE',''
  ) );
#4202 = PCURVE('',#495,#4203);
#4203 = DEFINITIONAL_REPRESENTATION('',(#4204),#4208);
#4204 = LINE('',#4205,#4206);
#4205 = CARTESIAN_POINT('',(0.,0.));
#4206 = VECTOR('',#4207,1.);
#4207 = DIRECTION('',(1.,0.));
#4208 = ( GEOMETRIC_REPRESENTATION_CONTEXT(2) 
PARAMETRIC_REPRESENTATION_CONTEXT() REPRESENTATION_CONTEXT('2D SPACE',''
  ) );
#4209 = ORIENTED_EDGE('',*,*,#2474,.F.);
#4210 = ADVANCED_FACE('',(#4211),#495,.F.);
#4211 = FACE_BOUND('',#4212,.F.);
#4212 = EDGE_LOOP('',(#4213,#4214,#4215,#4216));
#4213 = ORIENTED_EDGE('',*,*,#4162,.F.);
#4214 = ORIENTED_EDGE('',*,*,#480,.T.);
#4215 = ORIENTED_EDGE('',*,*,#4189,.T.);
#4216 = ORIENTED_EDGE('',*,*,#2495,.F.);
#4217 = ADVANCED_FACE('',(#4218),#549,.T.);
#4218 = FACE_BOUND('',#4219,.T.);
#4219 = EDGE_LOOP('',(#4220,#4241,#4242,#4263));
#4220 = ORIENTED_EDGE('',*,*,#4221,.F.);
#4221 = EDGE_CURVE('',#533,#2538,#4222,.T.);
#4222 = SURFACE_CURVE('',#4223,(#4227,#4234),.PCURVE_S1.);
#4223 = LINE('',#4224,#4225);
#4224 = CARTESIAN_POINT('',(-157.4726801702,-75.02402948389,-0.1));
#4225 = VECTOR('',#4226,1.);
#4226 = DIRECTION('',(0.,0.,1.));
#4227 = PCURVE('',#549,#4228);
#4228 = DEFINITIONAL_REPRESENTATION('',(#4229),#4233);
#4229 = LINE('',#4230,#4231);
#4230 = CARTESIAN_POINT('',(0.,2.2));
#4231 = VECTOR('',#4232,1.);
#4232 = DIRECTION('',(1.,0.));
#4233 = ( GEOMETRIC_REPRESENTATION_CONTEXT(2) 
PARAMETRIC_REPRESENTATION_CONTEXT() REPRESENTATION_CONTEXT('2D SPACE',''
  ) );
#4234 = PCURVE('',#625,#4235);
#4235 = DEFINITIONAL_REPRESENTATION('',(#4236),#4240);
#4236 = LINE('',#4237,#4238);
#4237 = CARTESIAN_POINT('',(0.,0.));
#4238 = VECTOR('',#4239,1.);
#4239 = DIRECTION('',(1.,0.));
#4240 = ( GEOMETRIC_REPRESENTATION_CONTEXT(2) 
PARAMETRIC_REPRESENTATION_CONTEXT() REPRESENTATION_CONTEXT('2D SPACE',''
  ) );
#4241 = ORIENTED_EDGE('',*,*,#532,.T.);
#4242 = ORIENTED_EDGE('',*,*,#4243,.T.);
#4243 = EDGE_CURVE('',#535,#2540,#4244,.T.);
#4244 = SURFACE_CURVE('',#4245,(#4249,#4256),.PCURVE_S1.);
#4245 = LINE('',#4246,#4247);
#4246 = CARTESIAN_POINT('',(-155.9170452516,-73.46839456528,-0.1));
#4247 = VECTOR('',#4248,1.);
#4248 = DIRECTION('',(0.,0.,1.));
#4249 = PCURVE('',#549,#4250);
#4250 = DEFINITIONAL_REPRESENTATION('',(#4251),#4255);
#4251 = LINE('',#4252,#4253);
#4252 = CARTESIAN_POINT('',(0.,0.));
#4253 = VECTOR('',#4254,1.);
#4254 = DIRECTION('',(1.,0.));
#4255 = ( GEOMETRIC_REPRESENTATION_CONTEXT(2) 
PARAMETRIC_REPRESENTATION_CONTEXT() REPRESENTATION_CONTEXT('2D SPACE',''
  ) );
#4256 = PCURVE('',#575,#4257);
#4257 = DEFINITIONAL_REPRESENTATION('',(#4258),#4262);
#4258 = LINE('',#4259,#4260);
#4259 = CARTESIAN_POINT('',(0.,0.));
#4260 = VECTOR('',#4261,1.);
#4261 = DIRECTION('',(1.,0.));
#4262 = ( GEOMETRIC_REPRESENTATION_CONTEXT(2) 
PARAMETRIC_REPRESENTATION_CONTEXT() REPRESENTATION_CONTEXT('2D SPACE',''
  ) );
#4263 = ORIENTED_EDGE('',*,*,#2537,.F.);
#4264 = ADVANCED_FACE('',(#4265),#625,.F.);
#4265 = FACE_BOUND('',#4266,.F.);
#4266 = EDGE_LOOP('',(#4267,#4268,#4269,#4290));
#4267 = ORIENTED_EDGE('',*,*,#4221,.F.);
#4268 = ORIENTED_EDGE('',*,*,#612,.T.);
#4269 = ORIENTED_EDGE('',*,*,#4270,.T.);
#4270 = EDGE_CURVE('',#587,#2582,#4271,.T.);
#4271 = SURFACE_CURVE('',#4272,(#4276,#4283),.PCURVE_S1.);
#4272 = LINE('',#4273,#4274);
#4273 = CARTESIAN_POINT('',(-123.1072906045,-109.3894190495,-0.1));
#4274 = VECTOR('',#4275,1.);
#4275 = DIRECTION('',(0.,0.,1.));
#4276 = PCURVE('',#625,#4277);
#4277 = DEFINITIONAL_REPRESENTATION('',(#4278),#4282);
#4278 = LINE('',#4279,#4280);
#4279 = CARTESIAN_POINT('',(0.,-48.6));
#4280 = VECTOR('',#4281,1.);
#4281 = DIRECTION('',(1.,0.));
#4282 = ( GEOMETRIC_REPRESENTATION_CONTEXT(2) 
PARAMETRIC_REPRESENTATION_CONTEXT() REPRESENTATION_CONTEXT('2D SPACE',''
  ) );
#4283 = PCURVE('',#601,#4284);
#4284 = DEFINITIONAL_REPRESENTATION('',(#4285),#4289);
#4285 = LINE('',#4286,#4287);
#4286 = CARTESIAN_POINT('',(0.,2.2));
#4287 = VECTOR('',#4288,1.);
#4288 = DIRECTION('',(1.,0.));
#4289 = ( GEOMETRIC_REPRESENTATION_CONTEXT(2) 
PARAMETRIC_REPRESENTATION_CONTEXT() REPRESENTATION_CONTEXT('2D SPACE',''
  ) );
#4290 = ORIENTED_EDGE('',*,*,#2602,.F.);
#4291 = ADVANCED_FACE('',(#4292),#575,.T.);
#4292 = FACE_BOUND('',#4293,.T.);
#4293 = EDGE_LOOP('',(#4294,#4295,#4296,#4317));
#4294 = ORIENTED_EDGE('',*,*,#4243,.F.);
#4295 = ORIENTED_EDGE('',*,*,#560,.T.);
#4296 = ORIENTED_EDGE('',*,*,#4297,.T.);
#4297 = EDGE_CURVE('',#561,#2561,#4298,.T.);
#4298 = SURFACE_CURVE('',#4299,(#4303,#4310),.PCURVE_S1.);
#4299 = LINE('',#4300,#4301);
#4300 = CARTESIAN_POINT('',(-121.5516556859,-107.8337841309,-0.1));
#4301 = VECTOR('',#4302,1.);
#4302 = DIRECTION('',(0.,0.,1.));
#4303 = PCURVE('',#575,#4304);
#4304 = DEFINITIONAL_REPRESENTATION('',(#4305),#4309);
#4305 = LINE('',#4306,#4307);
#4306 = CARTESIAN_POINT('',(0.,-48.6));
#4307 = VECTOR('',#4308,1.);
#4308 = DIRECTION('',(1.,0.));
#4309 = ( GEOMETRIC_REPRESENTATION_CONTEXT(2) 
PARAMETRIC_REPRESENTATION_CONTEXT() REPRESENTATION_CONTEXT('2D SPACE',''
  ) );
#4310 = PCURVE('',#601,#4311);
#4311 = DEFINITIONAL_REPRESENTATION('',(#4312),#4316);
#4312 = LINE('',#4313,#4314);
#4313 = CARTESIAN_POINT('',(0.,0.));
#4314 = VECTOR('',#4315,1.);
#4315 = DIRECTION('',(1.,0.));
#4316 = ( GEOMETRIC_REPRESENTATION_CONTEXT(2) 
PARAMETRIC_REPRESENTATION_CONTEXT() REPRESENTATION_CONTEXT('2D SPACE',''
  ) );
#4317 = ORIENTED_EDGE('',*,*,#2560,.F.);
#4318 = ADVANCED_FACE('',(#4319),#601,.F.);
#4319 = FACE_BOUND('',#4320,.F.);
#4320 = EDGE_LOOP('',(#4321,#4322,#4323,#4324));
#4321 = ORIENTED_EDGE('',*,*,#4270,.F.);
#4322 = ORIENTED_EDGE('',*,*,#586,.T.);
#4323 = ORIENTED_EDGE('',*,*,#4297,.T.);
#4324 = ORIENTED_EDGE('',*,*,#2581,.F.);
#4325 = ADVANCED_FACE('',(#4326),#655,.T.);
#4326 = FACE_BOUND('',#4327,.T.);
#4327 = EDGE_LOOP('',(#4328,#4349,#4350,#4371));
#4328 = ORIENTED_EDGE('',*,*,#4329,.F.);
#4329 = EDGE_CURVE('',#639,#2624,#4330,.T.);
#4330 = SURFACE_CURVE('',#4331,(#4335,#4342),.PCURVE_S1.);
#4331 = LINE('',#4332,#4333);
#4332 = CARTESIAN_POINT('',(-58.3,-164.4,-0.1));
#4333 = VECTOR('',#4334,1.);
#4334 = DIRECTION('',(0.,0.,1.));
#4335 = PCURVE('',#655,#4336);
#4336 = DEFINITIONAL_REPRESENTATION('',(#4337),#4341);
#4337 = LINE('',#4338,#4339);
#4338 = CARTESIAN_POINT('',(0.,2.2));
#4339 = VECTOR('',#4340,1.);
#4340 = DIRECTION('',(1.,0.));
#4341 = ( GEOMETRIC_REPRESENTATION_CONTEXT(2) 
PARAMETRIC_REPRESENTATION_CONTEXT() REPRESENTATION_CONTEXT('2D SPACE',''
  ) );
#4342 = PCURVE('',#731,#4343);
#4343 = DEFINITIONAL_REPRESENTATION('',(#4344),#4348);
#4344 = LINE('',#4345,#4346);
#4345 = CARTESIAN_POINT('',(0.,0.));
#4346 = VECTOR('',#4347,1.);
#4347 = DIRECTION('',(1.,0.));
#4348 = ( GEOMETRIC_REPRESENTATION_CONTEXT(2) 
PARAMETRIC_REPRESENTATION_CONTEXT() REPRESENTATION_CONTEXT('2D SPACE',''
  ) );
#4349 = ORIENTED_EDGE('',*,*,#638,.T.);
#4350 = ORIENTED_EDGE('',*,*,#4351,.T.);
#4351 = EDGE_CURVE('',#641,#2626,#4352,.T.);
#4352 = SURFACE_CURVE('',#4353,(#4357,#4364),.PCURVE_S1.);
#4353 = LINE('',#4354,#4355);
#4354 = CARTESIAN_POINT('',(-58.3,-162.2,-0.1));
#4355 = VECTOR('',#4356,1.);
#4356 = DIRECTION('',(0.,0.,1.));
#4357 = PCURVE('',#655,#4358);
#4358 = DEFINITIONAL_REPRESENTATION('',(#4359),#4363);
#4359 = LINE('',#4360,#4361);
#4360 = CARTESIAN_POINT('',(0.,0.));
#4361 = VECTOR('',#4362,1.);
#4362 = DIRECTION('',(1.,0.));
#4363 = ( GEOMETRIC_REPRESENTATION_CONTEXT(2) 
PARAMETRIC_REPRESENTATION_CONTEXT() REPRESENTATION_CONTEXT('2D SPACE',''
  ) );
#4364 = PCURVE('',#681,#4365);
#4365 = DEFINITIONAL_REPRESENTATION('',(#4366),#4370);
#4366 = LINE('',#4367,#4368);
#4367 = CARTESIAN_POINT('',(0.,0.));
#4368 = VECTOR('',#4369,1.);
#4369 = DIRECTION('',(1.,0.));
#4370 = ( GEOMETRIC_REPRESENTATION_CONTEXT(2) 
PARAMETRIC_REPRESENTATION_CONTEXT() REPRESENTATION_CONTEXT('2D SPACE',''
  ) );
#4371 = ORIENTED_EDGE('',*,*,#2623,.F.);
#4372 = ADVANCED_FACE('',(#4373),#731,.F.);
#4373 = FACE_BOUND('',#4374,.F.);
#4374 = EDGE_LOOP('',(#4375,#4376,#4377,#4398));
#4375 = ORIENTED_EDGE('',*,*,#4329,.F.);
#4376 = ORIENTED_EDGE('',*,*,#718,.T.);
#4377 = ORIENTED_EDGE('',*,*,#4378,.T.);
#4378 = EDGE_CURVE('',#693,#2668,#4379,.T.);
#4379 = SURFACE_CURVE('',#4380,(#4384,#4391),.PCURVE_S1.);
#4380 = LINE('',#4381,#4382);
#4381 = CARTESIAN_POINT('',(-9.7,-164.4,-0.1));
#4382 = VECTOR('',#4383,1.);
#4383 = DIRECTION('',(0.,0.,1.));
#4384 = PCURVE('',#731,#4385);
#4385 = DEFINITIONAL_REPRESENTATION('',(#4386),#4390);
#4386 = LINE('',#4387,#4388);
#4387 = CARTESIAN_POINT('',(0.,-48.6));
#4388 = VECTOR('',#4389,1.);
#4389 = DIRECTION('',(1.,0.));
#4390 = ( GEOMETRIC_REPRESENTATION_CONTEXT(2) 
PARAMETRIC_REPRESENTATION_CONTEXT() REPRESENTATION_CONTEXT('2D SPACE',''
  ) );
#4391 = PCURVE('',#707,#4392);
#4392 = DEFINITIONAL_REPRESENTATION('',(#4393),#4397);
#4393 = LINE('',#4394,#4395);
#4394 = CARTESIAN_POINT('',(0.,2.2));
#4395 = VECTOR('',#4396,1.);
#4396 = DIRECTION('',(1.,0.));
#4397 = ( GEOMETRIC_REPRESENTATION_CONTEXT(2) 
PARAMETRIC_REPRESENTATION_CONTEXT() REPRESENTATION_CONTEXT('2D SPACE',''
  ) );
#4398 = ORIENTED_EDGE('',*,*,#2688,.F.);
#4399 = ADVANCED_FACE('',(#4400),#681,.T.);
#4400 = FACE_BOUND('',#4401,.T.);
#4401 = EDGE_LOOP('',(#4402,#4403,#4404,#4425));
#4402 = ORIENTED_EDGE('',*,*,#4351,.F.);
#4403 = ORIENTED_EDGE('',*,*,#666,.T.);
#4404 = ORIENTED_EDGE('',*,*,#4405,.T.);
#4405 = EDGE_CURVE('',#667,#2647,#4406,.T.);
#4406 = SURFACE_CURVE('',#4407,(#4411,#4418),.PCURVE_S1.);
#4407 = LINE('',#4408,#4409);
#4408 = CARTESIAN_POINT('',(-9.7,-162.2,-0.1));
#4409 = VECTOR('',#4410,1.);
#4410 = DIRECTION('',(0.,0.,1.));
#4411 = PCURVE('',#681,#4412);
#4412 = DEFINITIONAL_REPRESENTATION('',(#4413),#4417);
#4413 = LINE('',#4414,#4415);
#4414 = CARTESIAN_POINT('',(0.,-48.6));
#4415 = VECTOR('',#4416,1.);
#4416 = DIRECTION('',(1.,0.));
#4417 = ( GEOMETRIC_REPRESENTATION_CONTEXT(2) 
PARAMETRIC_REPRESENTATION_CONTEXT() REPRESENTATION_CONTEXT('2D SPACE',''
  ) );
#4418 = PCURVE('',#707,#4419);
#4419 = DEFINITIONAL_REPRESENTATION('',(#4420),#4424);
#4420 = LINE('',#4421,#4422);
#4421 = CARTESIAN_POINT('',(0.,0.));
#4422 = VECTOR('',#4423,1.);
#4423 = DIRECTION('',(1.,0.));
#4424 = ( GEOMETRIC_REPRESENTATION_CONTEXT(2) 
PARAMETRIC_REPRESENTATION_CONTEXT() REPRESENTATION_CONTEXT('2D SPACE',''
  ) );
#4425 = ORIENTED_EDGE('',*,*,#2646,.F.);
#4426 = ADVANCED_FACE('',(#4427),#707,.F.);
#4427 = FACE_BOUND('',#4428,.F.);
#4428 = EDGE_LOOP('',(#4429,#4430,#4431,#4432));
#4429 = ORIENTED_EDGE('',*,*,#4378,.F.);
#4430 = ORIENTED_EDGE('',*,*,#692,.T.);
#4431 = ORIENTED_EDGE('',*,*,#4405,.T.);
#4432 = ORIENTED_EDGE('',*,*,#2667,.F.);
#4433 = ADVANCED_FACE('',(#4434),#761,.T.);
#4434 = FACE_BOUND('',#4435,.T.);
#4435 = EDGE_LOOP('',(#4436,#4457,#4458,#4479));
#4436 = ORIENTED_EDGE('',*,*,#4437,.F.);
#4437 = EDGE_CURVE('',#745,#2710,#4438,.T.);
#4438 = SURFACE_CURVE('',#4439,(#4443,#4450),.PCURVE_S1.);
#4439 = LINE('',#4440,#4441);
#4440 = CARTESIAN_POINT('',(-164.4,-9.7,-0.1));
#4441 = VECTOR('',#4442,1.);
#4442 = DIRECTION('',(0.,0.,1.));
#4443 = PCURVE('',#761,#4444);
#4444 = DEFINITIONAL_REPRESENTATION('',(#4445),#4449);
#4445 = LINE('',#4446,#4447);
#4446 = CARTESIAN_POINT('',(0.,2.2));
#4447 = VECTOR('',#4448,1.);
#4448 = DIRECTION('',(1.,0.));
#4449 = ( GEOMETRIC_REPRESENTATION_CONTEXT(2) 
PARAMETRIC_REPRESENTATION_CONTEXT() REPRESENTATION_CONTEXT('2D SPACE',''
  ) );
#4450 = PCURVE('',#837,#4451);
#4451 = DEFINITIONAL_REPRESENTATION('',(#4452),#4456);
#4452 = LINE('',#4453,#4454);
#4453 = CARTESIAN_POINT('',(0.,0.));
#4454 = VECTOR('',#4455,1.);
#4455 = DIRECTION('',(1.,0.));
#4456 = ( GEOMETRIC_REPRESENTATION_CONTEXT(2) 
PARAMETRIC_REPRESENTATION_CONTEXT() REPRESENTATION_CONTEXT('2D SPACE',''
  ) );
#4457 = ORIENTED_EDGE('',*,*,#744,.T.);
#4458 = ORIENTED_EDGE('',*,*,#4459,.T.);
#4459 = EDGE_CURVE('',#747,#2712,#4460,.T.);
#4460 = SURFACE_CURVE('',#4461,(#4465,#4472),.PCURVE_S1.);
#4461 = LINE('',#4462,#4463);
#4462 = CARTESIAN_POINT('',(-162.2,-9.7,-0.1));
#4463 = VECTOR('',#4464,1.);
#4464 = DIRECTION('',(0.,0.,1.));
#4465 = PCURVE('',#761,#4466);
#4466 = DEFINITIONAL_REPRESENTATION('',(#4467),#4471);
#4467 = LINE('',#4468,#4469);
#4468 = CARTESIAN_POINT('',(0.,0.));
#4469 = VECTOR('',#4470,1.);
#4470 = DIRECTION('',(1.,0.));
#4471 = ( GEOMETRIC_REPRESENTATION_CONTEXT(2) 
PARAMETRIC_REPRESENTATION_CONTEXT() REPRESENTATION_CONTEXT('2D SPACE',''
  ) );
#4472 = PCURVE('',#787,#4473);
#4473 = DEFINITIONAL_REPRESENTATION('',(#4474),#4478);
#4474 = LINE('',#4475,#4476);
#4475 = CARTESIAN_POINT('',(0.,0.));
#4476 = VECTOR('',#4477,1.);
#4477 = DIRECTION('',(1.,0.));
#4478 = ( GEOMETRIC_REPRESENTATION_CONTEXT(2) 
PARAMETRIC_REPRESENTATION_CONTEXT() REPRESENTATION_CONTEXT('2D SPACE',''
  ) );
#4479 = ORIENTED_EDGE('',*,*,#2709,.F.);
#4480 = ADVANCED_FACE('',(#4481),#837,.F.);
#4481 = FACE_BOUND('',#4482,.F.);
#4482 = EDGE_LOOP('',(#4483,#4484,#4485,#4506));
#4483 = ORIENTED_EDGE('',*,*,#4437,.F.);
#4484 = ORIENTED_EDGE('',*,*,#824,.T.);
#4485 = ORIENTED_EDGE('',*,*,#4486,.T.);
#4486 = EDGE_CURVE('',#799,#2754,#4487,.T.);
#4487 = SURFACE_CURVE('',#4488,(#4492,#4499),.PCURVE_S1.);
#4488 = LINE('',#4489,#4490);
#4489 = CARTESIAN_POINT('',(-164.4,-58.3,-0.1));
#4490 = VECTOR('',#4491,1.);
#4491 = DIRECTION('',(0.,0.,1.));
#4492 = PCURVE('',#837,#4493);
#4493 = DEFINITIONAL_REPRESENTATION('',(#4494),#4498);
#4494 = LINE('',#4495,#4496);
#4495 = CARTESIAN_POINT('',(0.,-48.6));
#4496 = VECTOR('',#4497,1.);
#4497 = DIRECTION('',(1.,0.));
#4498 = ( GEOMETRIC_REPRESENTATION_CONTEXT(2) 
PARAMETRIC_REPRESENTATION_CONTEXT() REPRESENTATION_CONTEXT('2D SPACE',''
  ) );
#4499 = PCURVE('',#813,#4500);
#4500 = DEFINITIONAL_REPRESENTATION('',(#4501),#4505);
#4501 = LINE('',#4502,#4503);
#4502 = CARTESIAN_POINT('',(0.,2.2));
#4503 = VECTOR('',#4504,1.);
#4504 = DIRECTION('',(1.,0.));
#4505 = ( GEOMETRIC_REPRESENTATION_CONTEXT(2) 
PARAMETRIC_REPRESENTATION_CONTEXT() REPRESENTATION_CONTEXT('2D SPACE',''
  ) );
#4506 = ORIENTED_EDGE('',*,*,#2774,.F.);
#4507 = ADVANCED_FACE('',(#4508),#787,.T.);
#4508 = FACE_BOUND('',#4509,.T.);
#4509 = EDGE_LOOP('',(#4510,#4511,#4512,#4533));
#4510 = ORIENTED_EDGE('',*,*,#4459,.F.);
#4511 = ORIENTED_EDGE('',*,*,#772,.T.);
#4512 = ORIENTED_EDGE('',*,*,#4513,.T.);
#4513 = EDGE_CURVE('',#773,#2733,#4514,.T.);
#4514 = SURFACE_CURVE('',#4515,(#4519,#4526),.PCURVE_S1.);
#4515 = LINE('',#4516,#4517);
#4516 = CARTESIAN_POINT('',(-162.2,-58.3,-0.1));
#4517 = VECTOR('',#4518,1.);
#4518 = DIRECTION('',(0.,0.,1.));
#4519 = PCURVE('',#787,#4520);
#4520 = DEFINITIONAL_REPRESENTATION('',(#4521),#4525);
#4521 = LINE('',#4522,#4523);
#4522 = CARTESIAN_POINT('',(0.,-48.6));
#4523 = VECTOR('',#4524,1.);
#4524 = DIRECTION('',(1.,0.));
#4525 = ( GEOMETRIC_REPRESENTATION_CONTEXT(2) 
PARAMETRIC_REPRESENTATION_CONTEXT() REPRESENTATION_CONTEXT('2D SPACE',''
  ) );
#4526 = PCURVE('',#813,#4527);
#4527 = DEFINITIONAL_REPRESENTATION('',(#4528),#4532);
#4528 = LINE('',#4529,#4530);
#4529 = CARTESIAN_POINT('',(0.,0.));
#4530 = VECTOR('',#4531,1.);
#4531 = DIRECTION('',(1.,0.));
#4532 = ( GEOMETRIC_REPRESENTATION_CONTEXT(2) 
PARAMETRIC_REPRESENTATION_CONTEXT() REPRESENTATION_CONTEXT('2D SPACE',''
  ) );
#4533 = ORIENTED_EDGE('',*,*,#2732,.F.);
#4534 = ADVANCED_FACE('',(#4535),#813,.F.);
#4535 = FACE_BOUND('',#4536,.F.);
#4536 = EDGE_LOOP('',(#4537,#4538,#4539,#4540));
#4537 = ORIENTED_EDGE('',*,*,#4486,.F.);
#4538 = ORIENTED_EDGE('',*,*,#798,.T.);
#4539 = ORIENTED_EDGE('',*,*,#4513,.T.);
#4540 = ORIENTED_EDGE('',*,*,#2753,.F.);
#4541 = ADVANCED_FACE('',(#4542),#867,.T.);
#4542 = FACE_BOUND('',#4543,.T.);
#4543 = EDGE_LOOP('',(#4544,#4565,#4566,#4587));
#4544 = ORIENTED_EDGE('',*,*,#4545,.F.);
#4545 = EDGE_CURVE('',#851,#2796,#4546,.T.);
#4546 = SURFACE_CURVE('',#4547,(#4551,#4558),.PCURVE_S1.);
#4547 = LINE('',#4548,#4549);
#4548 = CARTESIAN_POINT('',(9.7,-164.4,-0.1));
#4549 = VECTOR('',#4550,1.);
#4550 = DIRECTION('',(0.,0.,1.));
#4551 = PCURVE('',#867,#4552);
#4552 = DEFINITIONAL_REPRESENTATION('',(#4553),#4557);
#4553 = LINE('',#4554,#4555);
#4554 = CARTESIAN_POINT('',(0.,2.2));
#4555 = VECTOR('',#4556,1.);
#4556 = DIRECTION('',(1.,0.));
#4557 = ( GEOMETRIC_REPRESENTATION_CONTEXT(2) 
PARAMETRIC_REPRESENTATION_CONTEXT() REPRESENTATION_CONTEXT('2D SPACE',''
  ) );
#4558 = PCURVE('',#943,#4559);
#4559 = DEFINITIONAL_REPRESENTATION('',(#4560),#4564);
#4560 = LINE('',#4561,#4562);
#4561 = CARTESIAN_POINT('',(0.,0.));
#4562 = VECTOR('',#4563,1.);
#4563 = DIRECTION('',(1.,0.));
#4564 = ( GEOMETRIC_REPRESENTATION_CONTEXT(2) 
PARAMETRIC_REPRESENTATION_CONTEXT() REPRESENTATION_CONTEXT('2D SPACE',''
  ) );
#4565 = ORIENTED_EDGE('',*,*,#850,.T.);
#4566 = ORIENTED_EDGE('',*,*,#4567,.T.);
#4567 = EDGE_CURVE('',#853,#2798,#4568,.T.);
#4568 = SURFACE_CURVE('',#4569,(#4573,#4580),.PCURVE_S1.);
#4569 = LINE('',#4570,#4571);
#4570 = CARTESIAN_POINT('',(9.7,-162.2,-0.1));
#4571 = VECTOR('',#4572,1.);
#4572 = DIRECTION('',(0.,0.,1.));
#4573 = PCURVE('',#867,#4574);
#4574 = DEFINITIONAL_REPRESENTATION('',(#4575),#4579);
#4575 = LINE('',#4576,#4577);
#4576 = CARTESIAN_POINT('',(0.,0.));
#4577 = VECTOR('',#4578,1.);
#4578 = DIRECTION('',(1.,0.));
#4579 = ( GEOMETRIC_REPRESENTATION_CONTEXT(2) 
PARAMETRIC_REPRESENTATION_CONTEXT() REPRESENTATION_CONTEXT('2D SPACE',''
  ) );
#4580 = PCURVE('',#893,#4581);
#4581 = DEFINITIONAL_REPRESENTATION('',(#4582),#4586);
#4582 = LINE('',#4583,#4584);
#4583 = CARTESIAN_POINT('',(0.,0.));
#4584 = VECTOR('',#4585,1.);
#4585 = DIRECTION('',(1.,0.));
#4586 = ( GEOMETRIC_REPRESENTATION_CONTEXT(2) 
PARAMETRIC_REPRESENTATION_CONTEXT() REPRESENTATION_CONTEXT('2D SPACE',''
  ) );
#4587 = ORIENTED_EDGE('',*,*,#2795,.F.);
#4588 = ADVANCED_FACE('',(#4589),#943,.F.);
#4589 = FACE_BOUND('',#4590,.F.);
#4590 = EDGE_LOOP('',(#4591,#4592,#4593,#4614));
#4591 = ORIENTED_EDGE('',*,*,#4545,.F.);
#4592 = ORIENTED_EDGE('',*,*,#930,.T.);
#4593 = ORIENTED_EDGE('',*,*,#4594,.T.);
#4594 = EDGE_CURVE('',#905,#2840,#4595,.T.);
#4595 = SURFACE_CURVE('',#4596,(#4600,#4607),.PCURVE_S1.);
#4596 = LINE('',#4597,#4598);
#4597 = CARTESIAN_POINT('',(58.3,-164.4,-0.1));
#4598 = VECTOR('',#4599,1.);
#4599 = DIRECTION('',(0.,0.,1.));
#4600 = PCURVE('',#943,#4601);
#4601 = DEFINITIONAL_REPRESENTATION('',(#4602),#4606);
#4602 = LINE('',#4603,#4604);
#4603 = CARTESIAN_POINT('',(0.,-48.6));
#4604 = VECTOR('',#4605,1.);
#4605 = DIRECTION('',(1.,0.));
#4606 = ( GEOMETRIC_REPRESENTATION_CONTEXT(2) 
PARAMETRIC_REPRESENTATION_CONTEXT() REPRESENTATION_CONTEXT('2D SPACE',''
  ) );
#4607 = PCURVE('',#919,#4608);
#4608 = DEFINITIONAL_REPRESENTATION('',(#4609),#4613);
#4609 = LINE('',#4610,#4611);
#4610 = CARTESIAN_POINT('',(0.,2.2));
#4611 = VECTOR('',#4612,1.);
#4612 = DIRECTION('',(1.,0.));
#4613 = ( GEOMETRIC_REPRESENTATION_CONTEXT(2) 
PARAMETRIC_REPRESENTATION_CONTEXT() REPRESENTATION_CONTEXT('2D SPACE',''
  ) );
#4614 = ORIENTED_EDGE('',*,*,#2860,.F.);
#4615 = ADVANCED_FACE('',(#4616),#893,.T.);
#4616 = FACE_BOUND('',#4617,.T.);
#4617 = EDGE_LOOP('',(#4618,#4619,#4620,#4641));
#4618 = ORIENTED_EDGE('',*,*,#4567,.F.);
#4619 = ORIENTED_EDGE('',*,*,#878,.T.);
#4620 = ORIENTED_EDGE('',*,*,#4621,.T.);
#4621 = EDGE_CURVE('',#879,#2819,#4622,.T.);
#4622 = SURFACE_CURVE('',#4623,(#4627,#4634),.PCURVE_S1.);
#4623 = LINE('',#4624,#4625);
#4624 = CARTESIAN_POINT('',(58.3,-162.2,-0.1));
#4625 = VECTOR('',#4626,1.);
#4626 = DIRECTION('',(0.,0.,1.));
#4627 = PCURVE('',#893,#4628);
#4628 = DEFINITIONAL_REPRESENTATION('',(#4629),#4633);
#4629 = LINE('',#4630,#4631);
#4630 = CARTESIAN_POINT('',(0.,-48.6));
#4631 = VECTOR('',#4632,1.);
#4632 = DIRECTION('',(1.,0.));
#4633 = ( GEOMETRIC_REPRESENTATION_CONTEXT(2) 
PARAMETRIC_REPRESENTATION_CONTEXT() REPRESENTATION_CONTEXT('2D SPACE',''
  ) );
#4634 = PCURVE('',#919,#4635);
#4635 = DEFINITIONAL_REPRESENTATION('',(#4636),#4640);
#4636 = LINE('',#4637,#4638);
#4637 = CARTESIAN_POINT('',(0.,0.));
#4638 = VECTOR('',#4639,1.);
#4639 = DIRECTION('',(1.,0.));
#4640 = ( GEOMETRIC_REPRESENTATION_CONTEXT(2) 
PARAMETRIC_REPRESENTATION_CONTEXT() REPRESENTATION_CONTEXT('2D SPACE',''
  ) );
#4641 = ORIENTED_EDGE('',*,*,#2818,.F.);
#4642 = ADVANCED_FACE('',(#4643),#919,.F.);
#4643 = FACE_BOUND('',#4644,.F.);
#4644 = EDGE_LOOP('',(#4645,#4646,#4647,#4648));
#4645 = ORIENTED_EDGE('',*,*,#4594,.F.);
#4646 = ORIENTED_EDGE('',*,*,#904,.T.);
#4647 = ORIENTED_EDGE('',*,*,#4621,.T.);
#4648 = ORIENTED_EDGE('',*,*,#2839,.F.);
#4649 = ADVANCED_FACE('',(#4650),#973,.T.);
#4650 = FACE_BOUND('',#4651,.T.);
#4651 = EDGE_LOOP('',(#4652,#4673,#4674,#4695));
#4652 = ORIENTED_EDGE('',*,*,#4653,.F.);
#4653 = EDGE_CURVE('',#957,#2882,#4654,.T.);
#4654 = SURFACE_CURVE('',#4655,(#4659,#4666),.PCURVE_S1.);
#4655 = LINE('',#4656,#4657);
#4656 = CARTESIAN_POINT('',(75.024029483893,-157.4726801702,-0.1));
#4657 = VECTOR('',#4658,1.);
#4658 = DIRECTION('',(0.,0.,1.));
#4659 = PCURVE('',#973,#4660);
#4660 = DEFINITIONAL_REPRESENTATION('',(#4661),#4665);
#4661 = LINE('',#4662,#4663);
#4662 = CARTESIAN_POINT('',(0.,2.2));
#4663 = VECTOR('',#4664,1.);
#4664 = DIRECTION('',(1.,0.));
#4665 = ( GEOMETRIC_REPRESENTATION_CONTEXT(2) 
PARAMETRIC_REPRESENTATION_CONTEXT() REPRESENTATION_CONTEXT('2D SPACE',''
  ) );
#4666 = PCURVE('',#1049,#4667);
#4667 = DEFINITIONAL_REPRESENTATION('',(#4668),#4672);
#4668 = LINE('',#4669,#4670);
#4669 = CARTESIAN_POINT('',(0.,0.));
#4670 = VECTOR('',#4671,1.);
#4671 = DIRECTION('',(1.,0.));
#4672 = ( GEOMETRIC_REPRESENTATION_CONTEXT(2) 
PARAMETRIC_REPRESENTATION_CONTEXT() REPRESENTATION_CONTEXT('2D SPACE',''
  ) );
#4673 = ORIENTED_EDGE('',*,*,#956,.T.);
#4674 = ORIENTED_EDGE('',*,*,#4675,.T.);
#4675 = EDGE_CURVE('',#959,#2884,#4676,.T.);
#4676 = SURFACE_CURVE('',#4677,(#4681,#4688),.PCURVE_S1.);
#4677 = LINE('',#4678,#4679);
#4678 = CARTESIAN_POINT('',(73.468394565282,-155.9170452516,-0.1));
#4679 = VECTOR('',#4680,1.);
#4680 = DIRECTION('',(0.,0.,1.));
#4681 = PCURVE('',#973,#4682);
#4682 = DEFINITIONAL_REPRESENTATION('',(#4683),#4687);
#4683 = LINE('',#4684,#4685);
#4684 = CARTESIAN_POINT('',(0.,0.));
#4685 = VECTOR('',#4686,1.);
#4686 = DIRECTION('',(1.,0.));
#4687 = ( GEOMETRIC_REPRESENTATION_CONTEXT(2) 
PARAMETRIC_REPRESENTATION_CONTEXT() REPRESENTATION_CONTEXT('2D SPACE',''
  ) );
#4688 = PCURVE('',#999,#4689);
#4689 = DEFINITIONAL_REPRESENTATION('',(#4690),#4694);
#4690 = LINE('',#4691,#4692);
#4691 = CARTESIAN_POINT('',(0.,0.));
#4692 = VECTOR('',#4693,1.);
#4693 = DIRECTION('',(1.,0.));
#4694 = ( GEOMETRIC_REPRESENTATION_CONTEXT(2) 
PARAMETRIC_REPRESENTATION_CONTEXT() REPRESENTATION_CONTEXT('2D SPACE',''
  ) );
#4695 = ORIENTED_EDGE('',*,*,#2881,.F.);
#4696 = ADVANCED_FACE('',(#4697),#1049,.F.);
#4697 = FACE_BOUND('',#4698,.F.);
#4698 = EDGE_LOOP('',(#4699,#4700,#4701,#4722));
#4699 = ORIENTED_EDGE('',*,*,#4653,.F.);
#4700 = ORIENTED_EDGE('',*,*,#1036,.T.);
#4701 = ORIENTED_EDGE('',*,*,#4702,.T.);
#4702 = EDGE_CURVE('',#1011,#2926,#4703,.T.);
#4703 = SURFACE_CURVE('',#4704,(#4708,#4715),.PCURVE_S1.);
#4704 = LINE('',#4705,#4706);
#4705 = CARTESIAN_POINT('',(109.38941904955,-123.1072906045,-0.1));
#4706 = VECTOR('',#4707,1.);
#4707 = DIRECTION('',(0.,0.,1.));
#4708 = PCURVE('',#1049,#4709);
#4709 = DEFINITIONAL_REPRESENTATION('',(#4710),#4714);
#4710 = LINE('',#4711,#4712);
#4711 = CARTESIAN_POINT('',(0.,-48.6));
#4712 = VECTOR('',#4713,1.);
#4713 = DIRECTION('',(1.,0.));
#4714 = ( GEOMETRIC_REPRESENTATION_CONTEXT(2) 
PARAMETRIC_REPRESENTATION_CONTEXT() REPRESENTATION_CONTEXT('2D SPACE',''
  ) );
#4715 = PCURVE('',#1025,#4716);
#4716 = DEFINITIONAL_REPRESENTATION('',(#4717),#4721);
#4717 = LINE('',#4718,#4719);
#4718 = CARTESIAN_POINT('',(0.,2.2));
#4719 = VECTOR('',#4720,1.);
#4720 = DIRECTION('',(1.,0.));
#4721 = ( GEOMETRIC_REPRESENTATION_CONTEXT(2) 
PARAMETRIC_REPRESENTATION_CONTEXT() REPRESENTATION_CONTEXT('2D SPACE',''
  ) );
#4722 = ORIENTED_EDGE('',*,*,#2946,.F.);
#4723 = ADVANCED_FACE('',(#4724),#999,.T.);
#4724 = FACE_BOUND('',#4725,.T.);
#4725 = EDGE_LOOP('',(#4726,#4727,#4728,#4749));
#4726 = ORIENTED_EDGE('',*,*,#4675,.F.);
#4727 = ORIENTED_EDGE('',*,*,#984,.T.);
#4728 = ORIENTED_EDGE('',*,*,#4729,.T.);
#4729 = EDGE_CURVE('',#985,#2905,#4730,.T.);
#4730 = SURFACE_CURVE('',#4731,(#4735,#4742),.PCURVE_S1.);
#4731 = LINE('',#4732,#4733);
#4732 = CARTESIAN_POINT('',(107.83378413094,-121.5516556859,-0.1));
#4733 = VECTOR('',#4734,1.);
#4734 = DIRECTION('',(0.,0.,1.));
#4735 = PCURVE('',#999,#4736);
#4736 = DEFINITIONAL_REPRESENTATION('',(#4737),#4741);
#4737 = LINE('',#4738,#4739);
#4738 = CARTESIAN_POINT('',(0.,-48.6));
#4739 = VECTOR('',#4740,1.);
#4740 = DIRECTION('',(1.,0.));
#4741 = ( GEOMETRIC_REPRESENTATION_CONTEXT(2) 
PARAMETRIC_REPRESENTATION_CONTEXT() REPRESENTATION_CONTEXT('2D SPACE',''
  ) );
#4742 = PCURVE('',#1025,#4743);
#4743 = DEFINITIONAL_REPRESENTATION('',(#4744),#4748);
#4744 = LINE('',#4745,#4746);
#4745 = CARTESIAN_POINT('',(0.,0.));
#4746 = VECTOR('',#4747,1.);
#4747 = DIRECTION('',(1.,0.));
#4748 = ( GEOMETRIC_REPRESENTATION_CONTEXT(2) 
PARAMETRIC_REPRESENTATION_CONTEXT() REPRESENTATION_CONTEXT('2D SPACE',''
  ) );
#4749 = ORIENTED_EDGE('',*,*,#2904,.F.);
#4750 = ADVANCED_FACE('',(#4751),#1025,.F.);
#4751 = FACE_BOUND('',#4752,.F.);
#4752 = EDGE_LOOP('',(#4753,#4754,#4755,#4756));
#4753 = ORIENTED_EDGE('',*,*,#4702,.F.);
#4754 = ORIENTED_EDGE('',*,*,#1010,.T.);
#4755 = ORIENTED_EDGE('',*,*,#4729,.T.);
#4756 = ORIENTED_EDGE('',*,*,#2925,.F.);
#4757 = ADVANCED_FACE('',(#4758),#1079,.T.);
#4758 = FACE_BOUND('',#4759,.T.);
#4759 = EDGE_LOOP('',(#4760,#4781,#4782,#4803));
#4760 = ORIENTED_EDGE('',*,*,#4761,.F.);
#4761 = EDGE_CURVE('',#1063,#2968,#4762,.T.);
#4762 = SURFACE_CURVE('',#4763,(#4767,#4774),.PCURVE_S1.);
#4763 = LINE('',#4764,#4765);
#4764 = CARTESIAN_POINT('',(123.10729060457,-109.3894190495,-0.1));
#4765 = VECTOR('',#4766,1.);
#4766 = DIRECTION('',(0.,0.,1.));
#4767 = PCURVE('',#1079,#4768);
#4768 = DEFINITIONAL_REPRESENTATION('',(#4769),#4773);
#4769 = LINE('',#4770,#4771);
#4770 = CARTESIAN_POINT('',(0.,2.2));
#4771 = VECTOR('',#4772,1.);
#4772 = DIRECTION('',(1.,0.));
#4773 = ( GEOMETRIC_REPRESENTATION_CONTEXT(2) 
PARAMETRIC_REPRESENTATION_CONTEXT() REPRESENTATION_CONTEXT('2D SPACE',''
  ) );
#4774 = PCURVE('',#1155,#4775);
#4775 = DEFINITIONAL_REPRESENTATION('',(#4776),#4780);
#4776 = LINE('',#4777,#4778);
#4777 = CARTESIAN_POINT('',(0.,0.));
#4778 = VECTOR('',#4779,1.);
#4779 = DIRECTION('',(1.,0.));
#4780 = ( GEOMETRIC_REPRESENTATION_CONTEXT(2) 
PARAMETRIC_REPRESENTATION_CONTEXT() REPRESENTATION_CONTEXT('2D SPACE',''
  ) );
#4781 = ORIENTED_EDGE('',*,*,#1062,.T.);
#4782 = ORIENTED_EDGE('',*,*,#4783,.T.);
#4783 = EDGE_CURVE('',#1065,#2970,#4784,.T.);
#4784 = SURFACE_CURVE('',#4785,(#4789,#4796),.PCURVE_S1.);
#4785 = LINE('',#4786,#4787);
#4786 = CARTESIAN_POINT('',(121.55165568596,-107.8337841309,-0.1));
#4787 = VECTOR('',#4788,1.);
#4788 = DIRECTION('',(0.,0.,1.));
#4789 = PCURVE('',#1079,#4790);
#4790 = DEFINITIONAL_REPRESENTATION('',(#4791),#4795);
#4791 = LINE('',#4792,#4793);
#4792 = CARTESIAN_POINT('',(0.,0.));
#4793 = VECTOR('',#4794,1.);
#4794 = DIRECTION('',(1.,0.));
#4795 = ( GEOMETRIC_REPRESENTATION_CONTEXT(2) 
PARAMETRIC_REPRESENTATION_CONTEXT() REPRESENTATION_CONTEXT('2D SPACE',''
  ) );
#4796 = PCURVE('',#1105,#4797);
#4797 = DEFINITIONAL_REPRESENTATION('',(#4798),#4802);
#4798 = LINE('',#4799,#4800);
#4799 = CARTESIAN_POINT('',(0.,0.));
#4800 = VECTOR('',#4801,1.);
#4801 = DIRECTION('',(1.,0.));
#4802 = ( GEOMETRIC_REPRESENTATION_CONTEXT(2) 
PARAMETRIC_REPRESENTATION_CONTEXT() REPRESENTATION_CONTEXT('2D SPACE',''
  ) );
#4803 = ORIENTED_EDGE('',*,*,#2967,.F.);
#4804 = ADVANCED_FACE('',(#4805),#1155,.F.);
#4805 = FACE_BOUND('',#4806,.F.);
#4806 = EDGE_LOOP('',(#4807,#4808,#4809,#4830));
#4807 = ORIENTED_EDGE('',*,*,#4761,.F.);
#4808 = ORIENTED_EDGE('',*,*,#1142,.T.);
#4809 = ORIENTED_EDGE('',*,*,#4810,.T.);
#4810 = EDGE_CURVE('',#1117,#3012,#4811,.T.);
#4811 = SURFACE_CURVE('',#4812,(#4816,#4823),.PCURVE_S1.);
#4812 = LINE('',#4813,#4814);
#4813 = CARTESIAN_POINT('',(157.47268017024,-75.02402948389,-0.1));
#4814 = VECTOR('',#4815,1.);
#4815 = DIRECTION('',(0.,0.,1.));
#4816 = PCURVE('',#1155,#4817);
#4817 = DEFINITIONAL_REPRESENTATION('',(#4818),#4822);
#4818 = LINE('',#4819,#4820);
#4819 = CARTESIAN_POINT('',(0.,-48.6));
#4820 = VECTOR('',#4821,1.);
#4821 = DIRECTION('',(1.,0.));
#4822 = ( GEOMETRIC_REPRESENTATION_CONTEXT(2) 
PARAMETRIC_REPRESENTATION_CONTEXT() REPRESENTATION_CONTEXT('2D SPACE',''
  ) );
#4823 = PCURVE('',#1131,#4824);
#4824 = DEFINITIONAL_REPRESENTATION('',(#4825),#4829);
#4825 = LINE('',#4826,#4827);
#4826 = CARTESIAN_POINT('',(0.,2.2));
#4827 = VECTOR('',#4828,1.);
#4828 = DIRECTION('',(1.,0.));
#4829 = ( GEOMETRIC_REPRESENTATION_CONTEXT(2) 
PARAMETRIC_REPRESENTATION_CONTEXT() REPRESENTATION_CONTEXT('2D SPACE',''
  ) );
#4830 = ORIENTED_EDGE('',*,*,#3032,.F.);
#4831 = ADVANCED_FACE('',(#4832),#1131,.F.);
#4832 = FACE_BOUND('',#4833,.F.);
#4833 = EDGE_LOOP('',(#4834,#4835,#4836,#4857));
#4834 = ORIENTED_EDGE('',*,*,#4810,.F.);
#4835 = ORIENTED_EDGE('',*,*,#1116,.T.);
#4836 = ORIENTED_EDGE('',*,*,#4837,.T.);
#4837 = EDGE_CURVE('',#1091,#2991,#4838,.T.);
#4838 = SURFACE_CURVE('',#4839,(#4843,#4850),.PCURVE_S1.);
#4839 = LINE('',#4840,#4841);
#4840 = CARTESIAN_POINT('',(155.91704525163,-73.46839456528,-0.1));
#4841 = VECTOR('',#4842,1.);
#4842 = DIRECTION('',(0.,0.,1.));
#4843 = PCURVE('',#1131,#4844);
#4844 = DEFINITIONAL_REPRESENTATION('',(#4845),#4849);
#4845 = LINE('',#4846,#4847);
#4846 = CARTESIAN_POINT('',(0.,0.));
#4847 = VECTOR('',#4848,1.);
#4848 = DIRECTION('',(1.,0.));
#4849 = ( GEOMETRIC_REPRESENTATION_CONTEXT(2) 
PARAMETRIC_REPRESENTATION_CONTEXT() REPRESENTATION_CONTEXT('2D SPACE',''
  ) );
#4850 = PCURVE('',#1105,#4851);
#4851 = DEFINITIONAL_REPRESENTATION('',(#4852),#4856);
#4852 = LINE('',#4853,#4854);
#4853 = CARTESIAN_POINT('',(0.,-48.6));
#4854 = VECTOR('',#4855,1.);
#4855 = DIRECTION('',(1.,0.));
#4856 = ( GEOMETRIC_REPRESENTATION_CONTEXT(2) 
PARAMETRIC_REPRESENTATION_CONTEXT() REPRESENTATION_CONTEXT('2D SPACE',''
  ) );
#4857 = ORIENTED_EDGE('',*,*,#3011,.F.);
#4858 = ADVANCED_FACE('',(#4859),#1105,.T.);
#4859 = FACE_BOUND('',#4860,.T.);
#4860 = EDGE_LOOP('',(#4861,#4862,#4863,#4864));
#4861 = ORIENTED_EDGE('',*,*,#4783,.F.);
#4862 = ORIENTED_EDGE('',*,*,#1090,.T.);
#4863 = ORIENTED_EDGE('',*,*,#4837,.T.);
#4864 = ORIENTED_EDGE('',*,*,#2990,.F.);
#4865 = ADVANCED_FACE('',(#4866),#1185,.T.);
#4866 = FACE_BOUND('',#4867,.T.);
#4867 = EDGE_LOOP('',(#4868,#4889,#4890,#4911));
#4868 = ORIENTED_EDGE('',*,*,#4869,.F.);
#4869 = EDGE_CURVE('',#1169,#3054,#4870,.T.);
#4870 = SURFACE_CURVE('',#4871,(#4875,#4882),.PCURVE_S1.);
#4871 = LINE('',#4872,#4873);
#4872 = CARTESIAN_POINT('',(164.4,-58.3,-0.1));
#4873 = VECTOR('',#4874,1.);
#4874 = DIRECTION('',(0.,0.,1.));
#4875 = PCURVE('',#1185,#4876);
#4876 = DEFINITIONAL_REPRESENTATION('',(#4877),#4881);
#4877 = LINE('',#4878,#4879);
#4878 = CARTESIAN_POINT('',(0.,2.2));
#4879 = VECTOR('',#4880,1.);
#4880 = DIRECTION('',(1.,0.));
#4881 = ( GEOMETRIC_REPRESENTATION_CONTEXT(2) 
PARAMETRIC_REPRESENTATION_CONTEXT() REPRESENTATION_CONTEXT('2D SPACE',''
  ) );
#4882 = PCURVE('',#1261,#4883);
#4883 = DEFINITIONAL_REPRESENTATION('',(#4884),#4888);
#4884 = LINE('',#4885,#4886);
#4885 = CARTESIAN_POINT('',(0.,0.));
#4886 = VECTOR('',#4887,1.);
#4887 = DIRECTION('',(1.,0.));
#4888 = ( GEOMETRIC_REPRESENTATION_CONTEXT(2) 
PARAMETRIC_REPRESENTATION_CONTEXT() REPRESENTATION_CONTEXT('2D SPACE',''
  ) );
#4889 = ORIENTED_EDGE('',*,*,#1168,.T.);
#4890 = ORIENTED_EDGE('',*,*,#4891,.T.);
#4891 = EDGE_CURVE('',#1171,#3056,#4892,.T.);
#4892 = SURFACE_CURVE('',#4893,(#4897,#4904),.PCURVE_S1.);
#4893 = LINE('',#4894,#4895);
#4894 = CARTESIAN_POINT('',(162.2,-58.3,-0.1));
#4895 = VECTOR('',#4896,1.);
#4896 = DIRECTION('',(0.,0.,1.));
#4897 = PCURVE('',#1185,#4898);
#4898 = DEFINITIONAL_REPRESENTATION('',(#4899),#4903);
#4899 = LINE('',#4900,#4901);
#4900 = CARTESIAN_POINT('',(0.,0.));
#4901 = VECTOR('',#4902,1.);
#4902 = DIRECTION('',(1.,0.));
#4903 = ( GEOMETRIC_REPRESENTATION_CONTEXT(2) 
PARAMETRIC_REPRESENTATION_CONTEXT() REPRESENTATION_CONTEXT('2D SPACE',''
  ) );
#4904 = PCURVE('',#1211,#4905);
#4905 = DEFINITIONAL_REPRESENTATION('',(#4906),#4910);
#4906 = LINE('',#4907,#4908);
#4907 = CARTESIAN_POINT('',(0.,0.));
#4908 = VECTOR('',#4909,1.);
#4909 = DIRECTION('',(1.,0.));
#4910 = ( GEOMETRIC_REPRESENTATION_CONTEXT(2) 
PARAMETRIC_REPRESENTATION_CONTEXT() REPRESENTATION_CONTEXT('2D SPACE',''
  ) );
#4911 = ORIENTED_EDGE('',*,*,#3053,.F.);
#4912 = ADVANCED_FACE('',(#4913),#1261,.F.);
#4913 = FACE_BOUND('',#4914,.F.);
#4914 = EDGE_LOOP('',(#4915,#4916,#4917,#4938));
#4915 = ORIENTED_EDGE('',*,*,#4869,.F.);
#4916 = ORIENTED_EDGE('',*,*,#1248,.T.);
#4917 = ORIENTED_EDGE('',*,*,#4918,.T.);
#4918 = EDGE_CURVE('',#1223,#3098,#4919,.T.);
#4919 = SURFACE_CURVE('',#4920,(#4924,#4931),.PCURVE_S1.);
#4920 = LINE('',#4921,#4922);
#4921 = CARTESIAN_POINT('',(164.4,-9.7,-0.1));
#4922 = VECTOR('',#4923,1.);
#4923 = DIRECTION('',(0.,0.,1.));
#4924 = PCURVE('',#1261,#4925);
#4925 = DEFINITIONAL_REPRESENTATION('',(#4926),#4930);
#4926 = LINE('',#4927,#4928);
#4927 = CARTESIAN_POINT('',(0.,-48.6));
#4928 = VECTOR('',#4929,1.);
#4929 = DIRECTION('',(1.,0.));
#4930 = ( GEOMETRIC_REPRESENTATION_CONTEXT(2) 
PARAMETRIC_REPRESENTATION_CONTEXT() REPRESENTATION_CONTEXT('2D SPACE',''
  ) );
#4931 = PCURVE('',#1237,#4932);
#4932 = DEFINITIONAL_REPRESENTATION('',(#4933),#4937);
#4933 = LINE('',#4934,#4935);
#4934 = CARTESIAN_POINT('',(0.,2.2));
#4935 = VECTOR('',#4936,1.);
#4936 = DIRECTION('',(1.,0.));
#4937 = ( GEOMETRIC_REPRESENTATION_CONTEXT(2) 
PARAMETRIC_REPRESENTATION_CONTEXT() REPRESENTATION_CONTEXT('2D SPACE',''
  ) );
#4938 = ORIENTED_EDGE('',*,*,#3118,.F.);
#4939 = ADVANCED_FACE('',(#4940),#1211,.T.);
#4940 = FACE_BOUND('',#4941,.T.);
#4941 = EDGE_LOOP('',(#4942,#4943,#4944,#4965));
#4942 = ORIENTED_EDGE('',*,*,#4891,.F.);
#4943 = ORIENTED_EDGE('',*,*,#1196,.T.);
#4944 = ORIENTED_EDGE('',*,*,#4945,.T.);
#4945 = EDGE_CURVE('',#1197,#3077,#4946,.T.);
#4946 = SURFACE_CURVE('',#4947,(#4951,#4958),.PCURVE_S1.);
#4947 = LINE('',#4948,#4949);
#4948 = CARTESIAN_POINT('',(162.2,-9.7,-0.1));
#4949 = VECTOR('',#4950,1.);
#4950 = DIRECTION('',(0.,0.,1.));
#4951 = PCURVE('',#1211,#4952);
#4952 = DEFINITIONAL_REPRESENTATION('',(#4953),#4957);
#4953 = LINE('',#4954,#4955);
#4954 = CARTESIAN_POINT('',(0.,-48.6));
#4955 = VECTOR('',#4956,1.);
#4956 = DIRECTION('',(1.,0.));
#4957 = ( GEOMETRIC_REPRESENTATION_CONTEXT(2) 
PARAMETRIC_REPRESENTATION_CONTEXT() REPRESENTATION_CONTEXT('2D SPACE',''
  ) );
#4958 = PCURVE('',#1237,#4959);
#4959 = DEFINITIONAL_REPRESENTATION('',(#4960),#4964);
#4960 = LINE('',#4961,#4962);
#4961 = CARTESIAN_POINT('',(0.,0.));
#4962 = VECTOR('',#4963,1.);
#4963 = DIRECTION('',(1.,0.));
#4964 = ( GEOMETRIC_REPRESENTATION_CONTEXT(2) 
PARAMETRIC_REPRESENTATION_CONTEXT() REPRESENTATION_CONTEXT('2D SPACE',''
  ) );
#4965 = ORIENTED_EDGE('',*,*,#3076,.F.);
#4966 = ADVANCED_FACE('',(#4967),#1237,.F.);
#4967 = FACE_BOUND('',#4968,.F.);
#4968 = EDGE_LOOP('',(#4969,#4970,#4971,#4972));
#4969 = ORIENTED_EDGE('',*,*,#4918,.F.);
#4970 = ORIENTED_EDGE('',*,*,#1222,.T.);
#4971 = ORIENTED_EDGE('',*,*,#4945,.T.);
#4972 = ORIENTED_EDGE('',*,*,#3097,.F.);
#4973 = ADVANCED_FACE('',(#4974),#1291,.T.);
#4974 = FACE_BOUND('',#4975,.T.);
#4975 = EDGE_LOOP('',(#4976,#4997,#4998,#5019));
#4976 = ORIENTED_EDGE('',*,*,#4977,.F.);
#4977 = EDGE_CURVE('',#1275,#3140,#4978,.T.);
#4978 = SURFACE_CURVE('',#4979,(#4983,#4990),.PCURVE_S1.);
#4979 = LINE('',#4980,#4981);
#4980 = CARTESIAN_POINT('',(-164.4,58.3,-0.1));
#4981 = VECTOR('',#4982,1.);
#4982 = DIRECTION('',(0.,0.,1.));
#4983 = PCURVE('',#1291,#4984);
#4984 = DEFINITIONAL_REPRESENTATION('',(#4985),#4989);
#4985 = LINE('',#4986,#4987);
#4986 = CARTESIAN_POINT('',(0.,2.2));
#4987 = VECTOR('',#4988,1.);
#4988 = DIRECTION('',(1.,0.));
#4989 = ( GEOMETRIC_REPRESENTATION_CONTEXT(2) 
PARAMETRIC_REPRESENTATION_CONTEXT() REPRESENTATION_CONTEXT('2D SPACE',''
  ) );
#4990 = PCURVE('',#1367,#4991);
#4991 = DEFINITIONAL_REPRESENTATION('',(#4992),#4996);
#4992 = LINE('',#4993,#4994);
#4993 = CARTESIAN_POINT('',(0.,0.));
#4994 = VECTOR('',#4995,1.);
#4995 = DIRECTION('',(1.,0.));
#4996 = ( GEOMETRIC_REPRESENTATION_CONTEXT(2) 
PARAMETRIC_REPRESENTATION_CONTEXT() REPRESENTATION_CONTEXT('2D SPACE',''
  ) );
#4997 = ORIENTED_EDGE('',*,*,#1274,.T.);
#4998 = ORIENTED_EDGE('',*,*,#4999,.T.);
#4999 = EDGE_CURVE('',#1277,#3142,#5000,.T.);
#5000 = SURFACE_CURVE('',#5001,(#5005,#5012),.PCURVE_S1.);
#5001 = LINE('',#5002,#5003);
#5002 = CARTESIAN_POINT('',(-162.2,58.3,-0.1));
#5003 = VECTOR('',#5004,1.);
#5004 = DIRECTION('',(0.,0.,1.));
#5005 = PCURVE('',#1291,#5006);
#5006 = DEFINITIONAL_REPRESENTATION('',(#5007),#5011);
#5007 = LINE('',#5008,#5009);
#5008 = CARTESIAN_POINT('',(0.,0.));
#5009 = VECTOR('',#5010,1.);
#5010 = DIRECTION('',(1.,0.));
#5011 = ( GEOMETRIC_REPRESENTATION_CONTEXT(2) 
PARAMETRIC_REPRESENTATION_CONTEXT() REPRESENTATION_CONTEXT('2D SPACE',''
  ) );
#5012 = PCURVE('',#1317,#5013);
#5013 = DEFINITIONAL_REPRESENTATION('',(#5014),#5018);
#5014 = LINE('',#5015,#5016);
#5015 = CARTESIAN_POINT('',(0.,0.));
#5016 = VECTOR('',#5017,1.);
#5017 = DIRECTION('',(1.,0.));
#5018 = ( GEOMETRIC_REPRESENTATION_CONTEXT(2) 
PARAMETRIC_REPRESENTATION_CONTEXT() REPRESENTATION_CONTEXT('2D SPACE',''
  ) );
#5019 = ORIENTED_EDGE('',*,*,#3139,.F.);
#5020 = ADVANCED_FACE('',(#5021),#1367,.F.);
#5021 = FACE_BOUND('',#5022,.F.);
#5022 = EDGE_LOOP('',(#5023,#5024,#5025,#5046));
#5023 = ORIENTED_EDGE('',*,*,#4977,.F.);
#5024 = ORIENTED_EDGE('',*,*,#1354,.T.);
#5025 = ORIENTED_EDGE('',*,*,#5026,.T.);
#5026 = EDGE_CURVE('',#1329,#3184,#5027,.T.);
#5027 = SURFACE_CURVE('',#5028,(#5032,#5039),.PCURVE_S1.);
#5028 = LINE('',#5029,#5030);
#5029 = CARTESIAN_POINT('',(-164.4,9.7,-0.1));
#5030 = VECTOR('',#5031,1.);
#5031 = DIRECTION('',(0.,0.,1.));
#5032 = PCURVE('',#1367,#5033);
#5033 = DEFINITIONAL_REPRESENTATION('',(#5034),#5038);
#5034 = LINE('',#5035,#5036);
#5035 = CARTESIAN_POINT('',(0.,-48.6));
#5036 = VECTOR('',#5037,1.);
#5037 = DIRECTION('',(1.,0.));
#5038 = ( GEOMETRIC_REPRESENTATION_CONTEXT(2) 
PARAMETRIC_REPRESENTATION_CONTEXT() REPRESENTATION_CONTEXT('2D SPACE',''
  ) );
#5039 = PCURVE('',#1343,#5040);
#5040 = DEFINITIONAL_REPRESENTATION('',(#5041),#5045);
#5041 = LINE('',#5042,#5043);
#5042 = CARTESIAN_POINT('',(0.,2.2));
#5043 = VECTOR('',#5044,1.);
#5044 = DIRECTION('',(1.,0.));
#5045 = ( GEOMETRIC_REPRESENTATION_CONTEXT(2) 
PARAMETRIC_REPRESENTATION_CONTEXT() REPRESENTATION_CONTEXT('2D SPACE',''
  ) );
#5046 = ORIENTED_EDGE('',*,*,#3204,.F.);
#5047 = ADVANCED_FACE('',(#5048),#1317,.T.);
#5048 = FACE_BOUND('',#5049,.T.);
#5049 = EDGE_LOOP('',(#5050,#5051,#5052,#5073));
#5050 = ORIENTED_EDGE('',*,*,#4999,.F.);
#5051 = ORIENTED_EDGE('',*,*,#1302,.T.);
#5052 = ORIENTED_EDGE('',*,*,#5053,.T.);
#5053 = EDGE_CURVE('',#1303,#3163,#5054,.T.);
#5054 = SURFACE_CURVE('',#5055,(#5059,#5066),.PCURVE_S1.);
#5055 = LINE('',#5056,#5057);
#5056 = CARTESIAN_POINT('',(-162.2,9.7,-0.1));
#5057 = VECTOR('',#5058,1.);
#5058 = DIRECTION('',(0.,0.,1.));
#5059 = PCURVE('',#1317,#5060);
#5060 = DEFINITIONAL_REPRESENTATION('',(#5061),#5065);
#5061 = LINE('',#5062,#5063);
#5062 = CARTESIAN_POINT('',(0.,-48.6));
#5063 = VECTOR('',#5064,1.);
#5064 = DIRECTION('',(1.,0.));
#5065 = ( GEOMETRIC_REPRESENTATION_CONTEXT(2) 
PARAMETRIC_REPRESENTATION_CONTEXT() REPRESENTATION_CONTEXT('2D SPACE',''
  ) );
#5066 = PCURVE('',#1343,#5067);
#5067 = DEFINITIONAL_REPRESENTATION('',(#5068),#5072);
#5068 = LINE('',#5069,#5070);
#5069 = CARTESIAN_POINT('',(0.,0.));
#5070 = VECTOR('',#5071,1.);
#5071 = DIRECTION('',(1.,0.));
#5072 = ( GEOMETRIC_REPRESENTATION_CONTEXT(2) 
PARAMETRIC_REPRESENTATION_CONTEXT() REPRESENTATION_CONTEXT('2D SPACE',''
  ) );
#5073 = ORIENTED_EDGE('',*,*,#3162,.F.);
#5074 = ADVANCED_FACE('',(#5075),#1343,.F.);
#5075 = FACE_BOUND('',#5076,.F.);
#5076 = EDGE_LOOP('',(#5077,#5078,#5079,#5080));
#5077 = ORIENTED_EDGE('',*,*,#5026,.F.);
#5078 = ORIENTED_EDGE('',*,*,#1328,.T.);
#5079 = ORIENTED_EDGE('',*,*,#5053,.T.);
#5080 = ORIENTED_EDGE('',*,*,#3183,.F.);
#5081 = ADVANCED_FACE('',(#5082),#1397,.T.);
#5082 = FACE_BOUND('',#5083,.T.);
#5083 = EDGE_LOOP('',(#5084,#5105,#5106,#5127));
#5084 = ORIENTED_EDGE('',*,*,#5085,.F.);
#5085 = EDGE_CURVE('',#1381,#3226,#5086,.T.);
#5086 = SURFACE_CURVE('',#5087,(#5091,#5098),.PCURVE_S1.);
#5087 = LINE('',#5088,#5089);
#5088 = CARTESIAN_POINT('',(-123.1072906045,109.38941904955,-0.1));
#5089 = VECTOR('',#5090,1.);
#5090 = DIRECTION('',(0.,0.,1.));
#5091 = PCURVE('',#1397,#5092);
#5092 = DEFINITIONAL_REPRESENTATION('',(#5093),#5097);
#5093 = LINE('',#5094,#5095);
#5094 = CARTESIAN_POINT('',(0.,2.2));
#5095 = VECTOR('',#5096,1.);
#5096 = DIRECTION('',(1.,0.));
#5097 = ( GEOMETRIC_REPRESENTATION_CONTEXT(2) 
PARAMETRIC_REPRESENTATION_CONTEXT() REPRESENTATION_CONTEXT('2D SPACE',''
  ) );
#5098 = PCURVE('',#1473,#5099);
#5099 = DEFINITIONAL_REPRESENTATION('',(#5100),#5104);
#5100 = LINE('',#5101,#5102);
#5101 = CARTESIAN_POINT('',(0.,0.));
#5102 = VECTOR('',#5103,1.);
#5103 = DIRECTION('',(1.,0.));
#5104 = ( GEOMETRIC_REPRESENTATION_CONTEXT(2) 
PARAMETRIC_REPRESENTATION_CONTEXT() REPRESENTATION_CONTEXT('2D SPACE',''
  ) );
#5105 = ORIENTED_EDGE('',*,*,#1380,.T.);
#5106 = ORIENTED_EDGE('',*,*,#5107,.T.);
#5107 = EDGE_CURVE('',#1383,#3228,#5108,.T.);
#5108 = SURFACE_CURVE('',#5109,(#5113,#5120),.PCURVE_S1.);
#5109 = LINE('',#5110,#5111);
#5110 = CARTESIAN_POINT('',(-121.5516556859,107.83378413094,-0.1));
#5111 = VECTOR('',#5112,1.);
#5112 = DIRECTION('',(0.,0.,1.));
#5113 = PCURVE('',#1397,#5114);
#5114 = DEFINITIONAL_REPRESENTATION('',(#5115),#5119);
#5115 = LINE('',#5116,#5117);
#5116 = CARTESIAN_POINT('',(0.,0.));
#5117 = VECTOR('',#5118,1.);
#5118 = DIRECTION('',(1.,0.));
#5119 = ( GEOMETRIC_REPRESENTATION_CONTEXT(2) 
PARAMETRIC_REPRESENTATION_CONTEXT() REPRESENTATION_CONTEXT('2D SPACE',''
  ) );
#5120 = PCURVE('',#1423,#5121);
#5121 = DEFINITIONAL_REPRESENTATION('',(#5122),#5126);
#5122 = LINE('',#5123,#5124);
#5123 = CARTESIAN_POINT('',(0.,0.));
#5124 = VECTOR('',#5125,1.);
#5125 = DIRECTION('',(1.,0.));
#5126 = ( GEOMETRIC_REPRESENTATION_CONTEXT(2) 
PARAMETRIC_REPRESENTATION_CONTEXT() REPRESENTATION_CONTEXT('2D SPACE',''
  ) );
#5127 = ORIENTED_EDGE('',*,*,#3225,.F.);
#5128 = ADVANCED_FACE('',(#5129),#1473,.F.);
#5129 = FACE_BOUND('',#5130,.F.);
#5130 = EDGE_LOOP('',(#5131,#5132,#5133,#5154));
#5131 = ORIENTED_EDGE('',*,*,#5085,.F.);
#5132 = ORIENTED_EDGE('',*,*,#1460,.T.);
#5133 = ORIENTED_EDGE('',*,*,#5134,.T.);
#5134 = EDGE_CURVE('',#1435,#3270,#5135,.T.);
#5135 = SURFACE_CURVE('',#5136,(#5140,#5147),.PCURVE_S1.);
#5136 = LINE('',#5137,#5138);
#5137 = CARTESIAN_POINT('',(-157.4726801702,75.024029483893,-0.1));
#5138 = VECTOR('',#5139,1.);
#5139 = DIRECTION('',(0.,0.,1.));
#5140 = PCURVE('',#1473,#5141);
#5141 = DEFINITIONAL_REPRESENTATION('',(#5142),#5146);
#5142 = LINE('',#5143,#5144);
#5143 = CARTESIAN_POINT('',(0.,-48.6));
#5144 = VECTOR('',#5145,1.);
#5145 = DIRECTION('',(1.,0.));
#5146 = ( GEOMETRIC_REPRESENTATION_CONTEXT(2) 
PARAMETRIC_REPRESENTATION_CONTEXT() REPRESENTATION_CONTEXT('2D SPACE',''
  ) );
#5147 = PCURVE('',#1449,#5148);
#5148 = DEFINITIONAL_REPRESENTATION('',(#5149),#5153);
#5149 = LINE('',#5150,#5151);
#5150 = CARTESIAN_POINT('',(0.,2.2));
#5151 = VECTOR('',#5152,1.);
#5152 = DIRECTION('',(1.,0.));
#5153 = ( GEOMETRIC_REPRESENTATION_CONTEXT(2) 
PARAMETRIC_REPRESENTATION_CONTEXT() REPRESENTATION_CONTEXT('2D SPACE',''
  ) );
#5154 = ORIENTED_EDGE('',*,*,#3290,.F.);
#5155 = ADVANCED_FACE('',(#5156),#1423,.T.);
#5156 = FACE_BOUND('',#5157,.T.);
#5157 = EDGE_LOOP('',(#5158,#5159,#5160,#5181));
#5158 = ORIENTED_EDGE('',*,*,#5107,.F.);
#5159 = ORIENTED_EDGE('',*,*,#1408,.T.);
#5160 = ORIENTED_EDGE('',*,*,#5161,.T.);
#5161 = EDGE_CURVE('',#1409,#3249,#5162,.T.);
#5162 = SURFACE_CURVE('',#5163,(#5167,#5174),.PCURVE_S1.);
#5163 = LINE('',#5164,#5165);
#5164 = CARTESIAN_POINT('',(-155.9170452516,73.468394565282,-0.1));
#5165 = VECTOR('',#5166,1.);
#5166 = DIRECTION('',(0.,0.,1.));
#5167 = PCURVE('',#1423,#5168);
#5168 = DEFINITIONAL_REPRESENTATION('',(#5169),#5173);
#5169 = LINE('',#5170,#5171);
#5170 = CARTESIAN_POINT('',(0.,-48.6));
#5171 = VECTOR('',#5172,1.);
#5172 = DIRECTION('',(1.,0.));
#5173 = ( GEOMETRIC_REPRESENTATION_CONTEXT(2) 
PARAMETRIC_REPRESENTATION_CONTEXT() REPRESENTATION_CONTEXT('2D SPACE',''
  ) );
#5174 = PCURVE('',#1449,#5175);
#5175 = DEFINITIONAL_REPRESENTATION('',(#5176),#5180);
#5176 = LINE('',#5177,#5178);
#5177 = CARTESIAN_POINT('',(0.,0.));
#5178 = VECTOR('',#5179,1.);
#5179 = DIRECTION('',(1.,0.));
#5180 = ( GEOMETRIC_REPRESENTATION_CONTEXT(2) 
PARAMETRIC_REPRESENTATION_CONTEXT() REPRESENTATION_CONTEXT('2D SPACE',''
  ) );
#5181 = ORIENTED_EDGE('',*,*,#3248,.F.);
#5182 = ADVANCED_FACE('',(#5183),#1449,.F.);
#5183 = FACE_BOUND('',#5184,.F.);
#5184 = EDGE_LOOP('',(#5185,#5186,#5187,#5188));
#5185 = ORIENTED_EDGE('',*,*,#5134,.F.);
#5186 = ORIENTED_EDGE('',*,*,#1434,.T.);
#5187 = ORIENTED_EDGE('',*,*,#5161,.T.);
#5188 = ORIENTED_EDGE('',*,*,#3269,.F.);
#5189 = ADVANCED_FACE('',(#5190),#1503,.T.);
#5190 = FACE_BOUND('',#5191,.T.);
#5191 = EDGE_LOOP('',(#5192,#5213,#5214,#5235));
#5192 = ORIENTED_EDGE('',*,*,#5193,.F.);
#5193 = EDGE_CURVE('',#1487,#3312,#5194,.T.);
#5194 = SURFACE_CURVE('',#5195,(#5199,#5206),.PCURVE_S1.);
#5195 = LINE('',#5196,#5197);
#5196 = CARTESIAN_POINT('',(-75.02402948389,157.47268017024,-0.1));
#5197 = VECTOR('',#5198,1.);
#5198 = DIRECTION('',(0.,0.,1.));
#5199 = PCURVE('',#1503,#5200);
#5200 = DEFINITIONAL_REPRESENTATION('',(#5201),#5205);
#5201 = LINE('',#5202,#5203);
#5202 = CARTESIAN_POINT('',(0.,2.2));
#5203 = VECTOR('',#5204,1.);
#5204 = DIRECTION('',(1.,0.));
#5205 = ( GEOMETRIC_REPRESENTATION_CONTEXT(2) 
PARAMETRIC_REPRESENTATION_CONTEXT() REPRESENTATION_CONTEXT('2D SPACE',''
  ) );
#5206 = PCURVE('',#1579,#5207);
#5207 = DEFINITIONAL_REPRESENTATION('',(#5208),#5212);
#5208 = LINE('',#5209,#5210);
#5209 = CARTESIAN_POINT('',(0.,0.));
#5210 = VECTOR('',#5211,1.);
#5211 = DIRECTION('',(1.,0.));
#5212 = ( GEOMETRIC_REPRESENTATION_CONTEXT(2) 
PARAMETRIC_REPRESENTATION_CONTEXT() REPRESENTATION_CONTEXT('2D SPACE',''
  ) );
#5213 = ORIENTED_EDGE('',*,*,#1486,.T.);
#5214 = ORIENTED_EDGE('',*,*,#5215,.T.);
#5215 = EDGE_CURVE('',#1489,#3314,#5216,.T.);
#5216 = SURFACE_CURVE('',#5217,(#5221,#5228),.PCURVE_S1.);
#5217 = LINE('',#5218,#5219);
#5218 = CARTESIAN_POINT('',(-73.46839456528,155.91704525163,-0.1));
#5219 = VECTOR('',#5220,1.);
#5220 = DIRECTION('',(0.,0.,1.));
#5221 = PCURVE('',#1503,#5222);
#5222 = DEFINITIONAL_REPRESENTATION('',(#5223),#5227);
#5223 = LINE('',#5224,#5225);
#5224 = CARTESIAN_POINT('',(0.,0.));
#5225 = VECTOR('',#5226,1.);
#5226 = DIRECTION('',(1.,0.));
#5227 = ( GEOMETRIC_REPRESENTATION_CONTEXT(2) 
PARAMETRIC_REPRESENTATION_CONTEXT() REPRESENTATION_CONTEXT('2D SPACE',''
  ) );
#5228 = PCURVE('',#1529,#5229);
#5229 = DEFINITIONAL_REPRESENTATION('',(#5230),#5234);
#5230 = LINE('',#5231,#5232);
#5231 = CARTESIAN_POINT('',(0.,0.));
#5232 = VECTOR('',#5233,1.);
#5233 = DIRECTION('',(1.,0.));
#5234 = ( GEOMETRIC_REPRESENTATION_CONTEXT(2) 
PARAMETRIC_REPRESENTATION_CONTEXT() REPRESENTATION_CONTEXT('2D SPACE',''
  ) );
#5235 = ORIENTED_EDGE('',*,*,#3311,.F.);
#5236 = ADVANCED_FACE('',(#5237),#1579,.F.);
#5237 = FACE_BOUND('',#5238,.F.);
#5238 = EDGE_LOOP('',(#5239,#5240,#5241,#5262));
#5239 = ORIENTED_EDGE('',*,*,#5193,.F.);
#5240 = ORIENTED_EDGE('',*,*,#1566,.T.);
#5241 = ORIENTED_EDGE('',*,*,#5242,.T.);
#5242 = EDGE_CURVE('',#1541,#3356,#5243,.T.);
#5243 = SURFACE_CURVE('',#5244,(#5248,#5255),.PCURVE_S1.);
#5244 = LINE('',#5245,#5246);
#5245 = CARTESIAN_POINT('',(-109.3894190495,123.10729060457,-0.1));
#5246 = VECTOR('',#5247,1.);
#5247 = DIRECTION('',(0.,0.,1.));
#5248 = PCURVE('',#1579,#5249);
#5249 = DEFINITIONAL_REPRESENTATION('',(#5250),#5254);
#5250 = LINE('',#5251,#5252);
#5251 = CARTESIAN_POINT('',(0.,-48.6));
#5252 = VECTOR('',#5253,1.);
#5253 = DIRECTION('',(1.,0.));
#5254 = ( GEOMETRIC_REPRESENTATION_CONTEXT(2) 
PARAMETRIC_REPRESENTATION_CONTEXT() REPRESENTATION_CONTEXT('2D SPACE',''
  ) );
#5255 = PCURVE('',#1555,#5256);
#5256 = DEFINITIONAL_REPRESENTATION('',(#5257),#5261);
#5257 = LINE('',#5258,#5259);
#5258 = CARTESIAN_POINT('',(0.,2.2));
#5259 = VECTOR('',#5260,1.);
#5260 = DIRECTION('',(1.,0.));
#5261 = ( GEOMETRIC_REPRESENTATION_CONTEXT(2) 
PARAMETRIC_REPRESENTATION_CONTEXT() REPRESENTATION_CONTEXT('2D SPACE',''
  ) );
#5262 = ORIENTED_EDGE('',*,*,#3376,.F.);
#5263 = ADVANCED_FACE('',(#5264),#1529,.T.);
#5264 = FACE_BOUND('',#5265,.T.);
#5265 = EDGE_LOOP('',(#5266,#5267,#5268,#5289));
#5266 = ORIENTED_EDGE('',*,*,#5215,.F.);
#5267 = ORIENTED_EDGE('',*,*,#1514,.T.);
#5268 = ORIENTED_EDGE('',*,*,#5269,.T.);
#5269 = EDGE_CURVE('',#1515,#3335,#5270,.T.);
#5270 = SURFACE_CURVE('',#5271,(#5275,#5282),.PCURVE_S1.);
#5271 = LINE('',#5272,#5273);
#5272 = CARTESIAN_POINT('',(-107.8337841309,121.55165568596,-0.1));
#5273 = VECTOR('',#5274,1.);
#5274 = DIRECTION('',(0.,0.,1.));
#5275 = PCURVE('',#1529,#5276);
#5276 = DEFINITIONAL_REPRESENTATION('',(#5277),#5281);
#5277 = LINE('',#5278,#5279);
#5278 = CARTESIAN_POINT('',(0.,-48.6));
#5279 = VECTOR('',#5280,1.);
#5280 = DIRECTION('',(1.,0.));
#5281 = ( GEOMETRIC_REPRESENTATION_CONTEXT(2) 
PARAMETRIC_REPRESENTATION_CONTEXT() REPRESENTATION_CONTEXT('2D SPACE',''
  ) );
#5282 = PCURVE('',#1555,#5283);
#5283 = DEFINITIONAL_REPRESENTATION('',(#5284),#5288);
#5284 = LINE('',#5285,#5286);
#5285 = CARTESIAN_POINT('',(0.,0.));
#5286 = VECTOR('',#5287,1.);
#5287 = DIRECTION('',(1.,0.));
#5288 = ( GEOMETRIC_REPRESENTATION_CONTEXT(2) 
PARAMETRIC_REPRESENTATION_CONTEXT() REPRESENTATION_CONTEXT('2D SPACE',''
  ) );
#5289 = ORIENTED_EDGE('',*,*,#3334,.F.);
#5290 = ADVANCED_FACE('',(#5291),#1555,.F.);
#5291 = FACE_BOUND('',#5292,.F.);
#5292 = EDGE_LOOP('',(#5293,#5294,#5295,#5296));
#5293 = ORIENTED_EDGE('',*,*,#5242,.F.);
#5294 = ORIENTED_EDGE('',*,*,#1540,.T.);
#5295 = ORIENTED_EDGE('',*,*,#5269,.T.);
#5296 = ORIENTED_EDGE('',*,*,#3355,.F.);
#5297 = ADVANCED_FACE('',(#5298),#1609,.T.);
#5298 = FACE_BOUND('',#5299,.T.);
#5299 = EDGE_LOOP('',(#5300,#5321,#5322,#5343));
#5300 = ORIENTED_EDGE('',*,*,#5301,.F.);
#5301 = EDGE_CURVE('',#1593,#3398,#5302,.T.);
#5302 = SURFACE_CURVE('',#5303,(#5307,#5314),.PCURVE_S1.);
#5303 = LINE('',#5304,#5305);
#5304 = CARTESIAN_POINT('',(-9.7,164.4,-0.1));
#5305 = VECTOR('',#5306,1.);
#5306 = DIRECTION('',(0.,0.,1.));
#5307 = PCURVE('',#1609,#5308);
#5308 = DEFINITIONAL_REPRESENTATION('',(#5309),#5313);
#5309 = LINE('',#5310,#5311);
#5310 = CARTESIAN_POINT('',(0.,2.2));
#5311 = VECTOR('',#5312,1.);
#5312 = DIRECTION('',(1.,0.));
#5313 = ( GEOMETRIC_REPRESENTATION_CONTEXT(2) 
PARAMETRIC_REPRESENTATION_CONTEXT() REPRESENTATION_CONTEXT('2D SPACE',''
  ) );
#5314 = PCURVE('',#1685,#5315);
#5315 = DEFINITIONAL_REPRESENTATION('',(#5316),#5320);
#5316 = LINE('',#5317,#5318);
#5317 = CARTESIAN_POINT('',(0.,0.));
#5318 = VECTOR('',#5319,1.);
#5319 = DIRECTION('',(1.,0.));
#5320 = ( GEOMETRIC_REPRESENTATION_CONTEXT(2) 
PARAMETRIC_REPRESENTATION_CONTEXT() REPRESENTATION_CONTEXT('2D SPACE',''
  ) );
#5321 = ORIENTED_EDGE('',*,*,#1592,.T.);
#5322 = ORIENTED_EDGE('',*,*,#5323,.T.);
#5323 = EDGE_CURVE('',#1595,#3400,#5324,.T.);
#5324 = SURFACE_CURVE('',#5325,(#5329,#5336),.PCURVE_S1.);
#5325 = LINE('',#5326,#5327);
#5326 = CARTESIAN_POINT('',(-9.7,162.2,-0.1));
#5327 = VECTOR('',#5328,1.);
#5328 = DIRECTION('',(0.,0.,1.));
#5329 = PCURVE('',#1609,#5330);
#5330 = DEFINITIONAL_REPRESENTATION('',(#5331),#5335);
#5331 = LINE('',#5332,#5333);
#5332 = CARTESIAN_POINT('',(0.,0.));
#5333 = VECTOR('',#5334,1.);
#5334 = DIRECTION('',(1.,0.));
#5335 = ( GEOMETRIC_REPRESENTATION_CONTEXT(2) 
PARAMETRIC_REPRESENTATION_CONTEXT() REPRESENTATION_CONTEXT('2D SPACE',''
  ) );
#5336 = PCURVE('',#1635,#5337);
#5337 = DEFINITIONAL_REPRESENTATION('',(#5338),#5342);
#5338 = LINE('',#5339,#5340);
#5339 = CARTESIAN_POINT('',(0.,0.));
#5340 = VECTOR('',#5341,1.);
#5341 = DIRECTION('',(1.,0.));
#5342 = ( GEOMETRIC_REPRESENTATION_CONTEXT(2) 
PARAMETRIC_REPRESENTATION_CONTEXT() REPRESENTATION_CONTEXT('2D SPACE',''
  ) );
#5343 = ORIENTED_EDGE('',*,*,#3397,.F.);
#5344 = ADVANCED_FACE('',(#5345),#1685,.F.);
#5345 = FACE_BOUND('',#5346,.F.);
#5346 = EDGE_LOOP('',(#5347,#5348,#5349,#5370));
#5347 = ORIENTED_EDGE('',*,*,#5301,.F.);
#5348 = ORIENTED_EDGE('',*,*,#1672,.T.);
#5349 = ORIENTED_EDGE('',*,*,#5350,.T.);
#5350 = EDGE_CURVE('',#1647,#3442,#5351,.T.);
#5351 = SURFACE_CURVE('',#5352,(#5356,#5363),.PCURVE_S1.);
#5352 = LINE('',#5353,#5354);
#5353 = CARTESIAN_POINT('',(-58.3,164.4,-0.1));
#5354 = VECTOR('',#5355,1.);
#5355 = DIRECTION('',(0.,0.,1.));
#5356 = PCURVE('',#1685,#5357);
#5357 = DEFINITIONAL_REPRESENTATION('',(#5358),#5362);
#5358 = LINE('',#5359,#5360);
#5359 = CARTESIAN_POINT('',(0.,-48.6));
#5360 = VECTOR('',#5361,1.);
#5361 = DIRECTION('',(1.,0.));
#5362 = ( GEOMETRIC_REPRESENTATION_CONTEXT(2) 
PARAMETRIC_REPRESENTATION_CONTEXT() REPRESENTATION_CONTEXT('2D SPACE',''
  ) );
#5363 = PCURVE('',#1661,#5364);
#5364 = DEFINITIONAL_REPRESENTATION('',(#5365),#5369);
#5365 = LINE('',#5366,#5367);
#5366 = CARTESIAN_POINT('',(0.,2.2));
#5367 = VECTOR('',#5368,1.);
#5368 = DIRECTION('',(1.,0.));
#5369 = ( GEOMETRIC_REPRESENTATION_CONTEXT(2) 
PARAMETRIC_REPRESENTATION_CONTEXT() REPRESENTATION_CONTEXT('2D SPACE',''
  ) );
#5370 = ORIENTED_EDGE('',*,*,#3462,.F.);
#5371 = ADVANCED_FACE('',(#5372),#1635,.T.);
#5372 = FACE_BOUND('',#5373,.T.);
#5373 = EDGE_LOOP('',(#5374,#5375,#5376,#5397));
#5374 = ORIENTED_EDGE('',*,*,#5323,.F.);
#5375 = ORIENTED_EDGE('',*,*,#1620,.T.);
#5376 = ORIENTED_EDGE('',*,*,#5377,.T.);
#5377 = EDGE_CURVE('',#1621,#3421,#5378,.T.);
#5378 = SURFACE_CURVE('',#5379,(#5383,#5390),.PCURVE_S1.);
#5379 = LINE('',#5380,#5381);
#5380 = CARTESIAN_POINT('',(-58.3,162.2,-0.1));
#5381 = VECTOR('',#5382,1.);
#5382 = DIRECTION('',(0.,0.,1.));
#5383 = PCURVE('',#1635,#5384);
#5384 = DEFINITIONAL_REPRESENTATION('',(#5385),#5389);
#5385 = LINE('',#5386,#5387);
#5386 = CARTESIAN_POINT('',(0.,-48.6));
#5387 = VECTOR('',#5388,1.);
#5388 = DIRECTION('',(1.,0.));
#5389 = ( GEOMETRIC_REPRESENTATION_CONTEXT(2) 
PARAMETRIC_REPRESENTATION_CONTEXT() REPRESENTATION_CONTEXT('2D SPACE',''
  ) );
#5390 = PCURVE('',#1661,#5391);
#5391 = DEFINITIONAL_REPRESENTATION('',(#5392),#5396);
#5392 = LINE('',#5393,#5394);
#5393 = CARTESIAN_POINT('',(0.,0.));
#5394 = VECTOR('',#5395,1.);
#5395 = DIRECTION('',(1.,0.));
#5396 = ( GEOMETRIC_REPRESENTATION_CONTEXT(2) 
PARAMETRIC_REPRESENTATION_CONTEXT() REPRESENTATION_CONTEXT('2D SPACE',''
  ) );
#5397 = ORIENTED_EDGE('',*,*,#3420,.F.);
#5398 = ADVANCED_FACE('',(#5399),#1661,.F.);
#5399 = FACE_BOUND('',#5400,.F.);
#5400 = EDGE_LOOP('',(#5401,#5402,#5403,#5404));
#5401 = ORIENTED_EDGE('',*,*,#5350,.F.);
#5402 = ORIENTED_EDGE('',*,*,#1646,.T.);
#5403 = ORIENTED_EDGE('',*,*,#5377,.T.);
#5404 = ORIENTED_EDGE('',*,*,#3441,.F.);
#5405 = ADVANCED_FACE('',(#5406),#1715,.T.);
#5406 = FACE_BOUND('',#5407,.T.);
#5407 = EDGE_LOOP('',(#5408,#5409,#5430,#5431));
#5408 = ORIENTED_EDGE('',*,*,#1698,.T.);
#5409 = ORIENTED_EDGE('',*,*,#5410,.T.);
#5410 = EDGE_CURVE('',#1701,#3486,#5411,.T.);
#5411 = SURFACE_CURVE('',#5412,(#5416,#5423),.PCURVE_S1.);
#5412 = LINE('',#5413,#5414);
#5413 = CARTESIAN_POINT('',(66.481276760882,160.5,-0.1));
#5414 = VECTOR('',#5415,1.);
#5415 = DIRECTION('',(0.,0.,1.));
#5416 = PCURVE('',#1715,#5417);
#5417 = DEFINITIONAL_REPRESENTATION('',(#5418),#5422);
#5418 = LINE('',#5419,#5420);
#5419 = CARTESIAN_POINT('',(0.,-0.));
#5420 = VECTOR('',#5421,1.);
#5421 = DIRECTION('',(0.,-1.));
#5422 = ( GEOMETRIC_REPRESENTATION_CONTEXT(2) 
PARAMETRIC_REPRESENTATION_CONTEXT() REPRESENTATION_CONTEXT('2D SPACE',''
  ) );
#5423 = PCURVE('',#1741,#5424);
#5424 = DEFINITIONAL_REPRESENTATION('',(#5425),#5429);
#5425 = LINE('',#5426,#5427);
#5426 = CARTESIAN_POINT('',(132.96255352176,0.));
#5427 = VECTOR('',#5428,1.);
#5428 = DIRECTION('',(0.,-1.));
#5429 = ( GEOMETRIC_REPRESENTATION_CONTEXT(2) 
PARAMETRIC_REPRESENTATION_CONTEXT() REPRESENTATION_CONTEXT('2D SPACE',''
  ) );
#5430 = ORIENTED_EDGE('',*,*,#3483,.F.);
#5431 = ORIENTED_EDGE('',*,*,#5432,.F.);
#5432 = EDGE_CURVE('',#1699,#3484,#5433,.T.);
#5433 = SURFACE_CURVE('',#5434,(#5438,#5445),.PCURVE_S1.);
#5434 = LINE('',#5435,#5436);
#5435 = CARTESIAN_POINT('',(-66.48127676088,160.5,-0.1));
#5436 = VECTOR('',#5437,1.);
#5437 = DIRECTION('',(0.,0.,1.));
#5438 = PCURVE('',#1715,#5439);
#5439 = DEFINITIONAL_REPRESENTATION('',(#5440),#5444);
#5440 = LINE('',#5441,#5442);
#5441 = CARTESIAN_POINT('',(132.96255352176,0.));
#5442 = VECTOR('',#5443,1.);
#5443 = DIRECTION('',(0.,-1.));
#5444 = ( GEOMETRIC_REPRESENTATION_CONTEXT(2) 
PARAMETRIC_REPRESENTATION_CONTEXT() REPRESENTATION_CONTEXT('2D SPACE',''
  ) );
#5445 = PCURVE('',#1895,#5446);
#5446 = DEFINITIONAL_REPRESENTATION('',(#5447),#5451);
#5447 = LINE('',#5448,#5449);
#5448 = CARTESIAN_POINT('',(0.,0.));
#5449 = VECTOR('',#5450,1.);
#5450 = DIRECTION('',(0.,-1.));
#5451 = ( GEOMETRIC_REPRESENTATION_CONTEXT(2) 
PARAMETRIC_REPRESENTATION_CONTEXT() REPRESENTATION_CONTEXT('2D SPACE',''
  ) );
#5452 = ADVANCED_FACE('',(#5453),#1895,.T.);
#5453 = FACE_BOUND('',#5454,.T.);
#5454 = EDGE_LOOP('',(#5455,#5456,#5457,#5458));
#5455 = ORIENTED_EDGE('',*,*,#1882,.T.);
#5456 = ORIENTED_EDGE('',*,*,#5432,.T.);
#5457 = ORIENTED_EDGE('',*,*,#3632,.F.);
#5458 = ORIENTED_EDGE('',*,*,#5459,.F.);
#5459 = EDGE_CURVE('',#1857,#3612,#5460,.T.);
#5460 = SURFACE_CURVE('',#5461,(#5465,#5472),.PCURVE_S1.);
#5461 = LINE('',#5462,#5463);
#5462 = CARTESIAN_POINT('',(-160.5,66.481276760882,-0.1));
#5463 = VECTOR('',#5464,1.);
#5464 = DIRECTION('',(0.,0.,1.));
#5465 = PCURVE('',#1895,#5466);
#5466 = DEFINITIONAL_REPRESENTATION('',(#5467),#5471);
#5467 = LINE('',#5468,#5469);
#5468 = CARTESIAN_POINT('',(132.96255352176,0.));
#5469 = VECTOR('',#5470,1.);
#5470 = DIRECTION('',(0.,-1.));
#5471 = ( GEOMETRIC_REPRESENTATION_CONTEXT(2) 
PARAMETRIC_REPRESENTATION_CONTEXT() REPRESENTATION_CONTEXT('2D SPACE',''
  ) );
#5472 = PCURVE('',#1871,#5473);
#5473 = DEFINITIONAL_REPRESENTATION('',(#5474),#5478);
#5474 = LINE('',#5475,#5476);
#5475 = CARTESIAN_POINT('',(0.,0.));
#5476 = VECTOR('',#5477,1.);
#5477 = DIRECTION('',(0.,-1.));
#5478 = ( GEOMETRIC_REPRESENTATION_CONTEXT(2) 
PARAMETRIC_REPRESENTATION_CONTEXT() REPRESENTATION_CONTEXT('2D SPACE',''
  ) );
#5479 = ADVANCED_FACE('',(#5480),#1741,.T.);
#5480 = FACE_BOUND('',#5481,.T.);
#5481 = EDGE_LOOP('',(#5482,#5483,#5504,#5505));
#5482 = ORIENTED_EDGE('',*,*,#1726,.T.);
#5483 = ORIENTED_EDGE('',*,*,#5484,.T.);
#5484 = EDGE_CURVE('',#1727,#3507,#5485,.T.);
#5485 = SURFACE_CURVE('',#5486,(#5490,#5497),.PCURVE_S1.);
#5486 = LINE('',#5487,#5488);
#5487 = CARTESIAN_POINT('',(160.5,66.481276760882,-0.1));
#5488 = VECTOR('',#5489,1.);
#5489 = DIRECTION('',(0.,0.,1.));
#5490 = PCURVE('',#1741,#5491);
#5491 = DEFINITIONAL_REPRESENTATION('',(#5492),#5496);
#5492 = LINE('',#5493,#5494);
#5493 = CARTESIAN_POINT('',(0.,0.));
#5494 = VECTOR('',#5495,1.);
#5495 = DIRECTION('',(0.,-1.));
#5496 = ( GEOMETRIC_REPRESENTATION_CONTEXT(2) 
PARAMETRIC_REPRESENTATION_CONTEXT() REPRESENTATION_CONTEXT('2D SPACE',''
  ) );
#5497 = PCURVE('',#1767,#5498);
#5498 = DEFINITIONAL_REPRESENTATION('',(#5499),#5503);
#5499 = LINE('',#5500,#5501);
#5500 = CARTESIAN_POINT('',(132.96255352176,0.));
#5501 = VECTOR('',#5502,1.);
#5502 = DIRECTION('',(0.,-1.));
#5503 = ( GEOMETRIC_REPRESENTATION_CONTEXT(2) 
PARAMETRIC_REPRESENTATION_CONTEXT() REPRESENTATION_CONTEXT('2D SPACE',''
  ) );
#5504 = ORIENTED_EDGE('',*,*,#3506,.F.);
#5505 = ORIENTED_EDGE('',*,*,#5410,.F.);
#5506 = ADVANCED_FACE('',(#5507),#1871,.T.);
#5507 = FACE_BOUND('',#5508,.T.);
#5508 = EDGE_LOOP('',(#5509,#5510,#5511,#5512));
#5509 = ORIENTED_EDGE('',*,*,#1856,.T.);
#5510 = ORIENTED_EDGE('',*,*,#5459,.T.);
#5511 = ORIENTED_EDGE('',*,*,#3611,.F.);
#5512 = ORIENTED_EDGE('',*,*,#5513,.F.);
#5513 = EDGE_CURVE('',#1831,#3591,#5514,.T.);
#5514 = SURFACE_CURVE('',#5515,(#5519,#5526),.PCURVE_S1.);
#5515 = LINE('',#5516,#5517);
#5516 = CARTESIAN_POINT('',(-160.5,-66.48127676088,-0.1));
#5517 = VECTOR('',#5518,1.);
#5518 = DIRECTION('',(0.,0.,1.));
#5519 = PCURVE('',#1871,#5520);
#5520 = DEFINITIONAL_REPRESENTATION('',(#5521),#5525);
#5521 = LINE('',#5522,#5523);
#5522 = CARTESIAN_POINT('',(132.96255352176,0.));
#5523 = VECTOR('',#5524,1.);
#5524 = DIRECTION('',(0.,-1.));
#5525 = ( GEOMETRIC_REPRESENTATION_CONTEXT(2) 
PARAMETRIC_REPRESENTATION_CONTEXT() REPRESENTATION_CONTEXT('2D SPACE',''
  ) );
#5526 = PCURVE('',#1845,#5527);
#5527 = DEFINITIONAL_REPRESENTATION('',(#5528),#5532);
#5528 = LINE('',#5529,#5530);
#5529 = CARTESIAN_POINT('',(0.,0.));
#5530 = VECTOR('',#5531,1.);
#5531 = DIRECTION('',(0.,-1.));
#5532 = ( GEOMETRIC_REPRESENTATION_CONTEXT(2) 
PARAMETRIC_REPRESENTATION_CONTEXT() REPRESENTATION_CONTEXT('2D SPACE',''
  ) );
#5533 = ADVANCED_FACE('',(#5534),#1767,.T.);
#5534 = FACE_BOUND('',#5535,.T.);
#5535 = EDGE_LOOP('',(#5536,#5537,#5558,#5559));
#5536 = ORIENTED_EDGE('',*,*,#1752,.T.);
#5537 = ORIENTED_EDGE('',*,*,#5538,.T.);
#5538 = EDGE_CURVE('',#1753,#3528,#5539,.T.);
#5539 = SURFACE_CURVE('',#5540,(#5544,#5551),.PCURVE_S1.);
#5540 = LINE('',#5541,#5542);
#5541 = CARTESIAN_POINT('',(160.5,-66.48127676088,-0.1));
#5542 = VECTOR('',#5543,1.);
#5543 = DIRECTION('',(0.,0.,1.));
#5544 = PCURVE('',#1767,#5545);
#5545 = DEFINITIONAL_REPRESENTATION('',(#5546),#5550);
#5546 = LINE('',#5547,#5548);
#5547 = CARTESIAN_POINT('',(0.,0.));
#5548 = VECTOR('',#5549,1.);
#5549 = DIRECTION('',(0.,-1.));
#5550 = ( GEOMETRIC_REPRESENTATION_CONTEXT(2) 
PARAMETRIC_REPRESENTATION_CONTEXT() REPRESENTATION_CONTEXT('2D SPACE',''
  ) );
#5551 = PCURVE('',#1793,#5552);
#5552 = DEFINITIONAL_REPRESENTATION('',(#5553),#5557);
#5553 = LINE('',#5554,#5555);
#5554 = CARTESIAN_POINT('',(132.96255352176,0.));
#5555 = VECTOR('',#5556,1.);
#5556 = DIRECTION('',(0.,-1.));
#5557 = ( GEOMETRIC_REPRESENTATION_CONTEXT(2) 
PARAMETRIC_REPRESENTATION_CONTEXT() REPRESENTATION_CONTEXT('2D SPACE',''
  ) );
#5558 = ORIENTED_EDGE('',*,*,#3527,.F.);
#5559 = ORIENTED_EDGE('',*,*,#5484,.F.);
#5560 = ADVANCED_FACE('',(#5561),#1845,.T.);
#5561 = FACE_BOUND('',#5562,.T.);
#5562 = EDGE_LOOP('',(#5563,#5564,#5565,#5566));
#5563 = ORIENTED_EDGE('',*,*,#1830,.T.);
#5564 = ORIENTED_EDGE('',*,*,#5513,.T.);
#5565 = ORIENTED_EDGE('',*,*,#3590,.F.);
#5566 = ORIENTED_EDGE('',*,*,#5567,.F.);
#5567 = EDGE_CURVE('',#1805,#3570,#5568,.T.);
#5568 = SURFACE_CURVE('',#5569,(#5573,#5580),.PCURVE_S1.);
#5569 = LINE('',#5570,#5571);
#5570 = CARTESIAN_POINT('',(-66.48127676088,-160.5,-0.1));
#5571 = VECTOR('',#5572,1.);
#5572 = DIRECTION('',(0.,0.,1.));
#5573 = PCURVE('',#1845,#5574);
#5574 = DEFINITIONAL_REPRESENTATION('',(#5575),#5579);
#5575 = LINE('',#5576,#5577);
#5576 = CARTESIAN_POINT('',(132.96255352176,0.));
#5577 = VECTOR('',#5578,1.);
#5578 = DIRECTION('',(0.,-1.));
#5579 = ( GEOMETRIC_REPRESENTATION_CONTEXT(2) 
PARAMETRIC_REPRESENTATION_CONTEXT() REPRESENTATION_CONTEXT('2D SPACE',''
  ) );
#5580 = PCURVE('',#1819,#5581);
#5581 = DEFINITIONAL_REPRESENTATION('',(#5582),#5586);
#5582 = LINE('',#5583,#5584);
#5583 = CARTESIAN_POINT('',(0.,0.));
#5584 = VECTOR('',#5585,1.);
#5585 = DIRECTION('',(0.,-1.));
#5586 = ( GEOMETRIC_REPRESENTATION_CONTEXT(2) 
PARAMETRIC_REPRESENTATION_CONTEXT() REPRESENTATION_CONTEXT('2D SPACE',''
  ) );
#5587 = ADVANCED_FACE('',(#5588),#1793,.T.);
#5588 = FACE_BOUND('',#5589,.T.);
#5589 = EDGE_LOOP('',(#5590,#5591,#5612,#5613));
#5590 = ORIENTED_EDGE('',*,*,#1778,.T.);
#5591 = ORIENTED_EDGE('',*,*,#5592,.T.);
#5592 = EDGE_CURVE('',#1779,#3549,#5593,.T.);
#5593 = SURFACE_CURVE('',#5594,(#5598,#5605),.PCURVE_S1.);
#5594 = LINE('',#5595,#5596);
#5595 = CARTESIAN_POINT('',(66.481276760882,-160.5,-0.1));
#5596 = VECTOR('',#5597,1.);
#5597 = DIRECTION('',(0.,0.,1.));
#5598 = PCURVE('',#1793,#5599);
#5599 = DEFINITIONAL_REPRESENTATION('',(#5600),#5604);
#5600 = LINE('',#5601,#5602);
#5601 = CARTESIAN_POINT('',(0.,0.));
#5602 = VECTOR('',#5603,1.);
#5603 = DIRECTION('',(0.,-1.));
#5604 = ( GEOMETRIC_REPRESENTATION_CONTEXT(2) 
PARAMETRIC_REPRESENTATION_CONTEXT() REPRESENTATION_CONTEXT('2D SPACE',''
  ) );
#5605 = PCURVE('',#1819,#5606);
#5606 = DEFINITIONAL_REPRESENTATION('',(#5607),#5611);
#5607 = LINE('',#5608,#5609);
#5608 = CARTESIAN_POINT('',(132.96255352176,0.));
#5609 = VECTOR('',#5610,1.);
#5610 = DIRECTION('',(0.,-1.));
#5611 = ( GEOMETRIC_REPRESENTATION_CONTEXT(2) 
PARAMETRIC_REPRESENTATION_CONTEXT() REPRESENTATION_CONTEXT('2D SPACE',''
  ) );
#5612 = ORIENTED_EDGE('',*,*,#3548,.F.);
#5613 = ORIENTED_EDGE('',*,*,#5538,.F.);
#5614 = ADVANCED_FACE('',(#5615),#1819,.T.);
#5615 = FACE_BOUND('',#5616,.T.);
#5616 = EDGE_LOOP('',(#5617,#5618,#5619,#5620));
#5617 = ORIENTED_EDGE('',*,*,#1804,.T.);
#5618 = ORIENTED_EDGE('',*,*,#5567,.T.);
#5619 = ORIENTED_EDGE('',*,*,#3569,.F.);
#5620 = ORIENTED_EDGE('',*,*,#5592,.F.);
#5621 = ADVANCED_FACE('',(#5622),#1925,.T.);
#5622 = FACE_BOUND('',#5623,.T.);
#5623 = EDGE_LOOP('',(#5624,#5645,#5646,#5667));
#5624 = ORIENTED_EDGE('',*,*,#5625,.F.);
#5625 = EDGE_CURVE('',#1909,#3654,#5626,.T.);
#5626 = SURFACE_CURVE('',#5627,(#5631,#5638),.PCURVE_S1.);
#5627 = LINE('',#5628,#5629);
#5628 = CARTESIAN_POINT('',(164.4,9.7,-0.1));
#5629 = VECTOR('',#5630,1.);
#5630 = DIRECTION('',(0.,0.,1.));
#5631 = PCURVE('',#1925,#5632);
#5632 = DEFINITIONAL_REPRESENTATION('',(#5633),#5637);
#5633 = LINE('',#5634,#5635);
#5634 = CARTESIAN_POINT('',(0.,2.2));
#5635 = VECTOR('',#5636,1.);
#5636 = DIRECTION('',(1.,0.));
#5637 = ( GEOMETRIC_REPRESENTATION_CONTEXT(2) 
PARAMETRIC_REPRESENTATION_CONTEXT() REPRESENTATION_CONTEXT('2D SPACE',''
  ) );
#5638 = PCURVE('',#2001,#5639);
#5639 = DEFINITIONAL_REPRESENTATION('',(#5640),#5644);
#5640 = LINE('',#5641,#5642);
#5641 = CARTESIAN_POINT('',(0.,0.));
#5642 = VECTOR('',#5643,1.);
#5643 = DIRECTION('',(1.,0.));
#5644 = ( GEOMETRIC_REPRESENTATION_CONTEXT(2) 
PARAMETRIC_REPRESENTATION_CONTEXT() REPRESENTATION_CONTEXT('2D SPACE',''
  ) );
#5645 = ORIENTED_EDGE('',*,*,#1908,.T.);
#5646 = ORIENTED_EDGE('',*,*,#5647,.T.);
#5647 = EDGE_CURVE('',#1911,#3656,#5648,.T.);
#5648 = SURFACE_CURVE('',#5649,(#5653,#5660),.PCURVE_S1.);
#5649 = LINE('',#5650,#5651);
#5650 = CARTESIAN_POINT('',(162.2,9.7,-0.1));
#5651 = VECTOR('',#5652,1.);
#5652 = DIRECTION('',(0.,0.,1.));
#5653 = PCURVE('',#1925,#5654);
#5654 = DEFINITIONAL_REPRESENTATION('',(#5655),#5659);
#5655 = LINE('',#5656,#5657);
#5656 = CARTESIAN_POINT('',(0.,0.));
#5657 = VECTOR('',#5658,1.);
#5658 = DIRECTION('',(1.,0.));
#5659 = ( GEOMETRIC_REPRESENTATION_CONTEXT(2) 
PARAMETRIC_REPRESENTATION_CONTEXT() REPRESENTATION_CONTEXT('2D SPACE',''
  ) );
#5660 = PCURVE('',#1951,#5661);
#5661 = DEFINITIONAL_REPRESENTATION('',(#5662),#5666);
#5662 = LINE('',#5663,#5664);
#5663 = CARTESIAN_POINT('',(0.,0.));
#5664 = VECTOR('',#5665,1.);
#5665 = DIRECTION('',(1.,0.));
#5666 = ( GEOMETRIC_REPRESENTATION_CONTEXT(2) 
PARAMETRIC_REPRESENTATION_CONTEXT() REPRESENTATION_CONTEXT('2D SPACE',''
  ) );
#5667 = ORIENTED_EDGE('',*,*,#3653,.F.);
#5668 = ADVANCED_FACE('',(#5669),#2001,.F.);
#5669 = FACE_BOUND('',#5670,.F.);
#5670 = EDGE_LOOP('',(#5671,#5672,#5673,#5694));
#5671 = ORIENTED_EDGE('',*,*,#5625,.F.);
#5672 = ORIENTED_EDGE('',*,*,#1988,.T.);
#5673 = ORIENTED_EDGE('',*,*,#5674,.T.);
#5674 = EDGE_CURVE('',#1963,#3698,#5675,.T.);
#5675 = SURFACE_CURVE('',#5676,(#5680,#5687),.PCURVE_S1.);
#5676 = LINE('',#5677,#5678);
#5677 = CARTESIAN_POINT('',(164.4,58.3,-0.1));
#5678 = VECTOR('',#5679,1.);
#5679 = DIRECTION('',(0.,0.,1.));
#5680 = PCURVE('',#2001,#5681);
#5681 = DEFINITIONAL_REPRESENTATION('',(#5682),#5686);
#5682 = LINE('',#5683,#5684);
#5683 = CARTESIAN_POINT('',(0.,-48.6));
#5684 = VECTOR('',#5685,1.);
#5685 = DIRECTION('',(1.,0.));
#5686 = ( GEOMETRIC_REPRESENTATION_CONTEXT(2) 
PARAMETRIC_REPRESENTATION_CONTEXT() REPRESENTATION_CONTEXT('2D SPACE',''
  ) );
#5687 = PCURVE('',#1977,#5688);
#5688 = DEFINITIONAL_REPRESENTATION('',(#5689),#5693);
#5689 = LINE('',#5690,#5691);
#5690 = CARTESIAN_POINT('',(0.,2.2));
#5691 = VECTOR('',#5692,1.);
#5692 = DIRECTION('',(1.,0.));
#5693 = ( GEOMETRIC_REPRESENTATION_CONTEXT(2) 
PARAMETRIC_REPRESENTATION_CONTEXT() REPRESENTATION_CONTEXT('2D SPACE',''
  ) );
#5694 = ORIENTED_EDGE('',*,*,#3718,.F.);
#5695 = ADVANCED_FACE('',(#5696),#1951,.T.);
#5696 = FACE_BOUND('',#5697,.T.);
#5697 = EDGE_LOOP('',(#5698,#5699,#5700,#5721));
#5698 = ORIENTED_EDGE('',*,*,#5647,.F.);
#5699 = ORIENTED_EDGE('',*,*,#1936,.T.);
#5700 = ORIENTED_EDGE('',*,*,#5701,.T.);
#5701 = EDGE_CURVE('',#1937,#3677,#5702,.T.);
#5702 = SURFACE_CURVE('',#5703,(#5707,#5714),.PCURVE_S1.);
#5703 = LINE('',#5704,#5705);
#5704 = CARTESIAN_POINT('',(162.2,58.3,-0.1));
#5705 = VECTOR('',#5706,1.);
#5706 = DIRECTION('',(0.,0.,1.));
#5707 = PCURVE('',#1951,#5708);
#5708 = DEFINITIONAL_REPRESENTATION('',(#5709),#5713);
#5709 = LINE('',#5710,#5711);
#5710 = CARTESIAN_POINT('',(0.,-48.6));
#5711 = VECTOR('',#5712,1.);
#5712 = DIRECTION('',(1.,0.));
#5713 = ( GEOMETRIC_REPRESENTATION_CONTEXT(2) 
PARAMETRIC_REPRESENTATION_CONTEXT() REPRESENTATION_CONTEXT('2D SPACE',''
  ) );
#5714 = PCURVE('',#1977,#5715);
#5715 = DEFINITIONAL_REPRESENTATION('',(#5716),#5720);
#5716 = LINE('',#5717,#5718);
#5717 = CARTESIAN_POINT('',(0.,0.));
#5718 = VECTOR('',#5719,1.);
#5719 = DIRECTION('',(1.,0.));
#5720 = ( GEOMETRIC_REPRESENTATION_CONTEXT(2) 
PARAMETRIC_REPRESENTATION_CONTEXT() REPRESENTATION_CONTEXT('2D SPACE',''
  ) );
#5721 = ORIENTED_EDGE('',*,*,#3676,.F.);
#5722 = ADVANCED_FACE('',(#5723),#1977,.F.);
#5723 = FACE_BOUND('',#5724,.F.);
#5724 = EDGE_LOOP('',(#5725,#5726,#5727,#5728));
#5725 = ORIENTED_EDGE('',*,*,#5674,.F.);
#5726 = ORIENTED_EDGE('',*,*,#1962,.T.);
#5727 = ORIENTED_EDGE('',*,*,#5701,.T.);
#5728 = ORIENTED_EDGE('',*,*,#3697,.F.);
#5729 = ADVANCED_FACE('',(#5730),#2031,.T.);
#5730 = FACE_BOUND('',#5731,.T.);
#5731 = EDGE_LOOP('',(#5732,#5753,#5754,#5775));
#5732 = ORIENTED_EDGE('',*,*,#5733,.F.);
#5733 = EDGE_CURVE('',#2015,#3740,#5734,.T.);
#5734 = SURFACE_CURVE('',#5735,(#5739,#5746),.PCURVE_S1.);
#5735 = LINE('',#5736,#5737);
#5736 = CARTESIAN_POINT('',(58.3,164.4,-0.1));
#5737 = VECTOR('',#5738,1.);
#5738 = DIRECTION('',(0.,0.,1.));
#5739 = PCURVE('',#2031,#5740);
#5740 = DEFINITIONAL_REPRESENTATION('',(#5741),#5745);
#5741 = LINE('',#5742,#5743);
#5742 = CARTESIAN_POINT('',(0.,2.2));
#5743 = VECTOR('',#5744,1.);
#5744 = DIRECTION('',(1.,0.));
#5745 = ( GEOMETRIC_REPRESENTATION_CONTEXT(2) 
PARAMETRIC_REPRESENTATION_CONTEXT() REPRESENTATION_CONTEXT('2D SPACE',''
  ) );
#5746 = PCURVE('',#2107,#5747);
#5747 = DEFINITIONAL_REPRESENTATION('',(#5748),#5752);
#5748 = LINE('',#5749,#5750);
#5749 = CARTESIAN_POINT('',(0.,0.));
#5750 = VECTOR('',#5751,1.);
#5751 = DIRECTION('',(1.,0.));
#5752 = ( GEOMETRIC_REPRESENTATION_CONTEXT(2) 
PARAMETRIC_REPRESENTATION_CONTEXT() REPRESENTATION_CONTEXT('2D SPACE',''
  ) );
#5753 = ORIENTED_EDGE('',*,*,#2014,.T.);
#5754 = ORIENTED_EDGE('',*,*,#5755,.T.);
#5755 = EDGE_CURVE('',#2017,#3742,#5756,.T.);
#5756 = SURFACE_CURVE('',#5757,(#5761,#5768),.PCURVE_S1.);
#5757 = LINE('',#5758,#5759);
#5758 = CARTESIAN_POINT('',(58.3,162.2,-0.1));
#5759 = VECTOR('',#5760,1.);
#5760 = DIRECTION('',(0.,0.,1.));
#5761 = PCURVE('',#2031,#5762);
#5762 = DEFINITIONAL_REPRESENTATION('',(#5763),#5767);
#5763 = LINE('',#5764,#5765);
#5764 = CARTESIAN_POINT('',(0.,0.));
#5765 = VECTOR('',#5766,1.);
#5766 = DIRECTION('',(1.,0.));
#5767 = ( GEOMETRIC_REPRESENTATION_CONTEXT(2) 
PARAMETRIC_REPRESENTATION_CONTEXT() REPRESENTATION_CONTEXT('2D SPACE',''
  ) );
#5768 = PCURVE('',#2057,#5769);
#5769 = DEFINITIONAL_REPRESENTATION('',(#5770),#5774);
#5770 = LINE('',#5771,#5772);
#5771 = CARTESIAN_POINT('',(0.,0.));
#5772 = VECTOR('',#5773,1.);
#5773 = DIRECTION('',(1.,0.));
#5774 = ( GEOMETRIC_REPRESENTATION_CONTEXT(2) 
PARAMETRIC_REPRESENTATION_CONTEXT() REPRESENTATION_CONTEXT('2D SPACE',''
  ) );
#5775 = ORIENTED_EDGE('',*,*,#3739,.F.);
#5776 = ADVANCED_FACE('',(#5777),#2107,.F.);
#5777 = FACE_BOUND('',#5778,.F.);
#5778 = EDGE_LOOP('',(#5779,#5780,#5781,#5802));
#5779 = ORIENTED_EDGE('',*,*,#5733,.F.);
#5780 = ORIENTED_EDGE('',*,*,#2094,.T.);
#5781 = ORIENTED_EDGE('',*,*,#5782,.T.);
#5782 = EDGE_CURVE('',#2069,#3784,#5783,.T.);
#5783 = SURFACE_CURVE('',#5784,(#5788,#5795),.PCURVE_S1.);
#5784 = LINE('',#5785,#5786);
#5785 = CARTESIAN_POINT('',(9.7,164.4,-0.1));
#5786 = VECTOR('',#5787,1.);
#5787 = DIRECTION('',(0.,0.,1.));
#5788 = PCURVE('',#2107,#5789);
#5789 = DEFINITIONAL_REPRESENTATION('',(#5790),#5794);
#5790 = LINE('',#5791,#5792);
#5791 = CARTESIAN_POINT('',(0.,-48.6));
#5792 = VECTOR('',#5793,1.);
#5793 = DIRECTION('',(1.,0.));
#5794 = ( GEOMETRIC_REPRESENTATION_CONTEXT(2) 
PARAMETRIC_REPRESENTATION_CONTEXT() REPRESENTATION_CONTEXT('2D SPACE',''
  ) );
#5795 = PCURVE('',#2083,#5796);
#5796 = DEFINITIONAL_REPRESENTATION('',(#5797),#5801);
#5797 = LINE('',#5798,#5799);
#5798 = CARTESIAN_POINT('',(0.,2.2));
#5799 = VECTOR('',#5800,1.);
#5800 = DIRECTION('',(1.,0.));
#5801 = ( GEOMETRIC_REPRESENTATION_CONTEXT(2) 
PARAMETRIC_REPRESENTATION_CONTEXT() REPRESENTATION_CONTEXT('2D SPACE',''
  ) );
#5802 = ORIENTED_EDGE('',*,*,#3804,.F.);
#5803 = ADVANCED_FACE('',(#5804),#2057,.T.);
#5804 = FACE_BOUND('',#5805,.T.);
#5805 = EDGE_LOOP('',(#5806,#5807,#5808,#5829));
#5806 = ORIENTED_EDGE('',*,*,#5755,.F.);
#5807 = ORIENTED_EDGE('',*,*,#2042,.T.);
#5808 = ORIENTED_EDGE('',*,*,#5809,.T.);
#5809 = EDGE_CURVE('',#2043,#3763,#5810,.T.);
#5810 = SURFACE_CURVE('',#5811,(#5815,#5822),.PCURVE_S1.);
#5811 = LINE('',#5812,#5813);
#5812 = CARTESIAN_POINT('',(9.7,162.2,-0.1));
#5813 = VECTOR('',#5814,1.);
#5814 = DIRECTION('',(0.,0.,1.));
#5815 = PCURVE('',#2057,#5816);
#5816 = DEFINITIONAL_REPRESENTATION('',(#5817),#5821);
#5817 = LINE('',#5818,#5819);
#5818 = CARTESIAN_POINT('',(0.,-48.6));
#5819 = VECTOR('',#5820,1.);
#5820 = DIRECTION('',(1.,0.));
#5821 = ( GEOMETRIC_REPRESENTATION_CONTEXT(2) 
PARAMETRIC_REPRESENTATION_CONTEXT() REPRESENTATION_CONTEXT('2D SPACE',''
  ) );
#5822 = PCURVE('',#2083,#5823);
#5823 = DEFINITIONAL_REPRESENTATION('',(#5824),#5828);
#5824 = LINE('',#5825,#5826);
#5825 = CARTESIAN_POINT('',(0.,0.));
#5826 = VECTOR('',#5827,1.);
#5827 = DIRECTION('',(1.,0.));
#5828 = ( GEOMETRIC_REPRESENTATION_CONTEXT(2) 
PARAMETRIC_REPRESENTATION_CONTEXT() REPRESENTATION_CONTEXT('2D SPACE',''
  ) );
#5829 = ORIENTED_EDGE('',*,*,#3762,.F.);
#5830 = ADVANCED_FACE('',(#5831),#2083,.F.);
#5831 = FACE_BOUND('',#5832,.F.);
#5832 = EDGE_LOOP('',(#5833,#5834,#5835,#5836));
#5833 = ORIENTED_EDGE('',*,*,#5782,.F.);
#5834 = ORIENTED_EDGE('',*,*,#2068,.T.);
#5835 = ORIENTED_EDGE('',*,*,#5809,.T.);
#5836 = ORIENTED_EDGE('',*,*,#3783,.F.);
#5837 = ADVANCED_FACE('',(#5838),#2137,.T.);
#5838 = FACE_BOUND('',#5839,.T.);
#5839 = EDGE_LOOP('',(#5840,#5861,#5862,#5883));
#5840 = ORIENTED_EDGE('',*,*,#5841,.F.);
#5841 = EDGE_CURVE('',#2121,#3826,#5842,.T.);
#5842 = SURFACE_CURVE('',#5843,(#5847,#5854),.PCURVE_S1.);
#5843 = LINE('',#5844,#5845);
#5844 = CARTESIAN_POINT('',(157.47268017024,75.024029483893,-0.1));
#5845 = VECTOR('',#5846,1.);
#5846 = DIRECTION('',(0.,0.,1.));
#5847 = PCURVE('',#2137,#5848);
#5848 = DEFINITIONAL_REPRESENTATION('',(#5849),#5853);
#5849 = LINE('',#5850,#5851);
#5850 = CARTESIAN_POINT('',(0.,2.2));
#5851 = VECTOR('',#5852,1.);
#5852 = DIRECTION('',(1.,0.));
#5853 = ( GEOMETRIC_REPRESENTATION_CONTEXT(2) 
PARAMETRIC_REPRESENTATION_CONTEXT() REPRESENTATION_CONTEXT('2D SPACE',''
  ) );
#5854 = PCURVE('',#2213,#5855);
#5855 = DEFINITIONAL_REPRESENTATION('',(#5856),#5860);
#5856 = LINE('',#5857,#5858);
#5857 = CARTESIAN_POINT('',(0.,0.));
#5858 = VECTOR('',#5859,1.);
#5859 = DIRECTION('',(1.,0.));
#5860 = ( GEOMETRIC_REPRESENTATION_CONTEXT(2) 
PARAMETRIC_REPRESENTATION_CONTEXT() REPRESENTATION_CONTEXT('2D SPACE',''
  ) );
#5861 = ORIENTED_EDGE('',*,*,#2120,.T.);
#5862 = ORIENTED_EDGE('',*,*,#5863,.T.);
#5863 = EDGE_CURVE('',#2123,#3828,#5864,.T.);
#5864 = SURFACE_CURVE('',#5865,(#5869,#5876),.PCURVE_S1.);
#5865 = LINE('',#5866,#5867);
#5866 = CARTESIAN_POINT('',(155.91704525163,73.468394565282,-0.1));
#5867 = VECTOR('',#5868,1.);
#5868 = DIRECTION('',(0.,0.,1.));
#5869 = PCURVE('',#2137,#5870);
#5870 = DEFINITIONAL_REPRESENTATION('',(#5871),#5875);
#5871 = LINE('',#5872,#5873);
#5872 = CARTESIAN_POINT('',(0.,0.));
#5873 = VECTOR('',#5874,1.);
#5874 = DIRECTION('',(1.,0.));
#5875 = ( GEOMETRIC_REPRESENTATION_CONTEXT(2) 
PARAMETRIC_REPRESENTATION_CONTEXT() REPRESENTATION_CONTEXT('2D SPACE',''
  ) );
#5876 = PCURVE('',#2163,#5877);
#5877 = DEFINITIONAL_REPRESENTATION('',(#5878),#5882);
#5878 = LINE('',#5879,#5880);
#5879 = CARTESIAN_POINT('',(0.,0.));
#5880 = VECTOR('',#5881,1.);
#5881 = DIRECTION('',(1.,0.));
#5882 = ( GEOMETRIC_REPRESENTATION_CONTEXT(2) 
PARAMETRIC_REPRESENTATION_CONTEXT() REPRESENTATION_CONTEXT('2D SPACE',''
  ) );
#5883 = ORIENTED_EDGE('',*,*,#3825,.F.);
#5884 = ADVANCED_FACE('',(#5885),#2213,.F.);
#5885 = FACE_BOUND('',#5886,.F.);
#5886 = EDGE_LOOP('',(#5887,#5888,#5889,#5910));
#5887 = ORIENTED_EDGE('',*,*,#5841,.F.);
#5888 = ORIENTED_EDGE('',*,*,#2200,.T.);
#5889 = ORIENTED_EDGE('',*,*,#5890,.T.);
#5890 = EDGE_CURVE('',#2175,#3870,#5891,.T.);
#5891 = SURFACE_CURVE('',#5892,(#5896,#5903),.PCURVE_S1.);
#5892 = LINE('',#5893,#5894);
#5893 = CARTESIAN_POINT('',(123.10729060457,109.38941904955,-0.1));
#5894 = VECTOR('',#5895,1.);
#5895 = DIRECTION('',(0.,0.,1.));
#5896 = PCURVE('',#2213,#5897);
#5897 = DEFINITIONAL_REPRESENTATION('',(#5898),#5902);
#5898 = LINE('',#5899,#5900);
#5899 = CARTESIAN_POINT('',(0.,-48.6));
#5900 = VECTOR('',#5901,1.);
#5901 = DIRECTION('',(1.,0.));
#5902 = ( GEOMETRIC_REPRESENTATION_CONTEXT(2) 
PARAMETRIC_REPRESENTATION_CONTEXT() REPRESENTATION_CONTEXT('2D SPACE',''
  ) );
#5903 = PCURVE('',#2189,#5904);
#5904 = DEFINITIONAL_REPRESENTATION('',(#5905),#5909);
#5905 = LINE('',#5906,#5907);
#5906 = CARTESIAN_POINT('',(0.,2.2));
#5907 = VECTOR('',#5908,1.);
#5908 = DIRECTION('',(1.,0.));
#5909 = ( GEOMETRIC_REPRESENTATION_CONTEXT(2) 
PARAMETRIC_REPRESENTATION_CONTEXT() REPRESENTATION_CONTEXT('2D SPACE',''
  ) );
#5910 = ORIENTED_EDGE('',*,*,#3890,.F.);
#5911 = ADVANCED_FACE('',(#5912),#2163,.T.);
#5912 = FACE_BOUND('',#5913,.T.);
#5913 = EDGE_LOOP('',(#5914,#5915,#5916,#5937));
#5914 = ORIENTED_EDGE('',*,*,#5863,.F.);
#5915 = ORIENTED_EDGE('',*,*,#2148,.T.);
#5916 = ORIENTED_EDGE('',*,*,#5917,.T.);
#5917 = EDGE_CURVE('',#2149,#3849,#5918,.T.);
#5918 = SURFACE_CURVE('',#5919,(#5923,#5930),.PCURVE_S1.);
#5919 = LINE('',#5920,#5921);
#5920 = CARTESIAN_POINT('',(121.55165568596,107.83378413094,-0.1));
#5921 = VECTOR('',#5922,1.);
#5922 = DIRECTION('',(0.,0.,1.));
#5923 = PCURVE('',#2163,#5924);
#5924 = DEFINITIONAL_REPRESENTATION('',(#5925),#5929);
#5925 = LINE('',#5926,#5927);
#5926 = CARTESIAN_POINT('',(0.,-48.6));
#5927 = VECTOR('',#5928,1.);
#5928 = DIRECTION('',(1.,0.));
#5929 = ( GEOMETRIC_REPRESENTATION_CONTEXT(2) 
PARAMETRIC_REPRESENTATION_CONTEXT() REPRESENTATION_CONTEXT('2D SPACE',''
  ) );
#5930 = PCURVE('',#2189,#5931);
#5931 = DEFINITIONAL_REPRESENTATION('',(#5932),#5936);
#5932 = LINE('',#5933,#5934);
#5933 = CARTESIAN_POINT('',(0.,0.));
#5934 = VECTOR('',#5935,1.);
#5935 = DIRECTION('',(1.,0.));
#5936 = ( GEOMETRIC_REPRESENTATION_CONTEXT(2) 
PARAMETRIC_REPRESENTATION_CONTEXT() REPRESENTATION_CONTEXT('2D SPACE',''
  ) );
#5937 = ORIENTED_EDGE('',*,*,#3848,.F.);
#5938 = ADVANCED_FACE('',(#5939),#2189,.F.);
#5939 = FACE_BOUND('',#5940,.F.);
#5940 = EDGE_LOOP('',(#5941,#5942,#5943,#5944));
#5941 = ORIENTED_EDGE('',*,*,#5890,.F.);
#5942 = ORIENTED_EDGE('',*,*,#2174,.T.);
#5943 = ORIENTED_EDGE('',*,*,#5917,.T.);
#5944 = ORIENTED_EDGE('',*,*,#3869,.F.);
#5945 = ADVANCED_FACE('',(#5946),#2243,.T.);
#5946 = FACE_BOUND('',#5947,.T.);
#5947 = EDGE_LOOP('',(#5948,#5969,#5970,#5991));
#5948 = ORIENTED_EDGE('',*,*,#5949,.F.);
#5949 = EDGE_CURVE('',#2227,#3912,#5950,.T.);
#5950 = SURFACE_CURVE('',#5951,(#5955,#5962),.PCURVE_S1.);
#5951 = LINE('',#5952,#5953);
#5952 = CARTESIAN_POINT('',(109.38941904955,123.10729060457,-0.1));
#5953 = VECTOR('',#5954,1.);
#5954 = DIRECTION('',(0.,0.,1.));
#5955 = PCURVE('',#2243,#5956);
#5956 = DEFINITIONAL_REPRESENTATION('',(#5957),#5961);
#5957 = LINE('',#5958,#5959);
#5958 = CARTESIAN_POINT('',(0.,2.2));
#5959 = VECTOR('',#5960,1.);
#5960 = DIRECTION('',(1.,0.));
#5961 = ( GEOMETRIC_REPRESENTATION_CONTEXT(2) 
PARAMETRIC_REPRESENTATION_CONTEXT() REPRESENTATION_CONTEXT('2D SPACE',''
  ) );
#5962 = PCURVE('',#2319,#5963);
#5963 = DEFINITIONAL_REPRESENTATION('',(#5964),#5968);
#5964 = LINE('',#5965,#5966);
#5965 = CARTESIAN_POINT('',(0.,0.));
#5966 = VECTOR('',#5967,1.);
#5967 = DIRECTION('',(1.,0.));
#5968 = ( GEOMETRIC_REPRESENTATION_CONTEXT(2) 
PARAMETRIC_REPRESENTATION_CONTEXT() REPRESENTATION_CONTEXT('2D SPACE',''
  ) );
#5969 = ORIENTED_EDGE('',*,*,#2226,.T.);
#5970 = ORIENTED_EDGE('',*,*,#5971,.T.);
#5971 = EDGE_CURVE('',#2229,#3914,#5972,.T.);
#5972 = SURFACE_CURVE('',#5973,(#5977,#5984),.PCURVE_S1.);
#5973 = LINE('',#5974,#5975);
#5974 = CARTESIAN_POINT('',(107.83378413094,121.55165568596,-0.1));
#5975 = VECTOR('',#5976,1.);
#5976 = DIRECTION('',(0.,0.,1.));
#5977 = PCURVE('',#2243,#5978);
#5978 = DEFINITIONAL_REPRESENTATION('',(#5979),#5983);
#5979 = LINE('',#5980,#5981);
#5980 = CARTESIAN_POINT('',(0.,0.));
#5981 = VECTOR('',#5982,1.);
#5982 = DIRECTION('',(1.,0.));
#5983 = ( GEOMETRIC_REPRESENTATION_CONTEXT(2) 
PARAMETRIC_REPRESENTATION_CONTEXT() REPRESENTATION_CONTEXT('2D SPACE',''
  ) );
#5984 = PCURVE('',#2269,#5985);
#5985 = DEFINITIONAL_REPRESENTATION('',(#5986),#5990);
#5986 = LINE('',#5987,#5988);
#5987 = CARTESIAN_POINT('',(0.,0.));
#5988 = VECTOR('',#5989,1.);
#5989 = DIRECTION('',(1.,0.));
#5990 = ( GEOMETRIC_REPRESENTATION_CONTEXT(2) 
PARAMETRIC_REPRESENTATION_CONTEXT() REPRESENTATION_CONTEXT('2D SPACE',''
  ) );
#5991 = ORIENTED_EDGE('',*,*,#3911,.F.);
#5992 = ADVANCED_FACE('',(#5993),#2319,.F.);
#5993 = FACE_BOUND('',#5994,.F.);
#5994 = EDGE_LOOP('',(#5995,#5996,#5997,#6018));
#5995 = ORIENTED_EDGE('',*,*,#5949,.F.);
#5996 = ORIENTED_EDGE('',*,*,#2306,.T.);
#5997 = ORIENTED_EDGE('',*,*,#5998,.T.);
#5998 = EDGE_CURVE('',#2281,#3956,#5999,.T.);
#5999 = SURFACE_CURVE('',#6000,(#6004,#6011),.PCURVE_S1.);
#6000 = LINE('',#6001,#6002);
#6001 = CARTESIAN_POINT('',(75.024029483893,157.47268017024,-0.1));
#6002 = VECTOR('',#6003,1.);
#6003 = DIRECTION('',(0.,0.,1.));
#6004 = PCURVE('',#2319,#6005);
#6005 = DEFINITIONAL_REPRESENTATION('',(#6006),#6010);
#6006 = LINE('',#6007,#6008);
#6007 = CARTESIAN_POINT('',(0.,-48.6));
#6008 = VECTOR('',#6009,1.);
#6009 = DIRECTION('',(1.,0.));
#6010 = ( GEOMETRIC_REPRESENTATION_CONTEXT(2) 
PARAMETRIC_REPRESENTATION_CONTEXT() REPRESENTATION_CONTEXT('2D SPACE',''
  ) );
#6011 = PCURVE('',#2295,#6012);
#6012 = DEFINITIONAL_REPRESENTATION('',(#6013),#6017);
#6013 = LINE('',#6014,#6015);
#6014 = CARTESIAN_POINT('',(0.,2.2));
#6015 = VECTOR('',#6016,1.);
#6016 = DIRECTION('',(1.,0.));
#6017 = ( GEOMETRIC_REPRESENTATION_CONTEXT(2) 
PARAMETRIC_REPRESENTATION_CONTEXT() REPRESENTATION_CONTEXT('2D SPACE',''
  ) );
#6018 = ORIENTED_EDGE('',*,*,#3976,.F.);
#6019 = ADVANCED_FACE('',(#6020),#2269,.T.);
#6020 = FACE_BOUND('',#6021,.T.);
#6021 = EDGE_LOOP('',(#6022,#6023,#6024,#6045));
#6022 = ORIENTED_EDGE('',*,*,#5971,.F.);
#6023 = ORIENTED_EDGE('',*,*,#2254,.T.);
#6024 = ORIENTED_EDGE('',*,*,#6025,.T.);
#6025 = EDGE_CURVE('',#2255,#3935,#6026,.T.);
#6026 = SURFACE_CURVE('',#6027,(#6031,#6038),.PCURVE_S1.);
#6027 = LINE('',#6028,#6029);
#6028 = CARTESIAN_POINT('',(73.468394565282,155.91704525163,-0.1));
#6029 = VECTOR('',#6030,1.);
#6030 = DIRECTION('',(0.,0.,1.));
#6031 = PCURVE('',#2269,#6032);
#6032 = DEFINITIONAL_REPRESENTATION('',(#6033),#6037);
#6033 = LINE('',#6034,#6035);
#6034 = CARTESIAN_POINT('',(0.,-48.6));
#6035 = VECTOR('',#6036,1.);
#6036 = DIRECTION('',(1.,0.));
#6037 = ( GEOMETRIC_REPRESENTATION_CONTEXT(2) 
PARAMETRIC_REPRESENTATION_CONTEXT() REPRESENTATION_CONTEXT('2D SPACE',''
  ) );
#6038 = PCURVE('',#2295,#6039);
#6039 = DEFINITIONAL_REPRESENTATION('',(#6040),#6044);
#6040 = LINE('',#6041,#6042);
#6041 = CARTESIAN_POINT('',(0.,0.));
#6042 = VECTOR('',#6043,1.);
#6043 = DIRECTION('',(1.,0.));
#6044 = ( GEOMETRIC_REPRESENTATION_CONTEXT(2) 
PARAMETRIC_REPRESENTATION_CONTEXT() REPRESENTATION_CONTEXT('2D SPACE',''
  ) );
#6045 = ORIENTED_EDGE('',*,*,#3934,.F.);
#6046 = ADVANCED_FACE('',(#6047),#2295,.F.);
#6047 = FACE_BOUND('',#6048,.F.);
#6048 = EDGE_LOOP('',(#6049,#6050,#6051,#6052));
#6049 = ORIENTED_EDGE('',*,*,#5998,.F.);
#6050 = ORIENTED_EDGE('',*,*,#2280,.T.);
#6051 = ORIENTED_EDGE('',*,*,#6025,.T.);
#6052 = ORIENTED_EDGE('',*,*,#3955,.F.);
#6053 = ( GEOMETRIC_REPRESENTATION_CONTEXT(3) 
GLOBAL_UNCERTAINTY_ASSIGNED_CONTEXT((#6057)) 
GLOBAL_UNIT_ASSIGNED_CONTEXT((#6054,#6055,#6056)) REPRESENTATION_CONTEXT
('Context #1','3D Context with UNIT and UNCERTAINTY') );
#6054 = ( LENGTH_UNIT() NAMED_UNIT(*) SI_UNIT(.MILLI.,.METRE.) );
#6055 = ( NAMED_UNIT(*) PLANE_ANGLE_UNIT() SI_UNIT($,.RADIAN.) );
#6056 = ( NAMED_UNIT(*) SI_UNIT($,.STERADIAN.) SOLID_ANGLE_UNIT() );
#6057 = UNCERTAINTY_MEASURE_WITH_UNIT(LENGTH_MEASURE(2.E-07),#6054,
  'distance_accuracy_value','confusion accuracy');
#6058 = PRODUCT_RELATED_PRODUCT_CATEGORY('part',$,(#7));
ENDSEC;
END-ISO-10303-21;
