ISO-10303-21;
HEADER;
FILE_DESCRIPTION(('Open CASCADE Model'),'2;1');
FILE_NAME('Open CASCADE Shape Model','2026-10-05T12:46:28',('Author'),(
    'Open CASCADE'),'Open CASCADE STEP processor 7.9','Open CASCADE 7.9'
  ,'Unknown');
FILE_SCHEMA(('AUTOMOTIVE_DESIGN { 1 0 10303 214 1 1 1 1 }'));
ENDSEC;
DATA;
#1 = APPLICATION_PROTOCOL_DEFINITION('international standard',
  'automotive_design',2000,#2);
#2 = APPLICATION_CONTEXT(
  'core data for automotive mechanical design processes');
#3 = SHAPE_DEFINITION_REPRESENTATION(#4,#10);
#4 = PRODUCT_DEFINITION_SHAPE('','',#5);
#5 = PRODUCT_DEFINITION('design','',#6,#9);
#6 = PRODUCT_DEFINITION_FORMATION('','',#7);
#7 = PRODUCT('Open CASCADE STEP translator 7.9 1',
  'Open CASCADE STEP translator 7.9 1','',(#8));
#8 = PRODUCT_CONTEXT('',#2,'mechanical');
#9 = PRODUCT_DEFINITION_CONTEXT('part definition',#2,'design');
#10 = ADVANCED_BREP_SHAPE_REPRESENTATION('',(#11,#15),#2749);
#11 = AXIS2_PLACEMENT_3D('',#12,#13,#14);
#12 = CARTESIAN_POINT('',(0.,0.,0.));
#13 = DIRECTION('',(0.,0.,1.));
#14 = DIRECTION('',(1.,0.,-0.));
#15 = MANIFOLD_SOLID_BREP('',#16);
#16 = CLOSED_SHELL('',(#17,#137,#213,#289,#1161,#1878,#1905,#1932,#1939,
    #1986,#2013,#2040,#2047,#2094,#2121,#2148,#2155,#2202,#2229,#2256,
    #2263,#2310,#2337,#2364,#2371,#2418,#2445,#2472,#2499,#2526,#2533,
    #2580,#2607,#2634,#2641,#2688,#2715,#2742));
#17 = ADVANCED_FACE('',(#18),#32,.F.);
#18 = FACE_BOUND('',#19,.F.);
#19 = EDGE_LOOP('',(#20,#55,#83,#111));
#20 = ORIENTED_EDGE('',*,*,#21,.T.);
#21 = EDGE_CURVE('',#22,#24,#26,.T.);
#22 = VERTEX_POINT('',#23);
#23 = CARTESIAN_POINT('',(102.5,59.178402591937,0.));
#24 = VERTEX_POINT('',#25);
#25 = CARTESIAN_POINT('',(102.5,59.178402591937,8.));
#26 = SURFACE_CURVE('',#27,(#31,#43),.PCURVE_S1.);
#27 = LINE('',#28,#29);
#28 = CARTESIAN_POINT('',(102.5,59.178402591937,0.));
#29 = VECTOR('',#30,1.);
#30 = DIRECTION('',(0.,0.,1.));
#31 = PCURVE('',#32,#37);
#32 = PLANE('',#33);
#33 = AXIS2_PLACEMENT_3D('',#34,#35,#36);
#34 = CARTESIAN_POINT('',(102.5,59.178402591937,0.));
#35 = DIRECTION('',(-0.5,-0.866025403784,0.));
#36 = DIRECTION('',(-0.866025403784,0.5,0.));
#37 = DEFINITIONAL_REPRESENTATION('',(#38),#42);
#38 = LINE('',#39,#40);
#39 = CARTESIAN_POINT('',(0.,0.));
#40 = VECTOR('',#41,1.);
#41 = DIRECTION('',(0.,-1.));
#42 = ( GEOMETRIC_REPRESENTATION_CONTEXT(2) 
PARAMETRIC_REPRESENTATION_CONTEXT() REPRESENTATION_CONTEXT('2D SPACE',''
  ) );
#43 = PCURVE('',#44,#49);
#44 = PLANE('',#45);
#45 = AXIS2_PLACEMENT_3D('',#46,#47,#48);
#46 = CARTESIAN_POINT('',(102.5,-59.17840259193,0.));
#47 = DIRECTION('',(-1.,3.602037422299E-16,0.));
#48 = DIRECTION('',(3.602037422299E-16,1.,0.));
#49 = DEFINITIONAL_REPRESENTATION('',(#50),#54);
#50 = LINE('',#51,#52);
#51 = CARTESIAN_POINT('',(118.35680518387,0.));
#52 = VECTOR('',#53,1.);
#53 = DIRECTION('',(0.,-1.));
#54 = ( GEOMETRIC_REPRESENTATION_CONTEXT(2) 
PARAMETRIC_REPRESENTATION_CONTEXT() REPRESENTATION_CONTEXT('2D SPACE',''
  ) );
#55 = ORIENTED_EDGE('',*,*,#56,.T.);
#56 = EDGE_CURVE('',#24,#57,#59,.T.);
#57 = VERTEX_POINT('',#58);
#58 = CARTESIAN_POINT('',(7.247264131287E-15,118.35680518387,8.));
#59 = SURFACE_CURVE('',#60,(#64,#71),.PCURVE_S1.);
#60 = LINE('',#61,#62);
#61 = CARTESIAN_POINT('',(102.5,59.178402591937,8.));
#62 = VECTOR('',#63,1.);
#63 = DIRECTION('',(-0.866025403784,0.5,0.));
#64 = PCURVE('',#32,#65);
#65 = DEFINITIONAL_REPRESENTATION('',(#66),#70);
#66 = LINE('',#67,#68);
#67 = CARTESIAN_POINT('',(0.,-8.));
#68 = VECTOR('',#69,1.);
#69 = DIRECTION('',(1.,0.));
#70 = ( GEOMETRIC_REPRESENTATION_CONTEXT(2) 
PARAMETRIC_REPRESENTATION_CONTEXT() REPRESENTATION_CONTEXT('2D SPACE',''
  ) );
#71 = PCURVE('',#72,#77);
#72 = PLANE('',#73);
#73 = AXIS2_PLACEMENT_3D('',#74,#75,#76);
#74 = CARTESIAN_POINT('',(-1.280724416817E-15,-1.921086625226E-15,8.));
#75 = DIRECTION('',(0.,0.,1.));
#76 = DIRECTION('',(1.,0.,-0.));
#77 = DEFINITIONAL_REPRESENTATION('',(#78),#82);
#78 = LINE('',#79,#80);
#79 = CARTESIAN_POINT('',(102.5,59.178402591937));
#80 = VECTOR('',#81,1.);
#81 = DIRECTION('',(-0.866025403784,0.5));
#82 = ( GEOMETRIC_REPRESENTATION_CONTEXT(2) 
PARAMETRIC_REPRESENTATION_CONTEXT() REPRESENTATION_CONTEXT('2D SPACE',''
  ) );
#83 = ORIENTED_EDGE('',*,*,#84,.F.);
#84 = EDGE_CURVE('',#85,#57,#87,.T.);
#85 = VERTEX_POINT('',#86);
#86 = CARTESIAN_POINT('',(7.247264131287E-15,118.35680518387,0.));
#87 = SURFACE_CURVE('',#88,(#92,#99),.PCURVE_S1.);
#88 = LINE('',#89,#90);
#89 = CARTESIAN_POINT('',(7.247264131287E-15,118.35680518387,0.));
#90 = VECTOR('',#91,1.);
#91 = DIRECTION('',(0.,0.,1.));
#92 = PCURVE('',#32,#93);
#93 = DEFINITIONAL_REPRESENTATION('',(#94),#98);
#94 = LINE('',#95,#96);
#95 = CARTESIAN_POINT('',(118.35680518387,0.));
#96 = VECTOR('',#97,1.);
#97 = DIRECTION('',(0.,-1.));
#98 = ( GEOMETRIC_REPRESENTATION_CONTEXT(2) 
PARAMETRIC_REPRESENTATION_CONTEXT() REPRESENTATION_CONTEXT('2D SPACE',''
  ) );
#99 = PCURVE('',#100,#105);
#100 = PLANE('',#101);
#101 = AXIS2_PLACEMENT_3D('',#102,#103,#104);
#102 = CARTESIAN_POINT('',(7.247264131287E-15,118.35680518387,0.));
#103 = DIRECTION('',(0.5,-0.866025403784,0.));
#104 = DIRECTION('',(-0.866025403784,-0.5,0.));
#105 = DEFINITIONAL_REPRESENTATION('',(#106),#110);
#106 = LINE('',#107,#108);
#107 = CARTESIAN_POINT('',(0.,0.));
#108 = VECTOR('',#109,1.);
#109 = DIRECTION('',(0.,-1.));
#110 = ( GEOMETRIC_REPRESENTATION_CONTEXT(2) 
PARAMETRIC_REPRESENTATION_CONTEXT() REPRESENTATION_CONTEXT('2D SPACE',''
  ) );
#111 = ORIENTED_EDGE('',*,*,#112,.F.);
#112 = EDGE_CURVE('',#22,#85,#113,.T.);
#113 = SURFACE_CURVE('',#114,(#118,#125),.PCURVE_S1.);
#114 = LINE('',#115,#116);
#115 = CARTESIAN_POINT('',(102.5,59.178402591937,0.));
#116 = VECTOR('',#117,1.);
#117 = DIRECTION('',(-0.866025403784,0.5,0.));
#118 = PCURVE('',#32,#119);
#119 = DEFINITIONAL_REPRESENTATION('',(#120),#124);
#120 = LINE('',#121,#122);
#121 = CARTESIAN_POINT('',(0.,0.));
#122 = VECTOR('',#123,1.);
#123 = DIRECTION('',(1.,0.));
#124 = ( GEOMETRIC_REPRESENTATION_CONTEXT(2) 
PARAMETRIC_REPRESENTATION_CONTEXT() REPRESENTATION_CONTEXT('2D SPACE',''
  ) );
#125 = PCURVE('',#126,#131);
#126 = PLANE('',#127);
#127 = AXIS2_PLACEMENT_3D('',#128,#129,#130);
#128 = CARTESIAN_POINT('',(-1.280724416817E-15,-1.921086625226E-15,0.));
#129 = DIRECTION('',(0.,0.,1.));
#130 = DIRECTION('',(1.,0.,-0.));
#131 = DEFINITIONAL_REPRESENTATION('',(#132),#136);
#132 = LINE('',#133,#134);
#133 = CARTESIAN_POINT('',(102.5,59.178402591937));
#134 = VECTOR('',#135,1.);
#135 = DIRECTION('',(-0.866025403784,0.5));
#136 = ( GEOMETRIC_REPRESENTATION_CONTEXT(2) 
PARAMETRIC_REPRESENTATION_CONTEXT() REPRESENTATION_CONTEXT('2D SPACE',''
  ) );
#137 = ADVANCED_FACE('',(#138),#44,.F.);
#138 = FACE_BOUND('',#139,.F.);
#139 = EDGE_LOOP('',(#140,#170,#191,#192));
#140 = ORIENTED_EDGE('',*,*,#141,.T.);
#141 = EDGE_CURVE('',#142,#144,#146,.T.);
#142 = VERTEX_POINT('',#143);
#143 = CARTESIAN_POINT('',(102.5,-59.17840259193,0.));
#144 = VERTEX_POINT('',#145);
#145 = CARTESIAN_POINT('',(102.5,-59.17840259193,8.));
#146 = SURFACE_CURVE('',#147,(#151,#158),.PCURVE_S1.);
#147 = LINE('',#148,#149);
#148 = CARTESIAN_POINT('',(102.5,-59.17840259193,0.));
#149 = VECTOR('',#150,1.);
#150 = DIRECTION('',(0.,0.,1.));
#151 = PCURVE('',#44,#152);
#152 = DEFINITIONAL_REPRESENTATION('',(#153),#157);
#153 = LINE('',#154,#155);
#154 = CARTESIAN_POINT('',(0.,0.));
#155 = VECTOR('',#156,1.);
#156 = DIRECTION('',(0.,-1.));
#157 = ( GEOMETRIC_REPRESENTATION_CONTEXT(2) 
PARAMETRIC_REPRESENTATION_CONTEXT() REPRESENTATION_CONTEXT('2D SPACE',''
  ) );
#158 = PCURVE('',#159,#164);
#159 = PLANE('',#160);
#160 = AXIS2_PLACEMENT_3D('',#161,#162,#163);
#161 = CARTESIAN_POINT('',(-2.174179239386E-14,-118.3568051838,0.));
#162 = DIRECTION('',(-0.5,0.866025403784,0.));
#163 = DIRECTION('',(0.866025403784,0.5,0.));
#164 = DEFINITIONAL_REPRESENTATION('',(#165),#169);
#165 = LINE('',#166,#167);
#166 = CARTESIAN_POINT('',(118.35680518387,0.));
#167 = VECTOR('',#168,1.);
#168 = DIRECTION('',(0.,-1.));
#169 = ( GEOMETRIC_REPRESENTATION_CONTEXT(2) 
PARAMETRIC_REPRESENTATION_CONTEXT() REPRESENTATION_CONTEXT('2D SPACE',''
  ) );
#170 = ORIENTED_EDGE('',*,*,#171,.T.);
#171 = EDGE_CURVE('',#144,#24,#172,.T.);
#172 = SURFACE_CURVE('',#173,(#177,#184),.PCURVE_S1.);
#173 = LINE('',#174,#175);
#174 = CARTESIAN_POINT('',(102.5,-59.17840259193,8.));
#175 = VECTOR('',#176,1.);
#176 = DIRECTION('',(3.602037422299E-16,1.,0.));
#177 = PCURVE('',#44,#178);
#178 = DEFINITIONAL_REPRESENTATION('',(#179),#183);
#179 = LINE('',#180,#181);
#180 = CARTESIAN_POINT('',(0.,-8.));
#181 = VECTOR('',#182,1.);
#182 = DIRECTION('',(1.,0.));
#183 = ( GEOMETRIC_REPRESENTATION_CONTEXT(2) 
PARAMETRIC_REPRESENTATION_CONTEXT() REPRESENTATION_CONTEXT('2D SPACE',''
  ) );
#184 = PCURVE('',#72,#185);
#185 = DEFINITIONAL_REPRESENTATION('',(#186),#190);
#186 = LINE('',#187,#188);
#187 = CARTESIAN_POINT('',(102.5,-59.17840259193));
#188 = VECTOR('',#189,1.);
#189 = DIRECTION('',(3.602037422299E-16,1.));
#190 = ( GEOMETRIC_REPRESENTATION_CONTEXT(2) 
PARAMETRIC_REPRESENTATION_CONTEXT() REPRESENTATION_CONTEXT('2D SPACE',''
  ) );
#191 = ORIENTED_EDGE('',*,*,#21,.F.);
#192 = ORIENTED_EDGE('',*,*,#193,.F.);
#193 = EDGE_CURVE('',#142,#22,#194,.T.);
#194 = SURFACE_CURVE('',#195,(#199,#206),.PCURVE_S1.);
#195 = LINE('',#196,#197);
#196 = CARTESIAN_POINT('',(102.5,-59.17840259193,0.));
#197 = VECTOR('',#198,1.);
#198 = DIRECTION('',(3.602037422299E-16,1.,0.));
#199 = PCURVE('',#44,#200);
#200 = DEFINITIONAL_REPRESENTATION('',(#201),#205);
#201 = LINE('',#202,#203);
#202 = CARTESIAN_POINT('',(0.,0.));
#203 = VECTOR('',#204,1.);
#204 = DIRECTION('',(1.,0.));
#205 = ( GEOMETRIC_REPRESENTATION_CONTEXT(2) 
PARAMETRIC_REPRESENTATION_CONTEXT() REPRESENTATION_CONTEXT('2D SPACE',''
  ) );
#206 = PCURVE('',#126,#207);
#207 = DEFINITIONAL_REPRESENTATION('',(#208),#212);
#208 = LINE('',#209,#210);
#209 = CARTESIAN_POINT('',(102.5,-59.17840259193));
#210 = VECTOR('',#211,1.);
#211 = DIRECTION('',(3.602037422299E-16,1.));
#212 = ( GEOMETRIC_REPRESENTATION_CONTEXT(2) 
PARAMETRIC_REPRESENTATION_CONTEXT() REPRESENTATION_CONTEXT('2D SPACE',''
  ) );
#213 = ADVANCED_FACE('',(#214),#100,.F.);
#214 = FACE_BOUND('',#215,.F.);
#215 = EDGE_LOOP('',(#216,#217,#240,#268));
#216 = ORIENTED_EDGE('',*,*,#84,.T.);
#217 = ORIENTED_EDGE('',*,*,#218,.T.);
#218 = EDGE_CURVE('',#57,#219,#221,.T.);
#219 = VERTEX_POINT('',#220);
#220 = CARTESIAN_POINT('',(-102.5,59.178402591937,8.));
#221 = SURFACE_CURVE('',#222,(#226,#233),.PCURVE_S1.);
#222 = LINE('',#223,#224);
#223 = CARTESIAN_POINT('',(7.247264131287E-15,118.35680518387,8.));
#224 = VECTOR('',#225,1.);
#225 = DIRECTION('',(-0.866025403784,-0.5,0.));
#226 = PCURVE('',#100,#227);
#227 = DEFINITIONAL_REPRESENTATION('',(#228),#232);
#228 = LINE('',#229,#230);
#229 = CARTESIAN_POINT('',(0.,-8.));
#230 = VECTOR('',#231,1.);
#231 = DIRECTION('',(1.,0.));
#232 = ( GEOMETRIC_REPRESENTATION_CONTEXT(2) 
PARAMETRIC_REPRESENTATION_CONTEXT() REPRESENTATION_CONTEXT('2D SPACE',''
  ) );
#233 = PCURVE('',#72,#234);
#234 = DEFINITIONAL_REPRESENTATION('',(#235),#239);
#235 = LINE('',#236,#237);
#236 = CARTESIAN_POINT('',(8.527988548104E-15,118.35680518387));
#237 = VECTOR('',#238,1.);
#238 = DIRECTION('',(-0.866025403784,-0.5));
#239 = ( GEOMETRIC_REPRESENTATION_CONTEXT(2) 
PARAMETRIC_REPRESENTATION_CONTEXT() REPRESENTATION_CONTEXT('2D SPACE',''
  ) );
#240 = ORIENTED_EDGE('',*,*,#241,.F.);
#241 = EDGE_CURVE('',#242,#219,#244,.T.);
#242 = VERTEX_POINT('',#243);
#243 = CARTESIAN_POINT('',(-102.5,59.178402591937,0.));
#244 = SURFACE_CURVE('',#245,(#249,#256),.PCURVE_S1.);
#245 = LINE('',#246,#247);
#246 = CARTESIAN_POINT('',(-102.5,59.178402591937,0.));
#247 = VECTOR('',#248,1.);
#248 = DIRECTION('',(0.,0.,1.));
#249 = PCURVE('',#100,#250);
#250 = DEFINITIONAL_REPRESENTATION('',(#251),#255);
#251 = LINE('',#252,#253);
#252 = CARTESIAN_POINT('',(118.35680518387,0.));
#253 = VECTOR('',#254,1.);
#254 = DIRECTION('',(0.,-1.));
#255 = ( GEOMETRIC_REPRESENTATION_CONTEXT(2) 
PARAMETRIC_REPRESENTATION_CONTEXT() REPRESENTATION_CONTEXT('2D SPACE',''
  ) );
#256 = PCURVE('',#257,#262);
#257 = PLANE('',#258);
#258 = AXIS2_PLACEMENT_3D('',#259,#260,#261);
#259 = CARTESIAN_POINT('',(-102.5,59.178402591937,0.));
#260 = DIRECTION('',(1.,-1.200679140766E-16,0.));
#261 = DIRECTION('',(-1.200679140766E-16,-1.,0.));
#262 = DEFINITIONAL_REPRESENTATION('',(#263),#267);
#263 = LINE('',#264,#265);
#264 = CARTESIAN_POINT('',(0.,0.));
#265 = VECTOR('',#266,1.);
#266 = DIRECTION('',(0.,-1.));
#267 = ( GEOMETRIC_REPRESENTATION_CONTEXT(2) 
PARAMETRIC_REPRESENTATION_CONTEXT() REPRESENTATION_CONTEXT('2D SPACE',''
  ) );
#268 = ORIENTED_EDGE('',*,*,#269,.F.);
#269 = EDGE_CURVE('',#85,#242,#270,.T.);
#270 = SURFACE_CURVE('',#271,(#275,#282),.PCURVE_S1.);
#271 = LINE('',#272,#273);
#272 = CARTESIAN_POINT('',(7.247264131287E-15,118.35680518387,0.));
#273 = VECTOR('',#274,1.);
#274 = DIRECTION('',(-0.866025403784,-0.5,0.));
#275 = PCURVE('',#100,#276);
#276 = DEFINITIONAL_REPRESENTATION('',(#277),#281);
#277 = LINE('',#278,#279);
#278 = CARTESIAN_POINT('',(0.,0.));
#279 = VECTOR('',#280,1.);
#280 = DIRECTION('',(1.,0.));
#281 = ( GEOMETRIC_REPRESENTATION_CONTEXT(2) 
PARAMETRIC_REPRESENTATION_CONTEXT() REPRESENTATION_CONTEXT('2D SPACE',''
  ) );
#282 = PCURVE('',#126,#283);
#283 = DEFINITIONAL_REPRESENTATION('',(#284),#288);
#284 = LINE('',#285,#286);
#285 = CARTESIAN_POINT('',(8.527988548104E-15,118.35680518387));
#286 = VECTOR('',#287,1.);
#287 = DIRECTION('',(-0.866025403784,-0.5));
#288 = ( GEOMETRIC_REPRESENTATION_CONTEXT(2) 
PARAMETRIC_REPRESENTATION_CONTEXT() REPRESENTATION_CONTEXT('2D SPACE',''
  ) );
#289 = ADVANCED_FACE('',(#290,#367,#473,#579,#685,#791,#949,#1055),#126,
  .F.);
#290 = FACE_BOUND('',#291,.F.);
#291 = EDGE_LOOP('',(#292,#293,#294,#317,#345,#366));
#292 = ORIENTED_EDGE('',*,*,#112,.T.);
#293 = ORIENTED_EDGE('',*,*,#269,.T.);
#294 = ORIENTED_EDGE('',*,*,#295,.T.);
#295 = EDGE_CURVE('',#242,#296,#298,.T.);
#296 = VERTEX_POINT('',#297);
#297 = CARTESIAN_POINT('',(-102.5,-59.17840259193,0.));
#298 = SURFACE_CURVE('',#299,(#303,#310),.PCURVE_S1.);
#299 = LINE('',#300,#301);
#300 = CARTESIAN_POINT('',(-102.5,59.178402591937,0.));
#301 = VECTOR('',#302,1.);
#302 = DIRECTION('',(-1.200679140766E-16,-1.,0.));
#303 = PCURVE('',#126,#304);
#304 = DEFINITIONAL_REPRESENTATION('',(#305),#309);
#305 = LINE('',#306,#307);
#306 = CARTESIAN_POINT('',(-102.5,59.178402591937));
#307 = VECTOR('',#308,1.);
#308 = DIRECTION('',(-1.200679140766E-16,-1.));
#309 = ( GEOMETRIC_REPRESENTATION_CONTEXT(2) 
PARAMETRIC_REPRESENTATION_CONTEXT() REPRESENTATION_CONTEXT('2D SPACE',''
  ) );
#310 = PCURVE('',#257,#311);
#311 = DEFINITIONAL_REPRESENTATION('',(#312),#316);
#312 = LINE('',#313,#314);
#313 = CARTESIAN_POINT('',(0.,0.));
#314 = VECTOR('',#315,1.);
#315 = DIRECTION('',(1.,0.));
#316 = ( GEOMETRIC_REPRESENTATION_CONTEXT(2) 
PARAMETRIC_REPRESENTATION_CONTEXT() REPRESENTATION_CONTEXT('2D SPACE',''
  ) );
#317 = ORIENTED_EDGE('',*,*,#318,.T.);
#318 = EDGE_CURVE('',#296,#319,#321,.T.);
#319 = VERTEX_POINT('',#320);
#320 = CARTESIAN_POINT('',(-2.174179239386E-14,-118.3568051838,0.));
#321 = SURFACE_CURVE('',#322,(#326,#333),.PCURVE_S1.);
#322 = LINE('',#323,#324);
#323 = CARTESIAN_POINT('',(-102.5,-59.17840259193,0.));
#324 = VECTOR('',#325,1.);
#325 = DIRECTION('',(0.866025403784,-0.5,0.));
#326 = PCURVE('',#126,#327);
#327 = DEFINITIONAL_REPRESENTATION('',(#328),#332);
#328 = LINE('',#329,#330);
#329 = CARTESIAN_POINT('',(-102.5,-59.17840259193));
#330 = VECTOR('',#331,1.);
#331 = DIRECTION('',(0.866025403784,-0.5));
#332 = ( GEOMETRIC_REPRESENTATION_CONTEXT(2) 
PARAMETRIC_REPRESENTATION_CONTEXT() REPRESENTATION_CONTEXT('2D SPACE',''
  ) );
#333 = PCURVE('',#334,#339);
#334 = PLANE('',#335);
#335 = AXIS2_PLACEMENT_3D('',#336,#337,#338);
#336 = CARTESIAN_POINT('',(-102.5,-59.17840259193,0.));
#337 = DIRECTION('',(0.5,0.866025403784,-0.));
#338 = DIRECTION('',(0.866025403784,-0.5,0.));
#339 = DEFINITIONAL_REPRESENTATION('',(#340),#344);
#340 = LINE('',#341,#342);
#341 = CARTESIAN_POINT('',(0.,0.));
#342 = VECTOR('',#343,1.);
#343 = DIRECTION('',(1.,0.));
#344 = ( GEOMETRIC_REPRESENTATION_CONTEXT(2) 
PARAMETRIC_REPRESENTATION_CONTEXT() REPRESENTATION_CONTEXT('2D SPACE',''
  ) );
#345 = ORIENTED_EDGE('',*,*,#346,.T.);
#346 = EDGE_CURVE('',#319,#142,#347,.T.);
#347 = SURFACE_CURVE('',#348,(#352,#359),.PCURVE_S1.);
#348 = LINE('',#349,#350);
#349 = CARTESIAN_POINT('',(-2.174179239386E-14,-118.3568051838,0.));
#350 = VECTOR('',#351,1.);
#351 = DIRECTION('',(0.866025403784,0.5,0.));
#352 = PCURVE('',#126,#353);
#353 = DEFINITIONAL_REPRESENTATION('',(#354),#358);
#354 = LINE('',#355,#356);
#355 = CARTESIAN_POINT('',(-2.046106797704E-14,-118.3568051838));
#356 = VECTOR('',#357,1.);
#357 = DIRECTION('',(0.866025403784,0.5));
#358 = ( GEOMETRIC_REPRESENTATION_CONTEXT(2) 
PARAMETRIC_REPRESENTATION_CONTEXT() REPRESENTATION_CONTEXT('2D SPACE',''
  ) );
#359 = PCURVE('',#159,#360);
#360 = DEFINITIONAL_REPRESENTATION('',(#361),#365);
#361 = LINE('',#362,#363);
#362 = CARTESIAN_POINT('',(0.,0.));
#363 = VECTOR('',#364,1.);
#364 = DIRECTION('',(1.,0.));
#365 = ( GEOMETRIC_REPRESENTATION_CONTEXT(2) 
PARAMETRIC_REPRESENTATION_CONTEXT() REPRESENTATION_CONTEXT('2D SPACE',''
  ) );
#366 = ORIENTED_EDGE('',*,*,#193,.T.);
#367 = FACE_BOUND('',#368,.F.);
#368 = EDGE_LOOP('',(#369,#397,#423,#449));
#369 = ORIENTED_EDGE('',*,*,#370,.T.);
#370 = EDGE_CURVE('',#371,#373,#375,.T.);
#371 = VERTEX_POINT('',#372);
#372 = CARTESIAN_POINT('',(-70.94056973466,-62.27267109832,0.));
#373 = VERTEX_POINT('',#374);
#374 = CARTESIAN_POINT('',(-69.84056973466,-60.36741521,0.));
#375 = SURFACE_CURVE('',#376,(#380,#386),.PCURVE_S1.);
#376 = LINE('',#377,#378);
#377 = CARTESIAN_POINT('',(-48.04056973466,-22.608707605,0.));
#378 = VECTOR('',#379,1.);
#379 = DIRECTION('',(0.5,0.866025403784,-0.));
#380 = PCURVE('',#126,#381);
#381 = DEFINITIONAL_REPRESENTATION('',(#382),#385);
#382 = B_SPLINE_CURVE_WITH_KNOTS('',1,(#383,#384),.UNSPECIFIED.,.F.,.F.,
  (2,2),(-45.8,-43.6),.PIECEWISE_BEZIER_KNOTS.);
#383 = CARTESIAN_POINT('',(-70.94056973466,-62.27267109832));
#384 = CARTESIAN_POINT('',(-69.84056973466,-60.36741521));
#385 = ( GEOMETRIC_REPRESENTATION_CONTEXT(2) 
PARAMETRIC_REPRESENTATION_CONTEXT() REPRESENTATION_CONTEXT('2D SPACE',''
  ) );
#386 = PCURVE('',#387,#392);
#387 = PLANE('',#388);
#388 = AXIS2_PLACEMENT_3D('',#389,#390,#391);
#389 = CARTESIAN_POINT('',(-69.84056973466,-60.36741521,-0.1));
#390 = DIRECTION('',(0.866025403784,-0.5,0.));
#391 = DIRECTION('',(0.,0.,1.));
#392 = DEFINITIONAL_REPRESENTATION('',(#393),#396);
#393 = B_SPLINE_CURVE_WITH_KNOTS('',1,(#394,#395),.UNSPECIFIED.,.F.,.F.,
  (2,2),(-45.8,-43.6),.PIECEWISE_BEZIER_KNOTS.);
#394 = CARTESIAN_POINT('',(0.1,2.2));
#395 = CARTESIAN_POINT('',(0.1,0.));
#396 = ( GEOMETRIC_REPRESENTATION_CONTEXT(2) 
PARAMETRIC_REPRESENTATION_CONTEXT() REPRESENTATION_CONTEXT('2D SPACE',''
  ) );
#397 = ORIENTED_EDGE('',*,*,#398,.T.);
#398 = EDGE_CURVE('',#373,#399,#401,.T.);
#399 = VERTEX_POINT('',#400);
#400 = CARTESIAN_POINT('',(-17.35943026533,-90.66741521,0.));
#401 = SURFACE_CURVE('',#402,(#406,#412),.PCURVE_S1.);
#402 = LINE('',#403,#404);
#403 = CARTESIAN_POINT('',(-56.72028486733,-67.94241521,0.));
#404 = VECTOR('',#405,1.);
#405 = DIRECTION('',(0.866025403784,-0.5,0.));
#406 = PCURVE('',#126,#407);
#407 = DEFINITIONAL_REPRESENTATION('',(#408),#411);
#408 = B_SPLINE_CURVE_WITH_KNOTS('',1,(#409,#410),.UNSPECIFIED.,.F.,.F.,
  (2,2),(-15.15,45.45),.PIECEWISE_BEZIER_KNOTS.);
#409 = CARTESIAN_POINT('',(-69.84056973466,-60.36741521));
#410 = CARTESIAN_POINT('',(-17.35943026533,-90.66741521));
#411 = ( GEOMETRIC_REPRESENTATION_CONTEXT(2) 
PARAMETRIC_REPRESENTATION_CONTEXT() REPRESENTATION_CONTEXT('2D SPACE',''
  ) );
#412 = PCURVE('',#413,#418);
#413 = PLANE('',#414);
#414 = AXIS2_PLACEMENT_3D('',#415,#416,#417);
#415 = CARTESIAN_POINT('',(-69.84056973466,-60.36741521,-0.1));
#416 = DIRECTION('',(-0.5,-0.866025403784,0.));
#417 = DIRECTION('',(0.,0.,1.));
#418 = DEFINITIONAL_REPRESENTATION('',(#419),#422);
#419 = B_SPLINE_CURVE_WITH_KNOTS('',1,(#420,#421),.UNSPECIFIED.,.F.,.F.,
  (2,2),(-15.15,45.45),.PIECEWISE_BEZIER_KNOTS.);
#420 = CARTESIAN_POINT('',(0.1,0.));
#421 = CARTESIAN_POINT('',(0.1,-60.6));
#422 = ( GEOMETRIC_REPRESENTATION_CONTEXT(2) 
PARAMETRIC_REPRESENTATION_CONTEXT() REPRESENTATION_CONTEXT('2D SPACE',''
  ) );
#423 = ORIENTED_EDGE('',*,*,#424,.F.);
#424 = EDGE_CURVE('',#425,#399,#427,.T.);
#425 = VERTEX_POINT('',#426);
#426 = CARTESIAN_POINT('',(-18.45943026533,-92.57267109832,0.));
#427 = SURFACE_CURVE('',#428,(#432,#438),.PCURVE_S1.);
#428 = LINE('',#429,#430);
#429 = CARTESIAN_POINT('',(4.440569734668,-52.908707605,0.));
#430 = VECTOR('',#431,1.);
#431 = DIRECTION('',(0.5,0.866025403784,-0.));
#432 = PCURVE('',#126,#433);
#433 = DEFINITIONAL_REPRESENTATION('',(#434),#437);
#434 = B_SPLINE_CURVE_WITH_KNOTS('',1,(#435,#436),.UNSPECIFIED.,.F.,.F.,
  (2,2),(-45.8,-43.6),.PIECEWISE_BEZIER_KNOTS.);
#435 = CARTESIAN_POINT('',(-18.45943026533,-92.57267109832));
#436 = CARTESIAN_POINT('',(-17.35943026533,-90.66741521));
#437 = ( GEOMETRIC_REPRESENTATION_CONTEXT(2) 
PARAMETRIC_REPRESENTATION_CONTEXT() REPRESENTATION_CONTEXT('2D SPACE',''
  ) );
#438 = PCURVE('',#439,#444);
#439 = PLANE('',#440);
#440 = AXIS2_PLACEMENT_3D('',#441,#442,#443);
#441 = CARTESIAN_POINT('',(-17.35943026533,-90.66741521,-0.1));
#442 = DIRECTION('',(0.866025403784,-0.5,0.));
#443 = DIRECTION('',(0.,0.,1.));
#444 = DEFINITIONAL_REPRESENTATION('',(#445),#448);
#445 = B_SPLINE_CURVE_WITH_KNOTS('',1,(#446,#447),.UNSPECIFIED.,.F.,.F.,
  (2,2),(-45.8,-43.6),.PIECEWISE_BEZIER_KNOTS.);
#446 = CARTESIAN_POINT('',(0.1,2.2));
#447 = CARTESIAN_POINT('',(0.1,0.));
#448 = ( GEOMETRIC_REPRESENTATION_CONTEXT(2) 
PARAMETRIC_REPRESENTATION_CONTEXT() REPRESENTATION_CONTEXT('2D SPACE',''
  ) );
#449 = ORIENTED_EDGE('',*,*,#450,.F.);
#450 = EDGE_CURVE('',#371,#425,#451,.T.);
#451 = SURFACE_CURVE('',#452,(#456,#462),.PCURVE_S1.);
#452 = LINE('',#453,#454);
#453 = CARTESIAN_POINT('',(-57.82028486733,-69.84767109832,0.));
#454 = VECTOR('',#455,1.);
#455 = DIRECTION('',(0.866025403784,-0.5,0.));
#456 = PCURVE('',#126,#457);
#457 = DEFINITIONAL_REPRESENTATION('',(#458),#461);
#458 = B_SPLINE_CURVE_WITH_KNOTS('',1,(#459,#460),.UNSPECIFIED.,.F.,.F.,
  (2,2),(-15.15,45.45),.PIECEWISE_BEZIER_KNOTS.);
#459 = CARTESIAN_POINT('',(-70.94056973466,-62.27267109832));
#460 = CARTESIAN_POINT('',(-18.45943026533,-92.57267109832));
#461 = ( GEOMETRIC_REPRESENTATION_CONTEXT(2) 
PARAMETRIC_REPRESENTATION_CONTEXT() REPRESENTATION_CONTEXT('2D SPACE',''
  ) );
#462 = PCURVE('',#463,#468);
#463 = PLANE('',#464);
#464 = AXIS2_PLACEMENT_3D('',#465,#466,#467);
#465 = CARTESIAN_POINT('',(-70.94056973466,-62.27267109832,-0.1));
#466 = DIRECTION('',(-0.5,-0.866025403784,0.));
#467 = DIRECTION('',(0.,0.,1.));
#468 = DEFINITIONAL_REPRESENTATION('',(#469),#472);
#469 = B_SPLINE_CURVE_WITH_KNOTS('',1,(#470,#471),.UNSPECIFIED.,.F.,.F.,
  (2,2),(-15.15,45.45),.PIECEWISE_BEZIER_KNOTS.);
#470 = CARTESIAN_POINT('',(0.1,0.));
#471 = CARTESIAN_POINT('',(0.1,-60.6));
#472 = ( GEOMETRIC_REPRESENTATION_CONTEXT(2) 
PARAMETRIC_REPRESENTATION_CONTEXT() REPRESENTATION_CONTEXT('2D SPACE',''
  ) );
#473 = FACE_BOUND('',#474,.F.);
#474 = EDGE_LOOP('',(#475,#503,#529,#555));
#475 = ORIENTED_EDGE('',*,*,#476,.T.);
#476 = EDGE_CURVE('',#477,#479,#481,.T.);
#477 = VERTEX_POINT('',#478);
#478 = CARTESIAN_POINT('',(18.459430265332,-92.57267109832,0.));
#479 = VERTEX_POINT('',#480);
#480 = CARTESIAN_POINT('',(17.359430265332,-90.66741521,0.));
#481 = SURFACE_CURVE('',#482,(#486,#492),.PCURVE_S1.);
#482 = LINE('',#483,#484);
#483 = CARTESIAN_POINT('',(-4.440569734668,-52.908707605,0.));
#484 = VECTOR('',#485,1.);
#485 = DIRECTION('',(-0.5,0.866025403784,0.));
#486 = PCURVE('',#126,#487);
#487 = DEFINITIONAL_REPRESENTATION('',(#488),#491);
#488 = B_SPLINE_CURVE_WITH_KNOTS('',1,(#489,#490),.UNSPECIFIED.,.F.,.F.,
  (2,2),(-45.8,-43.6),.PIECEWISE_BEZIER_KNOTS.);
#489 = CARTESIAN_POINT('',(18.459430265332,-92.57267109832));
#490 = CARTESIAN_POINT('',(17.359430265332,-90.66741521));
#491 = ( GEOMETRIC_REPRESENTATION_CONTEXT(2) 
PARAMETRIC_REPRESENTATION_CONTEXT() REPRESENTATION_CONTEXT('2D SPACE',''
  ) );
#492 = PCURVE('',#493,#498);
#493 = PLANE('',#494);
#494 = AXIS2_PLACEMENT_3D('',#495,#496,#497);
#495 = CARTESIAN_POINT('',(17.359430265332,-90.66741521,-0.1));
#496 = DIRECTION('',(0.866025403784,0.5,0.));
#497 = DIRECTION('',(0.,0.,1.));
#498 = DEFINITIONAL_REPRESENTATION('',(#499),#502);
#499 = B_SPLINE_CURVE_WITH_KNOTS('',1,(#500,#501),.UNSPECIFIED.,.F.,.F.,
  (2,2),(-45.8,-43.6),.PIECEWISE_BEZIER_KNOTS.);
#500 = CARTESIAN_POINT('',(0.1,2.2));
#501 = CARTESIAN_POINT('',(0.1,0.));
#502 = ( GEOMETRIC_REPRESENTATION_CONTEXT(2) 
PARAMETRIC_REPRESENTATION_CONTEXT() REPRESENTATION_CONTEXT('2D SPACE',''
  ) );
#503 = ORIENTED_EDGE('',*,*,#504,.T.);
#504 = EDGE_CURVE('',#479,#505,#507,.T.);
#505 = VERTEX_POINT('',#506);
#506 = CARTESIAN_POINT('',(69.840569734668,-60.36741521,0.));
#507 = SURFACE_CURVE('',#508,(#512,#518),.PCURVE_S1.);
#508 = LINE('',#509,#510);
#509 = CARTESIAN_POINT('',(30.479715132666,-83.09241521,0.));
#510 = VECTOR('',#511,1.);
#511 = DIRECTION('',(0.866025403784,0.5,-0.));
#512 = PCURVE('',#126,#513);
#513 = DEFINITIONAL_REPRESENTATION('',(#514),#517);
#514 = B_SPLINE_CURVE_WITH_KNOTS('',1,(#515,#516),.UNSPECIFIED.,.F.,.F.,
  (2,2),(-15.15,45.45),.PIECEWISE_BEZIER_KNOTS.);
#515 = CARTESIAN_POINT('',(17.359430265332,-90.66741521));
#516 = CARTESIAN_POINT('',(69.840569734669,-60.36741521));
#517 = ( GEOMETRIC_REPRESENTATION_CONTEXT(2) 
PARAMETRIC_REPRESENTATION_CONTEXT() REPRESENTATION_CONTEXT('2D SPACE',''
  ) );
#518 = PCURVE('',#519,#524);
#519 = PLANE('',#520);
#520 = AXIS2_PLACEMENT_3D('',#521,#522,#523);
#521 = CARTESIAN_POINT('',(17.359430265332,-90.66741521,-0.1));
#522 = DIRECTION('',(0.5,-0.866025403784,0.));
#523 = DIRECTION('',(0.,0.,1.));
#524 = DEFINITIONAL_REPRESENTATION('',(#525),#528);
#525 = B_SPLINE_CURVE_WITH_KNOTS('',1,(#526,#527),.UNSPECIFIED.,.F.,.F.,
  (2,2),(-15.15,45.45),.PIECEWISE_BEZIER_KNOTS.);
#526 = CARTESIAN_POINT('',(0.1,0.));
#527 = CARTESIAN_POINT('',(0.1,-60.6));
#528 = ( GEOMETRIC_REPRESENTATION_CONTEXT(2) 
PARAMETRIC_REPRESENTATION_CONTEXT() REPRESENTATION_CONTEXT('2D SPACE',''
  ) );
#529 = ORIENTED_EDGE('',*,*,#530,.F.);
#530 = EDGE_CURVE('',#531,#505,#533,.T.);
#531 = VERTEX_POINT('',#532);
#532 = CARTESIAN_POINT('',(70.940569734669,-62.27267109832,0.));
#533 = SURFACE_CURVE('',#534,(#538,#544),.PCURVE_S1.);
#534 = LINE('',#535,#536);
#535 = CARTESIAN_POINT('',(48.040569734668,-22.608707605,0.));
#536 = VECTOR('',#537,1.);
#537 = DIRECTION('',(-0.5,0.866025403784,0.));
#538 = PCURVE('',#126,#539);
#539 = DEFINITIONAL_REPRESENTATION('',(#540),#543);
#540 = B_SPLINE_CURVE_WITH_KNOTS('',1,(#541,#542),.UNSPECIFIED.,.F.,.F.,
  (2,2),(-45.8,-43.6),.PIECEWISE_BEZIER_KNOTS.);
#541 = CARTESIAN_POINT('',(70.940569734669,-62.27267109832));
#542 = CARTESIAN_POINT('',(69.840569734668,-60.36741521));
#543 = ( GEOMETRIC_REPRESENTATION_CONTEXT(2) 
PARAMETRIC_REPRESENTATION_CONTEXT() REPRESENTATION_CONTEXT('2D SPACE',''
  ) );
#544 = PCURVE('',#545,#550);
#545 = PLANE('',#546);
#546 = AXIS2_PLACEMENT_3D('',#547,#548,#549);
#547 = CARTESIAN_POINT('',(69.840569734668,-60.36741521,-0.1));
#548 = DIRECTION('',(0.866025403784,0.5,0.));
#549 = DIRECTION('',(0.,0.,1.));
#550 = DEFINITIONAL_REPRESENTATION('',(#551),#554);
#551 = B_SPLINE_CURVE_WITH_KNOTS('',1,(#552,#553),.UNSPECIFIED.,.F.,.F.,
  (2,2),(-45.8,-43.6),.PIECEWISE_BEZIER_KNOTS.);
#552 = CARTESIAN_POINT('',(0.1,2.2));
#553 = CARTESIAN_POINT('',(0.1,0.));
#554 = ( GEOMETRIC_REPRESENTATION_CONTEXT(2) 
PARAMETRIC_REPRESENTATION_CONTEXT() REPRESENTATION_CONTEXT('2D SPACE',''
  ) );
#555 = ORIENTED_EDGE('',*,*,#556,.F.);
#556 = EDGE_CURVE('',#477,#531,#557,.T.);
#557 = SURFACE_CURVE('',#558,(#562,#568),.PCURVE_S1.);
#558 = LINE('',#559,#560);
#559 = CARTESIAN_POINT('',(31.579715132666,-84.99767109832,0.));
#560 = VECTOR('',#561,1.);
#561 = DIRECTION('',(0.866025403784,0.5,-0.));
#562 = PCURVE('',#126,#563);
#563 = DEFINITIONAL_REPRESENTATION('',(#564),#567);
#564 = B_SPLINE_CURVE_WITH_KNOTS('',1,(#565,#566),.UNSPECIFIED.,.F.,.F.,
  (2,2),(-15.15,45.45),.PIECEWISE_BEZIER_KNOTS.);
#565 = CARTESIAN_POINT('',(18.459430265332,-92.57267109832));
#566 = CARTESIAN_POINT('',(70.940569734669,-62.27267109832));
#567 = ( GEOMETRIC_REPRESENTATION_CONTEXT(2) 
PARAMETRIC_REPRESENTATION_CONTEXT() REPRESENTATION_CONTEXT('2D SPACE',''
  ) );
#568 = PCURVE('',#569,#574);
#569 = PLANE('',#570);
#570 = AXIS2_PLACEMENT_3D('',#571,#572,#573);
#571 = CARTESIAN_POINT('',(18.459430265332,-92.57267109832,-0.1));
#572 = DIRECTION('',(0.5,-0.866025403784,0.));
#573 = DIRECTION('',(0.,0.,1.));
#574 = DEFINITIONAL_REPRESENTATION('',(#575),#578);
#575 = B_SPLINE_CURVE_WITH_KNOTS('',1,(#576,#577),.UNSPECIFIED.,.F.,.F.,
  (2,2),(-15.15,45.45),.PIECEWISE_BEZIER_KNOTS.);
#576 = CARTESIAN_POINT('',(0.1,0.));
#577 = CARTESIAN_POINT('',(0.1,-60.6));
#578 = ( GEOMETRIC_REPRESENTATION_CONTEXT(2) 
PARAMETRIC_REPRESENTATION_CONTEXT() REPRESENTATION_CONTEXT('2D SPACE',''
  ) );
#579 = FACE_BOUND('',#580,.F.);
#580 = EDGE_LOOP('',(#581,#609,#635,#661));
#581 = ORIENTED_EDGE('',*,*,#582,.T.);
#582 = EDGE_CURVE('',#583,#585,#587,.T.);
#583 = VERTEX_POINT('',#584);
#584 = CARTESIAN_POINT('',(-89.4,30.3,0.));
#585 = VERTEX_POINT('',#586);
#586 = CARTESIAN_POINT('',(-87.2,30.3,0.));
#587 = SURFACE_CURVE('',#588,(#592,#598),.PCURVE_S1.);
#588 = LINE('',#589,#590);
#589 = CARTESIAN_POINT('',(-43.6,30.3,0.));
#590 = VECTOR('',#591,1.);
#591 = DIRECTION('',(1.,-1.224646799147E-16,0.));
#592 = PCURVE('',#126,#593);
#593 = DEFINITIONAL_REPRESENTATION('',(#594),#597);
#594 = B_SPLINE_CURVE_WITH_KNOTS('',1,(#595,#596),.UNSPECIFIED.,.F.,.F.,
  (2,2),(-45.8,-43.6),.PIECEWISE_BEZIER_KNOTS.);
#595 = CARTESIAN_POINT('',(-89.4,30.3));
#596 = CARTESIAN_POINT('',(-87.2,30.3));
#597 = ( GEOMETRIC_REPRESENTATION_CONTEXT(2) 
PARAMETRIC_REPRESENTATION_CONTEXT() REPRESENTATION_CONTEXT('2D SPACE',''
  ) );
#598 = PCURVE('',#599,#604);
#599 = PLANE('',#600);
#600 = AXIS2_PLACEMENT_3D('',#601,#602,#603);
#601 = CARTESIAN_POINT('',(-87.2,30.3,-0.1));
#602 = DIRECTION('',(-1.224646799147E-16,-1.,0.));
#603 = DIRECTION('',(0.,0.,1.));
#604 = DEFINITIONAL_REPRESENTATION('',(#605),#608);
#605 = B_SPLINE_CURVE_WITH_KNOTS('',1,(#606,#607),.UNSPECIFIED.,.F.,.F.,
  (2,2),(-45.8,-43.6),.PIECEWISE_BEZIER_KNOTS.);
#606 = CARTESIAN_POINT('',(0.1,2.2));
#607 = CARTESIAN_POINT('',(0.1,0.));
#608 = ( GEOMETRIC_REPRESENTATION_CONTEXT(2) 
PARAMETRIC_REPRESENTATION_CONTEXT() REPRESENTATION_CONTEXT('2D SPACE',''
  ) );
#609 = ORIENTED_EDGE('',*,*,#610,.T.);
#610 = EDGE_CURVE('',#585,#611,#613,.T.);
#611 = VERTEX_POINT('',#612);
#612 = CARTESIAN_POINT('',(-87.2,-30.3,0.));
#613 = SURFACE_CURVE('',#614,(#618,#624),.PCURVE_S1.);
#614 = LINE('',#615,#616);
#615 = CARTESIAN_POINT('',(-87.2,15.15,0.));
#616 = VECTOR('',#617,1.);
#617 = DIRECTION('',(-1.224646799147E-16,-1.,0.));
#618 = PCURVE('',#126,#619);
#619 = DEFINITIONAL_REPRESENTATION('',(#620),#623);
#620 = B_SPLINE_CURVE_WITH_KNOTS('',1,(#621,#622),.UNSPECIFIED.,.F.,.F.,
  (2,2),(-15.15,45.45),.PIECEWISE_BEZIER_KNOTS.);
#621 = CARTESIAN_POINT('',(-87.2,30.3));
#622 = CARTESIAN_POINT('',(-87.2,-30.3));
#623 = ( GEOMETRIC_REPRESENTATION_CONTEXT(2) 
PARAMETRIC_REPRESENTATION_CONTEXT() REPRESENTATION_CONTEXT('2D SPACE',''
  ) );
#624 = PCURVE('',#625,#630);
#625 = PLANE('',#626);
#626 = AXIS2_PLACEMENT_3D('',#627,#628,#629);
#627 = CARTESIAN_POINT('',(-87.2,30.3,-0.1));
#628 = DIRECTION('',(-1.,1.224646799147E-16,0.));
#629 = DIRECTION('',(0.,0.,1.));
#630 = DEFINITIONAL_REPRESENTATION('',(#631),#634);
#631 = B_SPLINE_CURVE_WITH_KNOTS('',1,(#632,#633),.UNSPECIFIED.,.F.,.F.,
  (2,2),(-15.15,45.45),.PIECEWISE_BEZIER_KNOTS.);
#632 = CARTESIAN_POINT('',(0.1,0.));
#633 = CARTESIAN_POINT('',(0.1,-60.6));
#634 = ( GEOMETRIC_REPRESENTATION_CONTEXT(2) 
PARAMETRIC_REPRESENTATION_CONTEXT() REPRESENTATION_CONTEXT('2D SPACE',''
  ) );
#635 = ORIENTED_EDGE('',*,*,#636,.F.);
#636 = EDGE_CURVE('',#637,#611,#639,.T.);
#637 = VERTEX_POINT('',#638);
#638 = CARTESIAN_POINT('',(-89.4,-30.3,0.));
#639 = SURFACE_CURVE('',#640,(#644,#650),.PCURVE_S1.);
#640 = LINE('',#641,#642);
#641 = CARTESIAN_POINT('',(-43.6,-30.3,0.));
#642 = VECTOR('',#643,1.);
#643 = DIRECTION('',(1.,-1.224646799147E-16,0.));
#644 = PCURVE('',#126,#645);
#645 = DEFINITIONAL_REPRESENTATION('',(#646),#649);
#646 = B_SPLINE_CURVE_WITH_KNOTS('',1,(#647,#648),.UNSPECIFIED.,.F.,.F.,
  (2,2),(-45.8,-43.6),.PIECEWISE_BEZIER_KNOTS.);
#647 = CARTESIAN_POINT('',(-89.4,-30.3));
#648 = CARTESIAN_POINT('',(-87.2,-30.3));
#649 = ( GEOMETRIC_REPRESENTATION_CONTEXT(2) 
PARAMETRIC_REPRESENTATION_CONTEXT() REPRESENTATION_CONTEXT('2D SPACE',''
  ) );
#650 = PCURVE('',#651,#656);
#651 = PLANE('',#652);
#652 = AXIS2_PLACEMENT_3D('',#653,#654,#655);
#653 = CARTESIAN_POINT('',(-87.2,-30.3,-0.1));
#654 = DIRECTION('',(-1.224646799147E-16,-1.,0.));
#655 = DIRECTION('',(0.,0.,1.));
#656 = DEFINITIONAL_REPRESENTATION('',(#657),#660);
#657 = B_SPLINE_CURVE_WITH_KNOTS('',1,(#658,#659),.UNSPECIFIED.,.F.,.F.,
  (2,2),(-45.8,-43.6),.PIECEWISE_BEZIER_KNOTS.);
#658 = CARTESIAN_POINT('',(0.1,2.2));
#659 = CARTESIAN_POINT('',(0.1,0.));
#660 = ( GEOMETRIC_REPRESENTATION_CONTEXT(2) 
PARAMETRIC_REPRESENTATION_CONTEXT() REPRESENTATION_CONTEXT('2D SPACE',''
  ) );
#661 = ORIENTED_EDGE('',*,*,#662,.F.);
#662 = EDGE_CURVE('',#583,#637,#663,.T.);
#663 = SURFACE_CURVE('',#664,(#668,#674),.PCURVE_S1.);
#664 = LINE('',#665,#666);
#665 = CARTESIAN_POINT('',(-89.4,15.15,0.));
#666 = VECTOR('',#667,1.);
#667 = DIRECTION('',(-1.224646799147E-16,-1.,0.));
#668 = PCURVE('',#126,#669);
#669 = DEFINITIONAL_REPRESENTATION('',(#670),#673);
#670 = B_SPLINE_CURVE_WITH_KNOTS('',1,(#671,#672),.UNSPECIFIED.,.F.,.F.,
  (2,2),(-15.15,45.45),.PIECEWISE_BEZIER_KNOTS.);
#671 = CARTESIAN_POINT('',(-89.4,30.3));
#672 = CARTESIAN_POINT('',(-89.4,-30.3));
#673 = ( GEOMETRIC_REPRESENTATION_CONTEXT(2) 
PARAMETRIC_REPRESENTATION_CONTEXT() REPRESENTATION_CONTEXT('2D SPACE',''
  ) );
#674 = PCURVE('',#675,#680);
#675 = PLANE('',#676);
#676 = AXIS2_PLACEMENT_3D('',#677,#678,#679);
#677 = CARTESIAN_POINT('',(-89.4,30.3,-0.1));
#678 = DIRECTION('',(-1.,1.224646799147E-16,0.));
#679 = DIRECTION('',(0.,0.,1.));
#680 = DEFINITIONAL_REPRESENTATION('',(#681),#684);
#681 = B_SPLINE_CURVE_WITH_KNOTS('',1,(#682,#683),.UNSPECIFIED.,.F.,.F.,
  (2,2),(-15.15,45.45),.PIECEWISE_BEZIER_KNOTS.);
#682 = CARTESIAN_POINT('',(0.1,0.));
#683 = CARTESIAN_POINT('',(0.1,-60.6));
#684 = ( GEOMETRIC_REPRESENTATION_CONTEXT(2) 
PARAMETRIC_REPRESENTATION_CONTEXT() REPRESENTATION_CONTEXT('2D SPACE',''
  ) );
#685 = FACE_BOUND('',#686,.F.);
#686 = EDGE_LOOP('',(#687,#715,#741,#767));
#687 = ORIENTED_EDGE('',*,*,#688,.T.);
#688 = EDGE_CURVE('',#689,#691,#693,.T.);
#689 = VERTEX_POINT('',#690);
#690 = CARTESIAN_POINT('',(-18.45943026533,92.572671098329,0.));
#691 = VERTEX_POINT('',#692);
#692 = CARTESIAN_POINT('',(-17.35943026533,90.667415210003,0.));
#693 = SURFACE_CURVE('',#694,(#698,#704),.PCURVE_S1.);
#694 = LINE('',#695,#696);
#695 = CARTESIAN_POINT('',(4.440569734669,52.908707605002,
    1.387778780781E-17));
#696 = VECTOR('',#697,1.);
#697 = DIRECTION('',(0.5,-0.866025403784,0.));
#698 = PCURVE('',#126,#699);
#699 = DEFINITIONAL_REPRESENTATION('',(#700),#703);
#700 = B_SPLINE_CURVE_WITH_KNOTS('',1,(#701,#702),.UNSPECIFIED.,.F.,.F.,
  (2,2),(-45.8,-43.6),.PIECEWISE_BEZIER_KNOTS.);
#701 = CARTESIAN_POINT('',(-18.45943026533,92.572671098329));
#702 = CARTESIAN_POINT('',(-17.35943026533,90.667415210003));
#703 = ( GEOMETRIC_REPRESENTATION_CONTEXT(2) 
PARAMETRIC_REPRESENTATION_CONTEXT() REPRESENTATION_CONTEXT('2D SPACE',''
  ) );
#704 = PCURVE('',#705,#710);
#705 = PLANE('',#706);
#706 = AXIS2_PLACEMENT_3D('',#707,#708,#709);
#707 = CARTESIAN_POINT('',(-17.35943026533,90.667415210003,-0.1));
#708 = DIRECTION('',(-0.866025403784,-0.5,0.));
#709 = DIRECTION('',(0.,0.,1.));
#710 = DEFINITIONAL_REPRESENTATION('',(#711),#714);
#711 = B_SPLINE_CURVE_WITH_KNOTS('',1,(#712,#713),.UNSPECIFIED.,.F.,.F.,
  (2,2),(-45.8,-43.6),.PIECEWISE_BEZIER_KNOTS.);
#712 = CARTESIAN_POINT('',(0.1,2.2));
#713 = CARTESIAN_POINT('',(0.1,0.));
#714 = ( GEOMETRIC_REPRESENTATION_CONTEXT(2) 
PARAMETRIC_REPRESENTATION_CONTEXT() REPRESENTATION_CONTEXT('2D SPACE',''
  ) );
#715 = ORIENTED_EDGE('',*,*,#716,.T.);
#716 = EDGE_CURVE('',#691,#717,#719,.T.);
#717 = VERTEX_POINT('',#718);
#718 = CARTESIAN_POINT('',(-69.84056973466,60.367415210003,0.));
#719 = SURFACE_CURVE('',#720,(#724,#730),.PCURVE_S1.);
#720 = LINE('',#721,#722);
#721 = CARTESIAN_POINT('',(-30.47971513266,83.092415210003,
    1.387778780781E-17));
#722 = VECTOR('',#723,1.);
#723 = DIRECTION('',(-0.866025403784,-0.5,0.));
#724 = PCURVE('',#126,#725);
#725 = DEFINITIONAL_REPRESENTATION('',(#726),#729);
#726 = B_SPLINE_CURVE_WITH_KNOTS('',1,(#727,#728),.UNSPECIFIED.,.F.,.F.,
  (2,2),(-15.15,45.45),.PIECEWISE_BEZIER_KNOTS.);
#727 = CARTESIAN_POINT('',(-17.35943026533,90.667415210003));
#728 = CARTESIAN_POINT('',(-69.84056973466,60.367415210003));
#729 = ( GEOMETRIC_REPRESENTATION_CONTEXT(2) 
PARAMETRIC_REPRESENTATION_CONTEXT() REPRESENTATION_CONTEXT('2D SPACE',''
  ) );
#730 = PCURVE('',#731,#736);
#731 = PLANE('',#732);
#732 = AXIS2_PLACEMENT_3D('',#733,#734,#735);
#733 = CARTESIAN_POINT('',(-17.35943026533,90.667415210003,-0.1));
#734 = DIRECTION('',(-0.5,0.866025403784,0.));
#735 = DIRECTION('',(0.,0.,1.));
#736 = DEFINITIONAL_REPRESENTATION('',(#737),#740);
#737 = B_SPLINE_CURVE_WITH_KNOTS('',1,(#738,#739),.UNSPECIFIED.,.F.,.F.,
  (2,2),(-15.15,45.45),.PIECEWISE_BEZIER_KNOTS.);
#738 = CARTESIAN_POINT('',(0.1,0.));
#739 = CARTESIAN_POINT('',(0.1,-60.6));
#740 = ( GEOMETRIC_REPRESENTATION_CONTEXT(2) 
PARAMETRIC_REPRESENTATION_CONTEXT() REPRESENTATION_CONTEXT('2D SPACE',''
  ) );
#741 = ORIENTED_EDGE('',*,*,#742,.F.);
#742 = EDGE_CURVE('',#743,#717,#745,.T.);
#743 = VERTEX_POINT('',#744);
#744 = CARTESIAN_POINT('',(-70.94056973466,62.272671098329,0.));
#745 = SURFACE_CURVE('',#746,(#750,#756),.PCURVE_S1.);
#746 = LINE('',#747,#748);
#747 = CARTESIAN_POINT('',(-48.04056973466,22.608707605002,
    1.387778780781E-17));
#748 = VECTOR('',#749,1.);
#749 = DIRECTION('',(0.5,-0.866025403784,0.));
#750 = PCURVE('',#126,#751);
#751 = DEFINITIONAL_REPRESENTATION('',(#752),#755);
#752 = B_SPLINE_CURVE_WITH_KNOTS('',1,(#753,#754),.UNSPECIFIED.,.F.,.F.,
  (2,2),(-45.8,-43.6),.PIECEWISE_BEZIER_KNOTS.);
#753 = CARTESIAN_POINT('',(-70.94056973466,62.272671098329));
#754 = CARTESIAN_POINT('',(-69.84056973466,60.367415210003));
#755 = ( GEOMETRIC_REPRESENTATION_CONTEXT(2) 
PARAMETRIC_REPRESENTATION_CONTEXT() REPRESENTATION_CONTEXT('2D SPACE',''
  ) );
#756 = PCURVE('',#757,#762);
#757 = PLANE('',#758);
#758 = AXIS2_PLACEMENT_3D('',#759,#760,#761);
#759 = CARTESIAN_POINT('',(-69.84056973466,60.367415210003,-0.1));
#760 = DIRECTION('',(-0.866025403784,-0.5,0.));
#761 = DIRECTION('',(0.,0.,1.));
#762 = DEFINITIONAL_REPRESENTATION('',(#763),#766);
#763 = B_SPLINE_CURVE_WITH_KNOTS('',1,(#764,#765),.UNSPECIFIED.,.F.,.F.,
  (2,2),(-45.8,-43.6),.PIECEWISE_BEZIER_KNOTS.);
#764 = CARTESIAN_POINT('',(0.1,2.2));
#765 = CARTESIAN_POINT('',(0.1,0.));
#766 = ( GEOMETRIC_REPRESENTATION_CONTEXT(2) 
PARAMETRIC_REPRESENTATION_CONTEXT() REPRESENTATION_CONTEXT('2D SPACE',''
  ) );
#767 = ORIENTED_EDGE('',*,*,#768,.F.);
#768 = EDGE_CURVE('',#689,#743,#769,.T.);
#769 = SURFACE_CURVE('',#770,(#774,#780),.PCURVE_S1.);
#770 = LINE('',#771,#772);
#771 = CARTESIAN_POINT('',(-31.57971513266,84.997671098329,
    1.387778780781E-17));
#772 = VECTOR('',#773,1.);
#773 = DIRECTION('',(-0.866025403784,-0.5,0.));
#774 = PCURVE('',#126,#775);
#775 = DEFINITIONAL_REPRESENTATION('',(#776),#779);
#776 = B_SPLINE_CURVE_WITH_KNOTS('',1,(#777,#778),.UNSPECIFIED.,.F.,.F.,
  (2,2),(-15.15,45.45),.PIECEWISE_BEZIER_KNOTS.);
#777 = CARTESIAN_POINT('',(-18.45943026533,92.572671098329));
#778 = CARTESIAN_POINT('',(-70.94056973466,62.272671098329));
#779 = ( GEOMETRIC_REPRESENTATION_CONTEXT(2) 
PARAMETRIC_REPRESENTATION_CONTEXT() REPRESENTATION_CONTEXT('2D SPACE',''
  ) );
#780 = PCURVE('',#781,#786);
#781 = PLANE('',#782);
#782 = AXIS2_PLACEMENT_3D('',#783,#784,#785);
#783 = CARTESIAN_POINT('',(-18.45943026533,92.572671098329,-0.1));
#784 = DIRECTION('',(-0.5,0.866025403784,0.));
#785 = DIRECTION('',(0.,0.,1.));
#786 = DEFINITIONAL_REPRESENTATION('',(#787),#790);
#787 = B_SPLINE_CURVE_WITH_KNOTS('',1,(#788,#789),.UNSPECIFIED.,.F.,.F.,
  (2,2),(-15.15,45.45),.PIECEWISE_BEZIER_KNOTS.);
#788 = CARTESIAN_POINT('',(0.1,0.));
#789 = CARTESIAN_POINT('',(0.1,-60.6));
#790 = ( GEOMETRIC_REPRESENTATION_CONTEXT(2) 
PARAMETRIC_REPRESENTATION_CONTEXT() REPRESENTATION_CONTEXT('2D SPACE',''
  ) );
#791 = FACE_BOUND('',#792,.F.);
#792 = EDGE_LOOP('',(#793,#821,#847,#873,#899,#925));
#793 = ORIENTED_EDGE('',*,*,#794,.T.);
#794 = EDGE_CURVE('',#795,#797,#799,.T.);
#795 = VERTEX_POINT('',#796);
#796 = CARTESIAN_POINT('',(-85.5,49.363448015713,0.));
#797 = VERTEX_POINT('',#798);
#798 = CARTESIAN_POINT('',(6.045278860732E-15,98.726896031426,0.));
#799 = SURFACE_CURVE('',#800,(#804,#810),.PCURVE_S1.);
#800 = LINE('',#801,#802);
#801 = CARTESIAN_POINT('',(-21.375,86.386034027498,1.387778780781E-17));
#802 = VECTOR('',#803,1.);
#803 = DIRECTION('',(0.866025403784,0.5,-0.));
#804 = PCURVE('',#126,#805);
#805 = DEFINITIONAL_REPRESENTATION('',(#806),#809);
#806 = B_SPLINE_CURVE_WITH_KNOTS('',1,(#807,#808),.UNSPECIFIED.,.F.,.F.,
  (2,2),(-74.04517202357,24.681724007857),.PIECEWISE_BEZIER_KNOTS.);
#807 = CARTESIAN_POINT('',(-85.5,49.363448015713));
#808 = CARTESIAN_POINT('',(7.105427357601E-15,98.726896031426));
#809 = ( GEOMETRIC_REPRESENTATION_CONTEXT(2) 
PARAMETRIC_REPRESENTATION_CONTEXT() REPRESENTATION_CONTEXT('2D SPACE',''
  ) );
#810 = PCURVE('',#811,#816);
#811 = PLANE('',#812);
#812 = AXIS2_PLACEMENT_3D('',#813,#814,#815);
#813 = CARTESIAN_POINT('',(6.045278860732E-15,98.726896031426,-0.1));
#814 = DIRECTION('',(0.5,-0.866025403784,0.));
#815 = DIRECTION('',(-0.866025403784,-0.5,0.));
#816 = DEFINITIONAL_REPRESENTATION('',(#817),#820);
#817 = B_SPLINE_CURVE_WITH_KNOTS('',1,(#818,#819),.UNSPECIFIED.,.F.,.F.,
  (2,2),(-74.04517202357,24.681724007857),.PIECEWISE_BEZIER_KNOTS.);
#818 = CARTESIAN_POINT('',(98.726896031426,-0.1));
#819 = CARTESIAN_POINT('',(0.,-0.1));
#820 = ( GEOMETRIC_REPRESENTATION_CONTEXT(2) 
PARAMETRIC_REPRESENTATION_CONTEXT() REPRESENTATION_CONTEXT('2D SPACE',''
  ) );
#821 = ORIENTED_EDGE('',*,*,#822,.T.);
#822 = EDGE_CURVE('',#797,#823,#825,.T.);
#823 = VERTEX_POINT('',#824);
#824 = CARTESIAN_POINT('',(85.5,49.363448015713,0.));
#825 = SURFACE_CURVE('',#826,(#830,#836),.PCURVE_S1.);
#826 = LINE('',#827,#828);
#827 = CARTESIAN_POINT('',(64.125,61.704310019641,1.387778780781E-17));
#828 = VECTOR('',#829,1.);
#829 = DIRECTION('',(0.866025403784,-0.5,0.));
#830 = PCURVE('',#126,#831);
#831 = DEFINITIONAL_REPRESENTATION('',(#832),#835);
#832 = B_SPLINE_CURVE_WITH_KNOTS('',1,(#833,#834),.UNSPECIFIED.,.F.,.F.,
  (2,2),(-74.04517202357,24.681724007857),.PIECEWISE_BEZIER_KNOTS.);
#833 = CARTESIAN_POINT('',(0.,98.726896031426));
#834 = CARTESIAN_POINT('',(85.5,49.363448015713));
#835 = ( GEOMETRIC_REPRESENTATION_CONTEXT(2) 
PARAMETRIC_REPRESENTATION_CONTEXT() REPRESENTATION_CONTEXT('2D SPACE',''
  ) );
#836 = PCURVE('',#837,#842);
#837 = PLANE('',#838);
#838 = AXIS2_PLACEMENT_3D('',#839,#840,#841);
#839 = CARTESIAN_POINT('',(85.5,49.363448015713,-0.1));
#840 = DIRECTION('',(-0.5,-0.866025403784,0.));
#841 = DIRECTION('',(-0.866025403784,0.5,0.));
#842 = DEFINITIONAL_REPRESENTATION('',(#843),#846);
#843 = B_SPLINE_CURVE_WITH_KNOTS('',1,(#844,#845),.UNSPECIFIED.,.F.,.F.,
  (2,2),(-74.04517202357,24.681724007857),.PIECEWISE_BEZIER_KNOTS.);
#844 = CARTESIAN_POINT('',(98.726896031426,-0.1));
#845 = CARTESIAN_POINT('',(0.,-0.1));
#846 = ( GEOMETRIC_REPRESENTATION_CONTEXT(2) 
PARAMETRIC_REPRESENTATION_CONTEXT() REPRESENTATION_CONTEXT('2D SPACE',''
  ) );
#847 = ORIENTED_EDGE('',*,*,#848,.T.);
#848 = EDGE_CURVE('',#823,#849,#851,.T.);
#849 = VERTEX_POINT('',#850);
#850 = CARTESIAN_POINT('',(85.5,-49.36344801571,0.));
#851 = SURFACE_CURVE('',#852,(#856,#862),.PCURVE_S1.);
#852 = LINE('',#853,#854);
#853 = CARTESIAN_POINT('',(85.5,-24.68172400785,0.));
#854 = VECTOR('',#855,1.);
#855 = DIRECTION('',(-4.318231997493E-16,-1.,0.));
#856 = PCURVE('',#126,#857);
#857 = DEFINITIONAL_REPRESENTATION('',(#858),#861);
#858 = B_SPLINE_CURVE_WITH_KNOTS('',1,(#859,#860),.UNSPECIFIED.,.F.,.F.,
  (2,2),(-74.04517202357,24.681724007857),.PIECEWISE_BEZIER_KNOTS.);
#859 = CARTESIAN_POINT('',(85.5,49.363448015713));
#860 = CARTESIAN_POINT('',(85.5,-49.36344801571));
#861 = ( GEOMETRIC_REPRESENTATION_CONTEXT(2) 
PARAMETRIC_REPRESENTATION_CONTEXT() REPRESENTATION_CONTEXT('2D SPACE',''
  ) );
#862 = PCURVE('',#863,#868);
#863 = PLANE('',#864);
#864 = AXIS2_PLACEMENT_3D('',#865,#866,#867);
#865 = CARTESIAN_POINT('',(85.5,-49.36344801571,-0.1));
#866 = DIRECTION('',(-1.,4.318231997493E-16,0.));
#867 = DIRECTION('',(4.318231997493E-16,1.,0.));
#868 = DEFINITIONAL_REPRESENTATION('',(#869),#872);
#869 = B_SPLINE_CURVE_WITH_KNOTS('',1,(#870,#871),.UNSPECIFIED.,.F.,.F.,
  (2,2),(-74.04517202357,24.681724007857),.PIECEWISE_BEZIER_KNOTS.);
#870 = CARTESIAN_POINT('',(98.726896031426,-0.1));
#871 = CARTESIAN_POINT('',(0.,-0.1));
#872 = ( GEOMETRIC_REPRESENTATION_CONTEXT(2) 
PARAMETRIC_REPRESENTATION_CONTEXT() REPRESENTATION_CONTEXT('2D SPACE',''
  ) );
#873 = ORIENTED_EDGE('',*,*,#874,.T.);
#874 = EDGE_CURVE('',#849,#875,#877,.T.);
#875 = VERTEX_POINT('',#876);
#876 = CARTESIAN_POINT('',(-1.81358365822E-14,-98.72689603142,0.));
#877 = SURFACE_CURVE('',#878,(#882,#888),.PCURVE_S1.);
#878 = LINE('',#879,#880);
#879 = CARTESIAN_POINT('',(21.375,-86.38603402749,0.));
#880 = VECTOR('',#881,1.);
#881 = DIRECTION('',(-0.866025403784,-0.5,0.));
#882 = PCURVE('',#126,#883);
#883 = DEFINITIONAL_REPRESENTATION('',(#884),#887);
#884 = B_SPLINE_CURVE_WITH_KNOTS('',1,(#885,#886),.UNSPECIFIED.,.F.,.F.,
  (2,2),(-74.04517202356,24.681724007856),.PIECEWISE_BEZIER_KNOTS.);
#885 = CARTESIAN_POINT('',(85.5,-49.36344801571));
#886 = CARTESIAN_POINT('',(-2.48689957516E-14,-98.72689603142));
#887 = ( GEOMETRIC_REPRESENTATION_CONTEXT(2) 
PARAMETRIC_REPRESENTATION_CONTEXT() REPRESENTATION_CONTEXT('2D SPACE',''
  ) );
#888 = PCURVE('',#889,#894);
#889 = PLANE('',#890);
#890 = AXIS2_PLACEMENT_3D('',#891,#892,#893);
#891 = CARTESIAN_POINT('',(-1.81358365822E-14,-98.72689603142,-0.1));
#892 = DIRECTION('',(-0.5,0.866025403784,0.));
#893 = DIRECTION('',(0.866025403784,0.5,0.));
#894 = DEFINITIONAL_REPRESENTATION('',(#895),#898);
#895 = B_SPLINE_CURVE_WITH_KNOTS('',1,(#896,#897),.UNSPECIFIED.,.F.,.F.,
  (2,2),(-74.04517202356,24.681724007856),.PIECEWISE_BEZIER_KNOTS.);
#896 = CARTESIAN_POINT('',(98.726896031426,-0.1));
#897 = CARTESIAN_POINT('',(0.,-0.1));
#898 = ( GEOMETRIC_REPRESENTATION_CONTEXT(2) 
PARAMETRIC_REPRESENTATION_CONTEXT() REPRESENTATION_CONTEXT('2D SPACE',''
  ) );
#899 = ORIENTED_EDGE('',*,*,#900,.T.);
#900 = EDGE_CURVE('',#875,#901,#903,.T.);
#901 = VERTEX_POINT('',#902);
#902 = CARTESIAN_POINT('',(-85.5,-49.36344801571,0.));
#903 = SURFACE_CURVE('',#904,(#908,#914),.PCURVE_S1.);
#904 = LINE('',#905,#906);
#905 = CARTESIAN_POINT('',(-64.125,-61.70431001964,1.387778780781E-17));
#906 = VECTOR('',#907,1.);
#907 = DIRECTION('',(-0.866025403784,0.5,0.));
#908 = PCURVE('',#126,#909);
#909 = DEFINITIONAL_REPRESENTATION('',(#910),#913);
#910 = B_SPLINE_CURVE_WITH_KNOTS('',1,(#911,#912),.UNSPECIFIED.,.F.,.F.,
  (2,2),(-74.04517202357,24.681724007856),.PIECEWISE_BEZIER_KNOTS.);
#911 = CARTESIAN_POINT('',(-1.42108547152E-14,-98.72689603142));
#912 = CARTESIAN_POINT('',(-85.5,-49.36344801571));
#913 = ( GEOMETRIC_REPRESENTATION_CONTEXT(2) 
PARAMETRIC_REPRESENTATION_CONTEXT() REPRESENTATION_CONTEXT('2D SPACE',''
  ) );
#914 = PCURVE('',#915,#920);
#915 = PLANE('',#916);
#916 = AXIS2_PLACEMENT_3D('',#917,#918,#919);
#917 = CARTESIAN_POINT('',(-85.5,-49.36344801571,-0.1));
#918 = DIRECTION('',(0.5,0.866025403784,-0.));
#919 = DIRECTION('',(0.866025403784,-0.5,0.));
#920 = DEFINITIONAL_REPRESENTATION('',(#921),#924);
#921 = B_SPLINE_CURVE_WITH_KNOTS('',1,(#922,#923),.UNSPECIFIED.,.F.,.F.,
  (2,2),(-74.04517202357,24.681724007856),.PIECEWISE_BEZIER_KNOTS.);
#922 = CARTESIAN_POINT('',(98.726896031426,-0.1));
#923 = CARTESIAN_POINT('',(0.,-0.1));
#924 = ( GEOMETRIC_REPRESENTATION_CONTEXT(2) 
PARAMETRIC_REPRESENTATION_CONTEXT() REPRESENTATION_CONTEXT('2D SPACE',''
  ) );
#925 = ORIENTED_EDGE('',*,*,#926,.T.);
#926 = EDGE_CURVE('',#901,#795,#927,.T.);
#927 = SURFACE_CURVE('',#928,(#932,#938),.PCURVE_S1.);
#928 = LINE('',#929,#930);
#929 = CARTESIAN_POINT('',(-85.5,24.681724007856,0.));
#930 = VECTOR('',#931,1.);
#931 = DIRECTION('',(-0.,1.,0.));
#932 = PCURVE('',#126,#933);
#933 = DEFINITIONAL_REPRESENTATION('',(#934),#937);
#934 = B_SPLINE_CURVE_WITH_KNOTS('',1,(#935,#936),.UNSPECIFIED.,.F.,.F.,
  (2,2),(-74.04517202356,24.681724007856),.PIECEWISE_BEZIER_KNOTS.);
#935 = CARTESIAN_POINT('',(-85.5,-49.36344801571));
#936 = CARTESIAN_POINT('',(-85.5,49.363448015713));
#937 = ( GEOMETRIC_REPRESENTATION_CONTEXT(2) 
PARAMETRIC_REPRESENTATION_CONTEXT() REPRESENTATION_CONTEXT('2D SPACE',''
  ) );
#938 = PCURVE('',#939,#944);
#939 = PLANE('',#940);
#940 = AXIS2_PLACEMENT_3D('',#941,#942,#943);
#941 = CARTESIAN_POINT('',(-85.5,49.363448015713,-0.1));
#942 = DIRECTION('',(1.,0.,-0.));
#943 = DIRECTION('',(0.,-1.,0.));
#944 = DEFINITIONAL_REPRESENTATION('',(#945),#948);
#945 = B_SPLINE_CURVE_WITH_KNOTS('',1,(#946,#947),.UNSPECIFIED.,.F.,.F.,
  (2,2),(-74.04517202356,24.681724007856),.PIECEWISE_BEZIER_KNOTS.);
#946 = CARTESIAN_POINT('',(98.726896031426,-0.1));
#947 = CARTESIAN_POINT('',(0.,-0.1));
#948 = ( GEOMETRIC_REPRESENTATION_CONTEXT(2) 
PARAMETRIC_REPRESENTATION_CONTEXT() REPRESENTATION_CONTEXT('2D SPACE',''
  ) );
#949 = FACE_BOUND('',#950,.F.);
#950 = EDGE_LOOP('',(#951,#979,#1005,#1031));
#951 = ORIENTED_EDGE('',*,*,#952,.T.);
#952 = EDGE_CURVE('',#953,#955,#957,.T.);
#953 = VERTEX_POINT('',#954);
#954 = CARTESIAN_POINT('',(89.4,-30.3,0.));
#955 = VERTEX_POINT('',#956);
#956 = CARTESIAN_POINT('',(87.2,-30.3,0.));
#957 = SURFACE_CURVE('',#958,(#962,#968),.PCURVE_S1.);
#958 = LINE('',#959,#960);
#959 = CARTESIAN_POINT('',(43.6,-30.3,0.));
#960 = VECTOR('',#961,1.);
#961 = DIRECTION('',(-1.,0.,0.));
#962 = PCURVE('',#126,#963);
#963 = DEFINITIONAL_REPRESENTATION('',(#964),#967);
#964 = B_SPLINE_CURVE_WITH_KNOTS('',1,(#965,#966),.UNSPECIFIED.,.F.,.F.,
  (2,2),(-45.8,-43.6),.PIECEWISE_BEZIER_KNOTS.);
#965 = CARTESIAN_POINT('',(89.4,-30.3));
#966 = CARTESIAN_POINT('',(87.2,-30.3));
#967 = ( GEOMETRIC_REPRESENTATION_CONTEXT(2) 
PARAMETRIC_REPRESENTATION_CONTEXT() REPRESENTATION_CONTEXT('2D SPACE',''
  ) );
#968 = PCURVE('',#969,#974);
#969 = PLANE('',#970);
#970 = AXIS2_PLACEMENT_3D('',#971,#972,#973);
#971 = CARTESIAN_POINT('',(87.2,-30.3,-0.1));
#972 = DIRECTION('',(0.,1.,0.));
#973 = DIRECTION('',(0.,0.,1.));
#974 = DEFINITIONAL_REPRESENTATION('',(#975),#978);
#975 = B_SPLINE_CURVE_WITH_KNOTS('',1,(#976,#977),.UNSPECIFIED.,.F.,.F.,
  (2,2),(-45.8,-43.6),.PIECEWISE_BEZIER_KNOTS.);
#976 = CARTESIAN_POINT('',(0.1,2.2));
#977 = CARTESIAN_POINT('',(0.1,0.));
#978 = ( GEOMETRIC_REPRESENTATION_CONTEXT(2) 
PARAMETRIC_REPRESENTATION_CONTEXT() REPRESENTATION_CONTEXT('2D SPACE',''
  ) );
#979 = ORIENTED_EDGE('',*,*,#980,.T.);
#980 = EDGE_CURVE('',#955,#981,#983,.T.);
#981 = VERTEX_POINT('',#982);
#982 = CARTESIAN_POINT('',(87.2,30.3,0.));
#983 = SURFACE_CURVE('',#984,(#988,#994),.PCURVE_S1.);
#984 = LINE('',#985,#986);
#985 = CARTESIAN_POINT('',(87.2,-15.15,0.));
#986 = VECTOR('',#987,1.);
#987 = DIRECTION('',(0.,1.,0.));
#988 = PCURVE('',#126,#989);
#989 = DEFINITIONAL_REPRESENTATION('',(#990),#993);
#990 = B_SPLINE_CURVE_WITH_KNOTS('',1,(#991,#992),.UNSPECIFIED.,.F.,.F.,
  (2,2),(-15.15,45.45),.PIECEWISE_BEZIER_KNOTS.);
#991 = CARTESIAN_POINT('',(87.2,-30.3));
#992 = CARTESIAN_POINT('',(87.2,30.3));
#993 = ( GEOMETRIC_REPRESENTATION_CONTEXT(2) 
PARAMETRIC_REPRESENTATION_CONTEXT() REPRESENTATION_CONTEXT('2D SPACE',''
  ) );
#994 = PCURVE('',#995,#1000);
#995 = PLANE('',#996);
#996 = AXIS2_PLACEMENT_3D('',#997,#998,#999);
#997 = CARTESIAN_POINT('',(87.2,-30.3,-0.1));
#998 = DIRECTION('',(1.,0.,0.));
#999 = DIRECTION('',(0.,0.,1.));
#1000 = DEFINITIONAL_REPRESENTATION('',(#1001),#1004);
#1001 = B_SPLINE_CURVE_WITH_KNOTS('',1,(#1002,#1003),.UNSPECIFIED.,.F.,
  .F.,(2,2),(-15.15,45.45),.PIECEWISE_BEZIER_KNOTS.);
#1002 = CARTESIAN_POINT('',(0.1,0.));
#1003 = CARTESIAN_POINT('',(0.1,-60.6));
#1004 = ( GEOMETRIC_REPRESENTATION_CONTEXT(2) 
PARAMETRIC_REPRESENTATION_CONTEXT() REPRESENTATION_CONTEXT('2D SPACE',''
  ) );
#1005 = ORIENTED_EDGE('',*,*,#1006,.F.);
#1006 = EDGE_CURVE('',#1007,#981,#1009,.T.);
#1007 = VERTEX_POINT('',#1008);
#1008 = CARTESIAN_POINT('',(89.4,30.3,0.));
#1009 = SURFACE_CURVE('',#1010,(#1014,#1020),.PCURVE_S1.);
#1010 = LINE('',#1011,#1012);
#1011 = CARTESIAN_POINT('',(43.6,30.3,0.));
#1012 = VECTOR('',#1013,1.);
#1013 = DIRECTION('',(-1.,0.,0.));
#1014 = PCURVE('',#126,#1015);
#1015 = DEFINITIONAL_REPRESENTATION('',(#1016),#1019);
#1016 = B_SPLINE_CURVE_WITH_KNOTS('',1,(#1017,#1018),.UNSPECIFIED.,.F.,
  .F.,(2,2),(-45.8,-43.6),.PIECEWISE_BEZIER_KNOTS.);
#1017 = CARTESIAN_POINT('',(89.4,30.3));
#1018 = CARTESIAN_POINT('',(87.2,30.3));
#1019 = ( GEOMETRIC_REPRESENTATION_CONTEXT(2) 
PARAMETRIC_REPRESENTATION_CONTEXT() REPRESENTATION_CONTEXT('2D SPACE',''
  ) );
#1020 = PCURVE('',#1021,#1026);
#1021 = PLANE('',#1022);
#1022 = AXIS2_PLACEMENT_3D('',#1023,#1024,#1025);
#1023 = CARTESIAN_POINT('',(87.2,30.3,-0.1));
#1024 = DIRECTION('',(0.,1.,0.));
#1025 = DIRECTION('',(0.,0.,1.));
#1026 = DEFINITIONAL_REPRESENTATION('',(#1027),#1030);
#1027 = B_SPLINE_CURVE_WITH_KNOTS('',1,(#1028,#1029),.UNSPECIFIED.,.F.,
  .F.,(2,2),(-45.8,-43.6),.PIECEWISE_BEZIER_KNOTS.);
#1028 = CARTESIAN_POINT('',(0.1,2.2));
#1029 = CARTESIAN_POINT('',(0.1,0.));
#1030 = ( GEOMETRIC_REPRESENTATION_CONTEXT(2) 
PARAMETRIC_REPRESENTATION_CONTEXT() REPRESENTATION_CONTEXT('2D SPACE',''
  ) );
#1031 = ORIENTED_EDGE('',*,*,#1032,.F.);
#1032 = EDGE_CURVE('',#953,#1007,#1033,.T.);
#1033 = SURFACE_CURVE('',#1034,(#1038,#1044),.PCURVE_S1.);
#1034 = LINE('',#1035,#1036);
#1035 = CARTESIAN_POINT('',(89.4,-15.15,0.));
#1036 = VECTOR('',#1037,1.);
#1037 = DIRECTION('',(0.,1.,0.));
#1038 = PCURVE('',#126,#1039);
#1039 = DEFINITIONAL_REPRESENTATION('',(#1040),#1043);
#1040 = B_SPLINE_CURVE_WITH_KNOTS('',1,(#1041,#1042),.UNSPECIFIED.,.F.,
  .F.,(2,2),(-15.15,45.45),.PIECEWISE_BEZIER_KNOTS.);
#1041 = CARTESIAN_POINT('',(89.4,-30.3));
#1042 = CARTESIAN_POINT('',(89.4,30.3));
#1043 = ( GEOMETRIC_REPRESENTATION_CONTEXT(2) 
PARAMETRIC_REPRESENTATION_CONTEXT() REPRESENTATION_CONTEXT('2D SPACE',''
  ) );
#1044 = PCURVE('',#1045,#1050);
#1045 = PLANE('',#1046);
#1046 = AXIS2_PLACEMENT_3D('',#1047,#1048,#1049);
#1047 = CARTESIAN_POINT('',(89.4,-30.3,-0.1));
#1048 = DIRECTION('',(1.,0.,0.));
#1049 = DIRECTION('',(0.,0.,1.));
#1050 = DEFINITIONAL_REPRESENTATION('',(#1051),#1054);
#1051 = B_SPLINE_CURVE_WITH_KNOTS('',1,(#1052,#1053),.UNSPECIFIED.,.F.,
  .F.,(2,2),(-15.15,45.45),.PIECEWISE_BEZIER_KNOTS.);
#1052 = CARTESIAN_POINT('',(0.1,0.));
#1053 = CARTESIAN_POINT('',(0.1,-60.6));
#1054 = ( GEOMETRIC_REPRESENTATION_CONTEXT(2) 
PARAMETRIC_REPRESENTATION_CONTEXT() REPRESENTATION_CONTEXT('2D SPACE',''
  ) );
#1055 = FACE_BOUND('',#1056,.F.);
#1056 = EDGE_LOOP('',(#1057,#1085,#1111,#1137));
#1057 = ORIENTED_EDGE('',*,*,#1058,.T.);
#1058 = EDGE_CURVE('',#1059,#1061,#1063,.T.);
#1059 = VERTEX_POINT('',#1060);
#1060 = CARTESIAN_POINT('',(70.940569734669,62.272671098329,0.));
#1061 = VERTEX_POINT('',#1062);
#1062 = CARTESIAN_POINT('',(69.840569734668,60.367415210003,0.));
#1063 = SURFACE_CURVE('',#1064,(#1068,#1074),.PCURVE_S1.);
#1064 = LINE('',#1065,#1066);
#1065 = CARTESIAN_POINT('',(48.040569734668,22.608707605002,0.));
#1066 = VECTOR('',#1067,1.);
#1067 = DIRECTION('',(-0.5,-0.866025403784,0.));
#1068 = PCURVE('',#126,#1069);
#1069 = DEFINITIONAL_REPRESENTATION('',(#1070),#1073);
#1070 = B_SPLINE_CURVE_WITH_KNOTS('',1,(#1071,#1072),.UNSPECIFIED.,.F.,
  .F.,(2,2),(-45.8,-43.6),.PIECEWISE_BEZIER_KNOTS.);
#1071 = CARTESIAN_POINT('',(70.940569734669,62.272671098329));
#1072 = CARTESIAN_POINT('',(69.840569734668,60.367415210003));
#1073 = ( GEOMETRIC_REPRESENTATION_CONTEXT(2) 
PARAMETRIC_REPRESENTATION_CONTEXT() REPRESENTATION_CONTEXT('2D SPACE',''
  ) );
#1074 = PCURVE('',#1075,#1080);
#1075 = PLANE('',#1076);
#1076 = AXIS2_PLACEMENT_3D('',#1077,#1078,#1079);
#1077 = CARTESIAN_POINT('',(69.840569734668,60.367415210003,-0.1));
#1078 = DIRECTION('',(-0.866025403784,0.5,0.));
#1079 = DIRECTION('',(0.,0.,1.));
#1080 = DEFINITIONAL_REPRESENTATION('',(#1081),#1084);
#1081 = B_SPLINE_CURVE_WITH_KNOTS('',1,(#1082,#1083),.UNSPECIFIED.,.F.,
  .F.,(2,2),(-45.8,-43.6),.PIECEWISE_BEZIER_KNOTS.);
#1082 = CARTESIAN_POINT('',(0.1,2.2));
#1083 = CARTESIAN_POINT('',(0.1,0.));
#1084 = ( GEOMETRIC_REPRESENTATION_CONTEXT(2) 
PARAMETRIC_REPRESENTATION_CONTEXT() REPRESENTATION_CONTEXT('2D SPACE',''
  ) );
#1085 = ORIENTED_EDGE('',*,*,#1086,.T.);
#1086 = EDGE_CURVE('',#1061,#1087,#1089,.T.);
#1087 = VERTEX_POINT('',#1088);
#1088 = CARTESIAN_POINT('',(17.359430265332,90.667415210003,0.));
#1089 = SURFACE_CURVE('',#1090,(#1094,#1100),.PCURVE_S1.);
#1090 = LINE('',#1091,#1092);
#1091 = CARTESIAN_POINT('',(56.720284867334,67.942415210003,0.));
#1092 = VECTOR('',#1093,1.);
#1093 = DIRECTION('',(-0.866025403784,0.5,0.));
#1094 = PCURVE('',#126,#1095);
#1095 = DEFINITIONAL_REPRESENTATION('',(#1096),#1099);
#1096 = B_SPLINE_CURVE_WITH_KNOTS('',1,(#1097,#1098),.UNSPECIFIED.,.F.,
  .F.,(2,2),(-15.15,45.45),.PIECEWISE_BEZIER_KNOTS.);
#1097 = CARTESIAN_POINT('',(69.840569734668,60.367415210003));
#1098 = CARTESIAN_POINT('',(17.359430265332,90.667415210003));
#1099 = ( GEOMETRIC_REPRESENTATION_CONTEXT(2) 
PARAMETRIC_REPRESENTATION_CONTEXT() REPRESENTATION_CONTEXT('2D SPACE',''
  ) );
#1100 = PCURVE('',#1101,#1106);
#1101 = PLANE('',#1102);
#1102 = AXIS2_PLACEMENT_3D('',#1103,#1104,#1105);
#1103 = CARTESIAN_POINT('',(69.840569734668,60.367415210003,-0.1));
#1104 = DIRECTION('',(0.5,0.866025403784,0.));
#1105 = DIRECTION('',(0.,0.,1.));
#1106 = DEFINITIONAL_REPRESENTATION('',(#1107),#1110);
#1107 = B_SPLINE_CURVE_WITH_KNOTS('',1,(#1108,#1109),.UNSPECIFIED.,.F.,
  .F.,(2,2),(-15.15,45.45),.PIECEWISE_BEZIER_KNOTS.);
#1108 = CARTESIAN_POINT('',(0.1,0.));
#1109 = CARTESIAN_POINT('',(0.1,-60.6));
#1110 = ( GEOMETRIC_REPRESENTATION_CONTEXT(2) 
PARAMETRIC_REPRESENTATION_CONTEXT() REPRESENTATION_CONTEXT('2D SPACE',''
  ) );
#1111 = ORIENTED_EDGE('',*,*,#1112,.F.);
#1112 = EDGE_CURVE('',#1113,#1087,#1115,.T.);
#1113 = VERTEX_POINT('',#1114);
#1114 = CARTESIAN_POINT('',(18.459430265332,92.572671098329,0.));
#1115 = SURFACE_CURVE('',#1116,(#1120,#1126),.PCURVE_S1.);
#1116 = LINE('',#1117,#1118);
#1117 = CARTESIAN_POINT('',(-4.440569734668,52.908707605002,0.));
#1118 = VECTOR('',#1119,1.);
#1119 = DIRECTION('',(-0.5,-0.866025403784,0.));
#1120 = PCURVE('',#126,#1121);
#1121 = DEFINITIONAL_REPRESENTATION('',(#1122),#1125);
#1122 = B_SPLINE_CURVE_WITH_KNOTS('',1,(#1123,#1124),.UNSPECIFIED.,.F.,
  .F.,(2,2),(-45.8,-43.6),.PIECEWISE_BEZIER_KNOTS.);
#1123 = CARTESIAN_POINT('',(18.459430265332,92.572671098329));
#1124 = CARTESIAN_POINT('',(17.359430265332,90.667415210003));
#1125 = ( GEOMETRIC_REPRESENTATION_CONTEXT(2) 
PARAMETRIC_REPRESENTATION_CONTEXT() REPRESENTATION_CONTEXT('2D SPACE',''
  ) );
#1126 = PCURVE('',#1127,#1132);
#1127 = PLANE('',#1128);
#1128 = AXIS2_PLACEMENT_3D('',#1129,#1130,#1131);
#1129 = CARTESIAN_POINT('',(17.359430265332,90.667415210003,-0.1));
#1130 = DIRECTION('',(-0.866025403784,0.5,0.));
#1131 = DIRECTION('',(0.,0.,1.));
#1132 = DEFINITIONAL_REPRESENTATION('',(#1133),#1136);
#1133 = B_SPLINE_CURVE_WITH_KNOTS('',1,(#1134,#1135),.UNSPECIFIED.,.F.,
  .F.,(2,2),(-45.8,-43.6),.PIECEWISE_BEZIER_KNOTS.);
#1134 = CARTESIAN_POINT('',(0.1,2.2));
#1135 = CARTESIAN_POINT('',(0.1,0.));
#1136 = ( GEOMETRIC_REPRESENTATION_CONTEXT(2) 
PARAMETRIC_REPRESENTATION_CONTEXT() REPRESENTATION_CONTEXT('2D SPACE',''
  ) );
#1137 = ORIENTED_EDGE('',*,*,#1138,.F.);
#1138 = EDGE_CURVE('',#1059,#1113,#1139,.T.);
#1139 = SURFACE_CURVE('',#1140,(#1144,#1150),.PCURVE_S1.);
#1140 = LINE('',#1141,#1142);
#1141 = CARTESIAN_POINT('',(57.820284867334,69.847671098329,0.));
#1142 = VECTOR('',#1143,1.);
#1143 = DIRECTION('',(-0.866025403784,0.5,0.));
#1144 = PCURVE('',#126,#1145);
#1145 = DEFINITIONAL_REPRESENTATION('',(#1146),#1149);
#1146 = B_SPLINE_CURVE_WITH_KNOTS('',1,(#1147,#1148),.UNSPECIFIED.,.F.,
  .F.,(2,2),(-15.15,45.45),.PIECEWISE_BEZIER_KNOTS.);
#1147 = CARTESIAN_POINT('',(70.940569734669,62.272671098329));
#1148 = CARTESIAN_POINT('',(18.459430265332,92.572671098329));
#1149 = ( GEOMETRIC_REPRESENTATION_CONTEXT(2) 
PARAMETRIC_REPRESENTATION_CONTEXT() REPRESENTATION_CONTEXT('2D SPACE',''
  ) );
#1150 = PCURVE('',#1151,#1156);
#1151 = PLANE('',#1152);
#1152 = AXIS2_PLACEMENT_3D('',#1153,#1154,#1155);
#1153 = CARTESIAN_POINT('',(70.940569734669,62.272671098329,-0.1));
#1154 = DIRECTION('',(0.5,0.866025403784,0.));
#1155 = DIRECTION('',(0.,0.,1.));
#1156 = DEFINITIONAL_REPRESENTATION('',(#1157),#1160);
#1157 = B_SPLINE_CURVE_WITH_KNOTS('',1,(#1158,#1159),.UNSPECIFIED.,.F.,
  .F.,(2,2),(-15.15,45.45),.PIECEWISE_BEZIER_KNOTS.);
#1158 = CARTESIAN_POINT('',(0.1,0.));
#1159 = CARTESIAN_POINT('',(0.1,-60.6));
#1160 = ( GEOMETRIC_REPRESENTATION_CONTEXT(2) 
PARAMETRIC_REPRESENTATION_CONTEXT() REPRESENTATION_CONTEXT('2D SPACE',''
  ) );
#1161 = ADVANCED_FACE('',(#1162,#1234,#1320,#1406,#1492,#1578,#1706,
    #1792),#72,.T.);
#1162 = FACE_BOUND('',#1163,.T.);
#1163 = EDGE_LOOP('',(#1164,#1165,#1166,#1189,#1212,#1233));
#1164 = ORIENTED_EDGE('',*,*,#56,.T.);
#1165 = ORIENTED_EDGE('',*,*,#218,.T.);
#1166 = ORIENTED_EDGE('',*,*,#1167,.T.);
#1167 = EDGE_CURVE('',#219,#1168,#1170,.T.);
#1168 = VERTEX_POINT('',#1169);
#1169 = CARTESIAN_POINT('',(-102.5,-59.17840259193,8.));
#1170 = SURFACE_CURVE('',#1171,(#1175,#1182),.PCURVE_S1.);
#1171 = LINE('',#1172,#1173);
#1172 = CARTESIAN_POINT('',(-102.5,59.178402591937,8.));
#1173 = VECTOR('',#1174,1.);
#1174 = DIRECTION('',(-1.200679140766E-16,-1.,0.));
#1175 = PCURVE('',#72,#1176);
#1176 = DEFINITIONAL_REPRESENTATION('',(#1177),#1181);
#1177 = LINE('',#1178,#1179);
#1178 = CARTESIAN_POINT('',(-102.5,59.178402591937));
#1179 = VECTOR('',#1180,1.);
#1180 = DIRECTION('',(-1.200679140766E-16,-1.));
#1181 = ( GEOMETRIC_REPRESENTATION_CONTEXT(2) 
PARAMETRIC_REPRESENTATION_CONTEXT() REPRESENTATION_CONTEXT('2D SPACE',''
  ) );
#1182 = PCURVE('',#257,#1183);
#1183 = DEFINITIONAL_REPRESENTATION('',(#1184),#1188);
#1184 = LINE('',#1185,#1186);
#1185 = CARTESIAN_POINT('',(0.,-8.));
#1186 = VECTOR('',#1187,1.);
#1187 = DIRECTION('',(1.,0.));
#1188 = ( GEOMETRIC_REPRESENTATION_CONTEXT(2) 
PARAMETRIC_REPRESENTATION_CONTEXT() REPRESENTATION_CONTEXT('2D SPACE',''
  ) );
#1189 = ORIENTED_EDGE('',*,*,#1190,.T.);
#1190 = EDGE_CURVE('',#1168,#1191,#1193,.T.);
#1191 = VERTEX_POINT('',#1192);
#1192 = CARTESIAN_POINT('',(-2.174179239386E-14,-118.3568051838,8.));
#1193 = SURFACE_CURVE('',#1194,(#1198,#1205),.PCURVE_S1.);
#1194 = LINE('',#1195,#1196);
#1195 = CARTESIAN_POINT('',(-102.5,-59.17840259193,8.));
#1196 = VECTOR('',#1197,1.);
#1197 = DIRECTION('',(0.866025403784,-0.5,0.));
#1198 = PCURVE('',#72,#1199);
#1199 = DEFINITIONAL_REPRESENTATION('',(#1200),#1204);
#1200 = LINE('',#1201,#1202);
#1201 = CARTESIAN_POINT('',(-102.5,-59.17840259193));
#1202 = VECTOR('',#1203,1.);
#1203 = DIRECTION('',(0.866025403784,-0.5));
#1204 = ( GEOMETRIC_REPRESENTATION_CONTEXT(2) 
PARAMETRIC_REPRESENTATION_CONTEXT() REPRESENTATION_CONTEXT('2D SPACE',''
  ) );
#1205 = PCURVE('',#334,#1206);
#1206 = DEFINITIONAL_REPRESENTATION('',(#1207),#1211);
#1207 = LINE('',#1208,#1209);
#1208 = CARTESIAN_POINT('',(0.,-8.));
#1209 = VECTOR('',#1210,1.);
#1210 = DIRECTION('',(1.,0.));
#1211 = ( GEOMETRIC_REPRESENTATION_CONTEXT(2) 
PARAMETRIC_REPRESENTATION_CONTEXT() REPRESENTATION_CONTEXT('2D SPACE',''
  ) );
#1212 = ORIENTED_EDGE('',*,*,#1213,.T.);
#1213 = EDGE_CURVE('',#1191,#144,#1214,.T.);
#1214 = SURFACE_CURVE('',#1215,(#1219,#1226),.PCURVE_S1.);
#1215 = LINE('',#1216,#1217);
#1216 = CARTESIAN_POINT('',(-2.174179239386E-14,-118.3568051838,8.));
#1217 = VECTOR('',#1218,1.);
#1218 = DIRECTION('',(0.866025403784,0.5,0.));
#1219 = PCURVE('',#72,#1220);
#1220 = DEFINITIONAL_REPRESENTATION('',(#1221),#1225);
#1221 = LINE('',#1222,#1223);
#1222 = CARTESIAN_POINT('',(-2.046106797704E-14,-118.3568051838));
#1223 = VECTOR('',#1224,1.);
#1224 = DIRECTION('',(0.866025403784,0.5));
#1225 = ( GEOMETRIC_REPRESENTATION_CONTEXT(2) 
PARAMETRIC_REPRESENTATION_CONTEXT() REPRESENTATION_CONTEXT('2D SPACE',''
  ) );
#1226 = PCURVE('',#159,#1227);
#1227 = DEFINITIONAL_REPRESENTATION('',(#1228),#1232);
#1228 = LINE('',#1229,#1230);
#1229 = CARTESIAN_POINT('',(0.,-8.));
#1230 = VECTOR('',#1231,1.);
#1231 = DIRECTION('',(1.,0.));
#1232 = ( GEOMETRIC_REPRESENTATION_CONTEXT(2) 
PARAMETRIC_REPRESENTATION_CONTEXT() REPRESENTATION_CONTEXT('2D SPACE',''
  ) );
#1233 = ORIENTED_EDGE('',*,*,#171,.T.);
#1234 = FACE_BOUND('',#1235,.T.);
#1235 = EDGE_LOOP('',(#1236,#1259,#1280,#1301));
#1236 = ORIENTED_EDGE('',*,*,#1237,.T.);
#1237 = EDGE_CURVE('',#1238,#1240,#1242,.T.);
#1238 = VERTEX_POINT('',#1239);
#1239 = CARTESIAN_POINT('',(-70.94056973466,-62.27267109832,8.));
#1240 = VERTEX_POINT('',#1241);
#1241 = CARTESIAN_POINT('',(-69.84056973466,-60.36741521,8.));
#1242 = SURFACE_CURVE('',#1243,(#1247,#1253),.PCURVE_S1.);
#1243 = LINE('',#1244,#1245);
#1244 = CARTESIAN_POINT('',(-48.04056973466,-22.608707605,8.));
#1245 = VECTOR('',#1246,1.);
#1246 = DIRECTION('',(0.5,0.866025403784,-0.));
#1247 = PCURVE('',#72,#1248);
#1248 = DEFINITIONAL_REPRESENTATION('',(#1249),#1252);
#1249 = B_SPLINE_CURVE_WITH_KNOTS('',1,(#1250,#1251),.UNSPECIFIED.,.F.,
  .F.,(2,2),(-45.8,-43.6),.PIECEWISE_BEZIER_KNOTS.);
#1250 = CARTESIAN_POINT('',(-70.94056973466,-62.27267109832));
#1251 = CARTESIAN_POINT('',(-69.84056973466,-60.36741521));
#1252 = ( GEOMETRIC_REPRESENTATION_CONTEXT(2) 
PARAMETRIC_REPRESENTATION_CONTEXT() REPRESENTATION_CONTEXT('2D SPACE',''
  ) );
#1253 = PCURVE('',#387,#1254);
#1254 = DEFINITIONAL_REPRESENTATION('',(#1255),#1258);
#1255 = B_SPLINE_CURVE_WITH_KNOTS('',1,(#1256,#1257),.UNSPECIFIED.,.F.,
  .F.,(2,2),(-45.8,-43.6),.PIECEWISE_BEZIER_KNOTS.);
#1256 = CARTESIAN_POINT('',(8.1,2.2));
#1257 = CARTESIAN_POINT('',(8.1,0.));
#1258 = ( GEOMETRIC_REPRESENTATION_CONTEXT(2) 
PARAMETRIC_REPRESENTATION_CONTEXT() REPRESENTATION_CONTEXT('2D SPACE',''
  ) );
#1259 = ORIENTED_EDGE('',*,*,#1260,.T.);
#1260 = EDGE_CURVE('',#1240,#1261,#1263,.T.);
#1261 = VERTEX_POINT('',#1262);
#1262 = CARTESIAN_POINT('',(-17.35943026533,-90.66741521,8.));
#1263 = SURFACE_CURVE('',#1264,(#1268,#1274),.PCURVE_S1.);
#1264 = LINE('',#1265,#1266);
#1265 = CARTESIAN_POINT('',(-56.72028486733,-67.94241521,8.));
#1266 = VECTOR('',#1267,1.);
#1267 = DIRECTION('',(0.866025403784,-0.5,0.));
#1268 = PCURVE('',#72,#1269);
#1269 = DEFINITIONAL_REPRESENTATION('',(#1270),#1273);
#1270 = B_SPLINE_CURVE_WITH_KNOTS('',1,(#1271,#1272),.UNSPECIFIED.,.F.,
  .F.,(2,2),(-15.15,45.45),.PIECEWISE_BEZIER_KNOTS.);
#1271 = CARTESIAN_POINT('',(-69.84056973466,-60.36741521));
#1272 = CARTESIAN_POINT('',(-17.35943026533,-90.66741521));
#1273 = ( GEOMETRIC_REPRESENTATION_CONTEXT(2) 
PARAMETRIC_REPRESENTATION_CONTEXT() REPRESENTATION_CONTEXT('2D SPACE',''
  ) );
#1274 = PCURVE('',#413,#1275);
#1275 = DEFINITIONAL_REPRESENTATION('',(#1276),#1279);
#1276 = B_SPLINE_CURVE_WITH_KNOTS('',1,(#1277,#1278),.UNSPECIFIED.,.F.,
  .F.,(2,2),(-15.15,45.45),.PIECEWISE_BEZIER_KNOTS.);
#1277 = CARTESIAN_POINT('',(8.1,0.));
#1278 = CARTESIAN_POINT('',(8.1,-60.6));
#1279 = ( GEOMETRIC_REPRESENTATION_CONTEXT(2) 
PARAMETRIC_REPRESENTATION_CONTEXT() REPRESENTATION_CONTEXT('2D SPACE',''
  ) );
#1280 = ORIENTED_EDGE('',*,*,#1281,.F.);
#1281 = EDGE_CURVE('',#1282,#1261,#1284,.T.);
#1282 = VERTEX_POINT('',#1283);
#1283 = CARTESIAN_POINT('',(-18.45943026533,-92.57267109832,8.));
#1284 = SURFACE_CURVE('',#1285,(#1289,#1295),.PCURVE_S1.);
#1285 = LINE('',#1286,#1287);
#1286 = CARTESIAN_POINT('',(4.440569734668,-52.908707605,8.));
#1287 = VECTOR('',#1288,1.);
#1288 = DIRECTION('',(0.5,0.866025403784,-0.));
#1289 = PCURVE('',#72,#1290);
#1290 = DEFINITIONAL_REPRESENTATION('',(#1291),#1294);
#1291 = B_SPLINE_CURVE_WITH_KNOTS('',1,(#1292,#1293),.UNSPECIFIED.,.F.,
  .F.,(2,2),(-45.8,-43.6),.PIECEWISE_BEZIER_KNOTS.);
#1292 = CARTESIAN_POINT('',(-18.45943026533,-92.57267109832));
#1293 = CARTESIAN_POINT('',(-17.35943026533,-90.66741521));
#1294 = ( GEOMETRIC_REPRESENTATION_CONTEXT(2) 
PARAMETRIC_REPRESENTATION_CONTEXT() REPRESENTATION_CONTEXT('2D SPACE',''
  ) );
#1295 = PCURVE('',#439,#1296);
#1296 = DEFINITIONAL_REPRESENTATION('',(#1297),#1300);
#1297 = B_SPLINE_CURVE_WITH_KNOTS('',1,(#1298,#1299),.UNSPECIFIED.,.F.,
  .F.,(2,2),(-45.8,-43.6),.PIECEWISE_BEZIER_KNOTS.);
#1298 = CARTESIAN_POINT('',(8.1,2.2));
#1299 = CARTESIAN_POINT('',(8.1,0.));
#1300 = ( GEOMETRIC_REPRESENTATION_CONTEXT(2) 
PARAMETRIC_REPRESENTATION_CONTEXT() REPRESENTATION_CONTEXT('2D SPACE',''
  ) );
#1301 = ORIENTED_EDGE('',*,*,#1302,.F.);
#1302 = EDGE_CURVE('',#1238,#1282,#1303,.T.);
#1303 = SURFACE_CURVE('',#1304,(#1308,#1314),.PCURVE_S1.);
#1304 = LINE('',#1305,#1306);
#1305 = CARTESIAN_POINT('',(-57.82028486733,-69.84767109832,8.));
#1306 = VECTOR('',#1307,1.);
#1307 = DIRECTION('',(0.866025403784,-0.5,0.));
#1308 = PCURVE('',#72,#1309);
#1309 = DEFINITIONAL_REPRESENTATION('',(#1310),#1313);
#1310 = B_SPLINE_CURVE_WITH_KNOTS('',1,(#1311,#1312),.UNSPECIFIED.,.F.,
  .F.,(2,2),(-15.15,45.45),.PIECEWISE_BEZIER_KNOTS.);
#1311 = CARTESIAN_POINT('',(-70.94056973466,-62.27267109832));
#1312 = CARTESIAN_POINT('',(-18.45943026533,-92.57267109832));
#1313 = ( GEOMETRIC_REPRESENTATION_CONTEXT(2) 
PARAMETRIC_REPRESENTATION_CONTEXT() REPRESENTATION_CONTEXT('2D SPACE',''
  ) );
#1314 = PCURVE('',#463,#1315);
#1315 = DEFINITIONAL_REPRESENTATION('',(#1316),#1319);
#1316 = B_SPLINE_CURVE_WITH_KNOTS('',1,(#1317,#1318),.UNSPECIFIED.,.F.,
  .F.,(2,2),(-15.15,45.45),.PIECEWISE_BEZIER_KNOTS.);
#1317 = CARTESIAN_POINT('',(8.1,0.));
#1318 = CARTESIAN_POINT('',(8.1,-60.6));
#1319 = ( GEOMETRIC_REPRESENTATION_CONTEXT(2) 
PARAMETRIC_REPRESENTATION_CONTEXT() REPRESENTATION_CONTEXT('2D SPACE',''
  ) );
#1320 = FACE_BOUND('',#1321,.T.);
#1321 = EDGE_LOOP('',(#1322,#1345,#1366,#1387));
#1322 = ORIENTED_EDGE('',*,*,#1323,.T.);
#1323 = EDGE_CURVE('',#1324,#1326,#1328,.T.);
#1324 = VERTEX_POINT('',#1325);
#1325 = CARTESIAN_POINT('',(18.459430265332,-92.57267109832,8.));
#1326 = VERTEX_POINT('',#1327);
#1327 = CARTESIAN_POINT('',(17.359430265332,-90.66741521,8.));
#1328 = SURFACE_CURVE('',#1329,(#1333,#1339),.PCURVE_S1.);
#1329 = LINE('',#1330,#1331);
#1330 = CARTESIAN_POINT('',(-4.440569734668,-52.908707605,8.));
#1331 = VECTOR('',#1332,1.);
#1332 = DIRECTION('',(-0.5,0.866025403784,0.));
#1333 = PCURVE('',#72,#1334);
#1334 = DEFINITIONAL_REPRESENTATION('',(#1335),#1338);
#1335 = B_SPLINE_CURVE_WITH_KNOTS('',1,(#1336,#1337),.UNSPECIFIED.,.F.,
  .F.,(2,2),(-45.8,-43.6),.PIECEWISE_BEZIER_KNOTS.);
#1336 = CARTESIAN_POINT('',(18.459430265332,-92.57267109832));
#1337 = CARTESIAN_POINT('',(17.359430265332,-90.66741521));
#1338 = ( GEOMETRIC_REPRESENTATION_CONTEXT(2) 
PARAMETRIC_REPRESENTATION_CONTEXT() REPRESENTATION_CONTEXT('2D SPACE',''
  ) );
#1339 = PCURVE('',#493,#1340);
#1340 = DEFINITIONAL_REPRESENTATION('',(#1341),#1344);
#1341 = B_SPLINE_CURVE_WITH_KNOTS('',1,(#1342,#1343),.UNSPECIFIED.,.F.,
  .F.,(2,2),(-45.8,-43.6),.PIECEWISE_BEZIER_KNOTS.);
#1342 = CARTESIAN_POINT('',(8.1,2.2));
#1343 = CARTESIAN_POINT('',(8.1,0.));
#1344 = ( GEOMETRIC_REPRESENTATION_CONTEXT(2) 
PARAMETRIC_REPRESENTATION_CONTEXT() REPRESENTATION_CONTEXT('2D SPACE',''
  ) );
#1345 = ORIENTED_EDGE('',*,*,#1346,.T.);
#1346 = EDGE_CURVE('',#1326,#1347,#1349,.T.);
#1347 = VERTEX_POINT('',#1348);
#1348 = CARTESIAN_POINT('',(69.840569734668,-60.36741521,8.));
#1349 = SURFACE_CURVE('',#1350,(#1354,#1360),.PCURVE_S1.);
#1350 = LINE('',#1351,#1352);
#1351 = CARTESIAN_POINT('',(30.479715132666,-83.09241521,8.));
#1352 = VECTOR('',#1353,1.);
#1353 = DIRECTION('',(0.866025403784,0.5,-0.));
#1354 = PCURVE('',#72,#1355);
#1355 = DEFINITIONAL_REPRESENTATION('',(#1356),#1359);
#1356 = B_SPLINE_CURVE_WITH_KNOTS('',1,(#1357,#1358),.UNSPECIFIED.,.F.,
  .F.,(2,2),(-15.15,45.45),.PIECEWISE_BEZIER_KNOTS.);
#1357 = CARTESIAN_POINT('',(17.359430265332,-90.66741521));
#1358 = CARTESIAN_POINT('',(69.840569734669,-60.36741521));
#1359 = ( GEOMETRIC_REPRESENTATION_CONTEXT(2) 
PARAMETRIC_REPRESENTATION_CONTEXT() REPRESENTATION_CONTEXT('2D SPACE',''
  ) );
#1360 = PCURVE('',#519,#1361);
#1361 = DEFINITIONAL_REPRESENTATION('',(#1362),#1365);
#1362 = B_SPLINE_CURVE_WITH_KNOTS('',1,(#1363,#1364),.UNSPECIFIED.,.F.,
  .F.,(2,2),(-15.15,45.45),.PIECEWISE_BEZIER_KNOTS.);
#1363 = CARTESIAN_POINT('',(8.1,0.));
#1364 = CARTESIAN_POINT('',(8.1,-60.6));
#1365 = ( GEOMETRIC_REPRESENTATION_CONTEXT(2) 
PARAMETRIC_REPRESENTATION_CONTEXT() REPRESENTATION_CONTEXT('2D SPACE',''
  ) );
#1366 = ORIENTED_EDGE('',*,*,#1367,.F.);
#1367 = EDGE_CURVE('',#1368,#1347,#1370,.T.);
#1368 = VERTEX_POINT('',#1369);
#1369 = CARTESIAN_POINT('',(70.940569734669,-62.27267109832,8.));
#1370 = SURFACE_CURVE('',#1371,(#1375,#1381),.PCURVE_S1.);
#1371 = LINE('',#1372,#1373);
#1372 = CARTESIAN_POINT('',(48.040569734668,-22.608707605,8.));
#1373 = VECTOR('',#1374,1.);
#1374 = DIRECTION('',(-0.5,0.866025403784,0.));
#1375 = PCURVE('',#72,#1376);
#1376 = DEFINITIONAL_REPRESENTATION('',(#1377),#1380);
#1377 = B_SPLINE_CURVE_WITH_KNOTS('',1,(#1378,#1379),.UNSPECIFIED.,.F.,
  .F.,(2,2),(-45.8,-43.6),.PIECEWISE_BEZIER_KNOTS.);
#1378 = CARTESIAN_POINT('',(70.940569734669,-62.27267109832));
#1379 = CARTESIAN_POINT('',(69.840569734668,-60.36741521));
#1380 = ( GEOMETRIC_REPRESENTATION_CONTEXT(2) 
PARAMETRIC_REPRESENTATION_CONTEXT() REPRESENTATION_CONTEXT('2D SPACE',''
  ) );
#1381 = PCURVE('',#545,#1382);
#1382 = DEFINITIONAL_REPRESENTATION('',(#1383),#1386);
#1383 = B_SPLINE_CURVE_WITH_KNOTS('',1,(#1384,#1385),.UNSPECIFIED.,.F.,
  .F.,(2,2),(-45.8,-43.6),.PIECEWISE_BEZIER_KNOTS.);
#1384 = CARTESIAN_POINT('',(8.1,2.2));
#1385 = CARTESIAN_POINT('',(8.1,0.));
#1386 = ( GEOMETRIC_REPRESENTATION_CONTEXT(2) 
PARAMETRIC_REPRESENTATION_CONTEXT() REPRESENTATION_CONTEXT('2D SPACE',''
  ) );
#1387 = ORIENTED_EDGE('',*,*,#1388,.F.);
#1388 = EDGE_CURVE('',#1324,#1368,#1389,.T.);
#1389 = SURFACE_CURVE('',#1390,(#1394,#1400),.PCURVE_S1.);
#1390 = LINE('',#1391,#1392);
#1391 = CARTESIAN_POINT('',(31.579715132666,-84.99767109832,8.));
#1392 = VECTOR('',#1393,1.);
#1393 = DIRECTION('',(0.866025403784,0.5,-0.));
#1394 = PCURVE('',#72,#1395);
#1395 = DEFINITIONAL_REPRESENTATION('',(#1396),#1399);
#1396 = B_SPLINE_CURVE_WITH_KNOTS('',1,(#1397,#1398),.UNSPECIFIED.,.F.,
  .F.,(2,2),(-15.15,45.45),.PIECEWISE_BEZIER_KNOTS.);
#1397 = CARTESIAN_POINT('',(18.459430265332,-92.57267109832));
#1398 = CARTESIAN_POINT('',(70.940569734669,-62.27267109832));
#1399 = ( GEOMETRIC_REPRESENTATION_CONTEXT(2) 
PARAMETRIC_REPRESENTATION_CONTEXT() REPRESENTATION_CONTEXT('2D SPACE',''
  ) );
#1400 = PCURVE('',#569,#1401);
#1401 = DEFINITIONAL_REPRESENTATION('',(#1402),#1405);
#1402 = B_SPLINE_CURVE_WITH_KNOTS('',1,(#1403,#1404),.UNSPECIFIED.,.F.,
  .F.,(2,2),(-15.15,45.45),.PIECEWISE_BEZIER_KNOTS.);
#1403 = CARTESIAN_POINT('',(8.1,0.));
#1404 = CARTESIAN_POINT('',(8.1,-60.6));
#1405 = ( GEOMETRIC_REPRESENTATION_CONTEXT(2) 
PARAMETRIC_REPRESENTATION_CONTEXT() REPRESENTATION_CONTEXT('2D SPACE',''
  ) );
#1406 = FACE_BOUND('',#1407,.T.);
#1407 = EDGE_LOOP('',(#1408,#1431,#1452,#1473));
#1408 = ORIENTED_EDGE('',*,*,#1409,.T.);
#1409 = EDGE_CURVE('',#1410,#1412,#1414,.T.);
#1410 = VERTEX_POINT('',#1411);
#1411 = CARTESIAN_POINT('',(-89.4,30.3,8.));
#1412 = VERTEX_POINT('',#1413);
#1413 = CARTESIAN_POINT('',(-87.2,30.3,8.));
#1414 = SURFACE_CURVE('',#1415,(#1419,#1425),.PCURVE_S1.);
#1415 = LINE('',#1416,#1417);
#1416 = CARTESIAN_POINT('',(-43.6,30.3,8.));
#1417 = VECTOR('',#1418,1.);
#1418 = DIRECTION('',(1.,-1.224646799147E-16,0.));
#1419 = PCURVE('',#72,#1420);
#1420 = DEFINITIONAL_REPRESENTATION('',(#1421),#1424);
#1421 = B_SPLINE_CURVE_WITH_KNOTS('',1,(#1422,#1423),.UNSPECIFIED.,.F.,
  .F.,(2,2),(-45.8,-43.6),.PIECEWISE_BEZIER_KNOTS.);
#1422 = CARTESIAN_POINT('',(-89.4,30.3));
#1423 = CARTESIAN_POINT('',(-87.2,30.3));
#1424 = ( GEOMETRIC_REPRESENTATION_CONTEXT(2) 
PARAMETRIC_REPRESENTATION_CONTEXT() REPRESENTATION_CONTEXT('2D SPACE',''
  ) );
#1425 = PCURVE('',#599,#1426);
#1426 = DEFINITIONAL_REPRESENTATION('',(#1427),#1430);
#1427 = B_SPLINE_CURVE_WITH_KNOTS('',1,(#1428,#1429),.UNSPECIFIED.,.F.,
  .F.,(2,2),(-45.8,-43.6),.PIECEWISE_BEZIER_KNOTS.);
#1428 = CARTESIAN_POINT('',(8.1,2.2));
#1429 = CARTESIAN_POINT('',(8.1,0.));
#1430 = ( GEOMETRIC_REPRESENTATION_CONTEXT(2) 
PARAMETRIC_REPRESENTATION_CONTEXT() REPRESENTATION_CONTEXT('2D SPACE',''
  ) );
#1431 = ORIENTED_EDGE('',*,*,#1432,.T.);
#1432 = EDGE_CURVE('',#1412,#1433,#1435,.T.);
#1433 = VERTEX_POINT('',#1434);
#1434 = CARTESIAN_POINT('',(-87.2,-30.3,8.));
#1435 = SURFACE_CURVE('',#1436,(#1440,#1446),.PCURVE_S1.);
#1436 = LINE('',#1437,#1438);
#1437 = CARTESIAN_POINT('',(-87.2,15.15,8.));
#1438 = VECTOR('',#1439,1.);
#1439 = DIRECTION('',(-1.224646799147E-16,-1.,0.));
#1440 = PCURVE('',#72,#1441);
#1441 = DEFINITIONAL_REPRESENTATION('',(#1442),#1445);
#1442 = B_SPLINE_CURVE_WITH_KNOTS('',1,(#1443,#1444),.UNSPECIFIED.,.F.,
  .F.,(2,2),(-15.15,45.45),.PIECEWISE_BEZIER_KNOTS.);
#1443 = CARTESIAN_POINT('',(-87.2,30.3));
#1444 = CARTESIAN_POINT('',(-87.2,-30.3));
#1445 = ( GEOMETRIC_REPRESENTATION_CONTEXT(2) 
PARAMETRIC_REPRESENTATION_CONTEXT() REPRESENTATION_CONTEXT('2D SPACE',''
  ) );
#1446 = PCURVE('',#625,#1447);
#1447 = DEFINITIONAL_REPRESENTATION('',(#1448),#1451);
#1448 = B_SPLINE_CURVE_WITH_KNOTS('',1,(#1449,#1450),.UNSPECIFIED.,.F.,
  .F.,(2,2),(-15.15,45.45),.PIECEWISE_BEZIER_KNOTS.);
#1449 = CARTESIAN_POINT('',(8.1,0.));
#1450 = CARTESIAN_POINT('',(8.1,-60.6));
#1451 = ( GEOMETRIC_REPRESENTATION_CONTEXT(2) 
PARAMETRIC_REPRESENTATION_CONTEXT() REPRESENTATION_CONTEXT('2D SPACE',''
  ) );
#1452 = ORIENTED_EDGE('',*,*,#1453,.F.);
#1453 = EDGE_CURVE('',#1454,#1433,#1456,.T.);
#1454 = VERTEX_POINT('',#1455);
#1455 = CARTESIAN_POINT('',(-89.4,-30.3,8.));
#1456 = SURFACE_CURVE('',#1457,(#1461,#1467),.PCURVE_S1.);
#1457 = LINE('',#1458,#1459);
#1458 = CARTESIAN_POINT('',(-43.6,-30.3,8.));
#1459 = VECTOR('',#1460,1.);
#1460 = DIRECTION('',(1.,-1.224646799147E-16,0.));
#1461 = PCURVE('',#72,#1462);
#1462 = DEFINITIONAL_REPRESENTATION('',(#1463),#1466);
#1463 = B_SPLINE_CURVE_WITH_KNOTS('',1,(#1464,#1465),.UNSPECIFIED.,.F.,
  .F.,(2,2),(-45.8,-43.6),.PIECEWISE_BEZIER_KNOTS.);
#1464 = CARTESIAN_POINT('',(-89.4,-30.3));
#1465 = CARTESIAN_POINT('',(-87.2,-30.3));
#1466 = ( GEOMETRIC_REPRESENTATION_CONTEXT(2) 
PARAMETRIC_REPRESENTATION_CONTEXT() REPRESENTATION_CONTEXT('2D SPACE',''
  ) );
#1467 = PCURVE('',#651,#1468);
#1468 = DEFINITIONAL_REPRESENTATION('',(#1469),#1472);
#1469 = B_SPLINE_CURVE_WITH_KNOTS('',1,(#1470,#1471),.UNSPECIFIED.,.F.,
  .F.,(2,2),(-45.8,-43.6),.PIECEWISE_BEZIER_KNOTS.);
#1470 = CARTESIAN_POINT('',(8.1,2.2));
#1471 = CARTESIAN_POINT('',(8.1,0.));
#1472 = ( GEOMETRIC_REPRESENTATION_CONTEXT(2) 
PARAMETRIC_REPRESENTATION_CONTEXT() REPRESENTATION_CONTEXT('2D SPACE',''
  ) );
#1473 = ORIENTED_EDGE('',*,*,#1474,.F.);
#1474 = EDGE_CURVE('',#1410,#1454,#1475,.T.);
#1475 = SURFACE_CURVE('',#1476,(#1480,#1486),.PCURVE_S1.);
#1476 = LINE('',#1477,#1478);
#1477 = CARTESIAN_POINT('',(-89.4,15.15,8.));
#1478 = VECTOR('',#1479,1.);
#1479 = DIRECTION('',(-1.224646799147E-16,-1.,0.));
#1480 = PCURVE('',#72,#1481);
#1481 = DEFINITIONAL_REPRESENTATION('',(#1482),#1485);
#1482 = B_SPLINE_CURVE_WITH_KNOTS('',1,(#1483,#1484),.UNSPECIFIED.,.F.,
  .F.,(2,2),(-15.15,45.45),.PIECEWISE_BEZIER_KNOTS.);
#1483 = CARTESIAN_POINT('',(-89.4,30.3));
#1484 = CARTESIAN_POINT('',(-89.4,-30.3));
#1485 = ( GEOMETRIC_REPRESENTATION_CONTEXT(2) 
PARAMETRIC_REPRESENTATION_CONTEXT() REPRESENTATION_CONTEXT('2D SPACE',''
  ) );
#1486 = PCURVE('',#675,#1487);
#1487 = DEFINITIONAL_REPRESENTATION('',(#1488),#1491);
#1488 = B_SPLINE_CURVE_WITH_KNOTS('',1,(#1489,#1490),.UNSPECIFIED.,.F.,
  .F.,(2,2),(-15.15,45.45),.PIECEWISE_BEZIER_KNOTS.);
#1489 = CARTESIAN_POINT('',(8.1,0.));
#1490 = CARTESIAN_POINT('',(8.1,-60.6));
#1491 = ( GEOMETRIC_REPRESENTATION_CONTEXT(2) 
PARAMETRIC_REPRESENTATION_CONTEXT() REPRESENTATION_CONTEXT('2D SPACE',''
  ) );
#1492 = FACE_BOUND('',#1493,.T.);
#1493 = EDGE_LOOP('',(#1494,#1517,#1538,#1559));
#1494 = ORIENTED_EDGE('',*,*,#1495,.T.);
#1495 = EDGE_CURVE('',#1496,#1498,#1500,.T.);
#1496 = VERTEX_POINT('',#1497);
#1497 = CARTESIAN_POINT('',(-18.45943026533,92.572671098329,8.));
#1498 = VERTEX_POINT('',#1499);
#1499 = CARTESIAN_POINT('',(-17.35943026533,90.667415210003,8.));
#1500 = SURFACE_CURVE('',#1501,(#1505,#1511),.PCURVE_S1.);
#1501 = LINE('',#1502,#1503);
#1502 = CARTESIAN_POINT('',(4.440569734669,52.908707605002,8.));
#1503 = VECTOR('',#1504,1.);
#1504 = DIRECTION('',(0.5,-0.866025403784,0.));
#1505 = PCURVE('',#72,#1506);
#1506 = DEFINITIONAL_REPRESENTATION('',(#1507),#1510);
#1507 = B_SPLINE_CURVE_WITH_KNOTS('',1,(#1508,#1509),.UNSPECIFIED.,.F.,
  .F.,(2,2),(-45.8,-43.6),.PIECEWISE_BEZIER_KNOTS.);
#1508 = CARTESIAN_POINT('',(-18.45943026533,92.572671098329));
#1509 = CARTESIAN_POINT('',(-17.35943026533,90.667415210003));
#1510 = ( GEOMETRIC_REPRESENTATION_CONTEXT(2) 
PARAMETRIC_REPRESENTATION_CONTEXT() REPRESENTATION_CONTEXT('2D SPACE',''
  ) );
#1511 = PCURVE('',#705,#1512);
#1512 = DEFINITIONAL_REPRESENTATION('',(#1513),#1516);
#1513 = B_SPLINE_CURVE_WITH_KNOTS('',1,(#1514,#1515),.UNSPECIFIED.,.F.,
  .F.,(2,2),(-45.8,-43.6),.PIECEWISE_BEZIER_KNOTS.);
#1514 = CARTESIAN_POINT('',(8.1,2.2));
#1515 = CARTESIAN_POINT('',(8.1,0.));
#1516 = ( GEOMETRIC_REPRESENTATION_CONTEXT(2) 
PARAMETRIC_REPRESENTATION_CONTEXT() REPRESENTATION_CONTEXT('2D SPACE',''
  ) );
#1517 = ORIENTED_EDGE('',*,*,#1518,.T.);
#1518 = EDGE_CURVE('',#1498,#1519,#1521,.T.);
#1519 = VERTEX_POINT('',#1520);
#1520 = CARTESIAN_POINT('',(-69.84056973466,60.367415210003,8.));
#1521 = SURFACE_CURVE('',#1522,(#1526,#1532),.PCURVE_S1.);
#1522 = LINE('',#1523,#1524);
#1523 = CARTESIAN_POINT('',(-30.47971513266,83.092415210003,8.));
#1524 = VECTOR('',#1525,1.);
#1525 = DIRECTION('',(-0.866025403784,-0.5,0.));
#1526 = PCURVE('',#72,#1527);
#1527 = DEFINITIONAL_REPRESENTATION('',(#1528),#1531);
#1528 = B_SPLINE_CURVE_WITH_KNOTS('',1,(#1529,#1530),.UNSPECIFIED.,.F.,
  .F.,(2,2),(-15.15,45.45),.PIECEWISE_BEZIER_KNOTS.);
#1529 = CARTESIAN_POINT('',(-17.35943026533,90.667415210003));
#1530 = CARTESIAN_POINT('',(-69.84056973466,60.367415210003));
#1531 = ( GEOMETRIC_REPRESENTATION_CONTEXT(2) 
PARAMETRIC_REPRESENTATION_CONTEXT() REPRESENTATION_CONTEXT('2D SPACE',''
  ) );
#1532 = PCURVE('',#731,#1533);
#1533 = DEFINITIONAL_REPRESENTATION('',(#1534),#1537);
#1534 = B_SPLINE_CURVE_WITH_KNOTS('',1,(#1535,#1536),.UNSPECIFIED.,.F.,
  .F.,(2,2),(-15.15,45.45),.PIECEWISE_BEZIER_KNOTS.);
#1535 = CARTESIAN_POINT('',(8.1,0.));
#1536 = CARTESIAN_POINT('',(8.1,-60.6));
#1537 = ( GEOMETRIC_REPRESENTATION_CONTEXT(2) 
PARAMETRIC_REPRESENTATION_CONTEXT() REPRESENTATION_CONTEXT('2D SPACE',''
  ) );
#1538 = ORIENTED_EDGE('',*,*,#1539,.F.);
#1539 = EDGE_CURVE('',#1540,#1519,#1542,.T.);
#1540 = VERTEX_POINT('',#1541);
#1541 = CARTESIAN_POINT('',(-70.94056973466,62.272671098329,8.));
#1542 = SURFACE_CURVE('',#1543,(#1547,#1553),.PCURVE_S1.);
#1543 = LINE('',#1544,#1545);
#1544 = CARTESIAN_POINT('',(-48.04056973466,22.608707605002,8.));
#1545 = VECTOR('',#1546,1.);
#1546 = DIRECTION('',(0.5,-0.866025403784,0.));
#1547 = PCURVE('',#72,#1548);
#1548 = DEFINITIONAL_REPRESENTATION('',(#1549),#1552);
#1549 = B_SPLINE_CURVE_WITH_KNOTS('',1,(#1550,#1551),.UNSPECIFIED.,.F.,
  .F.,(2,2),(-45.8,-43.6),.PIECEWISE_BEZIER_KNOTS.);
#1550 = CARTESIAN_POINT('',(-70.94056973466,62.272671098329));
#1551 = CARTESIAN_POINT('',(-69.84056973466,60.367415210003));
#1552 = ( GEOMETRIC_REPRESENTATION_CONTEXT(2) 
PARAMETRIC_REPRESENTATION_CONTEXT() REPRESENTATION_CONTEXT('2D SPACE',''
  ) );
#1553 = PCURVE('',#757,#1554);
#1554 = DEFINITIONAL_REPRESENTATION('',(#1555),#1558);
#1555 = B_SPLINE_CURVE_WITH_KNOTS('',1,(#1556,#1557),.UNSPECIFIED.,.F.,
  .F.,(2,2),(-45.8,-43.6),.PIECEWISE_BEZIER_KNOTS.);
#1556 = CARTESIAN_POINT('',(8.1,2.2));
#1557 = CARTESIAN_POINT('',(8.1,0.));
#1558 = ( GEOMETRIC_REPRESENTATION_CONTEXT(2) 
PARAMETRIC_REPRESENTATION_CONTEXT() REPRESENTATION_CONTEXT('2D SPACE',''
  ) );
#1559 = ORIENTED_EDGE('',*,*,#1560,.F.);
#1560 = EDGE_CURVE('',#1496,#1540,#1561,.T.);
#1561 = SURFACE_CURVE('',#1562,(#1566,#1572),.PCURVE_S1.);
#1562 = LINE('',#1563,#1564);
#1563 = CARTESIAN_POINT('',(-31.57971513266,84.997671098329,8.));
#1564 = VECTOR('',#1565,1.);
#1565 = DIRECTION('',(-0.866025403784,-0.5,0.));
#1566 = PCURVE('',#72,#1567);
#1567 = DEFINITIONAL_REPRESENTATION('',(#1568),#1571);
#1568 = B_SPLINE_CURVE_WITH_KNOTS('',1,(#1569,#1570),.UNSPECIFIED.,.F.,
  .F.,(2,2),(-15.15,45.45),.PIECEWISE_BEZIER_KNOTS.);
#1569 = CARTESIAN_POINT('',(-18.45943026533,92.572671098329));
#1570 = CARTESIAN_POINT('',(-70.94056973466,62.272671098329));
#1571 = ( GEOMETRIC_REPRESENTATION_CONTEXT(2) 
PARAMETRIC_REPRESENTATION_CONTEXT() REPRESENTATION_CONTEXT('2D SPACE',''
  ) );
#1572 = PCURVE('',#781,#1573);
#1573 = DEFINITIONAL_REPRESENTATION('',(#1574),#1577);
#1574 = B_SPLINE_CURVE_WITH_KNOTS('',1,(#1575,#1576),.UNSPECIFIED.,.F.,
  .F.,(2,2),(-15.15,45.45),.PIECEWISE_BEZIER_KNOTS.);
#1575 = CARTESIAN_POINT('',(8.1,0.));
#1576 = CARTESIAN_POINT('',(8.1,-60.6));
#1577 = ( GEOMETRIC_REPRESENTATION_CONTEXT(2) 
PARAMETRIC_REPRESENTATION_CONTEXT() REPRESENTATION_CONTEXT('2D SPACE',''
  ) );
#1578 = FACE_BOUND('',#1579,.T.);
#1579 = EDGE_LOOP('',(#1580,#1603,#1624,#1645,#1666,#1687));
#1580 = ORIENTED_EDGE('',*,*,#1581,.T.);
#1581 = EDGE_CURVE('',#1582,#1584,#1586,.T.);
#1582 = VERTEX_POINT('',#1583);
#1583 = CARTESIAN_POINT('',(-85.5,49.363448015713,8.));
#1584 = VERTEX_POINT('',#1585);
#1585 = CARTESIAN_POINT('',(6.045278860732E-15,98.726896031426,8.));
#1586 = SURFACE_CURVE('',#1587,(#1591,#1597),.PCURVE_S1.);
#1587 = LINE('',#1588,#1589);
#1588 = CARTESIAN_POINT('',(-21.375,86.386034027498,8.));
#1589 = VECTOR('',#1590,1.);
#1590 = DIRECTION('',(0.866025403784,0.5,-0.));
#1591 = PCURVE('',#72,#1592);
#1592 = DEFINITIONAL_REPRESENTATION('',(#1593),#1596);
#1593 = B_SPLINE_CURVE_WITH_KNOTS('',1,(#1594,#1595),.UNSPECIFIED.,.F.,
  .F.,(2,2),(-74.04517202357,24.681724007857),.PIECEWISE_BEZIER_KNOTS.);
#1594 = CARTESIAN_POINT('',(-85.5,49.363448015713));
#1595 = CARTESIAN_POINT('',(7.105427357601E-15,98.726896031426));
#1596 = ( GEOMETRIC_REPRESENTATION_CONTEXT(2) 
PARAMETRIC_REPRESENTATION_CONTEXT() REPRESENTATION_CONTEXT('2D SPACE',''
  ) );
#1597 = PCURVE('',#811,#1598);
#1598 = DEFINITIONAL_REPRESENTATION('',(#1599),#1602);
#1599 = B_SPLINE_CURVE_WITH_KNOTS('',1,(#1600,#1601),.UNSPECIFIED.,.F.,
  .F.,(2,2),(-74.04517202357,24.681724007857),.PIECEWISE_BEZIER_KNOTS.);
#1600 = CARTESIAN_POINT('',(98.726896031426,-8.1));
#1601 = CARTESIAN_POINT('',(0.,-8.1));
#1602 = ( GEOMETRIC_REPRESENTATION_CONTEXT(2) 
PARAMETRIC_REPRESENTATION_CONTEXT() REPRESENTATION_CONTEXT('2D SPACE',''
  ) );
#1603 = ORIENTED_EDGE('',*,*,#1604,.T.);
#1604 = EDGE_CURVE('',#1584,#1605,#1607,.T.);
#1605 = VERTEX_POINT('',#1606);
#1606 = CARTESIAN_POINT('',(85.5,49.363448015713,8.));
#1607 = SURFACE_CURVE('',#1608,(#1612,#1618),.PCURVE_S1.);
#1608 = LINE('',#1609,#1610);
#1609 = CARTESIAN_POINT('',(64.125,61.704310019641,8.));
#1610 = VECTOR('',#1611,1.);
#1611 = DIRECTION('',(0.866025403784,-0.5,0.));
#1612 = PCURVE('',#72,#1613);
#1613 = DEFINITIONAL_REPRESENTATION('',(#1614),#1617);
#1614 = B_SPLINE_CURVE_WITH_KNOTS('',1,(#1615,#1616),.UNSPECIFIED.,.F.,
  .F.,(2,2),(-74.04517202357,24.681724007857),.PIECEWISE_BEZIER_KNOTS.);
#1615 = CARTESIAN_POINT('',(0.,98.726896031426));
#1616 = CARTESIAN_POINT('',(85.5,49.363448015713));
#1617 = ( GEOMETRIC_REPRESENTATION_CONTEXT(2) 
PARAMETRIC_REPRESENTATION_CONTEXT() REPRESENTATION_CONTEXT('2D SPACE',''
  ) );
#1618 = PCURVE('',#837,#1619);
#1619 = DEFINITIONAL_REPRESENTATION('',(#1620),#1623);
#1620 = B_SPLINE_CURVE_WITH_KNOTS('',1,(#1621,#1622),.UNSPECIFIED.,.F.,
  .F.,(2,2),(-74.04517202357,24.681724007857),.PIECEWISE_BEZIER_KNOTS.);
#1621 = CARTESIAN_POINT('',(98.726896031426,-8.1));
#1622 = CARTESIAN_POINT('',(0.,-8.1));
#1623 = ( GEOMETRIC_REPRESENTATION_CONTEXT(2) 
PARAMETRIC_REPRESENTATION_CONTEXT() REPRESENTATION_CONTEXT('2D SPACE',''
  ) );
#1624 = ORIENTED_EDGE('',*,*,#1625,.T.);
#1625 = EDGE_CURVE('',#1605,#1626,#1628,.T.);
#1626 = VERTEX_POINT('',#1627);
#1627 = CARTESIAN_POINT('',(85.5,-49.36344801571,8.));
#1628 = SURFACE_CURVE('',#1629,(#1633,#1639),.PCURVE_S1.);
#1629 = LINE('',#1630,#1631);
#1630 = CARTESIAN_POINT('',(85.5,-24.68172400785,8.));
#1631 = VECTOR('',#1632,1.);
#1632 = DIRECTION('',(-4.318231997493E-16,-1.,0.));
#1633 = PCURVE('',#72,#1634);
#1634 = DEFINITIONAL_REPRESENTATION('',(#1635),#1638);
#1635 = B_SPLINE_CURVE_WITH_KNOTS('',1,(#1636,#1637),.UNSPECIFIED.,.F.,
  .F.,(2,2),(-74.04517202357,24.681724007857),.PIECEWISE_BEZIER_KNOTS.);
#1636 = CARTESIAN_POINT('',(85.5,49.363448015713));
#1637 = CARTESIAN_POINT('',(85.5,-49.36344801571));
#1638 = ( GEOMETRIC_REPRESENTATION_CONTEXT(2) 
PARAMETRIC_REPRESENTATION_CONTEXT() REPRESENTATION_CONTEXT('2D SPACE',''
  ) );
#1639 = PCURVE('',#863,#1640);
#1640 = DEFINITIONAL_REPRESENTATION('',(#1641),#1644);
#1641 = B_SPLINE_CURVE_WITH_KNOTS('',1,(#1642,#1643),.UNSPECIFIED.,.F.,
  .F.,(2,2),(-74.04517202357,24.681724007857),.PIECEWISE_BEZIER_KNOTS.);
#1642 = CARTESIAN_POINT('',(98.726896031426,-8.1));
#1643 = CARTESIAN_POINT('',(0.,-8.1));
#1644 = ( GEOMETRIC_REPRESENTATION_CONTEXT(2) 
PARAMETRIC_REPRESENTATION_CONTEXT() REPRESENTATION_CONTEXT('2D SPACE',''
  ) );
#1645 = ORIENTED_EDGE('',*,*,#1646,.T.);
#1646 = EDGE_CURVE('',#1626,#1647,#1649,.T.);
#1647 = VERTEX_POINT('',#1648);
#1648 = CARTESIAN_POINT('',(-1.81358365822E-14,-98.72689603142,8.));
#1649 = SURFACE_CURVE('',#1650,(#1654,#1660),.PCURVE_S1.);
#1650 = LINE('',#1651,#1652);
#1651 = CARTESIAN_POINT('',(21.375,-86.38603402749,8.));
#1652 = VECTOR('',#1653,1.);
#1653 = DIRECTION('',(-0.866025403784,-0.5,0.));
#1654 = PCURVE('',#72,#1655);
#1655 = DEFINITIONAL_REPRESENTATION('',(#1656),#1659);
#1656 = B_SPLINE_CURVE_WITH_KNOTS('',1,(#1657,#1658),.UNSPECIFIED.,.F.,
  .F.,(2,2),(-74.04517202356,24.681724007856),.PIECEWISE_BEZIER_KNOTS.);
#1657 = CARTESIAN_POINT('',(85.5,-49.36344801571));
#1658 = CARTESIAN_POINT('',(-2.48689957516E-14,-98.72689603142));
#1659 = ( GEOMETRIC_REPRESENTATION_CONTEXT(2) 
PARAMETRIC_REPRESENTATION_CONTEXT() REPRESENTATION_CONTEXT('2D SPACE',''
  ) );
#1660 = PCURVE('',#889,#1661);
#1661 = DEFINITIONAL_REPRESENTATION('',(#1662),#1665);
#1662 = B_SPLINE_CURVE_WITH_KNOTS('',1,(#1663,#1664),.UNSPECIFIED.,.F.,
  .F.,(2,2),(-74.04517202356,24.681724007856),.PIECEWISE_BEZIER_KNOTS.);
#1663 = CARTESIAN_POINT('',(98.726896031426,-8.1));
#1664 = CARTESIAN_POINT('',(0.,-8.1));
#1665 = ( GEOMETRIC_REPRESENTATION_CONTEXT(2) 
PARAMETRIC_REPRESENTATION_CONTEXT() REPRESENTATION_CONTEXT('2D SPACE',''
  ) );
#1666 = ORIENTED_EDGE('',*,*,#1667,.T.);
#1667 = EDGE_CURVE('',#1647,#1668,#1670,.T.);
#1668 = VERTEX_POINT('',#1669);
#1669 = CARTESIAN_POINT('',(-85.5,-49.36344801571,8.));
#1670 = SURFACE_CURVE('',#1671,(#1675,#1681),.PCURVE_S1.);
#1671 = LINE('',#1672,#1673);
#1672 = CARTESIAN_POINT('',(-64.125,-61.70431001964,8.));
#1673 = VECTOR('',#1674,1.);
#1674 = DIRECTION('',(-0.866025403784,0.5,0.));
#1675 = PCURVE('',#72,#1676);
#1676 = DEFINITIONAL_REPRESENTATION('',(#1677),#1680);
#1677 = B_SPLINE_CURVE_WITH_KNOTS('',1,(#1678,#1679),.UNSPECIFIED.,.F.,
  .F.,(2,2),(-74.04517202357,24.681724007856),.PIECEWISE_BEZIER_KNOTS.);
#1678 = CARTESIAN_POINT('',(-1.42108547152E-14,-98.72689603142));
#1679 = CARTESIAN_POINT('',(-85.5,-49.36344801571));
#1680 = ( GEOMETRIC_REPRESENTATION_CONTEXT(2) 
PARAMETRIC_REPRESENTATION_CONTEXT() REPRESENTATION_CONTEXT('2D SPACE',''
  ) );
#1681 = PCURVE('',#915,#1682);
#1682 = DEFINITIONAL_REPRESENTATION('',(#1683),#1686);
#1683 = B_SPLINE_CURVE_WITH_KNOTS('',1,(#1684,#1685),.UNSPECIFIED.,.F.,
  .F.,(2,2),(-74.04517202357,24.681724007856),.PIECEWISE_BEZIER_KNOTS.);
#1684 = CARTESIAN_POINT('',(98.726896031426,-8.1));
#1685 = CARTESIAN_POINT('',(0.,-8.1));
#1686 = ( GEOMETRIC_REPRESENTATION_CONTEXT(2) 
PARAMETRIC_REPRESENTATION_CONTEXT() REPRESENTATION_CONTEXT('2D SPACE',''
  ) );
#1687 = ORIENTED_EDGE('',*,*,#1688,.T.);
#1688 = EDGE_CURVE('',#1668,#1582,#1689,.T.);
#1689 = SURFACE_CURVE('',#1690,(#1694,#1700),.PCURVE_S1.);
#1690 = LINE('',#1691,#1692);
#1691 = CARTESIAN_POINT('',(-85.5,24.681724007856,8.));
#1692 = VECTOR('',#1693,1.);
#1693 = DIRECTION('',(-0.,1.,0.));
#1694 = PCURVE('',#72,#1695);
#1695 = DEFINITIONAL_REPRESENTATION('',(#1696),#1699);
#1696 = B_SPLINE_CURVE_WITH_KNOTS('',1,(#1697,#1698),.UNSPECIFIED.,.F.,
  .F.,(2,2),(-74.04517202356,24.681724007856),.PIECEWISE_BEZIER_KNOTS.);
#1697 = CARTESIAN_POINT('',(-85.5,-49.36344801571));
#1698 = CARTESIAN_POINT('',(-85.5,49.363448015713));
#1699 = ( GEOMETRIC_REPRESENTATION_CONTEXT(2) 
PARAMETRIC_REPRESENTATION_CONTEXT() REPRESENTATION_CONTEXT('2D SPACE',''
  ) );
#1700 = PCURVE('',#939,#1701);
#1701 = DEFINITIONAL_REPRESENTATION('',(#1702),#1705);
#1702 = B_SPLINE_CURVE_WITH_KNOTS('',1,(#1703,#1704),.UNSPECIFIED.,.F.,
  .F.,(2,2),(-74.04517202356,24.681724007856),.PIECEWISE_BEZIER_KNOTS.);
#1703 = CARTESIAN_POINT('',(98.726896031426,-8.1));
#1704 = CARTESIAN_POINT('',(0.,-8.1));
#1705 = ( GEOMETRIC_REPRESENTATION_CONTEXT(2) 
PARAMETRIC_REPRESENTATION_CONTEXT() REPRESENTATION_CONTEXT('2D SPACE',''
  ) );
#1706 = FACE_BOUND('',#1707,.T.);
#1707 = EDGE_LOOP('',(#1708,#1731,#1752,#1773));
#1708 = ORIENTED_EDGE('',*,*,#1709,.T.);
#1709 = EDGE_CURVE('',#1710,#1712,#1714,.T.);
#1710 = VERTEX_POINT('',#1711);
#1711 = CARTESIAN_POINT('',(89.4,-30.3,8.));
#1712 = VERTEX_POINT('',#1713);
#1713 = CARTESIAN_POINT('',(87.2,-30.3,8.));
#1714 = SURFACE_CURVE('',#1715,(#1719,#1725),.PCURVE_S1.);
#1715 = LINE('',#1716,#1717);
#1716 = CARTESIAN_POINT('',(43.6,-30.3,8.));
#1717 = VECTOR('',#1718,1.);
#1718 = DIRECTION('',(-1.,0.,0.));
#1719 = PCURVE('',#72,#1720);
#1720 = DEFINITIONAL_REPRESENTATION('',(#1721),#1724);
#1721 = B_SPLINE_CURVE_WITH_KNOTS('',1,(#1722,#1723),.UNSPECIFIED.,.F.,
  .F.,(2,2),(-45.8,-43.6),.PIECEWISE_BEZIER_KNOTS.);
#1722 = CARTESIAN_POINT('',(89.4,-30.3));
#1723 = CARTESIAN_POINT('',(87.2,-30.3));
#1724 = ( GEOMETRIC_REPRESENTATION_CONTEXT(2) 
PARAMETRIC_REPRESENTATION_CONTEXT() REPRESENTATION_CONTEXT('2D SPACE',''
  ) );
#1725 = PCURVE('',#969,#1726);
#1726 = DEFINITIONAL_REPRESENTATION('',(#1727),#1730);
#1727 = B_SPLINE_CURVE_WITH_KNOTS('',1,(#1728,#1729),.UNSPECIFIED.,.F.,
  .F.,(2,2),(-45.8,-43.6),.PIECEWISE_BEZIER_KNOTS.);
#1728 = CARTESIAN_POINT('',(8.1,2.2));
#1729 = CARTESIAN_POINT('',(8.1,0.));
#1730 = ( GEOMETRIC_REPRESENTATION_CONTEXT(2) 
PARAMETRIC_REPRESENTATION_CONTEXT() REPRESENTATION_CONTEXT('2D SPACE',''
  ) );
#1731 = ORIENTED_EDGE('',*,*,#1732,.T.);
#1732 = EDGE_CURVE('',#1712,#1733,#1735,.T.);
#1733 = VERTEX_POINT('',#1734);
#1734 = CARTESIAN_POINT('',(87.2,30.3,8.));
#1735 = SURFACE_CURVE('',#1736,(#1740,#1746),.PCURVE_S1.);
#1736 = LINE('',#1737,#1738);
#1737 = CARTESIAN_POINT('',(87.2,-15.15,8.));
#1738 = VECTOR('',#1739,1.);
#1739 = DIRECTION('',(0.,1.,0.));
#1740 = PCURVE('',#72,#1741);
#1741 = DEFINITIONAL_REPRESENTATION('',(#1742),#1745);
#1742 = B_SPLINE_CURVE_WITH_KNOTS('',1,(#1743,#1744),.UNSPECIFIED.,.F.,
  .F.,(2,2),(-15.15,45.45),.PIECEWISE_BEZIER_KNOTS.);
#1743 = CARTESIAN_POINT('',(87.2,-30.3));
#1744 = CARTESIAN_POINT('',(87.2,30.3));
#1745 = ( GEOMETRIC_REPRESENTATION_CONTEXT(2) 
PARAMETRIC_REPRESENTATION_CONTEXT() REPRESENTATION_CONTEXT('2D SPACE',''
  ) );
#1746 = PCURVE('',#995,#1747);
#1747 = DEFINITIONAL_REPRESENTATION('',(#1748),#1751);
#1748 = B_SPLINE_CURVE_WITH_KNOTS('',1,(#1749,#1750),.UNSPECIFIED.,.F.,
  .F.,(2,2),(-15.15,45.45),.PIECEWISE_BEZIER_KNOTS.);
#1749 = CARTESIAN_POINT('',(8.1,0.));
#1750 = CARTESIAN_POINT('',(8.1,-60.6));
#1751 = ( GEOMETRIC_REPRESENTATION_CONTEXT(2) 
PARAMETRIC_REPRESENTATION_CONTEXT() REPRESENTATION_CONTEXT('2D SPACE',''
  ) );
#1752 = ORIENTED_EDGE('',*,*,#1753,.F.);
#1753 = EDGE_CURVE('',#1754,#1733,#1756,.T.);
#1754 = VERTEX_POINT('',#1755);
#1755 = CARTESIAN_POINT('',(89.4,30.3,8.));
#1756 = SURFACE_CURVE('',#1757,(#1761,#1767),.PCURVE_S1.);
#1757 = LINE('',#1758,#1759);
#1758 = CARTESIAN_POINT('',(43.6,30.3,8.));
#1759 = VECTOR('',#1760,1.);
#1760 = DIRECTION('',(-1.,0.,0.));
#1761 = PCURVE('',#72,#1762);
#1762 = DEFINITIONAL_REPRESENTATION('',(#1763),#1766);
#1763 = B_SPLINE_CURVE_WITH_KNOTS('',1,(#1764,#1765),.UNSPECIFIED.,.F.,
  .F.,(2,2),(-45.8,-43.6),.PIECEWISE_BEZIER_KNOTS.);
#1764 = CARTESIAN_POINT('',(89.4,30.3));
#1765 = CARTESIAN_POINT('',(87.2,30.3));
#1766 = ( GEOMETRIC_REPRESENTATION_CONTEXT(2) 
PARAMETRIC_REPRESENTATION_CONTEXT() REPRESENTATION_CONTEXT('2D SPACE',''
  ) );
#1767 = PCURVE('',#1021,#1768);
#1768 = DEFINITIONAL_REPRESENTATION('',(#1769),#1772);
#1769 = B_SPLINE_CURVE_WITH_KNOTS('',1,(#1770,#1771),.UNSPECIFIED.,.F.,
  .F.,(2,2),(-45.8,-43.6),.PIECEWISE_BEZIER_KNOTS.);
#1770 = CARTESIAN_POINT('',(8.1,2.2));
#1771 = CARTESIAN_POINT('',(8.1,0.));
#1772 = ( GEOMETRIC_REPRESENTATION_CONTEXT(2) 
PARAMETRIC_REPRESENTATION_CONTEXT() REPRESENTATION_CONTEXT('2D SPACE',''
  ) );
#1773 = ORIENTED_EDGE('',*,*,#1774,.F.);
#1774 = EDGE_CURVE('',#1710,#1754,#1775,.T.);
#1775 = SURFACE_CURVE('',#1776,(#1780,#1786),.PCURVE_S1.);
#1776 = LINE('',#1777,#1778);
#1777 = CARTESIAN_POINT('',(89.4,-15.15,8.));
#1778 = VECTOR('',#1779,1.);
#1779 = DIRECTION('',(0.,1.,0.));
#1780 = PCURVE('',#72,#1781);
#1781 = DEFINITIONAL_REPRESENTATION('',(#1782),#1785);
#1782 = B_SPLINE_CURVE_WITH_KNOTS('',1,(#1783,#1784),.UNSPECIFIED.,.F.,
  .F.,(2,2),(-15.15,45.45),.PIECEWISE_BEZIER_KNOTS.);
#1783 = CARTESIAN_POINT('',(89.4,-30.3));
#1784 = CARTESIAN_POINT('',(89.4,30.3));
#1785 = ( GEOMETRIC_REPRESENTATION_CONTEXT(2) 
PARAMETRIC_REPRESENTATION_CONTEXT() REPRESENTATION_CONTEXT('2D SPACE',''
  ) );
#1786 = PCURVE('',#1045,#1787);
#1787 = DEFINITIONAL_REPRESENTATION('',(#1788),#1791);
#1788 = B_SPLINE_CURVE_WITH_KNOTS('',1,(#1789,#1790),.UNSPECIFIED.,.F.,
  .F.,(2,2),(-15.15,45.45),.PIECEWISE_BEZIER_KNOTS.);
#1789 = CARTESIAN_POINT('',(8.1,0.));
#1790 = CARTESIAN_POINT('',(8.1,-60.6));
#1791 = ( GEOMETRIC_REPRESENTATION_CONTEXT(2) 
PARAMETRIC_REPRESENTATION_CONTEXT() REPRESENTATION_CONTEXT('2D SPACE',''
  ) );
#1792 = FACE_BOUND('',#1793,.T.);
#1793 = EDGE_LOOP('',(#1794,#1817,#1838,#1859));
#1794 = ORIENTED_EDGE('',*,*,#1795,.T.);
#1795 = EDGE_CURVE('',#1796,#1798,#1800,.T.);
#1796 = VERTEX_POINT('',#1797);
#1797 = CARTESIAN_POINT('',(70.940569734669,62.272671098329,8.));
#1798 = VERTEX_POINT('',#1799);
#1799 = CARTESIAN_POINT('',(69.840569734668,60.367415210003,8.));
#1800 = SURFACE_CURVE('',#1801,(#1805,#1811),.PCURVE_S1.);
#1801 = LINE('',#1802,#1803);
#1802 = CARTESIAN_POINT('',(48.040569734668,22.608707605002,8.));
#1803 = VECTOR('',#1804,1.);
#1804 = DIRECTION('',(-0.5,-0.866025403784,0.));
#1805 = PCURVE('',#72,#1806);
#1806 = DEFINITIONAL_REPRESENTATION('',(#1807),#1810);
#1807 = B_SPLINE_CURVE_WITH_KNOTS('',1,(#1808,#1809),.UNSPECIFIED.,.F.,
  .F.,(2,2),(-45.8,-43.6),.PIECEWISE_BEZIER_KNOTS.);
#1808 = CARTESIAN_POINT('',(70.940569734669,62.272671098329));
#1809 = CARTESIAN_POINT('',(69.840569734668,60.367415210003));
#1810 = ( GEOMETRIC_REPRESENTATION_CONTEXT(2) 
PARAMETRIC_REPRESENTATION_CONTEXT() REPRESENTATION_CONTEXT('2D SPACE',''
  ) );
#1811 = PCURVE('',#1075,#1812);
#1812 = DEFINITIONAL_REPRESENTATION('',(#1813),#1816);
#1813 = B_SPLINE_CURVE_WITH_KNOTS('',1,(#1814,#1815),.UNSPECIFIED.,.F.,
  .F.,(2,2),(-45.8,-43.6),.PIECEWISE_BEZIER_KNOTS.);
#1814 = CARTESIAN_POINT('',(8.1,2.2));
#1815 = CARTESIAN_POINT('',(8.1,0.));
#1816 = ( GEOMETRIC_REPRESENTATION_CONTEXT(2) 
PARAMETRIC_REPRESENTATION_CONTEXT() REPRESENTATION_CONTEXT('2D SPACE',''
  ) );
#1817 = ORIENTED_EDGE('',*,*,#1818,.T.);
#1818 = EDGE_CURVE('',#1798,#1819,#1821,.T.);
#1819 = VERTEX_POINT('',#1820);
#1820 = CARTESIAN_POINT('',(17.359430265332,90.667415210003,8.));
#1821 = SURFACE_CURVE('',#1822,(#1826,#1832),.PCURVE_S1.);
#1822 = LINE('',#1823,#1824);
#1823 = CARTESIAN_POINT('',(56.720284867334,67.942415210003,8.));
#1824 = VECTOR('',#1825,1.);
#1825 = DIRECTION('',(-0.866025403784,0.5,0.));
#1826 = PCURVE('',#72,#1827);
#1827 = DEFINITIONAL_REPRESENTATION('',(#1828),#1831);
#1828 = B_SPLINE_CURVE_WITH_KNOTS('',1,(#1829,#1830),.UNSPECIFIED.,.F.,
  .F.,(2,2),(-15.15,45.45),.PIECEWISE_BEZIER_KNOTS.);
#1829 = CARTESIAN_POINT('',(69.840569734668,60.367415210003));
#1830 = CARTESIAN_POINT('',(17.359430265332,90.667415210003));
#1831 = ( GEOMETRIC_REPRESENTATION_CONTEXT(2) 
PARAMETRIC_REPRESENTATION_CONTEXT() REPRESENTATION_CONTEXT('2D SPACE',''
  ) );
#1832 = PCURVE('',#1101,#1833);
#1833 = DEFINITIONAL_REPRESENTATION('',(#1834),#1837);
#1834 = B_SPLINE_CURVE_WITH_KNOTS('',1,(#1835,#1836),.UNSPECIFIED.,.F.,
  .F.,(2,2),(-15.15,45.45),.PIECEWISE_BEZIER_KNOTS.);
#1835 = CARTESIAN_POINT('',(8.1,0.));
#1836 = CARTESIAN_POINT('',(8.1,-60.6));
#1837 = ( GEOMETRIC_REPRESENTATION_CONTEXT(2) 
PARAMETRIC_REPRESENTATION_CONTEXT() REPRESENTATION_CONTEXT('2D SPACE',''
  ) );
#1838 = ORIENTED_EDGE('',*,*,#1839,.F.);
#1839 = EDGE_CURVE('',#1840,#1819,#1842,.T.);
#1840 = VERTEX_POINT('',#1841);
#1841 = CARTESIAN_POINT('',(18.459430265332,92.572671098329,8.));
#1842 = SURFACE_CURVE('',#1843,(#1847,#1853),.PCURVE_S1.);
#1843 = LINE('',#1844,#1845);
#1844 = CARTESIAN_POINT('',(-4.440569734668,52.908707605002,8.));
#1845 = VECTOR('',#1846,1.);
#1846 = DIRECTION('',(-0.5,-0.866025403784,0.));
#1847 = PCURVE('',#72,#1848);
#1848 = DEFINITIONAL_REPRESENTATION('',(#1849),#1852);
#1849 = B_SPLINE_CURVE_WITH_KNOTS('',1,(#1850,#1851),.UNSPECIFIED.,.F.,
  .F.,(2,2),(-45.8,-43.6),.PIECEWISE_BEZIER_KNOTS.);
#1850 = CARTESIAN_POINT('',(18.459430265332,92.572671098329));
#1851 = CARTESIAN_POINT('',(17.359430265332,90.667415210003));
#1852 = ( GEOMETRIC_REPRESENTATION_CONTEXT(2) 
PARAMETRIC_REPRESENTATION_CONTEXT() REPRESENTATION_CONTEXT('2D SPACE',''
  ) );
#1853 = PCURVE('',#1127,#1854);
#1854 = DEFINITIONAL_REPRESENTATION('',(#1855),#1858);
#1855 = B_SPLINE_CURVE_WITH_KNOTS('',1,(#1856,#1857),.UNSPECIFIED.,.F.,
  .F.,(2,2),(-45.8,-43.6),.PIECEWISE_BEZIER_KNOTS.);
#1856 = CARTESIAN_POINT('',(8.1,2.2));
#1857 = CARTESIAN_POINT('',(8.1,0.));
#1858 = ( GEOMETRIC_REPRESENTATION_CONTEXT(2) 
PARAMETRIC_REPRESENTATION_CONTEXT() REPRESENTATION_CONTEXT('2D SPACE',''
  ) );
#1859 = ORIENTED_EDGE('',*,*,#1860,.F.);
#1860 = EDGE_CURVE('',#1796,#1840,#1861,.T.);
#1861 = SURFACE_CURVE('',#1862,(#1866,#1872),.PCURVE_S1.);
#1862 = LINE('',#1863,#1864);
#1863 = CARTESIAN_POINT('',(57.820284867334,69.847671098329,8.));
#1864 = VECTOR('',#1865,1.);
#1865 = DIRECTION('',(-0.866025403784,0.5,0.));
#1866 = PCURVE('',#72,#1867);
#1867 = DEFINITIONAL_REPRESENTATION('',(#1868),#1871);
#1868 = B_SPLINE_CURVE_WITH_KNOTS('',1,(#1869,#1870),.UNSPECIFIED.,.F.,
  .F.,(2,2),(-15.15,45.45),.PIECEWISE_BEZIER_KNOTS.);
#1869 = CARTESIAN_POINT('',(70.940569734669,62.272671098329));
#1870 = CARTESIAN_POINT('',(18.459430265332,92.572671098329));
#1871 = ( GEOMETRIC_REPRESENTATION_CONTEXT(2) 
PARAMETRIC_REPRESENTATION_CONTEXT() REPRESENTATION_CONTEXT('2D SPACE',''
  ) );
#1872 = PCURVE('',#1151,#1873);
#1873 = DEFINITIONAL_REPRESENTATION('',(#1874),#1877);
#1874 = B_SPLINE_CURVE_WITH_KNOTS('',1,(#1875,#1876),.UNSPECIFIED.,.F.,
  .F.,(2,2),(-15.15,45.45),.PIECEWISE_BEZIER_KNOTS.);
#1875 = CARTESIAN_POINT('',(8.1,0.));
#1876 = CARTESIAN_POINT('',(8.1,-60.6));
#1877 = ( GEOMETRIC_REPRESENTATION_CONTEXT(2) 
PARAMETRIC_REPRESENTATION_CONTEXT() REPRESENTATION_CONTEXT('2D SPACE',''
  ) );
#1878 = ADVANCED_FACE('',(#1879),#159,.F.);
#1879 = FACE_BOUND('',#1880,.F.);
#1880 = EDGE_LOOP('',(#1881,#1902,#1903,#1904));
#1881 = ORIENTED_EDGE('',*,*,#1882,.T.);
#1882 = EDGE_CURVE('',#319,#1191,#1883,.T.);
#1883 = SURFACE_CURVE('',#1884,(#1888,#1895),.PCURVE_S1.);
#1884 = LINE('',#1885,#1886);
#1885 = CARTESIAN_POINT('',(-2.174179239386E-14,-118.3568051838,0.));
#1886 = VECTOR('',#1887,1.);
#1887 = DIRECTION('',(0.,0.,1.));
#1888 = PCURVE('',#159,#1889);
#1889 = DEFINITIONAL_REPRESENTATION('',(#1890),#1894);
#1890 = LINE('',#1891,#1892);
#1891 = CARTESIAN_POINT('',(0.,0.));
#1892 = VECTOR('',#1893,1.);
#1893 = DIRECTION('',(0.,-1.));
#1894 = ( GEOMETRIC_REPRESENTATION_CONTEXT(2) 
PARAMETRIC_REPRESENTATION_CONTEXT() REPRESENTATION_CONTEXT('2D SPACE',''
  ) );
#1895 = PCURVE('',#334,#1896);
#1896 = DEFINITIONAL_REPRESENTATION('',(#1897),#1901);
#1897 = LINE('',#1898,#1899);
#1898 = CARTESIAN_POINT('',(118.35680518387,0.));
#1899 = VECTOR('',#1900,1.);
#1900 = DIRECTION('',(0.,-1.));
#1901 = ( GEOMETRIC_REPRESENTATION_CONTEXT(2) 
PARAMETRIC_REPRESENTATION_CONTEXT() REPRESENTATION_CONTEXT('2D SPACE',''
  ) );
#1902 = ORIENTED_EDGE('',*,*,#1213,.T.);
#1903 = ORIENTED_EDGE('',*,*,#141,.F.);
#1904 = ORIENTED_EDGE('',*,*,#346,.F.);
#1905 = ADVANCED_FACE('',(#1906),#257,.F.);
#1906 = FACE_BOUND('',#1907,.F.);
#1907 = EDGE_LOOP('',(#1908,#1909,#1910,#1931));
#1908 = ORIENTED_EDGE('',*,*,#241,.T.);
#1909 = ORIENTED_EDGE('',*,*,#1167,.T.);
#1910 = ORIENTED_EDGE('',*,*,#1911,.F.);
#1911 = EDGE_CURVE('',#296,#1168,#1912,.T.);
#1912 = SURFACE_CURVE('',#1913,(#1917,#1924),.PCURVE_S1.);
#1913 = LINE('',#1914,#1915);
#1914 = CARTESIAN_POINT('',(-102.5,-59.17840259193,0.));
#1915 = VECTOR('',#1916,1.);
#1916 = DIRECTION('',(0.,0.,1.));
#1917 = PCURVE('',#257,#1918);
#1918 = DEFINITIONAL_REPRESENTATION('',(#1919),#1923);
#1919 = LINE('',#1920,#1921);
#1920 = CARTESIAN_POINT('',(118.35680518387,0.));
#1921 = VECTOR('',#1922,1.);
#1922 = DIRECTION('',(0.,-1.));
#1923 = ( GEOMETRIC_REPRESENTATION_CONTEXT(2) 
PARAMETRIC_REPRESENTATION_CONTEXT() REPRESENTATION_CONTEXT('2D SPACE',''
  ) );
#1924 = PCURVE('',#334,#1925);
#1925 = DEFINITIONAL_REPRESENTATION('',(#1926),#1930);
#1926 = LINE('',#1927,#1928);
#1927 = CARTESIAN_POINT('',(0.,0.));
#1928 = VECTOR('',#1929,1.);
#1929 = DIRECTION('',(0.,-1.));
#1930 = ( GEOMETRIC_REPRESENTATION_CONTEXT(2) 
PARAMETRIC_REPRESENTATION_CONTEXT() REPRESENTATION_CONTEXT('2D SPACE',''
  ) );
#1931 = ORIENTED_EDGE('',*,*,#295,.F.);
#1932 = ADVANCED_FACE('',(#1933),#334,.F.);
#1933 = FACE_BOUND('',#1934,.F.);
#1934 = EDGE_LOOP('',(#1935,#1936,#1937,#1938));
#1935 = ORIENTED_EDGE('',*,*,#1911,.T.);
#1936 = ORIENTED_EDGE('',*,*,#1190,.T.);
#1937 = ORIENTED_EDGE('',*,*,#1882,.F.);
#1938 = ORIENTED_EDGE('',*,*,#318,.F.);
#1939 = ADVANCED_FACE('',(#1940),#387,.T.);
#1940 = FACE_BOUND('',#1941,.T.);
#1941 = EDGE_LOOP('',(#1942,#1963,#1964,#1985));
#1942 = ORIENTED_EDGE('',*,*,#1943,.F.);
#1943 = EDGE_CURVE('',#371,#1238,#1944,.T.);
#1944 = SURFACE_CURVE('',#1945,(#1949,#1956),.PCURVE_S1.);
#1945 = LINE('',#1946,#1947);
#1946 = CARTESIAN_POINT('',(-70.94056973466,-62.27267109832,-0.1));
#1947 = VECTOR('',#1948,1.);
#1948 = DIRECTION('',(0.,0.,1.));
#1949 = PCURVE('',#387,#1950);
#1950 = DEFINITIONAL_REPRESENTATION('',(#1951),#1955);
#1951 = LINE('',#1952,#1953);
#1952 = CARTESIAN_POINT('',(0.,2.2));
#1953 = VECTOR('',#1954,1.);
#1954 = DIRECTION('',(1.,0.));
#1955 = ( GEOMETRIC_REPRESENTATION_CONTEXT(2) 
PARAMETRIC_REPRESENTATION_CONTEXT() REPRESENTATION_CONTEXT('2D SPACE',''
  ) );
#1956 = PCURVE('',#463,#1957);
#1957 = DEFINITIONAL_REPRESENTATION('',(#1958),#1962);
#1958 = LINE('',#1959,#1960);
#1959 = CARTESIAN_POINT('',(0.,0.));
#1960 = VECTOR('',#1961,1.);
#1961 = DIRECTION('',(1.,0.));
#1962 = ( GEOMETRIC_REPRESENTATION_CONTEXT(2) 
PARAMETRIC_REPRESENTATION_CONTEXT() REPRESENTATION_CONTEXT('2D SPACE',''
  ) );
#1963 = ORIENTED_EDGE('',*,*,#370,.T.);
#1964 = ORIENTED_EDGE('',*,*,#1965,.T.);
#1965 = EDGE_CURVE('',#373,#1240,#1966,.T.);
#1966 = SURFACE_CURVE('',#1967,(#1971,#1978),.PCURVE_S1.);
#1967 = LINE('',#1968,#1969);
#1968 = CARTESIAN_POINT('',(-69.84056973466,-60.36741521,-0.1));
#1969 = VECTOR('',#1970,1.);
#1970 = DIRECTION('',(0.,0.,1.));
#1971 = PCURVE('',#387,#1972);
#1972 = DEFINITIONAL_REPRESENTATION('',(#1973),#1977);
#1973 = LINE('',#1974,#1975);
#1974 = CARTESIAN_POINT('',(0.,0.));
#1975 = VECTOR('',#1976,1.);
#1976 = DIRECTION('',(1.,0.));
#1977 = ( GEOMETRIC_REPRESENTATION_CONTEXT(2) 
PARAMETRIC_REPRESENTATION_CONTEXT() REPRESENTATION_CONTEXT('2D SPACE',''
  ) );
#1978 = PCURVE('',#413,#1979);
#1979 = DEFINITIONAL_REPRESENTATION('',(#1980),#1984);
#1980 = LINE('',#1981,#1982);
#1981 = CARTESIAN_POINT('',(0.,0.));
#1982 = VECTOR('',#1983,1.);
#1983 = DIRECTION('',(1.,0.));
#1984 = ( GEOMETRIC_REPRESENTATION_CONTEXT(2) 
PARAMETRIC_REPRESENTATION_CONTEXT() REPRESENTATION_CONTEXT('2D SPACE',''
  ) );
#1985 = ORIENTED_EDGE('',*,*,#1237,.F.);
#1986 = ADVANCED_FACE('',(#1987),#463,.F.);
#1987 = FACE_BOUND('',#1988,.F.);
#1988 = EDGE_LOOP('',(#1989,#1990,#1991,#2012));
#1989 = ORIENTED_EDGE('',*,*,#1943,.F.);
#1990 = ORIENTED_EDGE('',*,*,#450,.T.);
#1991 = ORIENTED_EDGE('',*,*,#1992,.T.);
#1992 = EDGE_CURVE('',#425,#1282,#1993,.T.);
#1993 = SURFACE_CURVE('',#1994,(#1998,#2005),.PCURVE_S1.);
#1994 = LINE('',#1995,#1996);
#1995 = CARTESIAN_POINT('',(-18.45943026533,-92.57267109832,-0.1));
#1996 = VECTOR('',#1997,1.);
#1997 = DIRECTION('',(0.,0.,1.));
#1998 = PCURVE('',#463,#1999);
#1999 = DEFINITIONAL_REPRESENTATION('',(#2000),#2004);
#2000 = LINE('',#2001,#2002);
#2001 = CARTESIAN_POINT('',(0.,-60.6));
#2002 = VECTOR('',#2003,1.);
#2003 = DIRECTION('',(1.,0.));
#2004 = ( GEOMETRIC_REPRESENTATION_CONTEXT(2) 
PARAMETRIC_REPRESENTATION_CONTEXT() REPRESENTATION_CONTEXT('2D SPACE',''
  ) );
#2005 = PCURVE('',#439,#2006);
#2006 = DEFINITIONAL_REPRESENTATION('',(#2007),#2011);
#2007 = LINE('',#2008,#2009);
#2008 = CARTESIAN_POINT('',(0.,2.2));
#2009 = VECTOR('',#2010,1.);
#2010 = DIRECTION('',(1.,0.));
#2011 = ( GEOMETRIC_REPRESENTATION_CONTEXT(2) 
PARAMETRIC_REPRESENTATION_CONTEXT() REPRESENTATION_CONTEXT('2D SPACE',''
  ) );
#2012 = ORIENTED_EDGE('',*,*,#1302,.F.);
#2013 = ADVANCED_FACE('',(#2014),#413,.T.);
#2014 = FACE_BOUND('',#2015,.T.);
#2015 = EDGE_LOOP('',(#2016,#2017,#2018,#2039));
#2016 = ORIENTED_EDGE('',*,*,#1965,.F.);
#2017 = ORIENTED_EDGE('',*,*,#398,.T.);
#2018 = ORIENTED_EDGE('',*,*,#2019,.T.);
#2019 = EDGE_CURVE('',#399,#1261,#2020,.T.);
#2020 = SURFACE_CURVE('',#2021,(#2025,#2032),.PCURVE_S1.);
#2021 = LINE('',#2022,#2023);
#2022 = CARTESIAN_POINT('',(-17.35943026533,-90.66741521,-0.1));
#2023 = VECTOR('',#2024,1.);
#2024 = DIRECTION('',(0.,0.,1.));
#2025 = PCURVE('',#413,#2026);
#2026 = DEFINITIONAL_REPRESENTATION('',(#2027),#2031);
#2027 = LINE('',#2028,#2029);
#2028 = CARTESIAN_POINT('',(0.,-60.6));
#2029 = VECTOR('',#2030,1.);
#2030 = DIRECTION('',(1.,0.));
#2031 = ( GEOMETRIC_REPRESENTATION_CONTEXT(2) 
PARAMETRIC_REPRESENTATION_CONTEXT() REPRESENTATION_CONTEXT('2D SPACE',''
  ) );
#2032 = PCURVE('',#439,#2033);
#2033 = DEFINITIONAL_REPRESENTATION('',(#2034),#2038);
#2034 = LINE('',#2035,#2036);
#2035 = CARTESIAN_POINT('',(0.,0.));
#2036 = VECTOR('',#2037,1.);
#2037 = DIRECTION('',(1.,0.));
#2038 = ( GEOMETRIC_REPRESENTATION_CONTEXT(2) 
PARAMETRIC_REPRESENTATION_CONTEXT() REPRESENTATION_CONTEXT('2D SPACE',''
  ) );
#2039 = ORIENTED_EDGE('',*,*,#1260,.F.);
#2040 = ADVANCED_FACE('',(#2041),#439,.F.);
#2041 = FACE_BOUND('',#2042,.F.);
#2042 = EDGE_LOOP('',(#2043,#2044,#2045,#2046));
#2043 = ORIENTED_EDGE('',*,*,#1992,.F.);
#2044 = ORIENTED_EDGE('',*,*,#424,.T.);
#2045 = ORIENTED_EDGE('',*,*,#2019,.T.);
#2046 = ORIENTED_EDGE('',*,*,#1281,.F.);
#2047 = ADVANCED_FACE('',(#2048),#493,.T.);
#2048 = FACE_BOUND('',#2049,.T.);
#2049 = EDGE_LOOP('',(#2050,#2071,#2072,#2093));
#2050 = ORIENTED_EDGE('',*,*,#2051,.F.);
#2051 = EDGE_CURVE('',#477,#1324,#2052,.T.);
#2052 = SURFACE_CURVE('',#2053,(#2057,#2064),.PCURVE_S1.);
#2053 = LINE('',#2054,#2055);
#2054 = CARTESIAN_POINT('',(18.459430265332,-92.57267109832,-0.1));
#2055 = VECTOR('',#2056,1.);
#2056 = DIRECTION('',(0.,0.,1.));
#2057 = PCURVE('',#493,#2058);
#2058 = DEFINITIONAL_REPRESENTATION('',(#2059),#2063);
#2059 = LINE('',#2060,#2061);
#2060 = CARTESIAN_POINT('',(0.,2.2));
#2061 = VECTOR('',#2062,1.);
#2062 = DIRECTION('',(1.,0.));
#2063 = ( GEOMETRIC_REPRESENTATION_CONTEXT(2) 
PARAMETRIC_REPRESENTATION_CONTEXT() REPRESENTATION_CONTEXT('2D SPACE',''
  ) );
#2064 = PCURVE('',#569,#2065);
#2065 = DEFINITIONAL_REPRESENTATION('',(#2066),#2070);
#2066 = LINE('',#2067,#2068);
#2067 = CARTESIAN_POINT('',(0.,0.));
#2068 = VECTOR('',#2069,1.);
#2069 = DIRECTION('',(1.,0.));
#2070 = ( GEOMETRIC_REPRESENTATION_CONTEXT(2) 
PARAMETRIC_REPRESENTATION_CONTEXT() REPRESENTATION_CONTEXT('2D SPACE',''
  ) );
#2071 = ORIENTED_EDGE('',*,*,#476,.T.);
#2072 = ORIENTED_EDGE('',*,*,#2073,.T.);
#2073 = EDGE_CURVE('',#479,#1326,#2074,.T.);
#2074 = SURFACE_CURVE('',#2075,(#2079,#2086),.PCURVE_S1.);
#2075 = LINE('',#2076,#2077);
#2076 = CARTESIAN_POINT('',(17.359430265332,-90.66741521,-0.1));
#2077 = VECTOR('',#2078,1.);
#2078 = DIRECTION('',(0.,0.,1.));
#2079 = PCURVE('',#493,#2080);
#2080 = DEFINITIONAL_REPRESENTATION('',(#2081),#2085);
#2081 = LINE('',#2082,#2083);
#2082 = CARTESIAN_POINT('',(0.,0.));
#2083 = VECTOR('',#2084,1.);
#2084 = DIRECTION('',(1.,0.));
#2085 = ( GEOMETRIC_REPRESENTATION_CONTEXT(2) 
PARAMETRIC_REPRESENTATION_CONTEXT() REPRESENTATION_CONTEXT('2D SPACE',''
  ) );
#2086 = PCURVE('',#519,#2087);
#2087 = DEFINITIONAL_REPRESENTATION('',(#2088),#2092);
#2088 = LINE('',#2089,#2090);
#2089 = CARTESIAN_POINT('',(0.,0.));
#2090 = VECTOR('',#2091,1.);
#2091 = DIRECTION('',(1.,0.));
#2092 = ( GEOMETRIC_REPRESENTATION_CONTEXT(2) 
PARAMETRIC_REPRESENTATION_CONTEXT() REPRESENTATION_CONTEXT('2D SPACE',''
  ) );
#2093 = ORIENTED_EDGE('',*,*,#1323,.F.);
#2094 = ADVANCED_FACE('',(#2095),#569,.F.);
#2095 = FACE_BOUND('',#2096,.F.);
#2096 = EDGE_LOOP('',(#2097,#2098,#2099,#2120));
#2097 = ORIENTED_EDGE('',*,*,#2051,.F.);
#2098 = ORIENTED_EDGE('',*,*,#556,.T.);
#2099 = ORIENTED_EDGE('',*,*,#2100,.T.);
#2100 = EDGE_CURVE('',#531,#1368,#2101,.T.);
#2101 = SURFACE_CURVE('',#2102,(#2106,#2113),.PCURVE_S1.);
#2102 = LINE('',#2103,#2104);
#2103 = CARTESIAN_POINT('',(70.940569734669,-62.27267109832,-0.1));
#2104 = VECTOR('',#2105,1.);
#2105 = DIRECTION('',(0.,0.,1.));
#2106 = PCURVE('',#569,#2107);
#2107 = DEFINITIONAL_REPRESENTATION('',(#2108),#2112);
#2108 = LINE('',#2109,#2110);
#2109 = CARTESIAN_POINT('',(0.,-60.6));
#2110 = VECTOR('',#2111,1.);
#2111 = DIRECTION('',(1.,0.));
#2112 = ( GEOMETRIC_REPRESENTATION_CONTEXT(2) 
PARAMETRIC_REPRESENTATION_CONTEXT() REPRESENTATION_CONTEXT('2D SPACE',''
  ) );
#2113 = PCURVE('',#545,#2114);
#2114 = DEFINITIONAL_REPRESENTATION('',(#2115),#2119);
#2115 = LINE('',#2116,#2117);
#2116 = CARTESIAN_POINT('',(0.,2.2));
#2117 = VECTOR('',#2118,1.);
#2118 = DIRECTION('',(1.,0.));
#2119 = ( GEOMETRIC_REPRESENTATION_CONTEXT(2) 
PARAMETRIC_REPRESENTATION_CONTEXT() REPRESENTATION_CONTEXT('2D SPACE',''
  ) );
#2120 = ORIENTED_EDGE('',*,*,#1388,.F.);
#2121 = ADVANCED_FACE('',(#2122),#545,.F.);
#2122 = FACE_BOUND('',#2123,.F.);
#2123 = EDGE_LOOP('',(#2124,#2125,#2126,#2147));
#2124 = ORIENTED_EDGE('',*,*,#2100,.F.);
#2125 = ORIENTED_EDGE('',*,*,#530,.T.);
#2126 = ORIENTED_EDGE('',*,*,#2127,.T.);
#2127 = EDGE_CURVE('',#505,#1347,#2128,.T.);
#2128 = SURFACE_CURVE('',#2129,(#2133,#2140),.PCURVE_S1.);
#2129 = LINE('',#2130,#2131);
#2130 = CARTESIAN_POINT('',(69.840569734668,-60.36741521,-0.1));
#2131 = VECTOR('',#2132,1.);
#2132 = DIRECTION('',(0.,0.,1.));
#2133 = PCURVE('',#545,#2134);
#2134 = DEFINITIONAL_REPRESENTATION('',(#2135),#2139);
#2135 = LINE('',#2136,#2137);
#2136 = CARTESIAN_POINT('',(0.,0.));
#2137 = VECTOR('',#2138,1.);
#2138 = DIRECTION('',(1.,0.));
#2139 = ( GEOMETRIC_REPRESENTATION_CONTEXT(2) 
PARAMETRIC_REPRESENTATION_CONTEXT() REPRESENTATION_CONTEXT('2D SPACE',''
  ) );
#2140 = PCURVE('',#519,#2141);
#2141 = DEFINITIONAL_REPRESENTATION('',(#2142),#2146);
#2142 = LINE('',#2143,#2144);
#2143 = CARTESIAN_POINT('',(0.,-60.6));
#2144 = VECTOR('',#2145,1.);
#2145 = DIRECTION('',(1.,0.));
#2146 = ( GEOMETRIC_REPRESENTATION_CONTEXT(2) 
PARAMETRIC_REPRESENTATION_CONTEXT() REPRESENTATION_CONTEXT('2D SPACE',''
  ) );
#2147 = ORIENTED_EDGE('',*,*,#1367,.F.);
#2148 = ADVANCED_FACE('',(#2149),#519,.T.);
#2149 = FACE_BOUND('',#2150,.T.);
#2150 = EDGE_LOOP('',(#2151,#2152,#2153,#2154));
#2151 = ORIENTED_EDGE('',*,*,#2073,.F.);
#2152 = ORIENTED_EDGE('',*,*,#504,.T.);
#2153 = ORIENTED_EDGE('',*,*,#2127,.T.);
#2154 = ORIENTED_EDGE('',*,*,#1346,.F.);
#2155 = ADVANCED_FACE('',(#2156),#599,.T.);
#2156 = FACE_BOUND('',#2157,.T.);
#2157 = EDGE_LOOP('',(#2158,#2179,#2180,#2201));
#2158 = ORIENTED_EDGE('',*,*,#2159,.F.);
#2159 = EDGE_CURVE('',#583,#1410,#2160,.T.);
#2160 = SURFACE_CURVE('',#2161,(#2165,#2172),.PCURVE_S1.);
#2161 = LINE('',#2162,#2163);
#2162 = CARTESIAN_POINT('',(-89.4,30.3,-0.1));
#2163 = VECTOR('',#2164,1.);
#2164 = DIRECTION('',(0.,0.,1.));
#2165 = PCURVE('',#599,#2166);
#2166 = DEFINITIONAL_REPRESENTATION('',(#2167),#2171);
#2167 = LINE('',#2168,#2169);
#2168 = CARTESIAN_POINT('',(0.,2.2));
#2169 = VECTOR('',#2170,1.);
#2170 = DIRECTION('',(1.,0.));
#2171 = ( GEOMETRIC_REPRESENTATION_CONTEXT(2) 
PARAMETRIC_REPRESENTATION_CONTEXT() REPRESENTATION_CONTEXT('2D SPACE',''
  ) );
#2172 = PCURVE('',#675,#2173);
#2173 = DEFINITIONAL_REPRESENTATION('',(#2174),#2178);
#2174 = LINE('',#2175,#2176);
#2175 = CARTESIAN_POINT('',(0.,0.));
#2176 = VECTOR('',#2177,1.);
#2177 = DIRECTION('',(1.,0.));
#2178 = ( GEOMETRIC_REPRESENTATION_CONTEXT(2) 
PARAMETRIC_REPRESENTATION_CONTEXT() REPRESENTATION_CONTEXT('2D SPACE',''
  ) );
#2179 = ORIENTED_EDGE('',*,*,#582,.T.);
#2180 = ORIENTED_EDGE('',*,*,#2181,.T.);
#2181 = EDGE_CURVE('',#585,#1412,#2182,.T.);
#2182 = SURFACE_CURVE('',#2183,(#2187,#2194),.PCURVE_S1.);
#2183 = LINE('',#2184,#2185);
#2184 = CARTESIAN_POINT('',(-87.2,30.3,-0.1));
#2185 = VECTOR('',#2186,1.);
#2186 = DIRECTION('',(0.,0.,1.));
#2187 = PCURVE('',#599,#2188);
#2188 = DEFINITIONAL_REPRESENTATION('',(#2189),#2193);
#2189 = LINE('',#2190,#2191);
#2190 = CARTESIAN_POINT('',(0.,0.));
#2191 = VECTOR('',#2192,1.);
#2192 = DIRECTION('',(1.,0.));
#2193 = ( GEOMETRIC_REPRESENTATION_CONTEXT(2) 
PARAMETRIC_REPRESENTATION_CONTEXT() REPRESENTATION_CONTEXT('2D SPACE',''
  ) );
#2194 = PCURVE('',#625,#2195);
#2195 = DEFINITIONAL_REPRESENTATION('',(#2196),#2200);
#2196 = LINE('',#2197,#2198);
#2197 = CARTESIAN_POINT('',(0.,0.));
#2198 = VECTOR('',#2199,1.);
#2199 = DIRECTION('',(1.,0.));
#2200 = ( GEOMETRIC_REPRESENTATION_CONTEXT(2) 
PARAMETRIC_REPRESENTATION_CONTEXT() REPRESENTATION_CONTEXT('2D SPACE',''
  ) );
#2201 = ORIENTED_EDGE('',*,*,#1409,.F.);
#2202 = ADVANCED_FACE('',(#2203),#675,.F.);
#2203 = FACE_BOUND('',#2204,.F.);
#2204 = EDGE_LOOP('',(#2205,#2206,#2207,#2228));
#2205 = ORIENTED_EDGE('',*,*,#2159,.F.);
#2206 = ORIENTED_EDGE('',*,*,#662,.T.);
#2207 = ORIENTED_EDGE('',*,*,#2208,.T.);
#2208 = EDGE_CURVE('',#637,#1454,#2209,.T.);
#2209 = SURFACE_CURVE('',#2210,(#2214,#2221),.PCURVE_S1.);
#2210 = LINE('',#2211,#2212);
#2211 = CARTESIAN_POINT('',(-89.4,-30.3,-0.1));
#2212 = VECTOR('',#2213,1.);
#2213 = DIRECTION('',(0.,0.,1.));
#2214 = PCURVE('',#675,#2215);
#2215 = DEFINITIONAL_REPRESENTATION('',(#2216),#2220);
#2216 = LINE('',#2217,#2218);
#2217 = CARTESIAN_POINT('',(0.,-60.6));
#2218 = VECTOR('',#2219,1.);
#2219 = DIRECTION('',(1.,0.));
#2220 = ( GEOMETRIC_REPRESENTATION_CONTEXT(2) 
PARAMETRIC_REPRESENTATION_CONTEXT() REPRESENTATION_CONTEXT('2D SPACE',''
  ) );
#2221 = PCURVE('',#651,#2222);
#2222 = DEFINITIONAL_REPRESENTATION('',(#2223),#2227);
#2223 = LINE('',#2224,#2225);
#2224 = CARTESIAN_POINT('',(0.,2.2));
#2225 = VECTOR('',#2226,1.);
#2226 = DIRECTION('',(1.,0.));
#2227 = ( GEOMETRIC_REPRESENTATION_CONTEXT(2) 
PARAMETRIC_REPRESENTATION_CONTEXT() REPRESENTATION_CONTEXT('2D SPACE',''
  ) );
#2228 = ORIENTED_EDGE('',*,*,#1474,.F.);
#2229 = ADVANCED_FACE('',(#2230),#625,.T.);
#2230 = FACE_BOUND('',#2231,.T.);
#2231 = EDGE_LOOP('',(#2232,#2233,#2234,#2255));
#2232 = ORIENTED_EDGE('',*,*,#2181,.F.);
#2233 = ORIENTED_EDGE('',*,*,#610,.T.);
#2234 = ORIENTED_EDGE('',*,*,#2235,.T.);
#2235 = EDGE_CURVE('',#611,#1433,#2236,.T.);
#2236 = SURFACE_CURVE('',#2237,(#2241,#2248),.PCURVE_S1.);
#2237 = LINE('',#2238,#2239);
#2238 = CARTESIAN_POINT('',(-87.2,-30.3,-0.1));
#2239 = VECTOR('',#2240,1.);
#2240 = DIRECTION('',(0.,0.,1.));
#2241 = PCURVE('',#625,#2242);
#2242 = DEFINITIONAL_REPRESENTATION('',(#2243),#2247);
#2243 = LINE('',#2244,#2245);
#2244 = CARTESIAN_POINT('',(0.,-60.6));
#2245 = VECTOR('',#2246,1.);
#2246 = DIRECTION('',(1.,0.));
#2247 = ( GEOMETRIC_REPRESENTATION_CONTEXT(2) 
PARAMETRIC_REPRESENTATION_CONTEXT() REPRESENTATION_CONTEXT('2D SPACE',''
  ) );
#2248 = PCURVE('',#651,#2249);
#2249 = DEFINITIONAL_REPRESENTATION('',(#2250),#2254);
#2250 = LINE('',#2251,#2252);
#2251 = CARTESIAN_POINT('',(0.,0.));
#2252 = VECTOR('',#2253,1.);
#2253 = DIRECTION('',(1.,0.));
#2254 = ( GEOMETRIC_REPRESENTATION_CONTEXT(2) 
PARAMETRIC_REPRESENTATION_CONTEXT() REPRESENTATION_CONTEXT('2D SPACE',''
  ) );
#2255 = ORIENTED_EDGE('',*,*,#1432,.F.);
#2256 = ADVANCED_FACE('',(#2257),#651,.F.);
#2257 = FACE_BOUND('',#2258,.F.);
#2258 = EDGE_LOOP('',(#2259,#2260,#2261,#2262));
#2259 = ORIENTED_EDGE('',*,*,#2208,.F.);
#2260 = ORIENTED_EDGE('',*,*,#636,.T.);
#2261 = ORIENTED_EDGE('',*,*,#2235,.T.);
#2262 = ORIENTED_EDGE('',*,*,#1453,.F.);
#2263 = ADVANCED_FACE('',(#2264),#705,.T.);
#2264 = FACE_BOUND('',#2265,.T.);
#2265 = EDGE_LOOP('',(#2266,#2287,#2288,#2309));
#2266 = ORIENTED_EDGE('',*,*,#2267,.F.);
#2267 = EDGE_CURVE('',#689,#1496,#2268,.T.);
#2268 = SURFACE_CURVE('',#2269,(#2273,#2280),.PCURVE_S1.);
#2269 = LINE('',#2270,#2271);
#2270 = CARTESIAN_POINT('',(-18.45943026533,92.572671098329,-0.1));
#2271 = VECTOR('',#2272,1.);
#2272 = DIRECTION('',(0.,0.,1.));
#2273 = PCURVE('',#705,#2274);
#2274 = DEFINITIONAL_REPRESENTATION('',(#2275),#2279);
#2275 = LINE('',#2276,#2277);
#2276 = CARTESIAN_POINT('',(0.,2.2));
#2277 = VECTOR('',#2278,1.);
#2278 = DIRECTION('',(1.,0.));
#2279 = ( GEOMETRIC_REPRESENTATION_CONTEXT(2) 
PARAMETRIC_REPRESENTATION_CONTEXT() REPRESENTATION_CONTEXT('2D SPACE',''
  ) );
#2280 = PCURVE('',#781,#2281);
#2281 = DEFINITIONAL_REPRESENTATION('',(#2282),#2286);
#2282 = LINE('',#2283,#2284);
#2283 = CARTESIAN_POINT('',(0.,0.));
#2284 = VECTOR('',#2285,1.);
#2285 = DIRECTION('',(1.,0.));
#2286 = ( GEOMETRIC_REPRESENTATION_CONTEXT(2) 
PARAMETRIC_REPRESENTATION_CONTEXT() REPRESENTATION_CONTEXT('2D SPACE',''
  ) );
#2287 = ORIENTED_EDGE('',*,*,#688,.T.);
#2288 = ORIENTED_EDGE('',*,*,#2289,.T.);
#2289 = EDGE_CURVE('',#691,#1498,#2290,.T.);
#2290 = SURFACE_CURVE('',#2291,(#2295,#2302),.PCURVE_S1.);
#2291 = LINE('',#2292,#2293);
#2292 = CARTESIAN_POINT('',(-17.35943026533,90.667415210003,-0.1));
#2293 = VECTOR('',#2294,1.);
#2294 = DIRECTION('',(0.,0.,1.));
#2295 = PCURVE('',#705,#2296);
#2296 = DEFINITIONAL_REPRESENTATION('',(#2297),#2301);
#2297 = LINE('',#2298,#2299);
#2298 = CARTESIAN_POINT('',(0.,0.));
#2299 = VECTOR('',#2300,1.);
#2300 = DIRECTION('',(1.,0.));
#2301 = ( GEOMETRIC_REPRESENTATION_CONTEXT(2) 
PARAMETRIC_REPRESENTATION_CONTEXT() REPRESENTATION_CONTEXT('2D SPACE',''
  ) );
#2302 = PCURVE('',#731,#2303);
#2303 = DEFINITIONAL_REPRESENTATION('',(#2304),#2308);
#2304 = LINE('',#2305,#2306);
#2305 = CARTESIAN_POINT('',(0.,0.));
#2306 = VECTOR('',#2307,1.);
#2307 = DIRECTION('',(1.,0.));
#2308 = ( GEOMETRIC_REPRESENTATION_CONTEXT(2) 
PARAMETRIC_REPRESENTATION_CONTEXT() REPRESENTATION_CONTEXT('2D SPACE',''
  ) );
#2309 = ORIENTED_EDGE('',*,*,#1495,.F.);
#2310 = ADVANCED_FACE('',(#2311),#781,.F.);
#2311 = FACE_BOUND('',#2312,.F.);
#2312 = EDGE_LOOP('',(#2313,#2314,#2315,#2336));
#2313 = ORIENTED_EDGE('',*,*,#2267,.F.);
#2314 = ORIENTED_EDGE('',*,*,#768,.T.);
#2315 = ORIENTED_EDGE('',*,*,#2316,.T.);
#2316 = EDGE_CURVE('',#743,#1540,#2317,.T.);
#2317 = SURFACE_CURVE('',#2318,(#2322,#2329),.PCURVE_S1.);
#2318 = LINE('',#2319,#2320);
#2319 = CARTESIAN_POINT('',(-70.94056973466,62.272671098329,-0.1));
#2320 = VECTOR('',#2321,1.);
#2321 = DIRECTION('',(0.,0.,1.));
#2322 = PCURVE('',#781,#2323);
#2323 = DEFINITIONAL_REPRESENTATION('',(#2324),#2328);
#2324 = LINE('',#2325,#2326);
#2325 = CARTESIAN_POINT('',(0.,-60.6));
#2326 = VECTOR('',#2327,1.);
#2327 = DIRECTION('',(1.,0.));
#2328 = ( GEOMETRIC_REPRESENTATION_CONTEXT(2) 
PARAMETRIC_REPRESENTATION_CONTEXT() REPRESENTATION_CONTEXT('2D SPACE',''
  ) );
#2329 = PCURVE('',#757,#2330);
#2330 = DEFINITIONAL_REPRESENTATION('',(#2331),#2335);
#2331 = LINE('',#2332,#2333);
#2332 = CARTESIAN_POINT('',(0.,2.2));
#2333 = VECTOR('',#2334,1.);
#2334 = DIRECTION('',(1.,0.));
#2335 = ( GEOMETRIC_REPRESENTATION_CONTEXT(2) 
PARAMETRIC_REPRESENTATION_CONTEXT() REPRESENTATION_CONTEXT('2D SPACE',''
  ) );
#2336 = ORIENTED_EDGE('',*,*,#1560,.F.);
#2337 = ADVANCED_FACE('',(#2338),#731,.T.);
#2338 = FACE_BOUND('',#2339,.T.);
#2339 = EDGE_LOOP('',(#2340,#2341,#2342,#2363));
#2340 = ORIENTED_EDGE('',*,*,#2289,.F.);
#2341 = ORIENTED_EDGE('',*,*,#716,.T.);
#2342 = ORIENTED_EDGE('',*,*,#2343,.T.);
#2343 = EDGE_CURVE('',#717,#1519,#2344,.T.);
#2344 = SURFACE_CURVE('',#2345,(#2349,#2356),.PCURVE_S1.);
#2345 = LINE('',#2346,#2347);
#2346 = CARTESIAN_POINT('',(-69.84056973466,60.367415210003,-0.1));
#2347 = VECTOR('',#2348,1.);
#2348 = DIRECTION('',(0.,0.,1.));
#2349 = PCURVE('',#731,#2350);
#2350 = DEFINITIONAL_REPRESENTATION('',(#2351),#2355);
#2351 = LINE('',#2352,#2353);
#2352 = CARTESIAN_POINT('',(0.,-60.6));
#2353 = VECTOR('',#2354,1.);
#2354 = DIRECTION('',(1.,0.));
#2355 = ( GEOMETRIC_REPRESENTATION_CONTEXT(2) 
PARAMETRIC_REPRESENTATION_CONTEXT() REPRESENTATION_CONTEXT('2D SPACE',''
  ) );
#2356 = PCURVE('',#757,#2357);
#2357 = DEFINITIONAL_REPRESENTATION('',(#2358),#2362);
#2358 = LINE('',#2359,#2360);
#2359 = CARTESIAN_POINT('',(0.,0.));
#2360 = VECTOR('',#2361,1.);
#2361 = DIRECTION('',(1.,0.));
#2362 = ( GEOMETRIC_REPRESENTATION_CONTEXT(2) 
PARAMETRIC_REPRESENTATION_CONTEXT() REPRESENTATION_CONTEXT('2D SPACE',''
  ) );
#2363 = ORIENTED_EDGE('',*,*,#1518,.F.);
#2364 = ADVANCED_FACE('',(#2365),#757,.F.);
#2365 = FACE_BOUND('',#2366,.F.);
#2366 = EDGE_LOOP('',(#2367,#2368,#2369,#2370));
#2367 = ORIENTED_EDGE('',*,*,#2316,.F.);
#2368 = ORIENTED_EDGE('',*,*,#742,.T.);
#2369 = ORIENTED_EDGE('',*,*,#2343,.T.);
#2370 = ORIENTED_EDGE('',*,*,#1539,.F.);
#2371 = ADVANCED_FACE('',(#2372),#811,.T.);
#2372 = FACE_BOUND('',#2373,.T.);
#2373 = EDGE_LOOP('',(#2374,#2375,#2396,#2397));
#2374 = ORIENTED_EDGE('',*,*,#794,.T.);
#2375 = ORIENTED_EDGE('',*,*,#2376,.T.);
#2376 = EDGE_CURVE('',#797,#1584,#2377,.T.);
#2377 = SURFACE_CURVE('',#2378,(#2382,#2389),.PCURVE_S1.);
#2378 = LINE('',#2379,#2380);
#2379 = CARTESIAN_POINT('',(6.045278860732E-15,98.726896031426,-0.1));
#2380 = VECTOR('',#2381,1.);
#2381 = DIRECTION('',(0.,0.,1.));
#2382 = PCURVE('',#811,#2383);
#2383 = DEFINITIONAL_REPRESENTATION('',(#2384),#2388);
#2384 = LINE('',#2385,#2386);
#2385 = CARTESIAN_POINT('',(0.,0.));
#2386 = VECTOR('',#2387,1.);
#2387 = DIRECTION('',(0.,-1.));
#2388 = ( GEOMETRIC_REPRESENTATION_CONTEXT(2) 
PARAMETRIC_REPRESENTATION_CONTEXT() REPRESENTATION_CONTEXT('2D SPACE',''
  ) );
#2389 = PCURVE('',#837,#2390);
#2390 = DEFINITIONAL_REPRESENTATION('',(#2391),#2395);
#2391 = LINE('',#2392,#2393);
#2392 = CARTESIAN_POINT('',(98.726896031426,0.));
#2393 = VECTOR('',#2394,1.);
#2394 = DIRECTION('',(0.,-1.));
#2395 = ( GEOMETRIC_REPRESENTATION_CONTEXT(2) 
PARAMETRIC_REPRESENTATION_CONTEXT() REPRESENTATION_CONTEXT('2D SPACE',''
  ) );
#2396 = ORIENTED_EDGE('',*,*,#1581,.F.);
#2397 = ORIENTED_EDGE('',*,*,#2398,.F.);
#2398 = EDGE_CURVE('',#795,#1582,#2399,.T.);
#2399 = SURFACE_CURVE('',#2400,(#2404,#2411),.PCURVE_S1.);
#2400 = LINE('',#2401,#2402);
#2401 = CARTESIAN_POINT('',(-85.5,49.363448015713,-0.1));
#2402 = VECTOR('',#2403,1.);
#2403 = DIRECTION('',(0.,0.,1.));
#2404 = PCURVE('',#811,#2405);
#2405 = DEFINITIONAL_REPRESENTATION('',(#2406),#2410);
#2406 = LINE('',#2407,#2408);
#2407 = CARTESIAN_POINT('',(98.726896031426,0.));
#2408 = VECTOR('',#2409,1.);
#2409 = DIRECTION('',(0.,-1.));
#2410 = ( GEOMETRIC_REPRESENTATION_CONTEXT(2) 
PARAMETRIC_REPRESENTATION_CONTEXT() REPRESENTATION_CONTEXT('2D SPACE',''
  ) );
#2411 = PCURVE('',#939,#2412);
#2412 = DEFINITIONAL_REPRESENTATION('',(#2413),#2417);
#2413 = LINE('',#2414,#2415);
#2414 = CARTESIAN_POINT('',(0.,0.));
#2415 = VECTOR('',#2416,1.);
#2416 = DIRECTION('',(0.,-1.));
#2417 = ( GEOMETRIC_REPRESENTATION_CONTEXT(2) 
PARAMETRIC_REPRESENTATION_CONTEXT() REPRESENTATION_CONTEXT('2D SPACE',''
  ) );
#2418 = ADVANCED_FACE('',(#2419),#939,.T.);
#2419 = FACE_BOUND('',#2420,.T.);
#2420 = EDGE_LOOP('',(#2421,#2422,#2423,#2424));
#2421 = ORIENTED_EDGE('',*,*,#926,.T.);
#2422 = ORIENTED_EDGE('',*,*,#2398,.T.);
#2423 = ORIENTED_EDGE('',*,*,#1688,.F.);
#2424 = ORIENTED_EDGE('',*,*,#2425,.F.);
#2425 = EDGE_CURVE('',#901,#1668,#2426,.T.);
#2426 = SURFACE_CURVE('',#2427,(#2431,#2438),.PCURVE_S1.);
#2427 = LINE('',#2428,#2429);
#2428 = CARTESIAN_POINT('',(-85.5,-49.36344801571,-0.1));
#2429 = VECTOR('',#2430,1.);
#2430 = DIRECTION('',(0.,0.,1.));
#2431 = PCURVE('',#939,#2432);
#2432 = DEFINITIONAL_REPRESENTATION('',(#2433),#2437);
#2433 = LINE('',#2434,#2435);
#2434 = CARTESIAN_POINT('',(98.726896031426,0.));
#2435 = VECTOR('',#2436,1.);
#2436 = DIRECTION('',(0.,-1.));
#2437 = ( GEOMETRIC_REPRESENTATION_CONTEXT(2) 
PARAMETRIC_REPRESENTATION_CONTEXT() REPRESENTATION_CONTEXT('2D SPACE',''
  ) );
#2438 = PCURVE('',#915,#2439);
#2439 = DEFINITIONAL_REPRESENTATION('',(#2440),#2444);
#2440 = LINE('',#2441,#2442);
#2441 = CARTESIAN_POINT('',(0.,0.));
#2442 = VECTOR('',#2443,1.);
#2443 = DIRECTION('',(0.,-1.));
#2444 = ( GEOMETRIC_REPRESENTATION_CONTEXT(2) 
PARAMETRIC_REPRESENTATION_CONTEXT() REPRESENTATION_CONTEXT('2D SPACE',''
  ) );
#2445 = ADVANCED_FACE('',(#2446),#837,.T.);
#2446 = FACE_BOUND('',#2447,.T.);
#2447 = EDGE_LOOP('',(#2448,#2449,#2470,#2471));
#2448 = ORIENTED_EDGE('',*,*,#822,.T.);
#2449 = ORIENTED_EDGE('',*,*,#2450,.T.);
#2450 = EDGE_CURVE('',#823,#1605,#2451,.T.);
#2451 = SURFACE_CURVE('',#2452,(#2456,#2463),.PCURVE_S1.);
#2452 = LINE('',#2453,#2454);
#2453 = CARTESIAN_POINT('',(85.5,49.363448015713,-0.1));
#2454 = VECTOR('',#2455,1.);
#2455 = DIRECTION('',(0.,0.,1.));
#2456 = PCURVE('',#837,#2457);
#2457 = DEFINITIONAL_REPRESENTATION('',(#2458),#2462);
#2458 = LINE('',#2459,#2460);
#2459 = CARTESIAN_POINT('',(0.,0.));
#2460 = VECTOR('',#2461,1.);
#2461 = DIRECTION('',(0.,-1.));
#2462 = ( GEOMETRIC_REPRESENTATION_CONTEXT(2) 
PARAMETRIC_REPRESENTATION_CONTEXT() REPRESENTATION_CONTEXT('2D SPACE',''
  ) );
#2463 = PCURVE('',#863,#2464);
#2464 = DEFINITIONAL_REPRESENTATION('',(#2465),#2469);
#2465 = LINE('',#2466,#2467);
#2466 = CARTESIAN_POINT('',(98.726896031426,0.));
#2467 = VECTOR('',#2468,1.);
#2468 = DIRECTION('',(0.,-1.));
#2469 = ( GEOMETRIC_REPRESENTATION_CONTEXT(2) 
PARAMETRIC_REPRESENTATION_CONTEXT() REPRESENTATION_CONTEXT('2D SPACE',''
  ) );
#2470 = ORIENTED_EDGE('',*,*,#1604,.F.);
#2471 = ORIENTED_EDGE('',*,*,#2376,.F.);
#2472 = ADVANCED_FACE('',(#2473),#915,.T.);
#2473 = FACE_BOUND('',#2474,.T.);
#2474 = EDGE_LOOP('',(#2475,#2476,#2477,#2478));
#2475 = ORIENTED_EDGE('',*,*,#900,.T.);
#2476 = ORIENTED_EDGE('',*,*,#2425,.T.);
#2477 = ORIENTED_EDGE('',*,*,#1667,.F.);
#2478 = ORIENTED_EDGE('',*,*,#2479,.F.);
#2479 = EDGE_CURVE('',#875,#1647,#2480,.T.);
#2480 = SURFACE_CURVE('',#2481,(#2485,#2492),.PCURVE_S1.);
#2481 = LINE('',#2482,#2483);
#2482 = CARTESIAN_POINT('',(-1.81358365822E-14,-98.72689603142,-0.1));
#2483 = VECTOR('',#2484,1.);
#2484 = DIRECTION('',(0.,0.,1.));
#2485 = PCURVE('',#915,#2486);
#2486 = DEFINITIONAL_REPRESENTATION('',(#2487),#2491);
#2487 = LINE('',#2488,#2489);
#2488 = CARTESIAN_POINT('',(98.726896031426,0.));
#2489 = VECTOR('',#2490,1.);
#2490 = DIRECTION('',(0.,-1.));
#2491 = ( GEOMETRIC_REPRESENTATION_CONTEXT(2) 
PARAMETRIC_REPRESENTATION_CONTEXT() REPRESENTATION_CONTEXT('2D SPACE',''
  ) );
#2492 = PCURVE('',#889,#2493);
#2493 = DEFINITIONAL_REPRESENTATION('',(#2494),#2498);
#2494 = LINE('',#2495,#2496);
#2495 = CARTESIAN_POINT('',(0.,0.));
#2496 = VECTOR('',#2497,1.);
#2497 = DIRECTION('',(0.,-1.));
#2498 = ( GEOMETRIC_REPRESENTATION_CONTEXT(2) 
PARAMETRIC_REPRESENTATION_CONTEXT() REPRESENTATION_CONTEXT('2D SPACE',''
  ) );
#2499 = ADVANCED_FACE('',(#2500),#863,.T.);
#2500 = FACE_BOUND('',#2501,.T.);
#2501 = EDGE_LOOP('',(#2502,#2503,#2524,#2525));
#2502 = ORIENTED_EDGE('',*,*,#848,.T.);
#2503 = ORIENTED_EDGE('',*,*,#2504,.T.);
#2504 = EDGE_CURVE('',#849,#1626,#2505,.T.);
#2505 = SURFACE_CURVE('',#2506,(#2510,#2517),.PCURVE_S1.);
#2506 = LINE('',#2507,#2508);
#2507 = CARTESIAN_POINT('',(85.5,-49.36344801571,-0.1));
#2508 = VECTOR('',#2509,1.);
#2509 = DIRECTION('',(0.,0.,1.));
#2510 = PCURVE('',#863,#2511);
#2511 = DEFINITIONAL_REPRESENTATION('',(#2512),#2516);
#2512 = LINE('',#2513,#2514);
#2513 = CARTESIAN_POINT('',(0.,0.));
#2514 = VECTOR('',#2515,1.);
#2515 = DIRECTION('',(0.,-1.));
#2516 = ( GEOMETRIC_REPRESENTATION_CONTEXT(2) 
PARAMETRIC_REPRESENTATION_CONTEXT() REPRESENTATION_CONTEXT('2D SPACE',''
  ) );
#2517 = PCURVE('',#889,#2518);
#2518 = DEFINITIONAL_REPRESENTATION('',(#2519),#2523);
#2519 = LINE('',#2520,#2521);
#2520 = CARTESIAN_POINT('',(98.726896031426,0.));
#2521 = VECTOR('',#2522,1.);
#2522 = DIRECTION('',(0.,-1.));
#2523 = ( GEOMETRIC_REPRESENTATION_CONTEXT(2) 
PARAMETRIC_REPRESENTATION_CONTEXT() REPRESENTATION_CONTEXT('2D SPACE',''
  ) );
#2524 = ORIENTED_EDGE('',*,*,#1625,.F.);
#2525 = ORIENTED_EDGE('',*,*,#2450,.F.);
#2526 = ADVANCED_FACE('',(#2527),#889,.T.);
#2527 = FACE_BOUND('',#2528,.T.);
#2528 = EDGE_LOOP('',(#2529,#2530,#2531,#2532));
#2529 = ORIENTED_EDGE('',*,*,#874,.T.);
#2530 = ORIENTED_EDGE('',*,*,#2479,.T.);
#2531 = ORIENTED_EDGE('',*,*,#1646,.F.);
#2532 = ORIENTED_EDGE('',*,*,#2504,.F.);
#2533 = ADVANCED_FACE('',(#2534),#969,.T.);
#2534 = FACE_BOUND('',#2535,.T.);
#2535 = EDGE_LOOP('',(#2536,#2557,#2558,#2579));
#2536 = ORIENTED_EDGE('',*,*,#2537,.F.);
#2537 = EDGE_CURVE('',#953,#1710,#2538,.T.);
#2538 = SURFACE_CURVE('',#2539,(#2543,#2550),.PCURVE_S1.);
#2539 = LINE('',#2540,#2541);
#2540 = CARTESIAN_POINT('',(89.4,-30.3,-0.1));
#2541 = VECTOR('',#2542,1.);
#2542 = DIRECTION('',(0.,0.,1.));
#2543 = PCURVE('',#969,#2544);
#2544 = DEFINITIONAL_REPRESENTATION('',(#2545),#2549);
#2545 = LINE('',#2546,#2547);
#2546 = CARTESIAN_POINT('',(0.,2.2));
#2547 = VECTOR('',#2548,1.);
#2548 = DIRECTION('',(1.,0.));
#2549 = ( GEOMETRIC_REPRESENTATION_CONTEXT(2) 
PARAMETRIC_REPRESENTATION_CONTEXT() REPRESENTATION_CONTEXT('2D SPACE',''
  ) );
#2550 = PCURVE('',#1045,#2551);
#2551 = DEFINITIONAL_REPRESENTATION('',(#2552),#2556);
#2552 = LINE('',#2553,#2554);
#2553 = CARTESIAN_POINT('',(0.,0.));
#2554 = VECTOR('',#2555,1.);
#2555 = DIRECTION('',(1.,0.));
#2556 = ( GEOMETRIC_REPRESENTATION_CONTEXT(2) 
PARAMETRIC_REPRESENTATION_CONTEXT() REPRESENTATION_CONTEXT('2D SPACE',''
  ) );
#2557 = ORIENTED_EDGE('',*,*,#952,.T.);
#2558 = ORIENTED_EDGE('',*,*,#2559,.T.);
#2559 = EDGE_CURVE('',#955,#1712,#2560,.T.);
#2560 = SURFACE_CURVE('',#2561,(#2565,#2572),.PCURVE_S1.);
#2561 = LINE('',#2562,#2563);
#2562 = CARTESIAN_POINT('',(87.2,-30.3,-0.1));
#2563 = VECTOR('',#2564,1.);
#2564 = DIRECTION('',(0.,0.,1.));
#2565 = PCURVE('',#969,#2566);
#2566 = DEFINITIONAL_REPRESENTATION('',(#2567),#2571);
#2567 = LINE('',#2568,#2569);
#2568 = CARTESIAN_POINT('',(0.,0.));
#2569 = VECTOR('',#2570,1.);
#2570 = DIRECTION('',(1.,0.));
#2571 = ( GEOMETRIC_REPRESENTATION_CONTEXT(2) 
PARAMETRIC_REPRESENTATION_CONTEXT() REPRESENTATION_CONTEXT('2D SPACE',''
  ) );
#2572 = PCURVE('',#995,#2573);
#2573 = DEFINITIONAL_REPRESENTATION('',(#2574),#2578);
#2574 = LINE('',#2575,#2576);
#2575 = CARTESIAN_POINT('',(0.,0.));
#2576 = VECTOR('',#2577,1.);
#2577 = DIRECTION('',(1.,0.));
#2578 = ( GEOMETRIC_REPRESENTATION_CONTEXT(2) 
PARAMETRIC_REPRESENTATION_CONTEXT() REPRESENTATION_CONTEXT('2D SPACE',''
  ) );
#2579 = ORIENTED_EDGE('',*,*,#1709,.F.);
#2580 = ADVANCED_FACE('',(#2581),#1045,.F.);
#2581 = FACE_BOUND('',#2582,.F.);
#2582 = EDGE_LOOP('',(#2583,#2584,#2585,#2606));
#2583 = ORIENTED_EDGE('',*,*,#2537,.F.);
#2584 = ORIENTED_EDGE('',*,*,#1032,.T.);
#2585 = ORIENTED_EDGE('',*,*,#2586,.T.);
#2586 = EDGE_CURVE('',#1007,#1754,#2587,.T.);
#2587 = SURFACE_CURVE('',#2588,(#2592,#2599),.PCURVE_S1.);
#2588 = LINE('',#2589,#2590);
#2589 = CARTESIAN_POINT('',(89.4,30.3,-0.1));
#2590 = VECTOR('',#2591,1.);
#2591 = DIRECTION('',(0.,0.,1.));
#2592 = PCURVE('',#1045,#2593);
#2593 = DEFINITIONAL_REPRESENTATION('',(#2594),#2598);
#2594 = LINE('',#2595,#2596);
#2595 = CARTESIAN_POINT('',(0.,-60.6));
#2596 = VECTOR('',#2597,1.);
#2597 = DIRECTION('',(1.,0.));
#2598 = ( GEOMETRIC_REPRESENTATION_CONTEXT(2) 
PARAMETRIC_REPRESENTATION_CONTEXT() REPRESENTATION_CONTEXT('2D SPACE',''
  ) );
#2599 = PCURVE('',#1021,#2600);
#2600 = DEFINITIONAL_REPRESENTATION('',(#2601),#2605);
#2601 = LINE('',#2602,#2603);
#2602 = CARTESIAN_POINT('',(0.,2.2));
#2603 = VECTOR('',#2604,1.);
#2604 = DIRECTION('',(1.,0.));
#2605 = ( GEOMETRIC_REPRESENTATION_CONTEXT(2) 
PARAMETRIC_REPRESENTATION_CONTEXT() REPRESENTATION_CONTEXT('2D SPACE',''
  ) );
#2606 = ORIENTED_EDGE('',*,*,#1774,.F.);
#2607 = ADVANCED_FACE('',(#2608),#995,.T.);
#2608 = FACE_BOUND('',#2609,.T.);
#2609 = EDGE_LOOP('',(#2610,#2611,#2612,#2633));
#2610 = ORIENTED_EDGE('',*,*,#2559,.F.);
#2611 = ORIENTED_EDGE('',*,*,#980,.T.);
#2612 = ORIENTED_EDGE('',*,*,#2613,.T.);
#2613 = EDGE_CURVE('',#981,#1733,#2614,.T.);
#2614 = SURFACE_CURVE('',#2615,(#2619,#2626),.PCURVE_S1.);
#2615 = LINE('',#2616,#2617);
#2616 = CARTESIAN_POINT('',(87.2,30.3,-0.1));
#2617 = VECTOR('',#2618,1.);
#2618 = DIRECTION('',(0.,0.,1.));
#2619 = PCURVE('',#995,#2620);
#2620 = DEFINITIONAL_REPRESENTATION('',(#2621),#2625);
#2621 = LINE('',#2622,#2623);
#2622 = CARTESIAN_POINT('',(0.,-60.6));
#2623 = VECTOR('',#2624,1.);
#2624 = DIRECTION('',(1.,0.));
#2625 = ( GEOMETRIC_REPRESENTATION_CONTEXT(2) 
PARAMETRIC_REPRESENTATION_CONTEXT() REPRESENTATION_CONTEXT('2D SPACE',''
  ) );
#2626 = PCURVE('',#1021,#2627);
#2627 = DEFINITIONAL_REPRESENTATION('',(#2628),#2632);
#2628 = LINE('',#2629,#2630);
#2629 = CARTESIAN_POINT('',(0.,0.));
#2630 = VECTOR('',#2631,1.);
#2631 = DIRECTION('',(1.,0.));
#2632 = ( GEOMETRIC_REPRESENTATION_CONTEXT(2) 
PARAMETRIC_REPRESENTATION_CONTEXT() REPRESENTATION_CONTEXT('2D SPACE',''
  ) );
#2633 = ORIENTED_EDGE('',*,*,#1732,.F.);
#2634 = ADVANCED_FACE('',(#2635),#1021,.F.);
#2635 = FACE_BOUND('',#2636,.F.);
#2636 = EDGE_LOOP('',(#2637,#2638,#2639,#2640));
#2637 = ORIENTED_EDGE('',*,*,#2586,.F.);
#2638 = ORIENTED_EDGE('',*,*,#1006,.T.);
#2639 = ORIENTED_EDGE('',*,*,#2613,.T.);
#2640 = ORIENTED_EDGE('',*,*,#1753,.F.);
#2641 = ADVANCED_FACE('',(#2642),#1075,.T.);
#2642 = FACE_BOUND('',#2643,.T.);
#2643 = EDGE_LOOP('',(#2644,#2665,#2666,#2687));
#2644 = ORIENTED_EDGE('',*,*,#2645,.F.);
#2645 = EDGE_CURVE('',#1059,#1796,#2646,.T.);
#2646 = SURFACE_CURVE('',#2647,(#2651,#2658),.PCURVE_S1.);
#2647 = LINE('',#2648,#2649);
#2648 = CARTESIAN_POINT('',(70.940569734669,62.272671098329,-0.1));
#2649 = VECTOR('',#2650,1.);
#2650 = DIRECTION('',(0.,0.,1.));
#2651 = PCURVE('',#1075,#2652);
#2652 = DEFINITIONAL_REPRESENTATION('',(#2653),#2657);
#2653 = LINE('',#2654,#2655);
#2654 = CARTESIAN_POINT('',(0.,2.2));
#2655 = VECTOR('',#2656,1.);
#2656 = DIRECTION('',(1.,0.));
#2657 = ( GEOMETRIC_REPRESENTATION_CONTEXT(2) 
PARAMETRIC_REPRESENTATION_CONTEXT() REPRESENTATION_CONTEXT('2D SPACE',''
  ) );
#2658 = PCURVE('',#1151,#2659);
#2659 = DEFINITIONAL_REPRESENTATION('',(#2660),#2664);
#2660 = LINE('',#2661,#2662);
#2661 = CARTESIAN_POINT('',(0.,0.));
#2662 = VECTOR('',#2663,1.);
#2663 = DIRECTION('',(1.,0.));
#2664 = ( GEOMETRIC_REPRESENTATION_CONTEXT(2) 
PARAMETRIC_REPRESENTATION_CONTEXT() REPRESENTATION_CONTEXT('2D SPACE',''
  ) );
#2665 = ORIENTED_EDGE('',*,*,#1058,.T.);
#2666 = ORIENTED_EDGE('',*,*,#2667,.T.);
#2667 = EDGE_CURVE('',#1061,#1798,#2668,.T.);
#2668 = SURFACE_CURVE('',#2669,(#2673,#2680),.PCURVE_S1.);
#2669 = LINE('',#2670,#2671);
#2670 = CARTESIAN_POINT('',(69.840569734668,60.367415210003,-0.1));
#2671 = VECTOR('',#2672,1.);
#2672 = DIRECTION('',(0.,0.,1.));
#2673 = PCURVE('',#1075,#2674);
#2674 = DEFINITIONAL_REPRESENTATION('',(#2675),#2679);
#2675 = LINE('',#2676,#2677);
#2676 = CARTESIAN_POINT('',(0.,0.));
#2677 = VECTOR('',#2678,1.);
#2678 = DIRECTION('',(1.,0.));
#2679 = ( GEOMETRIC_REPRESENTATION_CONTEXT(2) 
PARAMETRIC_REPRESENTATION_CONTEXT() REPRESENTATION_CONTEXT('2D SPACE',''
  ) );
#2680 = PCURVE('',#1101,#2681);
#2681 = DEFINITIONAL_REPRESENTATION('',(#2682),#2686);
#2682 = LINE('',#2683,#2684);
#2683 = CARTESIAN_POINT('',(0.,0.));
#2684 = VECTOR('',#2685,1.);
#2685 = DIRECTION('',(1.,0.));
#2686 = ( GEOMETRIC_REPRESENTATION_CONTEXT(2) 
PARAMETRIC_REPRESENTATION_CONTEXT() REPRESENTATION_CONTEXT('2D SPACE',''
  ) );
#2687 = ORIENTED_EDGE('',*,*,#1795,.F.);
#2688 = ADVANCED_FACE('',(#2689),#1151,.F.);
#2689 = FACE_BOUND('',#2690,.F.);
#2690 = EDGE_LOOP('',(#2691,#2692,#2693,#2714));
#2691 = ORIENTED_EDGE('',*,*,#2645,.F.);
#2692 = ORIENTED_EDGE('',*,*,#1138,.T.);
#2693 = ORIENTED_EDGE('',*,*,#2694,.T.);
#2694 = EDGE_CURVE('',#1113,#1840,#2695,.T.);
#2695 = SURFACE_CURVE('',#2696,(#2700,#2707),.PCURVE_S1.);
#2696 = LINE('',#2697,#2698);
#2697 = CARTESIAN_POINT('',(18.459430265332,92.572671098329,-0.1));
#2698 = VECTOR('',#2699,1.);
#2699 = DIRECTION('',(0.,0.,1.));
#2700 = PCURVE('',#1151,#2701);
#2701 = DEFINITIONAL_REPRESENTATION('',(#2702),#2706);
#2702 = LINE('',#2703,#2704);
#2703 = CARTESIAN_POINT('',(0.,-60.6));
#2704 = VECTOR('',#2705,1.);
#2705 = DIRECTION('',(1.,0.));
#2706 = ( GEOMETRIC_REPRESENTATION_CONTEXT(2) 
PARAMETRIC_REPRESENTATION_CONTEXT() REPRESENTATION_CONTEXT('2D SPACE',''
  ) );
#2707 = PCURVE('',#1127,#2708);
#2708 = DEFINITIONAL_REPRESENTATION('',(#2709),#2713);
#2709 = LINE('',#2710,#2711);
#2710 = CARTESIAN_POINT('',(0.,2.2));
#2711 = VECTOR('',#2712,1.);
#2712 = DIRECTION('',(1.,0.));
#2713 = ( GEOMETRIC_REPRESENTATION_CONTEXT(2) 
PARAMETRIC_REPRESENTATION_CONTEXT() REPRESENTATION_CONTEXT('2D SPACE',''
  ) );
#2714 = ORIENTED_EDGE('',*,*,#1860,.F.);
#2715 = ADVANCED_FACE('',(#2716),#1101,.T.);
#2716 = FACE_BOUND('',#2717,.T.);
#2717 = EDGE_LOOP('',(#2718,#2719,#2720,#2741));
#2718 = ORIENTED_EDGE('',*,*,#2667,.F.);
#2719 = ORIENTED_EDGE('',*,*,#1086,.T.);
#2720 = ORIENTED_EDGE('',*,*,#2721,.T.);
#2721 = EDGE_CURVE('',#1087,#1819,#2722,.T.);
#2722 = SURFACE_CURVE('',#2723,(#2727,#2734),.PCURVE_S1.);
#2723 = LINE('',#2724,#2725);
#2724 = CARTESIAN_POINT('',(17.359430265332,90.667415210003,-0.1));
#2725 = VECTOR('',#2726,1.);
#2726 = DIRECTION('',(0.,0.,1.));
#2727 = PCURVE('',#1101,#2728);
#2728 = DEFINITIONAL_REPRESENTATION('',(#2729),#2733);
#2729 = LINE('',#2730,#2731);
#2730 = CARTESIAN_POINT('',(0.,-60.6));
#2731 = VECTOR('',#2732,1.);
#2732 = DIRECTION('',(1.,0.));
#2733 = ( GEOMETRIC_REPRESENTATION_CONTEXT(2) 
PARAMETRIC_REPRESENTATION_CONTEXT() REPRESENTATION_CONTEXT('2D SPACE',''
  ) );
#2734 = PCURVE('',#1127,#2735);
#2735 = DEFINITIONAL_REPRESENTATION('',(#2736),#2740);
#2736 = LINE('',#2737,#2738);
#2737 = CARTESIAN_POINT('',(0.,0.));
#2738 = VECTOR('',#2739,1.);
#2739 = DIRECTION('',(1.,0.));
#2740 = ( GEOMETRIC_REPRESENTATION_CONTEXT(2) 
PARAMETRIC_REPRESENTATION_CONTEXT() REPRESENTATION_CONTEXT('2D SPACE',''
  ) );
#2741 = ORIENTED_EDGE('',*,*,#1818,.F.);
#2742 = ADVANCED_FACE('',(#2743),#1127,.F.);
#2743 = FACE_BOUND('',#2744,.F.);
#2744 = EDGE_LOOP('',(#2745,#2746,#2747,#2748));
#2745 = ORIENTED_EDGE('',*,*,#2694,.F.);
#2746 = ORIENTED_EDGE('',*,*,#1112,.T.);
#2747 = ORIENTED_EDGE('',*,*,#2721,.T.);
#2748 = ORIENTED_EDGE('',*,*,#1839,.F.);
#2749 = ( GEOMETRIC_REPRESENTATION_CONTEXT(3) 
GLOBAL_UNCERTAINTY_ASSIGNED_CONTEXT((#2753)) 
GLOBAL_UNIT_ASSIGNED_CONTEXT((#2750,#2751,#2752)) REPRESENTATION_CONTEXT
('Context #1','3D Context with UNIT and UNCERTAINTY') );
#2750 = ( LENGTH_UNIT() NAMED_UNIT(*) SI_UNIT(.MILLI.,.METRE.) );
#2751 = ( NAMED_UNIT(*) PLANE_ANGLE_UNIT() SI_UNIT($,.RADIAN.) );
#2752 = ( NAMED_UNIT(*) SI_UNIT($,.STERADIAN.) SOLID_ANGLE_UNIT() );
#2753 = UNCERTAINTY_MEASURE_WITH_UNIT(LENGTH_MEASURE(2.E-07),#2750,
  'distance_accuracy_value','confusion accuracy');
#2754 = PRODUCT_RELATED_PRODUCT_CATEGORY('part',$,(#7));
ENDSEC;
END-ISO-10303-21;
