ISO-10303-21;
HEADER;
FILE_DESCRIPTION(('Open CASCADE Model'),'2;1');
FILE_NAME('Open CASCADE Shape Model','2026-10-05T11:00:32',('Author'),(
    'Open CASCADE'),'Open CASCADE STEP processor 7.9','Open CASCADE 7.9'
  ,'Unknown');
FILE_SCHEMA(('AUTOMOTIVE_DESIGN { 1 0 10303 214 1 1 1 1 }'));
ENDSEC;
DATA;
#1 = APPLICATION_PROTOCOL_DEFINITION('international standard',
  'automotive_design',2000,#2);
#2 = APPLICATION_CONTEXT(
  'core data for automotive mechanical design processes');
#3 = SHAPE_DEFINITION_REPRESENTATION(#4,#10);
#4 = PRODUCT_DEFINITION_SHAPE('','',#5);
#5 = PRODUCT_DEFINITION('design','',#6,#9);
#6 = PRODUCT_DEFINITION_FORMATION('','',#7);
#7 = PRODUCT('tunnel_8faces','tunnel_8faces','',(#8));
#8 = PRODUCT_CONTEXT('',#2,'mechanical');
#9 = PRODUCT_DEFINITION_CONTEXT('part definition',#2,'design');
#10 = SHAPE_REPRESENTATION('',(#11,#15,#19,#23,#27,#31,#35,#39,#43,#47,
    #51),#55);
#11 = AXIS2_PLACEMENT_3D('',#12,#13,#14);
#12 = CARTESIAN_POINT('',(0.,0.,0.));
#13 = DIRECTION('',(0.,0.,1.));
#14 = DIRECTION('',(1.,0.,-0.));
#15 = AXIS2_PLACEMENT_3D('',#16,#17,#18);
#16 = CARTESIAN_POINT('',(87.5,-24.,0.));
#17 = DIRECTION('',(1.,2.22044604925E-16,4.930380657631E-32));
#18 = DIRECTION('',(-2.22044604925E-16,1.,0.));
#19 = AXIS2_PLACEMENT_3D('',#20,#21,#22);
#20 = CARTESIAN_POINT('',(78.8424061023,44.901280605346,0.));
#21 = DIRECTION('',(0.707106781187,0.707106781187,4.930380657631E-32));
#22 = DIRECTION('',(-0.707106781187,0.707106781187,0.));
#23 = AXIS2_PLACEMENT_3D('',#24,#25,#26);
#24 = CARTESIAN_POINT('',(24.,87.5,0.));
#25 = DIRECTION('',(-1.110223024625E-16,1.,4.930380657631E-32));
#26 = DIRECTION('',(-1.,-1.110223024625E-16,0.));
#27 = AXIS2_PLACEMENT_3D('',#28,#29,#30);
#28 = CARTESIAN_POINT('',(-44.90128060534,78.8424061023,0.));
#29 = DIRECTION('',(-0.707106781187,0.707106781187,3.697785493223E-32));
#30 = DIRECTION('',(-0.707106781187,-0.707106781187,0.));
#31 = AXIS2_PLACEMENT_3D('',#32,#33,#34);
#32 = CARTESIAN_POINT('',(-87.5,24.,0.));
#33 = DIRECTION('',(-1.,-9.95799250103E-17,4.930380657631E-32));
#34 = DIRECTION('',(9.95799250103E-17,-1.,0.));
#35 = AXIS2_PLACEMENT_3D('',#36,#37,#38);
#36 = CARTESIAN_POINT('',(-78.8424061023,-44.90128060534,0.));
#37 = DIRECTION('',(-0.707106781187,-0.707106781187,4.930380657631E-32)
  );
#38 = DIRECTION('',(0.707106781187,-0.707106781187,0.));
#39 = AXIS2_PLACEMENT_3D('',#40,#41,#42);
#40 = CARTESIAN_POINT('',(-24.,-87.5,0.));
#41 = DIRECTION('',(-4.930380657631E-32,-1.,4.930380657631E-32));
#42 = DIRECTION('',(1.,-4.930380657631E-32,0.));
#43 = AXIS2_PLACEMENT_3D('',#44,#45,#46);
#44 = CARTESIAN_POINT('',(44.901280605346,-78.8424061023,0.));
#45 = DIRECTION('',(0.707106781187,-0.707106781187,3.697785493223E-32));
#46 = DIRECTION('',(0.707106781187,0.707106781187,0.));
#47 = AXIS2_PLACEMENT_3D('',#48,#49,#50);
#48 = CARTESIAN_POINT('',(0.,0.,0.));
#49 = DIRECTION('',(0.,0.,1.));
#50 = DIRECTION('',(1.,0.,-0.));
#51 = AXIS2_PLACEMENT_3D('',#52,#53,#54);
#52 = CARTESIAN_POINT('',(0.,0.,172.));
#53 = DIRECTION('',(0.,0.,1.));
#54 = DIRECTION('',(1.,0.,-0.));
#55 = ( GEOMETRIC_REPRESENTATION_CONTEXT(3) 
GLOBAL_UNCERTAINTY_ASSIGNED_CONTEXT((#59)) GLOBAL_UNIT_ASSIGNED_CONTEXT(
(#56,#57,#58)) REPRESENTATION_CONTEXT('Context #1',
  '3D Context with UNIT and UNCERTAINTY') );
#56 = ( LENGTH_UNIT() NAMED_UNIT(*) SI_UNIT(.MILLI.,.METRE.) );
#57 = ( NAMED_UNIT(*) PLANE_ANGLE_UNIT() SI_UNIT($,.RADIAN.) );
#58 = ( NAMED_UNIT(*) SI_UNIT($,.STERADIAN.) SOLID_ANGLE_UNIT() );
#59 = UNCERTAINTY_MEASURE_WITH_UNIT(LENGTH_MEASURE(1.E-07),#56,
  'distance_accuracy_value','confusion accuracy');
#60 = PRODUCT_RELATED_PRODUCT_CATEGORY('part',$,(#7));
#61 = SHAPE_DEFINITION_REPRESENTATION(#62,#68);
#62 = PRODUCT_DEFINITION_SHAPE('','',#63);
#63 = PRODUCT_DEFINITION('design','',#64,#67);
#64 = PRODUCT_DEFINITION_FORMATION('','',#65);
#65 = PRODUCT('panel_8f_01','panel_8f_01','',(#66));
#66 = PRODUCT_CONTEXT('',#2,'mechanical');
#67 = PRODUCT_DEFINITION_CONTEXT('part definition',#2,'design');
#68 = SHAPE_REPRESENTATION('',(#11,#69,#73,#77,#81,#85,#89,#93,#97,#101,
    #105,#109,#113,#117,#121,#125,#129,#133),#137);
#69 = AXIS2_PLACEMENT_3D('',#70,#71,#72);
#70 = CARTESIAN_POINT('',(0.,0.,0.));
#71 = DIRECTION('',(0.,0.,1.));
#72 = DIRECTION('',(1.,0.,-0.));
#73 = AXIS2_PLACEMENT_3D('',#74,#75,#76);
#74 = CARTESIAN_POINT('',(15.,20.,0.));
#75 = DIRECTION('',(0.,0.,1.));
#76 = DIRECTION('',(1.,0.,-0.));
#77 = AXIS2_PLACEMENT_3D('',#78,#79,#80);
#78 = CARTESIAN_POINT('',(33.,20.,0.));
#79 = DIRECTION('',(0.,0.,1.));
#80 = DIRECTION('',(1.,0.,-0.));
#81 = AXIS2_PLACEMENT_3D('',#82,#83,#84);
#82 = CARTESIAN_POINT('',(15.,40.,0.));
#83 = DIRECTION('',(0.,0.,1.));
#84 = DIRECTION('',(1.,0.,-0.));
#85 = AXIS2_PLACEMENT_3D('',#86,#87,#88);
#86 = CARTESIAN_POINT('',(33.,40.,0.));
#87 = DIRECTION('',(0.,0.,1.));
#88 = DIRECTION('',(1.,0.,-0.));
#89 = AXIS2_PLACEMENT_3D('',#90,#91,#92);
#90 = CARTESIAN_POINT('',(15.,60.,0.));
#91 = DIRECTION('',(0.,0.,1.));
#92 = DIRECTION('',(1.,0.,-0.));
#93 = AXIS2_PLACEMENT_3D('',#94,#95,#96);
#94 = CARTESIAN_POINT('',(33.,60.,0.));
#95 = DIRECTION('',(0.,0.,1.));
#96 = DIRECTION('',(1.,0.,-0.));
#97 = AXIS2_PLACEMENT_3D('',#98,#99,#100);
#98 = CARTESIAN_POINT('',(15.,80.,0.));
#99 = DIRECTION('',(0.,0.,1.));
#100 = DIRECTION('',(1.,0.,-0.));
#101 = AXIS2_PLACEMENT_3D('',#102,#103,#104);
#102 = CARTESIAN_POINT('',(33.,80.,0.));
#103 = DIRECTION('',(0.,0.,1.));
#104 = DIRECTION('',(1.,0.,-0.));
#105 = AXIS2_PLACEMENT_3D('',#106,#107,#108);
#106 = CARTESIAN_POINT('',(15.,100.,0.));
#107 = DIRECTION('',(0.,0.,1.));
#108 = DIRECTION('',(1.,0.,-0.));
#109 = AXIS2_PLACEMENT_3D('',#110,#111,#112);
#110 = CARTESIAN_POINT('',(33.,100.,0.));
#111 = DIRECTION('',(0.,0.,1.));
#112 = DIRECTION('',(1.,0.,-0.));
#113 = AXIS2_PLACEMENT_3D('',#114,#115,#116);
#114 = CARTESIAN_POINT('',(15.,120.,0.));
#115 = DIRECTION('',(0.,0.,1.));
#116 = DIRECTION('',(1.,0.,-0.));
#117 = AXIS2_PLACEMENT_3D('',#118,#119,#120);
#118 = CARTESIAN_POINT('',(33.,120.,0.));
#119 = DIRECTION('',(0.,0.,1.));
#120 = DIRECTION('',(1.,0.,-0.));
#121 = AXIS2_PLACEMENT_3D('',#122,#123,#124);
#122 = CARTESIAN_POINT('',(15.,140.,0.));
#123 = DIRECTION('',(0.,0.,1.));
#124 = DIRECTION('',(1.,0.,-0.));
#125 = AXIS2_PLACEMENT_3D('',#126,#127,#128);
#126 = CARTESIAN_POINT('',(33.,140.,0.));
#127 = DIRECTION('',(0.,0.,1.));
#128 = DIRECTION('',(1.,0.,-0.));
#129 = AXIS2_PLACEMENT_3D('',#130,#131,#132);
#130 = CARTESIAN_POINT('',(15.,160.,0.));
#131 = DIRECTION('',(0.,0.,1.));
#132 = DIRECTION('',(1.,0.,-0.));
#133 = AXIS2_PLACEMENT_3D('',#134,#135,#136);
#134 = CARTESIAN_POINT('',(33.,160.,0.));
#135 = DIRECTION('',(0.,0.,1.));
#136 = DIRECTION('',(1.,0.,-0.));
#137 = ( GEOMETRIC_REPRESENTATION_CONTEXT(3) 
GLOBAL_UNCERTAINTY_ASSIGNED_CONTEXT((#141)) GLOBAL_UNIT_ASSIGNED_CONTEXT
((#138,#139,#140)) REPRESENTATION_CONTEXT('Context #1',
  '3D Context with UNIT and UNCERTAINTY') );
#138 = ( LENGTH_UNIT() NAMED_UNIT(*) SI_UNIT(.MILLI.,.METRE.) );
#139 = ( NAMED_UNIT(*) PLANE_ANGLE_UNIT() SI_UNIT($,.RADIAN.) );
#140 = ( NAMED_UNIT(*) SI_UNIT($,.STERADIAN.) SOLID_ANGLE_UNIT() );
#141 = UNCERTAINTY_MEASURE_WITH_UNIT(LENGTH_MEASURE(1.E-07),#138,
  'distance_accuracy_value','confusion accuracy');
#142 = CONTEXT_DEPENDENT_SHAPE_REPRESENTATION(#143,#145);
#143 = ( REPRESENTATION_RELATIONSHIP('','',#68,#10) 
REPRESENTATION_RELATIONSHIP_WITH_TRANSFORMATION(#144) 
SHAPE_REPRESENTATION_RELATIONSHIP() );
#144 = ITEM_DEFINED_TRANSFORMATION('','',#11,#15);
#145 = PRODUCT_DEFINITION_SHAPE('Placement','Placement of an item',#146
  );
#146 = NEXT_ASSEMBLY_USAGE_OCCURRENCE('162','','',#5,#63,$);
#147 = PRODUCT_RELATED_PRODUCT_CATEGORY('part',$,(#65));
#148 = SHAPE_DEFINITION_REPRESENTATION(#149,#155);
#149 = PRODUCT_DEFINITION_SHAPE('','',#150);
#150 = PRODUCT_DEFINITION('design','',#151,#154);
#151 = PRODUCT_DEFINITION_FORMATION('','',#152);
#152 = PRODUCT('pcb_8f','pcb_8f','',(#153));
#153 = PRODUCT_CONTEXT('',#2,'mechanical');
#154 = PRODUCT_DEFINITION_CONTEXT('part definition',#2,'design');
#155 = ADVANCED_BREP_SHAPE_REPRESENTATION('',(#11,#156),#5178);
#156 = MANIFOLD_SOLID_BREP('',#157);
#157 = CLOSED_SHELL('',(#158,#278,#354,#2188,#2237,#3794,#3801,#3828,
    #3855,#3882,#3909,#3936,#3963,#3990,#4017,#4044,#4071,#4098,#4125,
    #4152,#4179,#4206,#4233,#4260,#4287,#4314,#4341,#4368,#4395,#4422,
    #4449,#4476,#4503,#4530,#4557,#4584,#4611,#4638,#4665,#4692,#4719,
    #4746,#4773,#4800,#4827,#4854,#4881,#4908,#4935,#4962,#4989,#5016,
    #5043,#5070,#5097,#5124,#5151));
#158 = ADVANCED_FACE('',(#159),#173,.F.);
#159 = FACE_BOUND('',#160,.F.);
#160 = EDGE_LOOP('',(#161,#196,#224,#252));
#161 = ORIENTED_EDGE('',*,*,#162,.F.);
#162 = EDGE_CURVE('',#163,#165,#167,.T.);
#163 = VERTEX_POINT('',#164);
#164 = CARTESIAN_POINT('',(0.,0.,0.));
#165 = VERTEX_POINT('',#166);
#166 = CARTESIAN_POINT('',(0.,0.,1.6));
#167 = SURFACE_CURVE('',#168,(#172,#184),.PCURVE_S1.);
#168 = LINE('',#169,#170);
#169 = CARTESIAN_POINT('',(0.,0.,0.));
#170 = VECTOR('',#171,1.);
#171 = DIRECTION('',(0.,0.,1.));
#172 = PCURVE('',#173,#178);
#173 = PLANE('',#174);
#174 = AXIS2_PLACEMENT_3D('',#175,#176,#177);
#175 = CARTESIAN_POINT('',(0.,0.,0.));
#176 = DIRECTION('',(1.,0.,0.));
#177 = DIRECTION('',(0.,0.,1.));
#178 = DEFINITIONAL_REPRESENTATION('',(#179),#183);
#179 = LINE('',#180,#181);
#180 = CARTESIAN_POINT('',(0.,0.));
#181 = VECTOR('',#182,1.);
#182 = DIRECTION('',(1.,0.));
#183 = ( GEOMETRIC_REPRESENTATION_CONTEXT(2) 
PARAMETRIC_REPRESENTATION_CONTEXT() REPRESENTATION_CONTEXT('2D SPACE',''
  ) );
#184 = PCURVE('',#185,#190);
#185 = PLANE('',#186);
#186 = AXIS2_PLACEMENT_3D('',#187,#188,#189);
#187 = CARTESIAN_POINT('',(0.,0.,0.));
#188 = DIRECTION('',(0.,1.,0.));
#189 = DIRECTION('',(0.,0.,1.));
#190 = DEFINITIONAL_REPRESENTATION('',(#191),#195);
#191 = LINE('',#192,#193);
#192 = CARTESIAN_POINT('',(0.,0.));
#193 = VECTOR('',#194,1.);
#194 = DIRECTION('',(1.,0.));
#195 = ( GEOMETRIC_REPRESENTATION_CONTEXT(2) 
PARAMETRIC_REPRESENTATION_CONTEXT() REPRESENTATION_CONTEXT('2D SPACE',''
  ) );
#196 = ORIENTED_EDGE('',*,*,#197,.T.);
#197 = EDGE_CURVE('',#163,#198,#200,.T.);
#198 = VERTEX_POINT('',#199);
#199 = CARTESIAN_POINT('',(0.,180.,0.));
#200 = SURFACE_CURVE('',#201,(#205,#212),.PCURVE_S1.);
#201 = LINE('',#202,#203);
#202 = CARTESIAN_POINT('',(0.,0.,0.));
#203 = VECTOR('',#204,1.);
#204 = DIRECTION('',(0.,1.,0.));
#205 = PCURVE('',#173,#206);
#206 = DEFINITIONAL_REPRESENTATION('',(#207),#211);
#207 = LINE('',#208,#209);
#208 = CARTESIAN_POINT('',(0.,0.));
#209 = VECTOR('',#210,1.);
#210 = DIRECTION('',(0.,-1.));
#211 = ( GEOMETRIC_REPRESENTATION_CONTEXT(2) 
PARAMETRIC_REPRESENTATION_CONTEXT() REPRESENTATION_CONTEXT('2D SPACE',''
  ) );
#212 = PCURVE('',#213,#218);
#213 = PLANE('',#214);
#214 = AXIS2_PLACEMENT_3D('',#215,#216,#217);
#215 = CARTESIAN_POINT('',(0.,0.,0.));
#216 = DIRECTION('',(0.,0.,1.));
#217 = DIRECTION('',(1.,0.,0.));
#218 = DEFINITIONAL_REPRESENTATION('',(#219),#223);
#219 = LINE('',#220,#221);
#220 = CARTESIAN_POINT('',(0.,0.));
#221 = VECTOR('',#222,1.);
#222 = DIRECTION('',(0.,1.));
#223 = ( GEOMETRIC_REPRESENTATION_CONTEXT(2) 
PARAMETRIC_REPRESENTATION_CONTEXT() REPRESENTATION_CONTEXT('2D SPACE',''
  ) );
#224 = ORIENTED_EDGE('',*,*,#225,.T.);
#225 = EDGE_CURVE('',#198,#226,#228,.T.);
#226 = VERTEX_POINT('',#227);
#227 = CARTESIAN_POINT('',(0.,180.,1.6));
#228 = SURFACE_CURVE('',#229,(#233,#240),.PCURVE_S1.);
#229 = LINE('',#230,#231);
#230 = CARTESIAN_POINT('',(0.,180.,0.));
#231 = VECTOR('',#232,1.);
#232 = DIRECTION('',(0.,0.,1.));
#233 = PCURVE('',#173,#234);
#234 = DEFINITIONAL_REPRESENTATION('',(#235),#239);
#235 = LINE('',#236,#237);
#236 = CARTESIAN_POINT('',(0.,-180.));
#237 = VECTOR('',#238,1.);
#238 = DIRECTION('',(1.,0.));
#239 = ( GEOMETRIC_REPRESENTATION_CONTEXT(2) 
PARAMETRIC_REPRESENTATION_CONTEXT() REPRESENTATION_CONTEXT('2D SPACE',''
  ) );
#240 = PCURVE('',#241,#246);
#241 = PLANE('',#242);
#242 = AXIS2_PLACEMENT_3D('',#243,#244,#245);
#243 = CARTESIAN_POINT('',(0.,180.,0.));
#244 = DIRECTION('',(0.,1.,0.));
#245 = DIRECTION('',(0.,0.,1.));
#246 = DEFINITIONAL_REPRESENTATION('',(#247),#251);
#247 = LINE('',#248,#249);
#248 = CARTESIAN_POINT('',(0.,0.));
#249 = VECTOR('',#250,1.);
#250 = DIRECTION('',(1.,0.));
#251 = ( GEOMETRIC_REPRESENTATION_CONTEXT(2) 
PARAMETRIC_REPRESENTATION_CONTEXT() REPRESENTATION_CONTEXT('2D SPACE',''
  ) );
#252 = ORIENTED_EDGE('',*,*,#253,.F.);
#253 = EDGE_CURVE('',#165,#226,#254,.T.);
#254 = SURFACE_CURVE('',#255,(#259,#266),.PCURVE_S1.);
#255 = LINE('',#256,#257);
#256 = CARTESIAN_POINT('',(0.,0.,1.6));
#257 = VECTOR('',#258,1.);
#258 = DIRECTION('',(0.,1.,0.));
#259 = PCURVE('',#173,#260);
#260 = DEFINITIONAL_REPRESENTATION('',(#261),#265);
#261 = LINE('',#262,#263);
#262 = CARTESIAN_POINT('',(1.6,0.));
#263 = VECTOR('',#264,1.);
#264 = DIRECTION('',(0.,-1.));
#265 = ( GEOMETRIC_REPRESENTATION_CONTEXT(2) 
PARAMETRIC_REPRESENTATION_CONTEXT() REPRESENTATION_CONTEXT('2D SPACE',''
  ) );
#266 = PCURVE('',#267,#272);
#267 = PLANE('',#268);
#268 = AXIS2_PLACEMENT_3D('',#269,#270,#271);
#269 = CARTESIAN_POINT('',(0.,0.,1.6));
#270 = DIRECTION('',(0.,0.,1.));
#271 = DIRECTION('',(1.,0.,0.));
#272 = DEFINITIONAL_REPRESENTATION('',(#273),#277);
#273 = LINE('',#274,#275);
#274 = CARTESIAN_POINT('',(0.,0.));
#275 = VECTOR('',#276,1.);
#276 = DIRECTION('',(0.,1.));
#277 = ( GEOMETRIC_REPRESENTATION_CONTEXT(2) 
PARAMETRIC_REPRESENTATION_CONTEXT() REPRESENTATION_CONTEXT('2D SPACE',''
  ) );
#278 = ADVANCED_FACE('',(#279),#185,.F.);
#279 = FACE_BOUND('',#280,.F.);
#280 = EDGE_LOOP('',(#281,#304,#305,#328));
#281 = ORIENTED_EDGE('',*,*,#282,.F.);
#282 = EDGE_CURVE('',#163,#283,#285,.T.);
#283 = VERTEX_POINT('',#284);
#284 = CARTESIAN_POINT('',(48.,0.,0.));
#285 = SURFACE_CURVE('',#286,(#290,#297),.PCURVE_S1.);
#286 = LINE('',#287,#288);
#287 = CARTESIAN_POINT('',(0.,0.,0.));
#288 = VECTOR('',#289,1.);
#289 = DIRECTION('',(1.,0.,0.));
#290 = PCURVE('',#185,#291);
#291 = DEFINITIONAL_REPRESENTATION('',(#292),#296);
#292 = LINE('',#293,#294);
#293 = CARTESIAN_POINT('',(0.,0.));
#294 = VECTOR('',#295,1.);
#295 = DIRECTION('',(0.,1.));
#296 = ( GEOMETRIC_REPRESENTATION_CONTEXT(2) 
PARAMETRIC_REPRESENTATION_CONTEXT() REPRESENTATION_CONTEXT('2D SPACE',''
  ) );
#297 = PCURVE('',#213,#298);
#298 = DEFINITIONAL_REPRESENTATION('',(#299),#303);
#299 = LINE('',#300,#301);
#300 = CARTESIAN_POINT('',(0.,0.));
#301 = VECTOR('',#302,1.);
#302 = DIRECTION('',(1.,0.));
#303 = ( GEOMETRIC_REPRESENTATION_CONTEXT(2) 
PARAMETRIC_REPRESENTATION_CONTEXT() REPRESENTATION_CONTEXT('2D SPACE',''
  ) );
#304 = ORIENTED_EDGE('',*,*,#162,.T.);
#305 = ORIENTED_EDGE('',*,*,#306,.T.);
#306 = EDGE_CURVE('',#165,#307,#309,.T.);
#307 = VERTEX_POINT('',#308);
#308 = CARTESIAN_POINT('',(48.,0.,1.6));
#309 = SURFACE_CURVE('',#310,(#314,#321),.PCURVE_S1.);
#310 = LINE('',#311,#312);
#311 = CARTESIAN_POINT('',(0.,0.,1.6));
#312 = VECTOR('',#313,1.);
#313 = DIRECTION('',(1.,0.,0.));
#314 = PCURVE('',#185,#315);
#315 = DEFINITIONAL_REPRESENTATION('',(#316),#320);
#316 = LINE('',#317,#318);
#317 = CARTESIAN_POINT('',(1.6,0.));
#318 = VECTOR('',#319,1.);
#319 = DIRECTION('',(0.,1.));
#320 = ( GEOMETRIC_REPRESENTATION_CONTEXT(2) 
PARAMETRIC_REPRESENTATION_CONTEXT() REPRESENTATION_CONTEXT('2D SPACE',''
  ) );
#321 = PCURVE('',#267,#322);
#322 = DEFINITIONAL_REPRESENTATION('',(#323),#327);
#323 = LINE('',#324,#325);
#324 = CARTESIAN_POINT('',(0.,0.));
#325 = VECTOR('',#326,1.);
#326 = DIRECTION('',(1.,0.));
#327 = ( GEOMETRIC_REPRESENTATION_CONTEXT(2) 
PARAMETRIC_REPRESENTATION_CONTEXT() REPRESENTATION_CONTEXT('2D SPACE',''
  ) );
#328 = ORIENTED_EDGE('',*,*,#329,.F.);
#329 = EDGE_CURVE('',#283,#307,#330,.T.);
#330 = SURFACE_CURVE('',#331,(#335,#342),.PCURVE_S1.);
#331 = LINE('',#332,#333);
#332 = CARTESIAN_POINT('',(48.,0.,0.));
#333 = VECTOR('',#334,1.);
#334 = DIRECTION('',(0.,0.,1.));
#335 = PCURVE('',#185,#336);
#336 = DEFINITIONAL_REPRESENTATION('',(#337),#341);
#337 = LINE('',#338,#339);
#338 = CARTESIAN_POINT('',(0.,48.));
#339 = VECTOR('',#340,1.);
#340 = DIRECTION('',(1.,0.));
#341 = ( GEOMETRIC_REPRESENTATION_CONTEXT(2) 
PARAMETRIC_REPRESENTATION_CONTEXT() REPRESENTATION_CONTEXT('2D SPACE',''
  ) );
#342 = PCURVE('',#343,#348);
#343 = PLANE('',#344);
#344 = AXIS2_PLACEMENT_3D('',#345,#346,#347);
#345 = CARTESIAN_POINT('',(48.,0.,0.));
#346 = DIRECTION('',(1.,0.,0.));
#347 = DIRECTION('',(0.,0.,1.));
#348 = DEFINITIONAL_REPRESENTATION('',(#349),#353);
#349 = LINE('',#350,#351);
#350 = CARTESIAN_POINT('',(0.,0.));
#351 = VECTOR('',#352,1.);
#352 = DIRECTION('',(1.,0.));
#353 = ( GEOMETRIC_REPRESENTATION_CONTEXT(2) 
PARAMETRIC_REPRESENTATION_CONTEXT() REPRESENTATION_CONTEXT('2D SPACE',''
  ) );
#354 = ADVANCED_FACE('',(#355,#403,#438,#473,#508,#543,#578,#613,#648,
    #683,#718,#753,#788,#823,#858,#893,#928,#963,#998,#1033,#1068,#1103,
    #1138,#1173,#1208,#1243,#1278,#1313,#1348,#1383,#1418,#1453,#1488,
    #1523,#1558,#1593,#1628,#1663,#1698,#1733,#1768,#1803,#1838,#1873,
    #1908,#1943,#1978,#2013,#2048,#2083,#2118,#2153),#267,.T.);
#355 = FACE_BOUND('',#356,.T.);
#356 = EDGE_LOOP('',(#357,#358,#359,#382));
#357 = ORIENTED_EDGE('',*,*,#253,.F.);
#358 = ORIENTED_EDGE('',*,*,#306,.T.);
#359 = ORIENTED_EDGE('',*,*,#360,.T.);
#360 = EDGE_CURVE('',#307,#361,#363,.T.);
#361 = VERTEX_POINT('',#362);
#362 = CARTESIAN_POINT('',(48.,180.,1.6));
#363 = SURFACE_CURVE('',#364,(#368,#375),.PCURVE_S1.);
#364 = LINE('',#365,#366);
#365 = CARTESIAN_POINT('',(48.,0.,1.6));
#366 = VECTOR('',#367,1.);
#367 = DIRECTION('',(0.,1.,0.));
#368 = PCURVE('',#267,#369);
#369 = DEFINITIONAL_REPRESENTATION('',(#370),#374);
#370 = LINE('',#371,#372);
#371 = CARTESIAN_POINT('',(48.,0.));
#372 = VECTOR('',#373,1.);
#373 = DIRECTION('',(0.,1.));
#374 = ( GEOMETRIC_REPRESENTATION_CONTEXT(2) 
PARAMETRIC_REPRESENTATION_CONTEXT() REPRESENTATION_CONTEXT('2D SPACE',''
  ) );
#375 = PCURVE('',#343,#376);
#376 = DEFINITIONAL_REPRESENTATION('',(#377),#381);
#377 = LINE('',#378,#379);
#378 = CARTESIAN_POINT('',(1.6,0.));
#379 = VECTOR('',#380,1.);
#380 = DIRECTION('',(0.,-1.));
#381 = ( GEOMETRIC_REPRESENTATION_CONTEXT(2) 
PARAMETRIC_REPRESENTATION_CONTEXT() REPRESENTATION_CONTEXT('2D SPACE',''
  ) );
#382 = ORIENTED_EDGE('',*,*,#383,.F.);
#383 = EDGE_CURVE('',#226,#361,#384,.T.);
#384 = SURFACE_CURVE('',#385,(#389,#396),.PCURVE_S1.);
#385 = LINE('',#386,#387);
#386 = CARTESIAN_POINT('',(0.,180.,1.6));
#387 = VECTOR('',#388,1.);
#388 = DIRECTION('',(1.,0.,0.));
#389 = PCURVE('',#267,#390);
#390 = DEFINITIONAL_REPRESENTATION('',(#391),#395);
#391 = LINE('',#392,#393);
#392 = CARTESIAN_POINT('',(0.,180.));
#393 = VECTOR('',#394,1.);
#394 = DIRECTION('',(1.,0.));
#395 = ( GEOMETRIC_REPRESENTATION_CONTEXT(2) 
PARAMETRIC_REPRESENTATION_CONTEXT() REPRESENTATION_CONTEXT('2D SPACE',''
  ) );
#396 = PCURVE('',#241,#397);
#397 = DEFINITIONAL_REPRESENTATION('',(#398),#402);
#398 = LINE('',#399,#400);
#399 = CARTESIAN_POINT('',(1.6,0.));
#400 = VECTOR('',#401,1.);
#401 = DIRECTION('',(0.,1.));
#402 = ( GEOMETRIC_REPRESENTATION_CONTEXT(2) 
PARAMETRIC_REPRESENTATION_CONTEXT() REPRESENTATION_CONTEXT('2D SPACE',''
  ) );
#403 = FACE_BOUND('',#404,.T.);
#404 = EDGE_LOOP('',(#405));
#405 = ORIENTED_EDGE('',*,*,#406,.T.);
#406 = EDGE_CURVE('',#407,#407,#409,.T.);
#407 = VERTEX_POINT('',#408);
#408 = CARTESIAN_POINT('',(5.1,5.,1.6));
#409 = SURFACE_CURVE('',#410,(#415,#426),.PCURVE_S1.);
#410 = CIRCLE('',#411,1.6);
#411 = AXIS2_PLACEMENT_3D('',#412,#413,#414);
#412 = CARTESIAN_POINT('',(3.5,5.,1.6));
#413 = DIRECTION('',(0.,0.,-1.));
#414 = DIRECTION('',(1.,0.,0.));
#415 = PCURVE('',#267,#416);
#416 = DEFINITIONAL_REPRESENTATION('',(#417),#425);
#417 = ( BOUNDED_CURVE() B_SPLINE_CURVE(2,(#418,#419,#420,#421,#422,#423
,#424),.UNSPECIFIED.,.T.,.F.) B_SPLINE_CURVE_WITH_KNOTS((1,2,2,2,2,1),(
    -2.094395102393,0.,2.094395102393,4.188790204786,6.28318530718,
8.377580409573),.UNSPECIFIED.) CURVE() GEOMETRIC_REPRESENTATION_ITEM() 
RATIONAL_B_SPLINE_CURVE((1.,0.5,1.,0.5,1.,0.5,1.)) REPRESENTATION_ITEM(
  '') );
#418 = CARTESIAN_POINT('',(5.1,5.));
#419 = CARTESIAN_POINT('',(5.1,2.22871870789));
#420 = CARTESIAN_POINT('',(2.7,3.614359353945));
#421 = CARTESIAN_POINT('',(0.3,5.));
#422 = CARTESIAN_POINT('',(2.7,6.385640646055));
#423 = CARTESIAN_POINT('',(5.1,7.77128129211));
#424 = CARTESIAN_POINT('',(5.1,5.));
#425 = ( GEOMETRIC_REPRESENTATION_CONTEXT(2) 
PARAMETRIC_REPRESENTATION_CONTEXT() REPRESENTATION_CONTEXT('2D SPACE',''
  ) );
#426 = PCURVE('',#427,#432);
#427 = CYLINDRICAL_SURFACE('',#428,1.6);
#428 = AXIS2_PLACEMENT_3D('',#429,#430,#431);
#429 = CARTESIAN_POINT('',(3.5,5.,-0.1));
#430 = DIRECTION('',(-0.,-0.,-1.));
#431 = DIRECTION('',(1.,0.,0.));
#432 = DEFINITIONAL_REPRESENTATION('',(#433),#437);
#433 = LINE('',#434,#435);
#434 = CARTESIAN_POINT('',(-6.28318530718,-1.7));
#435 = VECTOR('',#436,1.);
#436 = DIRECTION('',(1.,-0.));
#437 = ( GEOMETRIC_REPRESENTATION_CONTEXT(2) 
PARAMETRIC_REPRESENTATION_CONTEXT() REPRESENTATION_CONTEXT('2D SPACE',''
  ) );
#438 = FACE_BOUND('',#439,.T.);
#439 = EDGE_LOOP('',(#440));
#440 = ORIENTED_EDGE('',*,*,#441,.T.);
#441 = EDGE_CURVE('',#442,#442,#444,.T.);
#442 = VERTEX_POINT('',#443);
#443 = CARTESIAN_POINT('',(15.75,15.,1.6));
#444 = SURFACE_CURVE('',#445,(#450,#461),.PCURVE_S1.);
#445 = CIRCLE('',#446,0.75);
#446 = AXIS2_PLACEMENT_3D('',#447,#448,#449);
#447 = CARTESIAN_POINT('',(15.,15.,1.6));
#448 = DIRECTION('',(0.,0.,-1.));
#449 = DIRECTION('',(1.,0.,0.));
#450 = PCURVE('',#267,#451);
#451 = DEFINITIONAL_REPRESENTATION('',(#452),#460);
#452 = ( BOUNDED_CURVE() B_SPLINE_CURVE(2,(#453,#454,#455,#456,#457,#458
,#459),.UNSPECIFIED.,.T.,.F.) B_SPLINE_CURVE_WITH_KNOTS((1,2,2,2,2,1),(
    -2.094395102393,0.,2.094395102393,4.188790204786,6.28318530718,
8.377580409573),.UNSPECIFIED.) CURVE() GEOMETRIC_REPRESENTATION_ITEM() 
RATIONAL_B_SPLINE_CURVE((1.,0.5,1.,0.5,1.,0.5,1.)) REPRESENTATION_ITEM(
  '') );
#453 = CARTESIAN_POINT('',(15.75,15.));
#454 = CARTESIAN_POINT('',(15.75,13.700961894323));
#455 = CARTESIAN_POINT('',(14.625,14.350480947162));
#456 = CARTESIAN_POINT('',(13.5,15.));
#457 = CARTESIAN_POINT('',(14.625,15.649519052838));
#458 = CARTESIAN_POINT('',(15.75,16.299038105677));
#459 = CARTESIAN_POINT('',(15.75,15.));
#460 = ( GEOMETRIC_REPRESENTATION_CONTEXT(2) 
PARAMETRIC_REPRESENTATION_CONTEXT() REPRESENTATION_CONTEXT('2D SPACE',''
  ) );
#461 = PCURVE('',#462,#467);
#462 = CYLINDRICAL_SURFACE('',#463,0.75);
#463 = AXIS2_PLACEMENT_3D('',#464,#465,#466);
#464 = CARTESIAN_POINT('',(15.,15.,-0.1));
#465 = DIRECTION('',(-0.,-0.,-1.));
#466 = DIRECTION('',(1.,0.,0.));
#467 = DEFINITIONAL_REPRESENTATION('',(#468),#472);
#468 = LINE('',#469,#470);
#469 = CARTESIAN_POINT('',(-6.28318530718,-1.7));
#470 = VECTOR('',#471,1.);
#471 = DIRECTION('',(1.,-0.));
#472 = ( GEOMETRIC_REPRESENTATION_CONTEXT(2) 
PARAMETRIC_REPRESENTATION_CONTEXT() REPRESENTATION_CONTEXT('2D SPACE',''
  ) );
#473 = FACE_BOUND('',#474,.T.);
#474 = EDGE_LOOP('',(#475));
#475 = ORIENTED_EDGE('',*,*,#476,.T.);
#476 = EDGE_CURVE('',#477,#477,#479,.T.);
#477 = VERTEX_POINT('',#478);
#478 = CARTESIAN_POINT('',(15.75,25.,1.6));
#479 = SURFACE_CURVE('',#480,(#485,#496),.PCURVE_S1.);
#480 = CIRCLE('',#481,0.75);
#481 = AXIS2_PLACEMENT_3D('',#482,#483,#484);
#482 = CARTESIAN_POINT('',(15.,25.,1.6));
#483 = DIRECTION('',(0.,0.,-1.));
#484 = DIRECTION('',(1.,0.,0.));
#485 = PCURVE('',#267,#486);
#486 = DEFINITIONAL_REPRESENTATION('',(#487),#495);
#487 = ( BOUNDED_CURVE() B_SPLINE_CURVE(2,(#488,#489,#490,#491,#492,#493
,#494),.UNSPECIFIED.,.T.,.F.) B_SPLINE_CURVE_WITH_KNOTS((1,2,2,2,2,1),(
    -2.094395102393,0.,2.094395102393,4.188790204786,6.28318530718,
8.377580409573),.UNSPECIFIED.) CURVE() GEOMETRIC_REPRESENTATION_ITEM() 
RATIONAL_B_SPLINE_CURVE((1.,0.5,1.,0.5,1.,0.5,1.)) REPRESENTATION_ITEM(
  '') );
#488 = CARTESIAN_POINT('',(15.75,25.));
#489 = CARTESIAN_POINT('',(15.75,23.700961894323));
#490 = CARTESIAN_POINT('',(14.625,24.350480947162));
#491 = CARTESIAN_POINT('',(13.5,25.));
#492 = CARTESIAN_POINT('',(14.625,25.649519052838));
#493 = CARTESIAN_POINT('',(15.75,26.299038105677));
#494 = CARTESIAN_POINT('',(15.75,25.));
#495 = ( GEOMETRIC_REPRESENTATION_CONTEXT(2) 
PARAMETRIC_REPRESENTATION_CONTEXT() REPRESENTATION_CONTEXT('2D SPACE',''
  ) );
#496 = PCURVE('',#497,#502);
#497 = CYLINDRICAL_SURFACE('',#498,0.75);
#498 = AXIS2_PLACEMENT_3D('',#499,#500,#501);
#499 = CARTESIAN_POINT('',(15.,25.,-0.1));
#500 = DIRECTION('',(-0.,-0.,-1.));
#501 = DIRECTION('',(1.,0.,0.));
#502 = DEFINITIONAL_REPRESENTATION('',(#503),#507);
#503 = LINE('',#504,#505);
#504 = CARTESIAN_POINT('',(-6.28318530718,-1.7));
#505 = VECTOR('',#506,1.);
#506 = DIRECTION('',(1.,-0.));
#507 = ( GEOMETRIC_REPRESENTATION_CONTEXT(2) 
PARAMETRIC_REPRESENTATION_CONTEXT() REPRESENTATION_CONTEXT('2D SPACE',''
  ) );
#508 = FACE_BOUND('',#509,.T.);
#509 = EDGE_LOOP('',(#510));
#510 = ORIENTED_EDGE('',*,*,#511,.T.);
#511 = EDGE_CURVE('',#512,#512,#514,.T.);
#512 = VERTEX_POINT('',#513);
#513 = CARTESIAN_POINT('',(21.96,6.,1.6));
#514 = SURFACE_CURVE('',#515,(#520,#531),.PCURVE_S1.);
#515 = CIRCLE('',#516,0.5);
#516 = AXIS2_PLACEMENT_3D('',#517,#518,#519);
#517 = CARTESIAN_POINT('',(21.46,6.,1.6));
#518 = DIRECTION('',(0.,0.,-1.));
#519 = DIRECTION('',(1.,0.,0.));
#520 = PCURVE('',#267,#521);
#521 = DEFINITIONAL_REPRESENTATION('',(#522),#530);
#522 = ( BOUNDED_CURVE() B_SPLINE_CURVE(2,(#523,#524,#525,#526,#527,#528
,#529),.UNSPECIFIED.,.T.,.F.) B_SPLINE_CURVE_WITH_KNOTS((1,2,2,2,2,1),(
    -2.094395102393,0.,2.094395102393,4.188790204786,6.28318530718,
8.377580409573),.UNSPECIFIED.) CURVE() GEOMETRIC_REPRESENTATION_ITEM() 
RATIONAL_B_SPLINE_CURVE((1.,0.5,1.,0.5,1.,0.5,1.)) REPRESENTATION_ITEM(
  '') );
#523 = CARTESIAN_POINT('',(21.96,6.));
#524 = CARTESIAN_POINT('',(21.96,5.133974596216));
#525 = CARTESIAN_POINT('',(21.21,5.566987298108));
#526 = CARTESIAN_POINT('',(20.46,6.));
#527 = CARTESIAN_POINT('',(21.21,6.433012701892));
#528 = CARTESIAN_POINT('',(21.96,6.866025403784));
#529 = CARTESIAN_POINT('',(21.96,6.));
#530 = ( GEOMETRIC_REPRESENTATION_CONTEXT(2) 
PARAMETRIC_REPRESENTATION_CONTEXT() REPRESENTATION_CONTEXT('2D SPACE',''
  ) );
#531 = PCURVE('',#532,#537);
#532 = CYLINDRICAL_SURFACE('',#533,0.5);
#533 = AXIS2_PLACEMENT_3D('',#534,#535,#536);
#534 = CARTESIAN_POINT('',(21.46,6.,-0.1));
#535 = DIRECTION('',(-0.,-0.,-1.));
#536 = DIRECTION('',(1.,0.,0.));
#537 = DEFINITIONAL_REPRESENTATION('',(#538),#542);
#538 = LINE('',#539,#540);
#539 = CARTESIAN_POINT('',(-6.28318530718,-1.7));
#540 = VECTOR('',#541,1.);
#541 = DIRECTION('',(1.,-0.));
#542 = ( GEOMETRIC_REPRESENTATION_CONTEXT(2) 
PARAMETRIC_REPRESENTATION_CONTEXT() REPRESENTATION_CONTEXT('2D SPACE',''
  ) );
#543 = FACE_BOUND('',#544,.T.);
#544 = EDGE_LOOP('',(#545));
#545 = ORIENTED_EDGE('',*,*,#546,.T.);
#546 = EDGE_CURVE('',#547,#547,#549,.T.);
#547 = VERTEX_POINT('',#548);
#548 = CARTESIAN_POINT('',(15.75,35.,1.6));
#549 = SURFACE_CURVE('',#550,(#555,#566),.PCURVE_S1.);
#550 = CIRCLE('',#551,0.75);
#551 = AXIS2_PLACEMENT_3D('',#552,#553,#554);
#552 = CARTESIAN_POINT('',(15.,35.,1.6));
#553 = DIRECTION('',(0.,0.,-1.));
#554 = DIRECTION('',(1.,0.,0.));
#555 = PCURVE('',#267,#556);
#556 = DEFINITIONAL_REPRESENTATION('',(#557),#565);
#557 = ( BOUNDED_CURVE() B_SPLINE_CURVE(2,(#558,#559,#560,#561,#562,#563
,#564),.UNSPECIFIED.,.T.,.F.) B_SPLINE_CURVE_WITH_KNOTS((1,2,2,2,2,1),(
    -2.094395102393,0.,2.094395102393,4.188790204786,6.28318530718,
8.377580409573),.UNSPECIFIED.) CURVE() GEOMETRIC_REPRESENTATION_ITEM() 
RATIONAL_B_SPLINE_CURVE((1.,0.5,1.,0.5,1.,0.5,1.)) REPRESENTATION_ITEM(
  '') );
#558 = CARTESIAN_POINT('',(15.75,35.));
#559 = CARTESIAN_POINT('',(15.75,33.700961894323));
#560 = CARTESIAN_POINT('',(14.625,34.350480947162));
#561 = CARTESIAN_POINT('',(13.5,35.));
#562 = CARTESIAN_POINT('',(14.625,35.649519052838));
#563 = CARTESIAN_POINT('',(15.75,36.299038105677));
#564 = CARTESIAN_POINT('',(15.75,35.));
#565 = ( GEOMETRIC_REPRESENTATION_CONTEXT(2) 
PARAMETRIC_REPRESENTATION_CONTEXT() REPRESENTATION_CONTEXT('2D SPACE',''
  ) );
#566 = PCURVE('',#567,#572);
#567 = CYLINDRICAL_SURFACE('',#568,0.75);
#568 = AXIS2_PLACEMENT_3D('',#569,#570,#571);
#569 = CARTESIAN_POINT('',(15.,35.,-0.1));
#570 = DIRECTION('',(-0.,-0.,-1.));
#571 = DIRECTION('',(1.,0.,0.));
#572 = DEFINITIONAL_REPRESENTATION('',(#573),#577);
#573 = LINE('',#574,#575);
#574 = CARTESIAN_POINT('',(-6.28318530718,-1.7));
#575 = VECTOR('',#576,1.);
#576 = DIRECTION('',(1.,-0.));
#577 = ( GEOMETRIC_REPRESENTATION_CONTEXT(2) 
PARAMETRIC_REPRESENTATION_CONTEXT() REPRESENTATION_CONTEXT('2D SPACE',''
  ) );
#578 = FACE_BOUND('',#579,.T.);
#579 = EDGE_LOOP('',(#580));
#580 = ORIENTED_EDGE('',*,*,#581,.T.);
#581 = EDGE_CURVE('',#582,#582,#584,.T.);
#582 = VERTEX_POINT('',#583);
#583 = CARTESIAN_POINT('',(15.75,45.,1.6));
#584 = SURFACE_CURVE('',#585,(#590,#601),.PCURVE_S1.);
#585 = CIRCLE('',#586,0.75);
#586 = AXIS2_PLACEMENT_3D('',#587,#588,#589);
#587 = CARTESIAN_POINT('',(15.,45.,1.6));
#588 = DIRECTION('',(0.,0.,-1.));
#589 = DIRECTION('',(1.,0.,0.));
#590 = PCURVE('',#267,#591);
#591 = DEFINITIONAL_REPRESENTATION('',(#592),#600);
#592 = ( BOUNDED_CURVE() B_SPLINE_CURVE(2,(#593,#594,#595,#596,#597,#598
,#599),.UNSPECIFIED.,.T.,.F.) B_SPLINE_CURVE_WITH_KNOTS((1,2,2,2,2,1),(
    -2.094395102393,0.,2.094395102393,4.188790204786,6.28318530718,
8.377580409573),.UNSPECIFIED.) CURVE() GEOMETRIC_REPRESENTATION_ITEM() 
RATIONAL_B_SPLINE_CURVE((1.,0.5,1.,0.5,1.,0.5,1.)) REPRESENTATION_ITEM(
  '') );
#593 = CARTESIAN_POINT('',(15.75,45.));
#594 = CARTESIAN_POINT('',(15.75,43.700961894323));
#595 = CARTESIAN_POINT('',(14.625,44.350480947162));
#596 = CARTESIAN_POINT('',(13.5,45.));
#597 = CARTESIAN_POINT('',(14.625,45.649519052838));
#598 = CARTESIAN_POINT('',(15.75,46.299038105677));
#599 = CARTESIAN_POINT('',(15.75,45.));
#600 = ( GEOMETRIC_REPRESENTATION_CONTEXT(2) 
PARAMETRIC_REPRESENTATION_CONTEXT() REPRESENTATION_CONTEXT('2D SPACE',''
  ) );
#601 = PCURVE('',#602,#607);
#602 = CYLINDRICAL_SURFACE('',#603,0.75);
#603 = AXIS2_PLACEMENT_3D('',#604,#605,#606);
#604 = CARTESIAN_POINT('',(15.,45.,-0.1));
#605 = DIRECTION('',(-0.,-0.,-1.));
#606 = DIRECTION('',(1.,0.,0.));
#607 = DEFINITIONAL_REPRESENTATION('',(#608),#612);
#608 = LINE('',#609,#610);
#609 = CARTESIAN_POINT('',(-6.28318530718,-1.7));
#610 = VECTOR('',#611,1.);
#611 = DIRECTION('',(1.,-0.));
#612 = ( GEOMETRIC_REPRESENTATION_CONTEXT(2) 
PARAMETRIC_REPRESENTATION_CONTEXT() REPRESENTATION_CONTEXT('2D SPACE',''
  ) );
#613 = FACE_BOUND('',#614,.T.);
#614 = EDGE_LOOP('',(#615));
#615 = ORIENTED_EDGE('',*,*,#616,.T.);
#616 = EDGE_CURVE('',#617,#617,#619,.T.);
#617 = VERTEX_POINT('',#618);
#618 = CARTESIAN_POINT('',(15.75,55.,1.6));
#619 = SURFACE_CURVE('',#620,(#625,#636),.PCURVE_S1.);
#620 = CIRCLE('',#621,0.75);
#621 = AXIS2_PLACEMENT_3D('',#622,#623,#624);
#622 = CARTESIAN_POINT('',(15.,55.,1.6));
#623 = DIRECTION('',(0.,0.,-1.));
#624 = DIRECTION('',(1.,0.,0.));
#625 = PCURVE('',#267,#626);
#626 = DEFINITIONAL_REPRESENTATION('',(#627),#635);
#627 = ( BOUNDED_CURVE() B_SPLINE_CURVE(2,(#628,#629,#630,#631,#632,#633
,#634),.UNSPECIFIED.,.T.,.F.) B_SPLINE_CURVE_WITH_KNOTS((1,2,2,2,2,1),(
    -2.094395102393,0.,2.094395102393,4.188790204786,6.28318530718,
8.377580409573),.UNSPECIFIED.) CURVE() GEOMETRIC_REPRESENTATION_ITEM() 
RATIONAL_B_SPLINE_CURVE((1.,0.5,1.,0.5,1.,0.5,1.)) REPRESENTATION_ITEM(
  '') );
#628 = CARTESIAN_POINT('',(15.75,55.));
#629 = CARTESIAN_POINT('',(15.75,53.700961894323));
#630 = CARTESIAN_POINT('',(14.625,54.350480947162));
#631 = CARTESIAN_POINT('',(13.5,55.));
#632 = CARTESIAN_POINT('',(14.625,55.649519052838));
#633 = CARTESIAN_POINT('',(15.75,56.299038105677));
#634 = CARTESIAN_POINT('',(15.75,55.));
#635 = ( GEOMETRIC_REPRESENTATION_CONTEXT(2) 
PARAMETRIC_REPRESENTATION_CONTEXT() REPRESENTATION_CONTEXT('2D SPACE',''
  ) );
#636 = PCURVE('',#637,#642);
#637 = CYLINDRICAL_SURFACE('',#638,0.75);
#638 = AXIS2_PLACEMENT_3D('',#639,#640,#641);
#639 = CARTESIAN_POINT('',(15.,55.,-0.1));
#640 = DIRECTION('',(-0.,-0.,-1.));
#641 = DIRECTION('',(1.,0.,0.));
#642 = DEFINITIONAL_REPRESENTATION('',(#643),#647);
#643 = LINE('',#644,#645);
#644 = CARTESIAN_POINT('',(-6.28318530718,-1.7));
#645 = VECTOR('',#646,1.);
#646 = DIRECTION('',(1.,-0.));
#647 = ( GEOMETRIC_REPRESENTATION_CONTEXT(2) 
PARAMETRIC_REPRESENTATION_CONTEXT() REPRESENTATION_CONTEXT('2D SPACE',''
  ) );
#648 = FACE_BOUND('',#649,.T.);
#649 = EDGE_LOOP('',(#650));
#650 = ORIENTED_EDGE('',*,*,#651,.T.);
#651 = EDGE_CURVE('',#652,#652,#654,.T.);
#652 = VERTEX_POINT('',#653);
#653 = CARTESIAN_POINT('',(15.75,65.,1.6));
#654 = SURFACE_CURVE('',#655,(#660,#671),.PCURVE_S1.);
#655 = CIRCLE('',#656,0.75);
#656 = AXIS2_PLACEMENT_3D('',#657,#658,#659);
#657 = CARTESIAN_POINT('',(15.,65.,1.6));
#658 = DIRECTION('',(0.,0.,-1.));
#659 = DIRECTION('',(1.,0.,0.));
#660 = PCURVE('',#267,#661);
#661 = DEFINITIONAL_REPRESENTATION('',(#662),#670);
#662 = ( BOUNDED_CURVE() B_SPLINE_CURVE(2,(#663,#664,#665,#666,#667,#668
,#669),.UNSPECIFIED.,.T.,.F.) B_SPLINE_CURVE_WITH_KNOTS((1,2,2,2,2,1),(
    -2.094395102393,0.,2.094395102393,4.188790204786,6.28318530718,
8.377580409573),.UNSPECIFIED.) CURVE() GEOMETRIC_REPRESENTATION_ITEM() 
RATIONAL_B_SPLINE_CURVE((1.,0.5,1.,0.5,1.,0.5,1.)) REPRESENTATION_ITEM(
  '') );
#663 = CARTESIAN_POINT('',(15.75,65.));
#664 = CARTESIAN_POINT('',(15.75,63.700961894323));
#665 = CARTESIAN_POINT('',(14.625,64.350480947162));
#666 = CARTESIAN_POINT('',(13.5,65.));
#667 = CARTESIAN_POINT('',(14.625,65.649519052838));
#668 = CARTESIAN_POINT('',(15.75,66.299038105677));
#669 = CARTESIAN_POINT('',(15.75,65.));
#670 = ( GEOMETRIC_REPRESENTATION_CONTEXT(2) 
PARAMETRIC_REPRESENTATION_CONTEXT() REPRESENTATION_CONTEXT('2D SPACE',''
  ) );
#671 = PCURVE('',#672,#677);
#672 = CYLINDRICAL_SURFACE('',#673,0.75);
#673 = AXIS2_PLACEMENT_3D('',#674,#675,#676);
#674 = CARTESIAN_POINT('',(15.,65.,-0.1));
#675 = DIRECTION('',(-0.,-0.,-1.));
#676 = DIRECTION('',(1.,0.,0.));
#677 = DEFINITIONAL_REPRESENTATION('',(#678),#682);
#678 = LINE('',#679,#680);
#679 = CARTESIAN_POINT('',(-6.28318530718,-1.7));
#680 = VECTOR('',#681,1.);
#681 = DIRECTION('',(1.,-0.));
#682 = ( GEOMETRIC_REPRESENTATION_CONTEXT(2) 
PARAMETRIC_REPRESENTATION_CONTEXT() REPRESENTATION_CONTEXT('2D SPACE',''
  ) );
#683 = FACE_BOUND('',#684,.T.);
#684 = EDGE_LOOP('',(#685));
#685 = ORIENTED_EDGE('',*,*,#686,.T.);
#686 = EDGE_CURVE('',#687,#687,#689,.T.);
#687 = VERTEX_POINT('',#688);
#688 = CARTESIAN_POINT('',(15.75,75.,1.6));
#689 = SURFACE_CURVE('',#690,(#695,#706),.PCURVE_S1.);
#690 = CIRCLE('',#691,0.75);
#691 = AXIS2_PLACEMENT_3D('',#692,#693,#694);
#692 = CARTESIAN_POINT('',(15.,75.,1.6));
#693 = DIRECTION('',(0.,0.,-1.));
#694 = DIRECTION('',(1.,0.,0.));
#695 = PCURVE('',#267,#696);
#696 = DEFINITIONAL_REPRESENTATION('',(#697),#705);
#697 = ( BOUNDED_CURVE() B_SPLINE_CURVE(2,(#698,#699,#700,#701,#702,#703
,#704),.UNSPECIFIED.,.T.,.F.) B_SPLINE_CURVE_WITH_KNOTS((1,2,2,2,2,1),(
    -2.094395102393,0.,2.094395102393,4.188790204786,6.28318530718,
8.377580409573),.UNSPECIFIED.) CURVE() GEOMETRIC_REPRESENTATION_ITEM() 
RATIONAL_B_SPLINE_CURVE((1.,0.5,1.,0.5,1.,0.5,1.)) REPRESENTATION_ITEM(
  '') );
#698 = CARTESIAN_POINT('',(15.75,75.));
#699 = CARTESIAN_POINT('',(15.75,73.700961894323));
#700 = CARTESIAN_POINT('',(14.625,74.350480947162));
#701 = CARTESIAN_POINT('',(13.5,75.));
#702 = CARTESIAN_POINT('',(14.625,75.649519052838));
#703 = CARTESIAN_POINT('',(15.75,76.299038105677));
#704 = CARTESIAN_POINT('',(15.75,75.));
#705 = ( GEOMETRIC_REPRESENTATION_CONTEXT(2) 
PARAMETRIC_REPRESENTATION_CONTEXT() REPRESENTATION_CONTEXT('2D SPACE',''
  ) );
#706 = PCURVE('',#707,#712);
#707 = CYLINDRICAL_SURFACE('',#708,0.75);
#708 = AXIS2_PLACEMENT_3D('',#709,#710,#711);
#709 = CARTESIAN_POINT('',(15.,75.,-0.1));
#710 = DIRECTION('',(-0.,-0.,-1.));
#711 = DIRECTION('',(1.,0.,0.));
#712 = DEFINITIONAL_REPRESENTATION('',(#713),#717);
#713 = LINE('',#714,#715);
#714 = CARTESIAN_POINT('',(-6.28318530718,-1.7));
#715 = VECTOR('',#716,1.);
#716 = DIRECTION('',(1.,-0.));
#717 = ( GEOMETRIC_REPRESENTATION_CONTEXT(2) 
PARAMETRIC_REPRESENTATION_CONTEXT() REPRESENTATION_CONTEXT('2D SPACE',''
  ) );
#718 = FACE_BOUND('',#719,.T.);
#719 = EDGE_LOOP('',(#720));
#720 = ORIENTED_EDGE('',*,*,#721,.T.);
#721 = EDGE_CURVE('',#722,#722,#724,.T.);
#722 = VERTEX_POINT('',#723);
#723 = CARTESIAN_POINT('',(15.75,85.,1.6));
#724 = SURFACE_CURVE('',#725,(#730,#741),.PCURVE_S1.);
#725 = CIRCLE('',#726,0.75);
#726 = AXIS2_PLACEMENT_3D('',#727,#728,#729);
#727 = CARTESIAN_POINT('',(15.,85.,1.6));
#728 = DIRECTION('',(0.,0.,-1.));
#729 = DIRECTION('',(1.,0.,0.));
#730 = PCURVE('',#267,#731);
#731 = DEFINITIONAL_REPRESENTATION('',(#732),#740);
#732 = ( BOUNDED_CURVE() B_SPLINE_CURVE(2,(#733,#734,#735,#736,#737,#738
,#739),.UNSPECIFIED.,.T.,.F.) B_SPLINE_CURVE_WITH_KNOTS((1,2,2,2,2,1),(
    -2.094395102393,0.,2.094395102393,4.188790204786,6.28318530718,
8.377580409573),.UNSPECIFIED.) CURVE() GEOMETRIC_REPRESENTATION_ITEM() 
RATIONAL_B_SPLINE_CURVE((1.,0.5,1.,0.5,1.,0.5,1.)) REPRESENTATION_ITEM(
  '') );
#733 = CARTESIAN_POINT('',(15.75,85.));
#734 = CARTESIAN_POINT('',(15.75,83.700961894323));
#735 = CARTESIAN_POINT('',(14.625,84.350480947162));
#736 = CARTESIAN_POINT('',(13.5,85.));
#737 = CARTESIAN_POINT('',(14.625,85.649519052838));
#738 = CARTESIAN_POINT('',(15.75,86.299038105677));
#739 = CARTESIAN_POINT('',(15.75,85.));
#740 = ( GEOMETRIC_REPRESENTATION_CONTEXT(2) 
PARAMETRIC_REPRESENTATION_CONTEXT() REPRESENTATION_CONTEXT('2D SPACE',''
  ) );
#741 = PCURVE('',#742,#747);
#742 = CYLINDRICAL_SURFACE('',#743,0.75);
#743 = AXIS2_PLACEMENT_3D('',#744,#745,#746);
#744 = CARTESIAN_POINT('',(15.,85.,-0.1));
#745 = DIRECTION('',(-0.,-0.,-1.));
#746 = DIRECTION('',(1.,0.,0.));
#747 = DEFINITIONAL_REPRESENTATION('',(#748),#752);
#748 = LINE('',#749,#750);
#749 = CARTESIAN_POINT('',(-6.28318530718,-1.7));
#750 = VECTOR('',#751,1.);
#751 = DIRECTION('',(1.,-0.));
#752 = ( GEOMETRIC_REPRESENTATION_CONTEXT(2) 
PARAMETRIC_REPRESENTATION_CONTEXT() REPRESENTATION_CONTEXT('2D SPACE',''
  ) );
#753 = FACE_BOUND('',#754,.T.);
#754 = EDGE_LOOP('',(#755));
#755 = ORIENTED_EDGE('',*,*,#756,.T.);
#756 = EDGE_CURVE('',#757,#757,#759,.T.);
#757 = VERTEX_POINT('',#758);
#758 = CARTESIAN_POINT('',(24.5,6.,1.6));
#759 = SURFACE_CURVE('',#760,(#765,#776),.PCURVE_S1.);
#760 = CIRCLE('',#761,0.5);
#761 = AXIS2_PLACEMENT_3D('',#762,#763,#764);
#762 = CARTESIAN_POINT('',(24.,6.,1.6));
#763 = DIRECTION('',(0.,0.,-1.));
#764 = DIRECTION('',(1.,0.,0.));
#765 = PCURVE('',#267,#766);
#766 = DEFINITIONAL_REPRESENTATION('',(#767),#775);
#767 = ( BOUNDED_CURVE() B_SPLINE_CURVE(2,(#768,#769,#770,#771,#772,#773
,#774),.UNSPECIFIED.,.T.,.F.) B_SPLINE_CURVE_WITH_KNOTS((1,2,2,2,2,1),(
    -2.094395102393,0.,2.094395102393,4.188790204786,6.28318530718,
8.377580409573),.UNSPECIFIED.) CURVE() GEOMETRIC_REPRESENTATION_ITEM() 
RATIONAL_B_SPLINE_CURVE((1.,0.5,1.,0.5,1.,0.5,1.)) REPRESENTATION_ITEM(
  '') );
#768 = CARTESIAN_POINT('',(24.5,6.));
#769 = CARTESIAN_POINT('',(24.5,5.133974596216));
#770 = CARTESIAN_POINT('',(23.75,5.566987298108));
#771 = CARTESIAN_POINT('',(23.,6.));
#772 = CARTESIAN_POINT('',(23.75,6.433012701892));
#773 = CARTESIAN_POINT('',(24.5,6.866025403784));
#774 = CARTESIAN_POINT('',(24.5,6.));
#775 = ( GEOMETRIC_REPRESENTATION_CONTEXT(2) 
PARAMETRIC_REPRESENTATION_CONTEXT() REPRESENTATION_CONTEXT('2D SPACE',''
  ) );
#776 = PCURVE('',#777,#782);
#777 = CYLINDRICAL_SURFACE('',#778,0.5);
#778 = AXIS2_PLACEMENT_3D('',#779,#780,#781);
#779 = CARTESIAN_POINT('',(24.,6.,-0.1));
#780 = DIRECTION('',(-0.,-0.,-1.));
#781 = DIRECTION('',(1.,0.,0.));
#782 = DEFINITIONAL_REPRESENTATION('',(#783),#787);
#783 = LINE('',#784,#785);
#784 = CARTESIAN_POINT('',(-6.28318530718,-1.7));
#785 = VECTOR('',#786,1.);
#786 = DIRECTION('',(1.,-0.));
#787 = ( GEOMETRIC_REPRESENTATION_CONTEXT(2) 
PARAMETRIC_REPRESENTATION_CONTEXT() REPRESENTATION_CONTEXT('2D SPACE',''
  ) );
#788 = FACE_BOUND('',#789,.T.);
#789 = EDGE_LOOP('',(#790));
#790 = ORIENTED_EDGE('',*,*,#791,.T.);
#791 = EDGE_CURVE('',#792,#792,#794,.T.);
#792 = VERTEX_POINT('',#793);
#793 = CARTESIAN_POINT('',(27.04,6.,1.6));
#794 = SURFACE_CURVE('',#795,(#800,#811),.PCURVE_S1.);
#795 = CIRCLE('',#796,0.5);
#796 = AXIS2_PLACEMENT_3D('',#797,#798,#799);
#797 = CARTESIAN_POINT('',(26.54,6.,1.6));
#798 = DIRECTION('',(0.,0.,-1.));
#799 = DIRECTION('',(1.,0.,0.));
#800 = PCURVE('',#267,#801);
#801 = DEFINITIONAL_REPRESENTATION('',(#802),#810);
#802 = ( BOUNDED_CURVE() B_SPLINE_CURVE(2,(#803,#804,#805,#806,#807,#808
,#809),.UNSPECIFIED.,.T.,.F.) B_SPLINE_CURVE_WITH_KNOTS((1,2,2,2,2,1),(
    -2.094395102393,0.,2.094395102393,4.188790204786,6.28318530718,
8.377580409573),.UNSPECIFIED.) CURVE() GEOMETRIC_REPRESENTATION_ITEM() 
RATIONAL_B_SPLINE_CURVE((1.,0.5,1.,0.5,1.,0.5,1.)) REPRESENTATION_ITEM(
  '') );
#803 = CARTESIAN_POINT('',(27.04,6.));
#804 = CARTESIAN_POINT('',(27.04,5.133974596216));
#805 = CARTESIAN_POINT('',(26.29,5.566987298108));
#806 = CARTESIAN_POINT('',(25.54,6.));
#807 = CARTESIAN_POINT('',(26.29,6.433012701892));
#808 = CARTESIAN_POINT('',(27.04,6.866025403784));
#809 = CARTESIAN_POINT('',(27.04,6.));
#810 = ( GEOMETRIC_REPRESENTATION_CONTEXT(2) 
PARAMETRIC_REPRESENTATION_CONTEXT() REPRESENTATION_CONTEXT('2D SPACE',''
  ) );
#811 = PCURVE('',#812,#817);
#812 = CYLINDRICAL_SURFACE('',#813,0.5);
#813 = AXIS2_PLACEMENT_3D('',#814,#815,#816);
#814 = CARTESIAN_POINT('',(26.54,6.,-0.1));
#815 = DIRECTION('',(-0.,-0.,-1.));
#816 = DIRECTION('',(1.,0.,0.));
#817 = DEFINITIONAL_REPRESENTATION('',(#818),#822);
#818 = LINE('',#819,#820);
#819 = CARTESIAN_POINT('',(-6.28318530718,-1.7));
#820 = VECTOR('',#821,1.);
#821 = DIRECTION('',(1.,-0.));
#822 = ( GEOMETRIC_REPRESENTATION_CONTEXT(2) 
PARAMETRIC_REPRESENTATION_CONTEXT() REPRESENTATION_CONTEXT('2D SPACE',''
  ) );
#823 = FACE_BOUND('',#824,.T.);
#824 = EDGE_LOOP('',(#825));
#825 = ORIENTED_EDGE('',*,*,#826,.T.);
#826 = EDGE_CURVE('',#827,#827,#829,.T.);
#827 = VERTEX_POINT('',#828);
#828 = CARTESIAN_POINT('',(33.75,15.,1.6));
#829 = SURFACE_CURVE('',#830,(#835,#846),.PCURVE_S1.);
#830 = CIRCLE('',#831,0.75);
#831 = AXIS2_PLACEMENT_3D('',#832,#833,#834);
#832 = CARTESIAN_POINT('',(33.,15.,1.6));
#833 = DIRECTION('',(0.,0.,-1.));
#834 = DIRECTION('',(1.,0.,0.));
#835 = PCURVE('',#267,#836);
#836 = DEFINITIONAL_REPRESENTATION('',(#837),#845);
#837 = ( BOUNDED_CURVE() B_SPLINE_CURVE(2,(#838,#839,#840,#841,#842,#843
,#844),.UNSPECIFIED.,.T.,.F.) B_SPLINE_CURVE_WITH_KNOTS((1,2,2,2,2,1),(
    -2.094395102393,0.,2.094395102393,4.188790204786,6.28318530718,
8.377580409573),.UNSPECIFIED.) CURVE() GEOMETRIC_REPRESENTATION_ITEM() 
RATIONAL_B_SPLINE_CURVE((1.,0.5,1.,0.5,1.,0.5,1.)) REPRESENTATION_ITEM(
  '') );
#838 = CARTESIAN_POINT('',(33.75,15.));
#839 = CARTESIAN_POINT('',(33.75,13.700961894323));
#840 = CARTESIAN_POINT('',(32.625,14.350480947162));
#841 = CARTESIAN_POINT('',(31.5,15.));
#842 = CARTESIAN_POINT('',(32.625,15.649519052838));
#843 = CARTESIAN_POINT('',(33.75,16.299038105677));
#844 = CARTESIAN_POINT('',(33.75,15.));
#845 = ( GEOMETRIC_REPRESENTATION_CONTEXT(2) 
PARAMETRIC_REPRESENTATION_CONTEXT() REPRESENTATION_CONTEXT('2D SPACE',''
  ) );
#846 = PCURVE('',#847,#852);
#847 = CYLINDRICAL_SURFACE('',#848,0.75);
#848 = AXIS2_PLACEMENT_3D('',#849,#850,#851);
#849 = CARTESIAN_POINT('',(33.,15.,-0.1));
#850 = DIRECTION('',(-0.,-0.,-1.));
#851 = DIRECTION('',(1.,0.,0.));
#852 = DEFINITIONAL_REPRESENTATION('',(#853),#857);
#853 = LINE('',#854,#855);
#854 = CARTESIAN_POINT('',(-6.28318530718,-1.7));
#855 = VECTOR('',#856,1.);
#856 = DIRECTION('',(1.,-0.));
#857 = ( GEOMETRIC_REPRESENTATION_CONTEXT(2) 
PARAMETRIC_REPRESENTATION_CONTEXT() REPRESENTATION_CONTEXT('2D SPACE',''
  ) );
#858 = FACE_BOUND('',#859,.T.);
#859 = EDGE_LOOP('',(#860));
#860 = ORIENTED_EDGE('',*,*,#861,.T.);
#861 = EDGE_CURVE('',#862,#862,#864,.T.);
#862 = VERTEX_POINT('',#863);
#863 = CARTESIAN_POINT('',(33.75,25.,1.6));
#864 = SURFACE_CURVE('',#865,(#870,#881),.PCURVE_S1.);
#865 = CIRCLE('',#866,0.75);
#866 = AXIS2_PLACEMENT_3D('',#867,#868,#869);
#867 = CARTESIAN_POINT('',(33.,25.,1.6));
#868 = DIRECTION('',(0.,0.,-1.));
#869 = DIRECTION('',(1.,0.,0.));
#870 = PCURVE('',#267,#871);
#871 = DEFINITIONAL_REPRESENTATION('',(#872),#880);
#872 = ( BOUNDED_CURVE() B_SPLINE_CURVE(2,(#873,#874,#875,#876,#877,#878
,#879),.UNSPECIFIED.,.T.,.F.) B_SPLINE_CURVE_WITH_KNOTS((1,2,2,2,2,1),(
    -2.094395102393,0.,2.094395102393,4.188790204786,6.28318530718,
8.377580409573),.UNSPECIFIED.) CURVE() GEOMETRIC_REPRESENTATION_ITEM() 
RATIONAL_B_SPLINE_CURVE((1.,0.5,1.,0.5,1.,0.5,1.)) REPRESENTATION_ITEM(
  '') );
#873 = CARTESIAN_POINT('',(33.75,25.));
#874 = CARTESIAN_POINT('',(33.75,23.700961894323));
#875 = CARTESIAN_POINT('',(32.625,24.350480947162));
#876 = CARTESIAN_POINT('',(31.5,25.));
#877 = CARTESIAN_POINT('',(32.625,25.649519052838));
#878 = CARTESIAN_POINT('',(33.75,26.299038105677));
#879 = CARTESIAN_POINT('',(33.75,25.));
#880 = ( GEOMETRIC_REPRESENTATION_CONTEXT(2) 
PARAMETRIC_REPRESENTATION_CONTEXT() REPRESENTATION_CONTEXT('2D SPACE',''
  ) );
#881 = PCURVE('',#882,#887);
#882 = CYLINDRICAL_SURFACE('',#883,0.75);
#883 = AXIS2_PLACEMENT_3D('',#884,#885,#886);
#884 = CARTESIAN_POINT('',(33.,25.,-0.1));
#885 = DIRECTION('',(-0.,-0.,-1.));
#886 = DIRECTION('',(1.,0.,0.));
#887 = DEFINITIONAL_REPRESENTATION('',(#888),#892);
#888 = LINE('',#889,#890);
#889 = CARTESIAN_POINT('',(-6.28318530718,-1.7));
#890 = VECTOR('',#891,1.);
#891 = DIRECTION('',(1.,-0.));
#892 = ( GEOMETRIC_REPRESENTATION_CONTEXT(2) 
PARAMETRIC_REPRESENTATION_CONTEXT() REPRESENTATION_CONTEXT('2D SPACE',''
  ) );
#893 = FACE_BOUND('',#894,.T.);
#894 = EDGE_LOOP('',(#895));
#895 = ORIENTED_EDGE('',*,*,#896,.T.);
#896 = EDGE_CURVE('',#897,#897,#899,.T.);
#897 = VERTEX_POINT('',#898);
#898 = CARTESIAN_POINT('',(33.75,35.,1.6));
#899 = SURFACE_CURVE('',#900,(#905,#916),.PCURVE_S1.);
#900 = CIRCLE('',#901,0.75);
#901 = AXIS2_PLACEMENT_3D('',#902,#903,#904);
#902 = CARTESIAN_POINT('',(33.,35.,1.6));
#903 = DIRECTION('',(0.,0.,-1.));
#904 = DIRECTION('',(1.,0.,0.));
#905 = PCURVE('',#267,#906);
#906 = DEFINITIONAL_REPRESENTATION('',(#907),#915);
#907 = ( BOUNDED_CURVE() B_SPLINE_CURVE(2,(#908,#909,#910,#911,#912,#913
,#914),.UNSPECIFIED.,.T.,.F.) B_SPLINE_CURVE_WITH_KNOTS((1,2,2,2,2,1),(
    -2.094395102393,0.,2.094395102393,4.188790204786,6.28318530718,
8.377580409573),.UNSPECIFIED.) CURVE() GEOMETRIC_REPRESENTATION_ITEM() 
RATIONAL_B_SPLINE_CURVE((1.,0.5,1.,0.5,1.,0.5,1.)) REPRESENTATION_ITEM(
  '') );
#908 = CARTESIAN_POINT('',(33.75,35.));
#909 = CARTESIAN_POINT('',(33.75,33.700961894323));
#910 = CARTESIAN_POINT('',(32.625,34.350480947162));
#911 = CARTESIAN_POINT('',(31.5,35.));
#912 = CARTESIAN_POINT('',(32.625,35.649519052838));
#913 = CARTESIAN_POINT('',(33.75,36.299038105677));
#914 = CARTESIAN_POINT('',(33.75,35.));
#915 = ( GEOMETRIC_REPRESENTATION_CONTEXT(2) 
PARAMETRIC_REPRESENTATION_CONTEXT() REPRESENTATION_CONTEXT('2D SPACE',''
  ) );
#916 = PCURVE('',#917,#922);
#917 = CYLINDRICAL_SURFACE('',#918,0.75);
#918 = AXIS2_PLACEMENT_3D('',#919,#920,#921);
#919 = CARTESIAN_POINT('',(33.,35.,-0.1));
#920 = DIRECTION('',(-0.,-0.,-1.));
#921 = DIRECTION('',(1.,0.,0.));
#922 = DEFINITIONAL_REPRESENTATION('',(#923),#927);
#923 = LINE('',#924,#925);
#924 = CARTESIAN_POINT('',(-6.28318530718,-1.7));
#925 = VECTOR('',#926,1.);
#926 = DIRECTION('',(1.,-0.));
#927 = ( GEOMETRIC_REPRESENTATION_CONTEXT(2) 
PARAMETRIC_REPRESENTATION_CONTEXT() REPRESENTATION_CONTEXT('2D SPACE',''
  ) );
#928 = FACE_BOUND('',#929,.T.);
#929 = EDGE_LOOP('',(#930));
#930 = ORIENTED_EDGE('',*,*,#931,.T.);
#931 = EDGE_CURVE('',#932,#932,#934,.T.);
#932 = VERTEX_POINT('',#933);
#933 = CARTESIAN_POINT('',(33.75,45.,1.6));
#934 = SURFACE_CURVE('',#935,(#940,#951),.PCURVE_S1.);
#935 = CIRCLE('',#936,0.75);
#936 = AXIS2_PLACEMENT_3D('',#937,#938,#939);
#937 = CARTESIAN_POINT('',(33.,45.,1.6));
#938 = DIRECTION('',(0.,0.,-1.));
#939 = DIRECTION('',(1.,0.,0.));
#940 = PCURVE('',#267,#941);
#941 = DEFINITIONAL_REPRESENTATION('',(#942),#950);
#942 = ( BOUNDED_CURVE() B_SPLINE_CURVE(2,(#943,#944,#945,#946,#947,#948
,#949),.UNSPECIFIED.,.T.,.F.) B_SPLINE_CURVE_WITH_KNOTS((1,2,2,2,2,1),(
    -2.094395102393,0.,2.094395102393,4.188790204786,6.28318530718,
8.377580409573),.UNSPECIFIED.) CURVE() GEOMETRIC_REPRESENTATION_ITEM() 
RATIONAL_B_SPLINE_CURVE((1.,0.5,1.,0.5,1.,0.5,1.)) REPRESENTATION_ITEM(
  '') );
#943 = CARTESIAN_POINT('',(33.75,45.));
#944 = CARTESIAN_POINT('',(33.75,43.700961894323));
#945 = CARTESIAN_POINT('',(32.625,44.350480947162));
#946 = CARTESIAN_POINT('',(31.5,45.));
#947 = CARTESIAN_POINT('',(32.625,45.649519052838));
#948 = CARTESIAN_POINT('',(33.75,46.299038105677));
#949 = CARTESIAN_POINT('',(33.75,45.));
#950 = ( GEOMETRIC_REPRESENTATION_CONTEXT(2) 
PARAMETRIC_REPRESENTATION_CONTEXT() REPRESENTATION_CONTEXT('2D SPACE',''
  ) );
#951 = PCURVE('',#952,#957);
#952 = CYLINDRICAL_SURFACE('',#953,0.75);
#953 = AXIS2_PLACEMENT_3D('',#954,#955,#956);
#954 = CARTESIAN_POINT('',(33.,45.,-0.1));
#955 = DIRECTION('',(-0.,-0.,-1.));
#956 = DIRECTION('',(1.,0.,0.));
#957 = DEFINITIONAL_REPRESENTATION('',(#958),#962);
#958 = LINE('',#959,#960);
#959 = CARTESIAN_POINT('',(-6.28318530718,-1.7));
#960 = VECTOR('',#961,1.);
#961 = DIRECTION('',(1.,-0.));
#962 = ( GEOMETRIC_REPRESENTATION_CONTEXT(2) 
PARAMETRIC_REPRESENTATION_CONTEXT() REPRESENTATION_CONTEXT('2D SPACE',''
  ) );
#963 = FACE_BOUND('',#964,.T.);
#964 = EDGE_LOOP('',(#965));
#965 = ORIENTED_EDGE('',*,*,#966,.T.);
#966 = EDGE_CURVE('',#967,#967,#969,.T.);
#967 = VERTEX_POINT('',#968);
#968 = CARTESIAN_POINT('',(37.4,7.,1.6));
#969 = SURFACE_CURVE('',#970,(#975,#986),.PCURVE_S1.);
#970 = CIRCLE('',#971,0.4);
#971 = AXIS2_PLACEMENT_3D('',#972,#973,#974);
#972 = CARTESIAN_POINT('',(37.,7.,1.6));
#973 = DIRECTION('',(0.,0.,-1.));
#974 = DIRECTION('',(1.,0.,0.));
#975 = PCURVE('',#267,#976);
#976 = DEFINITIONAL_REPRESENTATION('',(#977),#985);
#977 = ( BOUNDED_CURVE() B_SPLINE_CURVE(2,(#978,#979,#980,#981,#982,#983
,#984),.UNSPECIFIED.,.T.,.F.) B_SPLINE_CURVE_WITH_KNOTS((1,2,2,2,2,1),(
    -2.094395102393,0.,2.094395102393,4.188790204786,6.28318530718,
8.377580409573),.UNSPECIFIED.) CURVE() GEOMETRIC_REPRESENTATION_ITEM() 
RATIONAL_B_SPLINE_CURVE((1.,0.5,1.,0.5,1.,0.5,1.)) REPRESENTATION_ITEM(
  '') );
#978 = CARTESIAN_POINT('',(37.4,7.));
#979 = CARTESIAN_POINT('',(37.4,6.307179676972));
#980 = CARTESIAN_POINT('',(36.8,6.653589838486));
#981 = CARTESIAN_POINT('',(36.2,7.));
#982 = CARTESIAN_POINT('',(36.8,7.346410161514));
#983 = CARTESIAN_POINT('',(37.4,7.692820323028));
#984 = CARTESIAN_POINT('',(37.4,7.));
#985 = ( GEOMETRIC_REPRESENTATION_CONTEXT(2) 
PARAMETRIC_REPRESENTATION_CONTEXT() REPRESENTATION_CONTEXT('2D SPACE',''
  ) );
#986 = PCURVE('',#987,#992);
#987 = CYLINDRICAL_SURFACE('',#988,0.4);
#988 = AXIS2_PLACEMENT_3D('',#989,#990,#991);
#989 = CARTESIAN_POINT('',(37.,7.,-0.1));
#990 = DIRECTION('',(-0.,-0.,-1.));
#991 = DIRECTION('',(1.,0.,0.));
#992 = DEFINITIONAL_REPRESENTATION('',(#993),#997);
#993 = LINE('',#994,#995);
#994 = CARTESIAN_POINT('',(-6.28318530718,-1.7));
#995 = VECTOR('',#996,1.);
#996 = DIRECTION('',(1.,-0.));
#997 = ( GEOMETRIC_REPRESENTATION_CONTEXT(2) 
PARAMETRIC_REPRESENTATION_CONTEXT() REPRESENTATION_CONTEXT('2D SPACE',''
  ) );
#998 = FACE_BOUND('',#999,.T.);
#999 = EDGE_LOOP('',(#1000));
#1000 = ORIENTED_EDGE('',*,*,#1001,.T.);
#1001 = EDGE_CURVE('',#1002,#1002,#1004,.T.);
#1002 = VERTEX_POINT('',#1003);
#1003 = CARTESIAN_POINT('',(39.9,7.,1.6));
#1004 = SURFACE_CURVE('',#1005,(#1010,#1021),.PCURVE_S1.);
#1005 = CIRCLE('',#1006,0.4);
#1006 = AXIS2_PLACEMENT_3D('',#1007,#1008,#1009);
#1007 = CARTESIAN_POINT('',(39.5,7.,1.6));
#1008 = DIRECTION('',(0.,0.,-1.));
#1009 = DIRECTION('',(1.,0.,0.));
#1010 = PCURVE('',#267,#1011);
#1011 = DEFINITIONAL_REPRESENTATION('',(#1012),#1020);
#1012 = ( BOUNDED_CURVE() B_SPLINE_CURVE(2,(#1013,#1014,#1015,#1016,
#1017,#1018,#1019),.UNSPECIFIED.,.T.,.F.) B_SPLINE_CURVE_WITH_KNOTS((1,2
    ,2,2,2,1),(-2.094395102393,0.,2.094395102393,4.188790204786,
6.28318530718,8.377580409573),.UNSPECIFIED.) CURVE() 
GEOMETRIC_REPRESENTATION_ITEM() RATIONAL_B_SPLINE_CURVE((1.,0.5,1.,0.5,
1.,0.5,1.)) REPRESENTATION_ITEM('') );
#1013 = CARTESIAN_POINT('',(39.9,7.));
#1014 = CARTESIAN_POINT('',(39.9,6.307179676972));
#1015 = CARTESIAN_POINT('',(39.3,6.653589838486));
#1016 = CARTESIAN_POINT('',(38.7,7.));
#1017 = CARTESIAN_POINT('',(39.3,7.346410161514));
#1018 = CARTESIAN_POINT('',(39.9,7.692820323028));
#1019 = CARTESIAN_POINT('',(39.9,7.));
#1020 = ( GEOMETRIC_REPRESENTATION_CONTEXT(2) 
PARAMETRIC_REPRESENTATION_CONTEXT() REPRESENTATION_CONTEXT('2D SPACE',''
  ) );
#1021 = PCURVE('',#1022,#1027);
#1022 = CYLINDRICAL_SURFACE('',#1023,0.4);
#1023 = AXIS2_PLACEMENT_3D('',#1024,#1025,#1026);
#1024 = CARTESIAN_POINT('',(39.5,7.,-0.1));
#1025 = DIRECTION('',(-0.,-0.,-1.));
#1026 = DIRECTION('',(1.,0.,0.));
#1027 = DEFINITIONAL_REPRESENTATION('',(#1028),#1032);
#1028 = LINE('',#1029,#1030);
#1029 = CARTESIAN_POINT('',(-6.28318530718,-1.7));
#1030 = VECTOR('',#1031,1.);
#1031 = DIRECTION('',(1.,-0.));
#1032 = ( GEOMETRIC_REPRESENTATION_CONTEXT(2) 
PARAMETRIC_REPRESENTATION_CONTEXT() REPRESENTATION_CONTEXT('2D SPACE',''
  ) );
#1033 = FACE_BOUND('',#1034,.T.);
#1034 = EDGE_LOOP('',(#1035));
#1035 = ORIENTED_EDGE('',*,*,#1036,.T.);
#1036 = EDGE_CURVE('',#1037,#1037,#1039,.T.);
#1037 = VERTEX_POINT('',#1038);
#1038 = CARTESIAN_POINT('',(46.1,5.,1.6));
#1039 = SURFACE_CURVE('',#1040,(#1045,#1056),.PCURVE_S1.);
#1040 = CIRCLE('',#1041,1.6);
#1041 = AXIS2_PLACEMENT_3D('',#1042,#1043,#1044);
#1042 = CARTESIAN_POINT('',(44.5,5.,1.6));
#1043 = DIRECTION('',(0.,0.,-1.));
#1044 = DIRECTION('',(1.,0.,0.));
#1045 = PCURVE('',#267,#1046);
#1046 = DEFINITIONAL_REPRESENTATION('',(#1047),#1055);
#1047 = ( BOUNDED_CURVE() B_SPLINE_CURVE(2,(#1048,#1049,#1050,#1051,
#1052,#1053,#1054),.UNSPECIFIED.,.T.,.F.) B_SPLINE_CURVE_WITH_KNOTS((1,2
    ,2,2,2,1),(-2.094395102393,0.,2.094395102393,4.188790204786,
6.28318530718,8.377580409573),.UNSPECIFIED.) CURVE() 
GEOMETRIC_REPRESENTATION_ITEM() RATIONAL_B_SPLINE_CURVE((1.,0.5,1.,0.5,
1.,0.5,1.)) REPRESENTATION_ITEM('') );
#1048 = CARTESIAN_POINT('',(46.1,5.));
#1049 = CARTESIAN_POINT('',(46.1,2.22871870789));
#1050 = CARTESIAN_POINT('',(43.7,3.614359353945));
#1051 = CARTESIAN_POINT('',(41.3,5.));
#1052 = CARTESIAN_POINT('',(43.7,6.385640646055));
#1053 = CARTESIAN_POINT('',(46.1,7.77128129211));
#1054 = CARTESIAN_POINT('',(46.1,5.));
#1055 = ( GEOMETRIC_REPRESENTATION_CONTEXT(2) 
PARAMETRIC_REPRESENTATION_CONTEXT() REPRESENTATION_CONTEXT('2D SPACE',''
  ) );
#1056 = PCURVE('',#1057,#1062);
#1057 = CYLINDRICAL_SURFACE('',#1058,1.6);
#1058 = AXIS2_PLACEMENT_3D('',#1059,#1060,#1061);
#1059 = CARTESIAN_POINT('',(44.5,5.,-0.1));
#1060 = DIRECTION('',(-0.,-0.,-1.));
#1061 = DIRECTION('',(1.,0.,0.));
#1062 = DEFINITIONAL_REPRESENTATION('',(#1063),#1067);
#1063 = LINE('',#1064,#1065);
#1064 = CARTESIAN_POINT('',(-6.28318530718,-1.7));
#1065 = VECTOR('',#1066,1.);
#1066 = DIRECTION('',(1.,-0.));
#1067 = ( GEOMETRIC_REPRESENTATION_CONTEXT(2) 
PARAMETRIC_REPRESENTATION_CONTEXT() REPRESENTATION_CONTEXT('2D SPACE',''
  ) );
#1068 = FACE_BOUND('',#1069,.T.);
#1069 = EDGE_LOOP('',(#1070));
#1070 = ORIENTED_EDGE('',*,*,#1071,.T.);
#1071 = EDGE_CURVE('',#1072,#1072,#1074,.T.);
#1072 = VERTEX_POINT('',#1073);
#1073 = CARTESIAN_POINT('',(33.75,55.,1.6));
#1074 = SURFACE_CURVE('',#1075,(#1080,#1091),.PCURVE_S1.);
#1075 = CIRCLE('',#1076,0.75);
#1076 = AXIS2_PLACEMENT_3D('',#1077,#1078,#1079);
#1077 = CARTESIAN_POINT('',(33.,55.,1.6));
#1078 = DIRECTION('',(0.,0.,-1.));
#1079 = DIRECTION('',(1.,0.,0.));
#1080 = PCURVE('',#267,#1081);
#1081 = DEFINITIONAL_REPRESENTATION('',(#1082),#1090);
#1082 = ( BOUNDED_CURVE() B_SPLINE_CURVE(2,(#1083,#1084,#1085,#1086,
#1087,#1088,#1089),.UNSPECIFIED.,.T.,.F.) B_SPLINE_CURVE_WITH_KNOTS((1,2
    ,2,2,2,1),(-2.094395102393,0.,2.094395102393,4.188790204786,
6.28318530718,8.377580409573),.UNSPECIFIED.) CURVE() 
GEOMETRIC_REPRESENTATION_ITEM() RATIONAL_B_SPLINE_CURVE((1.,0.5,1.,0.5,
1.,0.5,1.)) REPRESENTATION_ITEM('') );
#1083 = CARTESIAN_POINT('',(33.75,55.));
#1084 = CARTESIAN_POINT('',(33.75,53.700961894323));
#1085 = CARTESIAN_POINT('',(32.625,54.350480947162));
#1086 = CARTESIAN_POINT('',(31.5,55.));
#1087 = CARTESIAN_POINT('',(32.625,55.649519052838));
#1088 = CARTESIAN_POINT('',(33.75,56.299038105677));
#1089 = CARTESIAN_POINT('',(33.75,55.));
#1090 = ( GEOMETRIC_REPRESENTATION_CONTEXT(2) 
PARAMETRIC_REPRESENTATION_CONTEXT() REPRESENTATION_CONTEXT('2D SPACE',''
  ) );
#1091 = PCURVE('',#1092,#1097);
#1092 = CYLINDRICAL_SURFACE('',#1093,0.75);
#1093 = AXIS2_PLACEMENT_3D('',#1094,#1095,#1096);
#1094 = CARTESIAN_POINT('',(33.,55.,-0.1));
#1095 = DIRECTION('',(-0.,-0.,-1.));
#1096 = DIRECTION('',(1.,0.,0.));
#1097 = DEFINITIONAL_REPRESENTATION('',(#1098),#1102);
#1098 = LINE('',#1099,#1100);
#1099 = CARTESIAN_POINT('',(-6.28318530718,-1.7));
#1100 = VECTOR('',#1101,1.);
#1101 = DIRECTION('',(1.,-0.));
#1102 = ( GEOMETRIC_REPRESENTATION_CONTEXT(2) 
PARAMETRIC_REPRESENTATION_CONTEXT() REPRESENTATION_CONTEXT('2D SPACE',''
  ) );
#1103 = FACE_BOUND('',#1104,.T.);
#1104 = EDGE_LOOP('',(#1105));
#1105 = ORIENTED_EDGE('',*,*,#1106,.T.);
#1106 = EDGE_CURVE('',#1107,#1107,#1109,.T.);
#1107 = VERTEX_POINT('',#1108);
#1108 = CARTESIAN_POINT('',(33.75,65.,1.6));
#1109 = SURFACE_CURVE('',#1110,(#1115,#1126),.PCURVE_S1.);
#1110 = CIRCLE('',#1111,0.75);
#1111 = AXIS2_PLACEMENT_3D('',#1112,#1113,#1114);
#1112 = CARTESIAN_POINT('',(33.,65.,1.6));
#1113 = DIRECTION('',(0.,0.,-1.));
#1114 = DIRECTION('',(1.,0.,0.));
#1115 = PCURVE('',#267,#1116);
#1116 = DEFINITIONAL_REPRESENTATION('',(#1117),#1125);
#1117 = ( BOUNDED_CURVE() B_SPLINE_CURVE(2,(#1118,#1119,#1120,#1121,
#1122,#1123,#1124),.UNSPECIFIED.,.T.,.F.) B_SPLINE_CURVE_WITH_KNOTS((1,2
    ,2,2,2,1),(-2.094395102393,0.,2.094395102393,4.188790204786,
6.28318530718,8.377580409573),.UNSPECIFIED.) CURVE() 
GEOMETRIC_REPRESENTATION_ITEM() RATIONAL_B_SPLINE_CURVE((1.,0.5,1.,0.5,
1.,0.5,1.)) REPRESENTATION_ITEM('') );
#1118 = CARTESIAN_POINT('',(33.75,65.));
#1119 = CARTESIAN_POINT('',(33.75,63.700961894323));
#1120 = CARTESIAN_POINT('',(32.625,64.350480947162));
#1121 = CARTESIAN_POINT('',(31.5,65.));
#1122 = CARTESIAN_POINT('',(32.625,65.649519052838));
#1123 = CARTESIAN_POINT('',(33.75,66.299038105677));
#1124 = CARTESIAN_POINT('',(33.75,65.));
#1125 = ( GEOMETRIC_REPRESENTATION_CONTEXT(2) 
PARAMETRIC_REPRESENTATION_CONTEXT() REPRESENTATION_CONTEXT('2D SPACE',''
  ) );
#1126 = PCURVE('',#1127,#1132);
#1127 = CYLINDRICAL_SURFACE('',#1128,0.75);
#1128 = AXIS2_PLACEMENT_3D('',#1129,#1130,#1131);
#1129 = CARTESIAN_POINT('',(33.,65.,-0.1));
#1130 = DIRECTION('',(-0.,-0.,-1.));
#1131 = DIRECTION('',(1.,0.,0.));
#1132 = DEFINITIONAL_REPRESENTATION('',(#1133),#1137);
#1133 = LINE('',#1134,#1135);
#1134 = CARTESIAN_POINT('',(-6.28318530718,-1.7));
#1135 = VECTOR('',#1136,1.);
#1136 = DIRECTION('',(1.,-0.));
#1137 = ( GEOMETRIC_REPRESENTATION_CONTEXT(2) 
PARAMETRIC_REPRESENTATION_CONTEXT() REPRESENTATION_CONTEXT('2D SPACE',''
  ) );
#1138 = FACE_BOUND('',#1139,.T.);
#1139 = EDGE_LOOP('',(#1140));
#1140 = ORIENTED_EDGE('',*,*,#1141,.T.);
#1141 = EDGE_CURVE('',#1142,#1142,#1144,.T.);
#1142 = VERTEX_POINT('',#1143);
#1143 = CARTESIAN_POINT('',(33.75,75.,1.6));
#1144 = SURFACE_CURVE('',#1145,(#1150,#1161),.PCURVE_S1.);
#1145 = CIRCLE('',#1146,0.75);
#1146 = AXIS2_PLACEMENT_3D('',#1147,#1148,#1149);
#1147 = CARTESIAN_POINT('',(33.,75.,1.6));
#1148 = DIRECTION('',(0.,0.,-1.));
#1149 = DIRECTION('',(1.,0.,0.));
#1150 = PCURVE('',#267,#1151);
#1151 = DEFINITIONAL_REPRESENTATION('',(#1152),#1160);
#1152 = ( BOUNDED_CURVE() B_SPLINE_CURVE(2,(#1153,#1154,#1155,#1156,
#1157,#1158,#1159),.UNSPECIFIED.,.T.,.F.) B_SPLINE_CURVE_WITH_KNOTS((1,2
    ,2,2,2,1),(-2.094395102393,0.,2.094395102393,4.188790204786,
6.28318530718,8.377580409573),.UNSPECIFIED.) CURVE() 
GEOMETRIC_REPRESENTATION_ITEM() RATIONAL_B_SPLINE_CURVE((1.,0.5,1.,0.5,
1.,0.5,1.)) REPRESENTATION_ITEM('') );
#1153 = CARTESIAN_POINT('',(33.75,75.));
#1154 = CARTESIAN_POINT('',(33.75,73.700961894323));
#1155 = CARTESIAN_POINT('',(32.625,74.350480947162));
#1156 = CARTESIAN_POINT('',(31.5,75.));
#1157 = CARTESIAN_POINT('',(32.625,75.649519052838));
#1158 = CARTESIAN_POINT('',(33.75,76.299038105677));
#1159 = CARTESIAN_POINT('',(33.75,75.));
#1160 = ( GEOMETRIC_REPRESENTATION_CONTEXT(2) 
PARAMETRIC_REPRESENTATION_CONTEXT() REPRESENTATION_CONTEXT('2D SPACE',''
  ) );
#1161 = PCURVE('',#1162,#1167);
#1162 = CYLINDRICAL_SURFACE('',#1163,0.75);
#1163 = AXIS2_PLACEMENT_3D('',#1164,#1165,#1166);
#1164 = CARTESIAN_POINT('',(33.,75.,-0.1));
#1165 = DIRECTION('',(-0.,-0.,-1.));
#1166 = DIRECTION('',(1.,0.,0.));
#1167 = DEFINITIONAL_REPRESENTATION('',(#1168),#1172);
#1168 = LINE('',#1169,#1170);
#1169 = CARTESIAN_POINT('',(-6.28318530718,-1.7));
#1170 = VECTOR('',#1171,1.);
#1171 = DIRECTION('',(1.,-0.));
#1172 = ( GEOMETRIC_REPRESENTATION_CONTEXT(2) 
PARAMETRIC_REPRESENTATION_CONTEXT() REPRESENTATION_CONTEXT('2D SPACE',''
  ) );
#1173 = FACE_BOUND('',#1174,.T.);
#1174 = EDGE_LOOP('',(#1175));
#1175 = ORIENTED_EDGE('',*,*,#1176,.T.);
#1176 = EDGE_CURVE('',#1177,#1177,#1179,.T.);
#1177 = VERTEX_POINT('',#1178);
#1178 = CARTESIAN_POINT('',(33.75,85.,1.6));
#1179 = SURFACE_CURVE('',#1180,(#1185,#1196),.PCURVE_S1.);
#1180 = CIRCLE('',#1181,0.75);
#1181 = AXIS2_PLACEMENT_3D('',#1182,#1183,#1184);
#1182 = CARTESIAN_POINT('',(33.,85.,1.6));
#1183 = DIRECTION('',(0.,0.,-1.));
#1184 = DIRECTION('',(1.,0.,0.));
#1185 = PCURVE('',#267,#1186);
#1186 = DEFINITIONAL_REPRESENTATION('',(#1187),#1195);
#1187 = ( BOUNDED_CURVE() B_SPLINE_CURVE(2,(#1188,#1189,#1190,#1191,
#1192,#1193,#1194),.UNSPECIFIED.,.T.,.F.) B_SPLINE_CURVE_WITH_KNOTS((1,2
    ,2,2,2,1),(-2.094395102393,0.,2.094395102393,4.188790204786,
6.28318530718,8.377580409573),.UNSPECIFIED.) CURVE() 
GEOMETRIC_REPRESENTATION_ITEM() RATIONAL_B_SPLINE_CURVE((1.,0.5,1.,0.5,
1.,0.5,1.)) REPRESENTATION_ITEM('') );
#1188 = CARTESIAN_POINT('',(33.75,85.));
#1189 = CARTESIAN_POINT('',(33.75,83.700961894323));
#1190 = CARTESIAN_POINT('',(32.625,84.350480947162));
#1191 = CARTESIAN_POINT('',(31.5,85.));
#1192 = CARTESIAN_POINT('',(32.625,85.649519052838));
#1193 = CARTESIAN_POINT('',(33.75,86.299038105677));
#1194 = CARTESIAN_POINT('',(33.75,85.));
#1195 = ( GEOMETRIC_REPRESENTATION_CONTEXT(2) 
PARAMETRIC_REPRESENTATION_CONTEXT() REPRESENTATION_CONTEXT('2D SPACE',''
  ) );
#1196 = PCURVE('',#1197,#1202);
#1197 = CYLINDRICAL_SURFACE('',#1198,0.75);
#1198 = AXIS2_PLACEMENT_3D('',#1199,#1200,#1201);
#1199 = CARTESIAN_POINT('',(33.,85.,-0.1));
#1200 = DIRECTION('',(-0.,-0.,-1.));
#1201 = DIRECTION('',(1.,0.,0.));
#1202 = DEFINITIONAL_REPRESENTATION('',(#1203),#1207);
#1203 = LINE('',#1204,#1205);
#1204 = CARTESIAN_POINT('',(-6.28318530718,-1.7));
#1205 = VECTOR('',#1206,1.);
#1206 = DIRECTION('',(1.,-0.));
#1207 = ( GEOMETRIC_REPRESENTATION_CONTEXT(2) 
PARAMETRIC_REPRESENTATION_CONTEXT() REPRESENTATION_CONTEXT('2D SPACE',''
  ) );
#1208 = FACE_BOUND('',#1209,.T.);
#1209 = EDGE_LOOP('',(#1210));
#1210 = ORIENTED_EDGE('',*,*,#1211,.T.);
#1211 = EDGE_CURVE('',#1212,#1212,#1214,.T.);
#1212 = VERTEX_POINT('',#1213);
#1213 = CARTESIAN_POINT('',(15.75,95.,1.6));
#1214 = SURFACE_CURVE('',#1215,(#1220,#1231),.PCURVE_S1.);
#1215 = CIRCLE('',#1216,0.75);
#1216 = AXIS2_PLACEMENT_3D('',#1217,#1218,#1219);
#1217 = CARTESIAN_POINT('',(15.,95.,1.6));
#1218 = DIRECTION('',(0.,0.,-1.));
#1219 = DIRECTION('',(1.,0.,0.));
#1220 = PCURVE('',#267,#1221);
#1221 = DEFINITIONAL_REPRESENTATION('',(#1222),#1230);
#1222 = ( BOUNDED_CURVE() B_SPLINE_CURVE(2,(#1223,#1224,#1225,#1226,
#1227,#1228,#1229),.UNSPECIFIED.,.T.,.F.) B_SPLINE_CURVE_WITH_KNOTS((1,2
    ,2,2,2,1),(-2.094395102393,0.,2.094395102393,4.188790204786,
6.28318530718,8.377580409573),.UNSPECIFIED.) CURVE() 
GEOMETRIC_REPRESENTATION_ITEM() RATIONAL_B_SPLINE_CURVE((1.,0.5,1.,0.5,
1.,0.5,1.)) REPRESENTATION_ITEM('') );
#1223 = CARTESIAN_POINT('',(15.75,95.));
#1224 = CARTESIAN_POINT('',(15.75,93.700961894323));
#1225 = CARTESIAN_POINT('',(14.625,94.350480947162));
#1226 = CARTESIAN_POINT('',(13.5,95.));
#1227 = CARTESIAN_POINT('',(14.625,95.649519052838));
#1228 = CARTESIAN_POINT('',(15.75,96.299038105677));
#1229 = CARTESIAN_POINT('',(15.75,95.));
#1230 = ( GEOMETRIC_REPRESENTATION_CONTEXT(2) 
PARAMETRIC_REPRESENTATION_CONTEXT() REPRESENTATION_CONTEXT('2D SPACE',''
  ) );
#1231 = PCURVE('',#1232,#1237);
#1232 = CYLINDRICAL_SURFACE('',#1233,0.75);
#1233 = AXIS2_PLACEMENT_3D('',#1234,#1235,#1236);
#1234 = CARTESIAN_POINT('',(15.,95.,-0.1));
#1235 = DIRECTION('',(-0.,-0.,-1.));
#1236 = DIRECTION('',(1.,0.,0.));
#1237 = DEFINITIONAL_REPRESENTATION('',(#1238),#1242);
#1238 = LINE('',#1239,#1240);
#1239 = CARTESIAN_POINT('',(-6.28318530718,-1.7));
#1240 = VECTOR('',#1241,1.);
#1241 = DIRECTION('',(1.,-0.));
#1242 = ( GEOMETRIC_REPRESENTATION_CONTEXT(2) 
PARAMETRIC_REPRESENTATION_CONTEXT() REPRESENTATION_CONTEXT('2D SPACE',''
  ) );
#1243 = FACE_BOUND('',#1244,.T.);
#1244 = EDGE_LOOP('',(#1245));
#1245 = ORIENTED_EDGE('',*,*,#1246,.T.);
#1246 = EDGE_CURVE('',#1247,#1247,#1249,.T.);
#1247 = VERTEX_POINT('',#1248);
#1248 = CARTESIAN_POINT('',(15.75,105.,1.6));
#1249 = SURFACE_CURVE('',#1250,(#1255,#1266),.PCURVE_S1.);
#1250 = CIRCLE('',#1251,0.75);
#1251 = AXIS2_PLACEMENT_3D('',#1252,#1253,#1254);
#1252 = CARTESIAN_POINT('',(15.,105.,1.6));
#1253 = DIRECTION('',(0.,0.,-1.));
#1254 = DIRECTION('',(1.,0.,0.));
#1255 = PCURVE('',#267,#1256);
#1256 = DEFINITIONAL_REPRESENTATION('',(#1257),#1265);
#1257 = ( BOUNDED_CURVE() B_SPLINE_CURVE(2,(#1258,#1259,#1260,#1261,
#1262,#1263,#1264),.UNSPECIFIED.,.T.,.F.) B_SPLINE_CURVE_WITH_KNOTS((1,2
    ,2,2,2,1),(-2.094395102393,0.,2.094395102393,4.188790204786,
6.28318530718,8.377580409573),.UNSPECIFIED.) CURVE() 
GEOMETRIC_REPRESENTATION_ITEM() RATIONAL_B_SPLINE_CURVE((1.,0.5,1.,0.5,
1.,0.5,1.)) REPRESENTATION_ITEM('') );
#1258 = CARTESIAN_POINT('',(15.75,105.));
#1259 = CARTESIAN_POINT('',(15.75,103.70096189432));
#1260 = CARTESIAN_POINT('',(14.625,104.35048094716));
#1261 = CARTESIAN_POINT('',(13.5,105.));
#1262 = CARTESIAN_POINT('',(14.625,105.64951905283));
#1263 = CARTESIAN_POINT('',(15.75,106.29903810567));
#1264 = CARTESIAN_POINT('',(15.75,105.));
#1265 = ( GEOMETRIC_REPRESENTATION_CONTEXT(2) 
PARAMETRIC_REPRESENTATION_CONTEXT() REPRESENTATION_CONTEXT('2D SPACE',''
  ) );
#1266 = PCURVE('',#1267,#1272);
#1267 = CYLINDRICAL_SURFACE('',#1268,0.75);
#1268 = AXIS2_PLACEMENT_3D('',#1269,#1270,#1271);
#1269 = CARTESIAN_POINT('',(15.,105.,-0.1));
#1270 = DIRECTION('',(-0.,-0.,-1.));
#1271 = DIRECTION('',(1.,0.,0.));
#1272 = DEFINITIONAL_REPRESENTATION('',(#1273),#1277);
#1273 = LINE('',#1274,#1275);
#1274 = CARTESIAN_POINT('',(-6.28318530718,-1.7));
#1275 = VECTOR('',#1276,1.);
#1276 = DIRECTION('',(1.,-0.));
#1277 = ( GEOMETRIC_REPRESENTATION_CONTEXT(2) 
PARAMETRIC_REPRESENTATION_CONTEXT() REPRESENTATION_CONTEXT('2D SPACE',''
  ) );
#1278 = FACE_BOUND('',#1279,.T.);
#1279 = EDGE_LOOP('',(#1280));
#1280 = ORIENTED_EDGE('',*,*,#1281,.T.);
#1281 = EDGE_CURVE('',#1282,#1282,#1284,.T.);
#1282 = VERTEX_POINT('',#1283);
#1283 = CARTESIAN_POINT('',(15.75,115.,1.6));
#1284 = SURFACE_CURVE('',#1285,(#1290,#1301),.PCURVE_S1.);
#1285 = CIRCLE('',#1286,0.75);
#1286 = AXIS2_PLACEMENT_3D('',#1287,#1288,#1289);
#1287 = CARTESIAN_POINT('',(15.,115.,1.6));
#1288 = DIRECTION('',(0.,0.,-1.));
#1289 = DIRECTION('',(1.,0.,0.));
#1290 = PCURVE('',#267,#1291);
#1291 = DEFINITIONAL_REPRESENTATION('',(#1292),#1300);
#1292 = ( BOUNDED_CURVE() B_SPLINE_CURVE(2,(#1293,#1294,#1295,#1296,
#1297,#1298,#1299),.UNSPECIFIED.,.T.,.F.) B_SPLINE_CURVE_WITH_KNOTS((1,2
    ,2,2,2,1),(-2.094395102393,0.,2.094395102393,4.188790204786,
6.28318530718,8.377580409573),.UNSPECIFIED.) CURVE() 
GEOMETRIC_REPRESENTATION_ITEM() RATIONAL_B_SPLINE_CURVE((1.,0.5,1.,0.5,
1.,0.5,1.)) REPRESENTATION_ITEM('') );
#1293 = CARTESIAN_POINT('',(15.75,115.));
#1294 = CARTESIAN_POINT('',(15.75,113.70096189432));
#1295 = CARTESIAN_POINT('',(14.625,114.35048094716));
#1296 = CARTESIAN_POINT('',(13.5,115.));
#1297 = CARTESIAN_POINT('',(14.625,115.64951905283));
#1298 = CARTESIAN_POINT('',(15.75,116.29903810567));
#1299 = CARTESIAN_POINT('',(15.75,115.));
#1300 = ( GEOMETRIC_REPRESENTATION_CONTEXT(2) 
PARAMETRIC_REPRESENTATION_CONTEXT() REPRESENTATION_CONTEXT('2D SPACE',''
  ) );
#1301 = PCURVE('',#1302,#1307);
#1302 = CYLINDRICAL_SURFACE('',#1303,0.75);
#1303 = AXIS2_PLACEMENT_3D('',#1304,#1305,#1306);
#1304 = CARTESIAN_POINT('',(15.,115.,-0.1));
#1305 = DIRECTION('',(-0.,-0.,-1.));
#1306 = DIRECTION('',(1.,0.,0.));
#1307 = DEFINITIONAL_REPRESENTATION('',(#1308),#1312);
#1308 = LINE('',#1309,#1310);
#1309 = CARTESIAN_POINT('',(-6.28318530718,-1.7));
#1310 = VECTOR('',#1311,1.);
#1311 = DIRECTION('',(1.,-0.));
#1312 = ( GEOMETRIC_REPRESENTATION_CONTEXT(2) 
PARAMETRIC_REPRESENTATION_CONTEXT() REPRESENTATION_CONTEXT('2D SPACE',''
  ) );
#1313 = FACE_BOUND('',#1314,.T.);
#1314 = EDGE_LOOP('',(#1315));
#1315 = ORIENTED_EDGE('',*,*,#1316,.T.);
#1316 = EDGE_CURVE('',#1317,#1317,#1319,.T.);
#1317 = VERTEX_POINT('',#1318);
#1318 = CARTESIAN_POINT('',(15.75,125.,1.6));
#1319 = SURFACE_CURVE('',#1320,(#1325,#1336),.PCURVE_S1.);
#1320 = CIRCLE('',#1321,0.75);
#1321 = AXIS2_PLACEMENT_3D('',#1322,#1323,#1324);
#1322 = CARTESIAN_POINT('',(15.,125.,1.6));
#1323 = DIRECTION('',(0.,0.,-1.));
#1324 = DIRECTION('',(1.,0.,0.));
#1325 = PCURVE('',#267,#1326);
#1326 = DEFINITIONAL_REPRESENTATION('',(#1327),#1335);
#1327 = ( BOUNDED_CURVE() B_SPLINE_CURVE(2,(#1328,#1329,#1330,#1331,
#1332,#1333,#1334),.UNSPECIFIED.,.T.,.F.) B_SPLINE_CURVE_WITH_KNOTS((1,2
    ,2,2,2,1),(-2.094395102393,0.,2.094395102393,4.188790204786,
6.28318530718,8.377580409573),.UNSPECIFIED.) CURVE() 
GEOMETRIC_REPRESENTATION_ITEM() RATIONAL_B_SPLINE_CURVE((1.,0.5,1.,0.5,
1.,0.5,1.)) REPRESENTATION_ITEM('') );
#1328 = CARTESIAN_POINT('',(15.75,125.));
#1329 = CARTESIAN_POINT('',(15.75,123.70096189432));
#1330 = CARTESIAN_POINT('',(14.625,124.35048094716));
#1331 = CARTESIAN_POINT('',(13.5,125.));
#1332 = CARTESIAN_POINT('',(14.625,125.64951905283));
#1333 = CARTESIAN_POINT('',(15.75,126.29903810567));
#1334 = CARTESIAN_POINT('',(15.75,125.));
#1335 = ( GEOMETRIC_REPRESENTATION_CONTEXT(2) 
PARAMETRIC_REPRESENTATION_CONTEXT() REPRESENTATION_CONTEXT('2D SPACE',''
  ) );
#1336 = PCURVE('',#1337,#1342);
#1337 = CYLINDRICAL_SURFACE('',#1338,0.75);
#1338 = AXIS2_PLACEMENT_3D('',#1339,#1340,#1341);
#1339 = CARTESIAN_POINT('',(15.,125.,-0.1));
#1340 = DIRECTION('',(-0.,-0.,-1.));
#1341 = DIRECTION('',(1.,0.,0.));
#1342 = DEFINITIONAL_REPRESENTATION('',(#1343),#1347);
#1343 = LINE('',#1344,#1345);
#1344 = CARTESIAN_POINT('',(-6.28318530718,-1.7));
#1345 = VECTOR('',#1346,1.);
#1346 = DIRECTION('',(1.,-0.));
#1347 = ( GEOMETRIC_REPRESENTATION_CONTEXT(2) 
PARAMETRIC_REPRESENTATION_CONTEXT() REPRESENTATION_CONTEXT('2D SPACE',''
  ) );
#1348 = FACE_BOUND('',#1349,.T.);
#1349 = EDGE_LOOP('',(#1350));
#1350 = ORIENTED_EDGE('',*,*,#1351,.T.);
#1351 = EDGE_CURVE('',#1352,#1352,#1354,.T.);
#1352 = VERTEX_POINT('',#1353);
#1353 = CARTESIAN_POINT('',(5.1,175.,1.6));
#1354 = SURFACE_CURVE('',#1355,(#1360,#1371),.PCURVE_S1.);
#1355 = CIRCLE('',#1356,1.6);
#1356 = AXIS2_PLACEMENT_3D('',#1357,#1358,#1359);
#1357 = CARTESIAN_POINT('',(3.5,175.,1.6));
#1358 = DIRECTION('',(0.,0.,-1.));
#1359 = DIRECTION('',(1.,0.,0.));
#1360 = PCURVE('',#267,#1361);
#1361 = DEFINITIONAL_REPRESENTATION('',(#1362),#1370);
#1362 = ( BOUNDED_CURVE() B_SPLINE_CURVE(2,(#1363,#1364,#1365,#1366,
#1367,#1368,#1369),.UNSPECIFIED.,.T.,.F.) B_SPLINE_CURVE_WITH_KNOTS((1,2
    ,2,2,2,1),(-2.094395102393,0.,2.094395102393,4.188790204786,
6.28318530718,8.377580409573),.UNSPECIFIED.) CURVE() 
GEOMETRIC_REPRESENTATION_ITEM() RATIONAL_B_SPLINE_CURVE((1.,0.5,1.,0.5,
1.,0.5,1.)) REPRESENTATION_ITEM('') );
#1363 = CARTESIAN_POINT('',(5.1,175.));
#1364 = CARTESIAN_POINT('',(5.1,172.22871870789));
#1365 = CARTESIAN_POINT('',(2.7,173.61435935394));
#1366 = CARTESIAN_POINT('',(0.3,175.));
#1367 = CARTESIAN_POINT('',(2.7,176.38564064605));
#1368 = CARTESIAN_POINT('',(5.1,177.77128129211));
#1369 = CARTESIAN_POINT('',(5.1,175.));
#1370 = ( GEOMETRIC_REPRESENTATION_CONTEXT(2) 
PARAMETRIC_REPRESENTATION_CONTEXT() REPRESENTATION_CONTEXT('2D SPACE',''
  ) );
#1371 = PCURVE('',#1372,#1377);
#1372 = CYLINDRICAL_SURFACE('',#1373,1.6);
#1373 = AXIS2_PLACEMENT_3D('',#1374,#1375,#1376);
#1374 = CARTESIAN_POINT('',(3.5,175.,-0.1));
#1375 = DIRECTION('',(-0.,-0.,-1.));
#1376 = DIRECTION('',(1.,0.,0.));
#1377 = DEFINITIONAL_REPRESENTATION('',(#1378),#1382);
#1378 = LINE('',#1379,#1380);
#1379 = CARTESIAN_POINT('',(-6.28318530718,-1.7));
#1380 = VECTOR('',#1381,1.);
#1381 = DIRECTION('',(1.,-0.));
#1382 = ( GEOMETRIC_REPRESENTATION_CONTEXT(2) 
PARAMETRIC_REPRESENTATION_CONTEXT() REPRESENTATION_CONTEXT('2D SPACE',''
  ) );
#1383 = FACE_BOUND('',#1384,.T.);
#1384 = EDGE_LOOP('',(#1385));
#1385 = ORIENTED_EDGE('',*,*,#1386,.T.);
#1386 = EDGE_CURVE('',#1387,#1387,#1389,.T.);
#1387 = VERTEX_POINT('',#1388);
#1388 = CARTESIAN_POINT('',(15.75,135.,1.6));
#1389 = SURFACE_CURVE('',#1390,(#1395,#1406),.PCURVE_S1.);
#1390 = CIRCLE('',#1391,0.75);
#1391 = AXIS2_PLACEMENT_3D('',#1392,#1393,#1394);
#1392 = CARTESIAN_POINT('',(15.,135.,1.6));
#1393 = DIRECTION('',(0.,0.,-1.));
#1394 = DIRECTION('',(1.,0.,0.));
#1395 = PCURVE('',#267,#1396);
#1396 = DEFINITIONAL_REPRESENTATION('',(#1397),#1405);
#1397 = ( BOUNDED_CURVE() B_SPLINE_CURVE(2,(#1398,#1399,#1400,#1401,
#1402,#1403,#1404),.UNSPECIFIED.,.T.,.F.) B_SPLINE_CURVE_WITH_KNOTS((1,2
    ,2,2,2,1),(-2.094395102393,0.,2.094395102393,4.188790204786,
6.28318530718,8.377580409573),.UNSPECIFIED.) CURVE() 
GEOMETRIC_REPRESENTATION_ITEM() RATIONAL_B_SPLINE_CURVE((1.,0.5,1.,0.5,
1.,0.5,1.)) REPRESENTATION_ITEM('') );
#1398 = CARTESIAN_POINT('',(15.75,135.));
#1399 = CARTESIAN_POINT('',(15.75,133.70096189432));
#1400 = CARTESIAN_POINT('',(14.625,134.35048094716));
#1401 = CARTESIAN_POINT('',(13.5,135.));
#1402 = CARTESIAN_POINT('',(14.625,135.64951905283));
#1403 = CARTESIAN_POINT('',(15.75,136.29903810567));
#1404 = CARTESIAN_POINT('',(15.75,135.));
#1405 = ( GEOMETRIC_REPRESENTATION_CONTEXT(2) 
PARAMETRIC_REPRESENTATION_CONTEXT() REPRESENTATION_CONTEXT('2D SPACE',''
  ) );
#1406 = PCURVE('',#1407,#1412);
#1407 = CYLINDRICAL_SURFACE('',#1408,0.75);
#1408 = AXIS2_PLACEMENT_3D('',#1409,#1410,#1411);
#1409 = CARTESIAN_POINT('',(15.,135.,-0.1));
#1410 = DIRECTION('',(-0.,-0.,-1.));
#1411 = DIRECTION('',(1.,0.,0.));
#1412 = DEFINITIONAL_REPRESENTATION('',(#1413),#1417);
#1413 = LINE('',#1414,#1415);
#1414 = CARTESIAN_POINT('',(-6.28318530718,-1.7));
#1415 = VECTOR('',#1416,1.);
#1416 = DIRECTION('',(1.,-0.));
#1417 = ( GEOMETRIC_REPRESENTATION_CONTEXT(2) 
PARAMETRIC_REPRESENTATION_CONTEXT() REPRESENTATION_CONTEXT('2D SPACE',''
  ) );
#1418 = FACE_BOUND('',#1419,.T.);
#1419 = EDGE_LOOP('',(#1420));
#1420 = ORIENTED_EDGE('',*,*,#1421,.T.);
#1421 = EDGE_CURVE('',#1422,#1422,#1424,.T.);
#1422 = VERTEX_POINT('',#1423);
#1423 = CARTESIAN_POINT('',(15.75,145.,1.6));
#1424 = SURFACE_CURVE('',#1425,(#1430,#1441),.PCURVE_S1.);
#1425 = CIRCLE('',#1426,0.75);
#1426 = AXIS2_PLACEMENT_3D('',#1427,#1428,#1429);
#1427 = CARTESIAN_POINT('',(15.,145.,1.6));
#1428 = DIRECTION('',(0.,0.,-1.));
#1429 = DIRECTION('',(1.,0.,0.));
#1430 = PCURVE('',#267,#1431);
#1431 = DEFINITIONAL_REPRESENTATION('',(#1432),#1440);
#1432 = ( BOUNDED_CURVE() B_SPLINE_CURVE(2,(#1433,#1434,#1435,#1436,
#1437,#1438,#1439),.UNSPECIFIED.,.T.,.F.) B_SPLINE_CURVE_WITH_KNOTS((1,2
    ,2,2,2,1),(-2.094395102393,0.,2.094395102393,4.188790204786,
6.28318530718,8.377580409573),.UNSPECIFIED.) CURVE() 
GEOMETRIC_REPRESENTATION_ITEM() RATIONAL_B_SPLINE_CURVE((1.,0.5,1.,0.5,
1.,0.5,1.)) REPRESENTATION_ITEM('') );
#1433 = CARTESIAN_POINT('',(15.75,145.));
#1434 = CARTESIAN_POINT('',(15.75,143.70096189432));
#1435 = CARTESIAN_POINT('',(14.625,144.35048094716));
#1436 = CARTESIAN_POINT('',(13.5,145.));
#1437 = CARTESIAN_POINT('',(14.625,145.64951905283));
#1438 = CARTESIAN_POINT('',(15.75,146.29903810567));
#1439 = CARTESIAN_POINT('',(15.75,145.));
#1440 = ( GEOMETRIC_REPRESENTATION_CONTEXT(2) 
PARAMETRIC_REPRESENTATION_CONTEXT() REPRESENTATION_CONTEXT('2D SPACE',''
  ) );
#1441 = PCURVE('',#1442,#1447);
#1442 = CYLINDRICAL_SURFACE('',#1443,0.75);
#1443 = AXIS2_PLACEMENT_3D('',#1444,#1445,#1446);
#1444 = CARTESIAN_POINT('',(15.,145.,-0.1));
#1445 = DIRECTION('',(-0.,-0.,-1.));
#1446 = DIRECTION('',(1.,0.,0.));
#1447 = DEFINITIONAL_REPRESENTATION('',(#1448),#1452);
#1448 = LINE('',#1449,#1450);
#1449 = CARTESIAN_POINT('',(-6.28318530718,-1.7));
#1450 = VECTOR('',#1451,1.);
#1451 = DIRECTION('',(1.,-0.));
#1452 = ( GEOMETRIC_REPRESENTATION_CONTEXT(2) 
PARAMETRIC_REPRESENTATION_CONTEXT() REPRESENTATION_CONTEXT('2D SPACE',''
  ) );
#1453 = FACE_BOUND('',#1454,.T.);
#1454 = EDGE_LOOP('',(#1455));
#1455 = ORIENTED_EDGE('',*,*,#1456,.T.);
#1456 = EDGE_CURVE('',#1457,#1457,#1459,.T.);
#1457 = VERTEX_POINT('',#1458);
#1458 = CARTESIAN_POINT('',(15.75,155.,1.6));
#1459 = SURFACE_CURVE('',#1460,(#1465,#1476),.PCURVE_S1.);
#1460 = CIRCLE('',#1461,0.75);
#1461 = AXIS2_PLACEMENT_3D('',#1462,#1463,#1464);
#1462 = CARTESIAN_POINT('',(15.,155.,1.6));
#1463 = DIRECTION('',(0.,0.,-1.));
#1464 = DIRECTION('',(1.,0.,0.));
#1465 = PCURVE('',#267,#1466);
#1466 = DEFINITIONAL_REPRESENTATION('',(#1467),#1475);
#1467 = ( BOUNDED_CURVE() B_SPLINE_CURVE(2,(#1468,#1469,#1470,#1471,
#1472,#1473,#1474),.UNSPECIFIED.,.T.,.F.) B_SPLINE_CURVE_WITH_KNOTS((1,2
    ,2,2,2,1),(-2.094395102393,0.,2.094395102393,4.188790204786,
6.28318530718,8.377580409573),.UNSPECIFIED.) CURVE() 
GEOMETRIC_REPRESENTATION_ITEM() RATIONAL_B_SPLINE_CURVE((1.,0.5,1.,0.5,
1.,0.5,1.)) REPRESENTATION_ITEM('') );
#1468 = CARTESIAN_POINT('',(15.75,155.));
#1469 = CARTESIAN_POINT('',(15.75,153.70096189432));
#1470 = CARTESIAN_POINT('',(14.625,154.35048094716));
#1471 = CARTESIAN_POINT('',(13.5,155.));
#1472 = CARTESIAN_POINT('',(14.625,155.64951905283));
#1473 = CARTESIAN_POINT('',(15.75,156.29903810567));
#1474 = CARTESIAN_POINT('',(15.75,155.));
#1475 = ( GEOMETRIC_REPRESENTATION_CONTEXT(2) 
PARAMETRIC_REPRESENTATION_CONTEXT() REPRESENTATION_CONTEXT('2D SPACE',''
  ) );
#1476 = PCURVE('',#1477,#1482);
#1477 = CYLINDRICAL_SURFACE('',#1478,0.75);
#1478 = AXIS2_PLACEMENT_3D('',#1479,#1480,#1481);
#1479 = CARTESIAN_POINT('',(15.,155.,-0.1));
#1480 = DIRECTION('',(-0.,-0.,-1.));
#1481 = DIRECTION('',(1.,0.,0.));
#1482 = DEFINITIONAL_REPRESENTATION('',(#1483),#1487);
#1483 = LINE('',#1484,#1485);
#1484 = CARTESIAN_POINT('',(-6.28318530718,-1.7));
#1485 = VECTOR('',#1486,1.);
#1486 = DIRECTION('',(1.,-0.));
#1487 = ( GEOMETRIC_REPRESENTATION_CONTEXT(2) 
PARAMETRIC_REPRESENTATION_CONTEXT() REPRESENTATION_CONTEXT('2D SPACE',''
  ) );
#1488 = FACE_BOUND('',#1489,.T.);
#1489 = EDGE_LOOP('',(#1490));
#1490 = ORIENTED_EDGE('',*,*,#1491,.T.);
#1491 = EDGE_CURVE('',#1492,#1492,#1494,.T.);
#1492 = VERTEX_POINT('',#1493);
#1493 = CARTESIAN_POINT('',(15.75,165.,1.6));
#1494 = SURFACE_CURVE('',#1495,(#1500,#1511),.PCURVE_S1.);
#1495 = CIRCLE('',#1496,0.75);
#1496 = AXIS2_PLACEMENT_3D('',#1497,#1498,#1499);
#1497 = CARTESIAN_POINT('',(15.,165.,1.6));
#1498 = DIRECTION('',(0.,0.,-1.));
#1499 = DIRECTION('',(1.,0.,0.));
#1500 = PCURVE('',#267,#1501);
#1501 = DEFINITIONAL_REPRESENTATION('',(#1502),#1510);
#1502 = ( BOUNDED_CURVE() B_SPLINE_CURVE(2,(#1503,#1504,#1505,#1506,
#1507,#1508,#1509),.UNSPECIFIED.,.T.,.F.) B_SPLINE_CURVE_WITH_KNOTS((1,2
    ,2,2,2,1),(-2.094395102393,0.,2.094395102393,4.188790204786,
6.28318530718,8.377580409573),.UNSPECIFIED.) CURVE() 
GEOMETRIC_REPRESENTATION_ITEM() RATIONAL_B_SPLINE_CURVE((1.,0.5,1.,0.5,
1.,0.5,1.)) REPRESENTATION_ITEM('') );
#1503 = CARTESIAN_POINT('',(15.75,165.));
#1504 = CARTESIAN_POINT('',(15.75,163.70096189432));
#1505 = CARTESIAN_POINT('',(14.625,164.35048094716));
#1506 = CARTESIAN_POINT('',(13.5,165.));
#1507 = CARTESIAN_POINT('',(14.625,165.64951905283));
#1508 = CARTESIAN_POINT('',(15.75,166.29903810567));
#1509 = CARTESIAN_POINT('',(15.75,165.));
#1510 = ( GEOMETRIC_REPRESENTATION_CONTEXT(2) 
PARAMETRIC_REPRESENTATION_CONTEXT() REPRESENTATION_CONTEXT('2D SPACE',''
  ) );
#1511 = PCURVE('',#1512,#1517);
#1512 = CYLINDRICAL_SURFACE('',#1513,0.75);
#1513 = AXIS2_PLACEMENT_3D('',#1514,#1515,#1516);
#1514 = CARTESIAN_POINT('',(15.,165.,-0.1));
#1515 = DIRECTION('',(-0.,-0.,-1.));
#1516 = DIRECTION('',(1.,0.,0.));
#1517 = DEFINITIONAL_REPRESENTATION('',(#1518),#1522);
#1518 = LINE('',#1519,#1520);
#1519 = CARTESIAN_POINT('',(-6.28318530718,-1.7));
#1520 = VECTOR('',#1521,1.);
#1521 = DIRECTION('',(1.,-0.));
#1522 = ( GEOMETRIC_REPRESENTATION_CONTEXT(2) 
PARAMETRIC_REPRESENTATION_CONTEXT() REPRESENTATION_CONTEXT('2D SPACE',''
  ) );
#1523 = FACE_BOUND('',#1524,.T.);
#1524 = EDGE_LOOP('',(#1525));
#1525 = ORIENTED_EDGE('',*,*,#1526,.T.);
#1526 = EDGE_CURVE('',#1527,#1527,#1529,.T.);
#1527 = VERTEX_POINT('',#1528);
#1528 = CARTESIAN_POINT('',(19.42,173.,1.6));
#1529 = SURFACE_CURVE('',#1530,(#1535,#1546),.PCURVE_S1.);
#1530 = CIRCLE('',#1531,0.5);
#1531 = AXIS2_PLACEMENT_3D('',#1532,#1533,#1534);
#1532 = CARTESIAN_POINT('',(18.92,173.,1.6));
#1533 = DIRECTION('',(0.,0.,-1.));
#1534 = DIRECTION('',(1.,0.,0.));
#1535 = PCURVE('',#267,#1536);
#1536 = DEFINITIONAL_REPRESENTATION('',(#1537),#1545);
#1537 = ( BOUNDED_CURVE() B_SPLINE_CURVE(2,(#1538,#1539,#1540,#1541,
#1542,#1543,#1544),.UNSPECIFIED.,.T.,.F.) B_SPLINE_CURVE_WITH_KNOTS((1,2
    ,2,2,2,1),(-2.094395102393,0.,2.094395102393,4.188790204786,
6.28318530718,8.377580409573),.UNSPECIFIED.) CURVE() 
GEOMETRIC_REPRESENTATION_ITEM() RATIONAL_B_SPLINE_CURVE((1.,0.5,1.,0.5,
1.,0.5,1.)) REPRESENTATION_ITEM('') );
#1538 = CARTESIAN_POINT('',(19.42,173.));
#1539 = CARTESIAN_POINT('',(19.42,172.13397459621));
#1540 = CARTESIAN_POINT('',(18.67,172.5669872981));
#1541 = CARTESIAN_POINT('',(17.92,173.));
#1542 = CARTESIAN_POINT('',(18.67,173.43301270189));
#1543 = CARTESIAN_POINT('',(19.42,173.86602540378));
#1544 = CARTESIAN_POINT('',(19.42,173.));
#1545 = ( GEOMETRIC_REPRESENTATION_CONTEXT(2) 
PARAMETRIC_REPRESENTATION_CONTEXT() REPRESENTATION_CONTEXT('2D SPACE',''
  ) );
#1546 = PCURVE('',#1547,#1552);
#1547 = CYLINDRICAL_SURFACE('',#1548,0.5);
#1548 = AXIS2_PLACEMENT_3D('',#1549,#1550,#1551);
#1549 = CARTESIAN_POINT('',(18.92,173.,-0.1));
#1550 = DIRECTION('',(-0.,-0.,-1.));
#1551 = DIRECTION('',(1.,0.,0.));
#1552 = DEFINITIONAL_REPRESENTATION('',(#1553),#1557);
#1553 = LINE('',#1554,#1555);
#1554 = CARTESIAN_POINT('',(-6.28318530718,-1.7));
#1555 = VECTOR('',#1556,1.);
#1556 = DIRECTION('',(1.,-0.));
#1557 = ( GEOMETRIC_REPRESENTATION_CONTEXT(2) 
PARAMETRIC_REPRESENTATION_CONTEXT() REPRESENTATION_CONTEXT('2D SPACE',''
  ) );
#1558 = FACE_BOUND('',#1559,.T.);
#1559 = EDGE_LOOP('',(#1560));
#1560 = ORIENTED_EDGE('',*,*,#1561,.T.);
#1561 = EDGE_CURVE('',#1562,#1562,#1564,.T.);
#1562 = VERTEX_POINT('',#1563);
#1563 = CARTESIAN_POINT('',(19.42,175.54,1.6));
#1564 = SURFACE_CURVE('',#1565,(#1570,#1581),.PCURVE_S1.);
#1565 = CIRCLE('',#1566,0.5);
#1566 = AXIS2_PLACEMENT_3D('',#1567,#1568,#1569);
#1567 = CARTESIAN_POINT('',(18.92,175.54,1.6));
#1568 = DIRECTION('',(0.,0.,-1.));
#1569 = DIRECTION('',(1.,0.,0.));
#1570 = PCURVE('',#267,#1571);
#1571 = DEFINITIONAL_REPRESENTATION('',(#1572),#1580);
#1572 = ( BOUNDED_CURVE() B_SPLINE_CURVE(2,(#1573,#1574,#1575,#1576,
#1577,#1578,#1579),.UNSPECIFIED.,.T.,.F.) B_SPLINE_CURVE_WITH_KNOTS((1,2
    ,2,2,2,1),(-2.094395102393,0.,2.094395102393,4.188790204786,
6.28318530718,8.377580409573),.UNSPECIFIED.) CURVE() 
GEOMETRIC_REPRESENTATION_ITEM() RATIONAL_B_SPLINE_CURVE((1.,0.5,1.,0.5,
1.,0.5,1.)) REPRESENTATION_ITEM('') );
#1573 = CARTESIAN_POINT('',(19.42,175.54));
#1574 = CARTESIAN_POINT('',(19.42,174.67397459621));
#1575 = CARTESIAN_POINT('',(18.67,175.1069872981));
#1576 = CARTESIAN_POINT('',(17.92,175.54));
#1577 = CARTESIAN_POINT('',(18.67,175.97301270189));
#1578 = CARTESIAN_POINT('',(19.42,176.40602540378));
#1579 = CARTESIAN_POINT('',(19.42,175.54));
#1580 = ( GEOMETRIC_REPRESENTATION_CONTEXT(2) 
PARAMETRIC_REPRESENTATION_CONTEXT() REPRESENTATION_CONTEXT('2D SPACE',''
  ) );
#1581 = PCURVE('',#1582,#1587);
#1582 = CYLINDRICAL_SURFACE('',#1583,0.5);
#1583 = AXIS2_PLACEMENT_3D('',#1584,#1585,#1586);
#1584 = CARTESIAN_POINT('',(18.92,175.54,-0.1));
#1585 = DIRECTION('',(-0.,-0.,-1.));
#1586 = DIRECTION('',(1.,0.,0.));
#1587 = DEFINITIONAL_REPRESENTATION('',(#1588),#1592);
#1588 = LINE('',#1589,#1590);
#1589 = CARTESIAN_POINT('',(-6.28318530718,-1.7));
#1590 = VECTOR('',#1591,1.);
#1591 = DIRECTION('',(1.,-0.));
#1592 = ( GEOMETRIC_REPRESENTATION_CONTEXT(2) 
PARAMETRIC_REPRESENTATION_CONTEXT() REPRESENTATION_CONTEXT('2D SPACE',''
  ) );
#1593 = FACE_BOUND('',#1594,.T.);
#1594 = EDGE_LOOP('',(#1595));
#1595 = ORIENTED_EDGE('',*,*,#1596,.T.);
#1596 = EDGE_CURVE('',#1597,#1597,#1599,.T.);
#1597 = VERTEX_POINT('',#1598);
#1598 = CARTESIAN_POINT('',(21.96,173.,1.6));
#1599 = SURFACE_CURVE('',#1600,(#1605,#1616),.PCURVE_S1.);
#1600 = CIRCLE('',#1601,0.5);
#1601 = AXIS2_PLACEMENT_3D('',#1602,#1603,#1604);
#1602 = CARTESIAN_POINT('',(21.46,173.,1.6));
#1603 = DIRECTION('',(0.,0.,-1.));
#1604 = DIRECTION('',(1.,0.,0.));
#1605 = PCURVE('',#267,#1606);
#1606 = DEFINITIONAL_REPRESENTATION('',(#1607),#1615);
#1607 = ( BOUNDED_CURVE() B_SPLINE_CURVE(2,(#1608,#1609,#1610,#1611,
#1612,#1613,#1614),.UNSPECIFIED.,.T.,.F.) B_SPLINE_CURVE_WITH_KNOTS((1,2
    ,2,2,2,1),(-2.094395102393,0.,2.094395102393,4.188790204786,
6.28318530718,8.377580409573),.UNSPECIFIED.) CURVE() 
GEOMETRIC_REPRESENTATION_ITEM() RATIONAL_B_SPLINE_CURVE((1.,0.5,1.,0.5,
1.,0.5,1.)) REPRESENTATION_ITEM('') );
#1608 = CARTESIAN_POINT('',(21.96,173.));
#1609 = CARTESIAN_POINT('',(21.96,172.13397459621));
#1610 = CARTESIAN_POINT('',(21.21,172.5669872981));
#1611 = CARTESIAN_POINT('',(20.46,173.));
#1612 = CARTESIAN_POINT('',(21.21,173.43301270189));
#1613 = CARTESIAN_POINT('',(21.96,173.86602540378));
#1614 = CARTESIAN_POINT('',(21.96,173.));
#1615 = ( GEOMETRIC_REPRESENTATION_CONTEXT(2) 
PARAMETRIC_REPRESENTATION_CONTEXT() REPRESENTATION_CONTEXT('2D SPACE',''
  ) );
#1616 = PCURVE('',#1617,#1622);
#1617 = CYLINDRICAL_SURFACE('',#1618,0.5);
#1618 = AXIS2_PLACEMENT_3D('',#1619,#1620,#1621);
#1619 = CARTESIAN_POINT('',(21.46,173.,-0.1));
#1620 = DIRECTION('',(-0.,-0.,-1.));
#1621 = DIRECTION('',(1.,0.,0.));
#1622 = DEFINITIONAL_REPRESENTATION('',(#1623),#1627);
#1623 = LINE('',#1624,#1625);
#1624 = CARTESIAN_POINT('',(-6.28318530718,-1.7));
#1625 = VECTOR('',#1626,1.);
#1626 = DIRECTION('',(1.,-0.));
#1627 = ( GEOMETRIC_REPRESENTATION_CONTEXT(2) 
PARAMETRIC_REPRESENTATION_CONTEXT() REPRESENTATION_CONTEXT('2D SPACE',''
  ) );
#1628 = FACE_BOUND('',#1629,.T.);
#1629 = EDGE_LOOP('',(#1630));
#1630 = ORIENTED_EDGE('',*,*,#1631,.T.);
#1631 = EDGE_CURVE('',#1632,#1632,#1634,.T.);
#1632 = VERTEX_POINT('',#1633);
#1633 = CARTESIAN_POINT('',(21.96,175.54,1.6));
#1634 = SURFACE_CURVE('',#1635,(#1640,#1651),.PCURVE_S1.);
#1635 = CIRCLE('',#1636,0.5);
#1636 = AXIS2_PLACEMENT_3D('',#1637,#1638,#1639);
#1637 = CARTESIAN_POINT('',(21.46,175.54,1.6));
#1638 = DIRECTION('',(0.,0.,-1.));
#1639 = DIRECTION('',(1.,0.,0.));
#1640 = PCURVE('',#267,#1641);
#1641 = DEFINITIONAL_REPRESENTATION('',(#1642),#1650);
#1642 = ( BOUNDED_CURVE() B_SPLINE_CURVE(2,(#1643,#1644,#1645,#1646,
#1647,#1648,#1649),.UNSPECIFIED.,.T.,.F.) B_SPLINE_CURVE_WITH_KNOTS((1,2
    ,2,2,2,1),(-2.094395102393,0.,2.094395102393,4.188790204786,
6.28318530718,8.377580409573),.UNSPECIFIED.) CURVE() 
GEOMETRIC_REPRESENTATION_ITEM() RATIONAL_B_SPLINE_CURVE((1.,0.5,1.,0.5,
1.,0.5,1.)) REPRESENTATION_ITEM('') );
#1643 = CARTESIAN_POINT('',(21.96,175.54));
#1644 = CARTESIAN_POINT('',(21.96,174.67397459621));
#1645 = CARTESIAN_POINT('',(21.21,175.1069872981));
#1646 = CARTESIAN_POINT('',(20.46,175.54));
#1647 = CARTESIAN_POINT('',(21.21,175.97301270189));
#1648 = CARTESIAN_POINT('',(21.96,176.40602540378));
#1649 = CARTESIAN_POINT('',(21.96,175.54));
#1650 = ( GEOMETRIC_REPRESENTATION_CONTEXT(2) 
PARAMETRIC_REPRESENTATION_CONTEXT() REPRESENTATION_CONTEXT('2D SPACE',''
  ) );
#1651 = PCURVE('',#1652,#1657);
#1652 = CYLINDRICAL_SURFACE('',#1653,0.5);
#1653 = AXIS2_PLACEMENT_3D('',#1654,#1655,#1656);
#1654 = CARTESIAN_POINT('',(21.46,175.54,-0.1));
#1655 = DIRECTION('',(-0.,-0.,-1.));
#1656 = DIRECTION('',(1.,0.,0.));
#1657 = DEFINITIONAL_REPRESENTATION('',(#1658),#1662);
#1658 = LINE('',#1659,#1660);
#1659 = CARTESIAN_POINT('',(-6.28318530718,-1.7));
#1660 = VECTOR('',#1661,1.);
#1661 = DIRECTION('',(1.,-0.));
#1662 = ( GEOMETRIC_REPRESENTATION_CONTEXT(2) 
PARAMETRIC_REPRESENTATION_CONTEXT() REPRESENTATION_CONTEXT('2D SPACE',''
  ) );
#1663 = FACE_BOUND('',#1664,.T.);
#1664 = EDGE_LOOP('',(#1665));
#1665 = ORIENTED_EDGE('',*,*,#1666,.T.);
#1666 = EDGE_CURVE('',#1667,#1667,#1669,.T.);
#1667 = VERTEX_POINT('',#1668);
#1668 = CARTESIAN_POINT('',(33.75,95.,1.6));
#1669 = SURFACE_CURVE('',#1670,(#1675,#1686),.PCURVE_S1.);
#1670 = CIRCLE('',#1671,0.75);
#1671 = AXIS2_PLACEMENT_3D('',#1672,#1673,#1674);
#1672 = CARTESIAN_POINT('',(33.,95.,1.6));
#1673 = DIRECTION('',(0.,0.,-1.));
#1674 = DIRECTION('',(1.,0.,0.));
#1675 = PCURVE('',#267,#1676);
#1676 = DEFINITIONAL_REPRESENTATION('',(#1677),#1685);
#1677 = ( BOUNDED_CURVE() B_SPLINE_CURVE(2,(#1678,#1679,#1680,#1681,
#1682,#1683,#1684),.UNSPECIFIED.,.T.,.F.) B_SPLINE_CURVE_WITH_KNOTS((1,2
    ,2,2,2,1),(-2.094395102393,0.,2.094395102393,4.188790204786,
6.28318530718,8.377580409573),.UNSPECIFIED.) CURVE() 
GEOMETRIC_REPRESENTATION_ITEM() RATIONAL_B_SPLINE_CURVE((1.,0.5,1.,0.5,
1.,0.5,1.)) REPRESENTATION_ITEM('') );
#1678 = CARTESIAN_POINT('',(33.75,95.));
#1679 = CARTESIAN_POINT('',(33.75,93.700961894323));
#1680 = CARTESIAN_POINT('',(32.625,94.350480947162));
#1681 = CARTESIAN_POINT('',(31.5,95.));
#1682 = CARTESIAN_POINT('',(32.625,95.649519052838));
#1683 = CARTESIAN_POINT('',(33.75,96.299038105677));
#1684 = CARTESIAN_POINT('',(33.75,95.));
#1685 = ( GEOMETRIC_REPRESENTATION_CONTEXT(2) 
PARAMETRIC_REPRESENTATION_CONTEXT() REPRESENTATION_CONTEXT('2D SPACE',''
  ) );
#1686 = PCURVE('',#1687,#1692);
#1687 = CYLINDRICAL_SURFACE('',#1688,0.75);
#1688 = AXIS2_PLACEMENT_3D('',#1689,#1690,#1691);
#1689 = CARTESIAN_POINT('',(33.,95.,-0.1));
#1690 = DIRECTION('',(-0.,-0.,-1.));
#1691 = DIRECTION('',(1.,0.,0.));
#1692 = DEFINITIONAL_REPRESENTATION('',(#1693),#1697);
#1693 = LINE('',#1694,#1695);
#1694 = CARTESIAN_POINT('',(-6.28318530718,-1.7));
#1695 = VECTOR('',#1696,1.);
#1696 = DIRECTION('',(1.,-0.));
#1697 = ( GEOMETRIC_REPRESENTATION_CONTEXT(2) 
PARAMETRIC_REPRESENTATION_CONTEXT() REPRESENTATION_CONTEXT('2D SPACE',''
  ) );
#1698 = FACE_BOUND('',#1699,.T.);
#1699 = EDGE_LOOP('',(#1700));
#1700 = ORIENTED_EDGE('',*,*,#1701,.T.);
#1701 = EDGE_CURVE('',#1702,#1702,#1704,.T.);
#1702 = VERTEX_POINT('',#1703);
#1703 = CARTESIAN_POINT('',(33.75,105.,1.6));
#1704 = SURFACE_CURVE('',#1705,(#1710,#1721),.PCURVE_S1.);
#1705 = CIRCLE('',#1706,0.75);
#1706 = AXIS2_PLACEMENT_3D('',#1707,#1708,#1709);
#1707 = CARTESIAN_POINT('',(33.,105.,1.6));
#1708 = DIRECTION('',(0.,0.,-1.));
#1709 = DIRECTION('',(1.,0.,0.));
#1710 = PCURVE('',#267,#1711);
#1711 = DEFINITIONAL_REPRESENTATION('',(#1712),#1720);
#1712 = ( BOUNDED_CURVE() B_SPLINE_CURVE(2,(#1713,#1714,#1715,#1716,
#1717,#1718,#1719),.UNSPECIFIED.,.T.,.F.) B_SPLINE_CURVE_WITH_KNOTS((1,2
    ,2,2,2,1),(-2.094395102393,0.,2.094395102393,4.188790204786,
6.28318530718,8.377580409573),.UNSPECIFIED.) CURVE() 
GEOMETRIC_REPRESENTATION_ITEM() RATIONAL_B_SPLINE_CURVE((1.,0.5,1.,0.5,
1.,0.5,1.)) REPRESENTATION_ITEM('') );
#1713 = CARTESIAN_POINT('',(33.75,105.));
#1714 = CARTESIAN_POINT('',(33.75,103.70096189432));
#1715 = CARTESIAN_POINT('',(32.625,104.35048094716));
#1716 = CARTESIAN_POINT('',(31.5,105.));
#1717 = CARTESIAN_POINT('',(32.625,105.64951905283));
#1718 = CARTESIAN_POINT('',(33.75,106.29903810567));
#1719 = CARTESIAN_POINT('',(33.75,105.));
#1720 = ( GEOMETRIC_REPRESENTATION_CONTEXT(2) 
PARAMETRIC_REPRESENTATION_CONTEXT() REPRESENTATION_CONTEXT('2D SPACE',''
  ) );
#1721 = PCURVE('',#1722,#1727);
#1722 = CYLINDRICAL_SURFACE('',#1723,0.75);
#1723 = AXIS2_PLACEMENT_3D('',#1724,#1725,#1726);
#1724 = CARTESIAN_POINT('',(33.,105.,-0.1));
#1725 = DIRECTION('',(-0.,-0.,-1.));
#1726 = DIRECTION('',(1.,0.,0.));
#1727 = DEFINITIONAL_REPRESENTATION('',(#1728),#1732);
#1728 = LINE('',#1729,#1730);
#1729 = CARTESIAN_POINT('',(-6.28318530718,-1.7));
#1730 = VECTOR('',#1731,1.);
#1731 = DIRECTION('',(1.,-0.));
#1732 = ( GEOMETRIC_REPRESENTATION_CONTEXT(2) 
PARAMETRIC_REPRESENTATION_CONTEXT() REPRESENTATION_CONTEXT('2D SPACE',''
  ) );
#1733 = FACE_BOUND('',#1734,.T.);
#1734 = EDGE_LOOP('',(#1735));
#1735 = ORIENTED_EDGE('',*,*,#1736,.T.);
#1736 = EDGE_CURVE('',#1737,#1737,#1739,.T.);
#1737 = VERTEX_POINT('',#1738);
#1738 = CARTESIAN_POINT('',(33.75,115.,1.6));
#1739 = SURFACE_CURVE('',#1740,(#1745,#1756),.PCURVE_S1.);
#1740 = CIRCLE('',#1741,0.75);
#1741 = AXIS2_PLACEMENT_3D('',#1742,#1743,#1744);
#1742 = CARTESIAN_POINT('',(33.,115.,1.6));
#1743 = DIRECTION('',(0.,0.,-1.));
#1744 = DIRECTION('',(1.,0.,0.));
#1745 = PCURVE('',#267,#1746);
#1746 = DEFINITIONAL_REPRESENTATION('',(#1747),#1755);
#1747 = ( BOUNDED_CURVE() B_SPLINE_CURVE(2,(#1748,#1749,#1750,#1751,
#1752,#1753,#1754),.UNSPECIFIED.,.T.,.F.) B_SPLINE_CURVE_WITH_KNOTS((1,2
    ,2,2,2,1),(-2.094395102393,0.,2.094395102393,4.188790204786,
6.28318530718,8.377580409573),.UNSPECIFIED.) CURVE() 
GEOMETRIC_REPRESENTATION_ITEM() RATIONAL_B_SPLINE_CURVE((1.,0.5,1.,0.5,
1.,0.5,1.)) REPRESENTATION_ITEM('') );
#1748 = CARTESIAN_POINT('',(33.75,115.));
#1749 = CARTESIAN_POINT('',(33.75,113.70096189432));
#1750 = CARTESIAN_POINT('',(32.625,114.35048094716));
#1751 = CARTESIAN_POINT('',(31.5,115.));
#1752 = CARTESIAN_POINT('',(32.625,115.64951905283));
#1753 = CARTESIAN_POINT('',(33.75,116.29903810567));
#1754 = CARTESIAN_POINT('',(33.75,115.));
#1755 = ( GEOMETRIC_REPRESENTATION_CONTEXT(2) 
PARAMETRIC_REPRESENTATION_CONTEXT() REPRESENTATION_CONTEXT('2D SPACE',''
  ) );
#1756 = PCURVE('',#1757,#1762);
#1757 = CYLINDRICAL_SURFACE('',#1758,0.75);
#1758 = AXIS2_PLACEMENT_3D('',#1759,#1760,#1761);
#1759 = CARTESIAN_POINT('',(33.,115.,-0.1));
#1760 = DIRECTION('',(-0.,-0.,-1.));
#1761 = DIRECTION('',(1.,0.,0.));
#1762 = DEFINITIONAL_REPRESENTATION('',(#1763),#1767);
#1763 = LINE('',#1764,#1765);
#1764 = CARTESIAN_POINT('',(-6.28318530718,-1.7));
#1765 = VECTOR('',#1766,1.);
#1766 = DIRECTION('',(1.,-0.));
#1767 = ( GEOMETRIC_REPRESENTATION_CONTEXT(2) 
PARAMETRIC_REPRESENTATION_CONTEXT() REPRESENTATION_CONTEXT('2D SPACE',''
  ) );
#1768 = FACE_BOUND('',#1769,.T.);
#1769 = EDGE_LOOP('',(#1770));
#1770 = ORIENTED_EDGE('',*,*,#1771,.T.);
#1771 = EDGE_CURVE('',#1772,#1772,#1774,.T.);
#1772 = VERTEX_POINT('',#1773);
#1773 = CARTESIAN_POINT('',(33.75,125.,1.6));
#1774 = SURFACE_CURVE('',#1775,(#1780,#1791),.PCURVE_S1.);
#1775 = CIRCLE('',#1776,0.75);
#1776 = AXIS2_PLACEMENT_3D('',#1777,#1778,#1779);
#1777 = CARTESIAN_POINT('',(33.,125.,1.6));
#1778 = DIRECTION('',(0.,0.,-1.));
#1779 = DIRECTION('',(1.,0.,0.));
#1780 = PCURVE('',#267,#1781);
#1781 = DEFINITIONAL_REPRESENTATION('',(#1782),#1790);
#1782 = ( BOUNDED_CURVE() B_SPLINE_CURVE(2,(#1783,#1784,#1785,#1786,
#1787,#1788,#1789),.UNSPECIFIED.,.T.,.F.) B_SPLINE_CURVE_WITH_KNOTS((1,2
    ,2,2,2,1),(-2.094395102393,0.,2.094395102393,4.188790204786,
6.28318530718,8.377580409573),.UNSPECIFIED.) CURVE() 
GEOMETRIC_REPRESENTATION_ITEM() RATIONAL_B_SPLINE_CURVE((1.,0.5,1.,0.5,
1.,0.5,1.)) REPRESENTATION_ITEM('') );
#1783 = CARTESIAN_POINT('',(33.75,125.));
#1784 = CARTESIAN_POINT('',(33.75,123.70096189432));
#1785 = CARTESIAN_POINT('',(32.625,124.35048094716));
#1786 = CARTESIAN_POINT('',(31.5,125.));
#1787 = CARTESIAN_POINT('',(32.625,125.64951905283));
#1788 = CARTESIAN_POINT('',(33.75,126.29903810567));
#1789 = CARTESIAN_POINT('',(33.75,125.));
#1790 = ( GEOMETRIC_REPRESENTATION_CONTEXT(2) 
PARAMETRIC_REPRESENTATION_CONTEXT() REPRESENTATION_CONTEXT('2D SPACE',''
  ) );
#1791 = PCURVE('',#1792,#1797);
#1792 = CYLINDRICAL_SURFACE('',#1793,0.75);
#1793 = AXIS2_PLACEMENT_3D('',#1794,#1795,#1796);
#1794 = CARTESIAN_POINT('',(33.,125.,-0.1));
#1795 = DIRECTION('',(-0.,-0.,-1.));
#1796 = DIRECTION('',(1.,0.,0.));
#1797 = DEFINITIONAL_REPRESENTATION('',(#1798),#1802);
#1798 = LINE('',#1799,#1800);
#1799 = CARTESIAN_POINT('',(-6.28318530718,-1.7));
#1800 = VECTOR('',#1801,1.);
#1801 = DIRECTION('',(1.,-0.));
#1802 = ( GEOMETRIC_REPRESENTATION_CONTEXT(2) 
PARAMETRIC_REPRESENTATION_CONTEXT() REPRESENTATION_CONTEXT('2D SPACE',''
  ) );
#1803 = FACE_BOUND('',#1804,.T.);
#1804 = EDGE_LOOP('',(#1805));
#1805 = ORIENTED_EDGE('',*,*,#1806,.T.);
#1806 = EDGE_CURVE('',#1807,#1807,#1809,.T.);
#1807 = VERTEX_POINT('',#1808);
#1808 = CARTESIAN_POINT('',(33.75,135.,1.6));
#1809 = SURFACE_CURVE('',#1810,(#1815,#1826),.PCURVE_S1.);
#1810 = CIRCLE('',#1811,0.75);
#1811 = AXIS2_PLACEMENT_3D('',#1812,#1813,#1814);
#1812 = CARTESIAN_POINT('',(33.,135.,1.6));
#1813 = DIRECTION('',(0.,0.,-1.));
#1814 = DIRECTION('',(1.,0.,0.));
#1815 = PCURVE('',#267,#1816);
#1816 = DEFINITIONAL_REPRESENTATION('',(#1817),#1825);
#1817 = ( BOUNDED_CURVE() B_SPLINE_CURVE(2,(#1818,#1819,#1820,#1821,
#1822,#1823,#1824),.UNSPECIFIED.,.T.,.F.) B_SPLINE_CURVE_WITH_KNOTS((1,2
    ,2,2,2,1),(-2.094395102393,0.,2.094395102393,4.188790204786,
6.28318530718,8.377580409573),.UNSPECIFIED.) CURVE() 
GEOMETRIC_REPRESENTATION_ITEM() RATIONAL_B_SPLINE_CURVE((1.,0.5,1.,0.5,
1.,0.5,1.)) REPRESENTATION_ITEM('') );
#1818 = CARTESIAN_POINT('',(33.75,135.));
#1819 = CARTESIAN_POINT('',(33.75,133.70096189432));
#1820 = CARTESIAN_POINT('',(32.625,134.35048094716));
#1821 = CARTESIAN_POINT('',(31.5,135.));
#1822 = CARTESIAN_POINT('',(32.625,135.64951905283));
#1823 = CARTESIAN_POINT('',(33.75,136.29903810567));
#1824 = CARTESIAN_POINT('',(33.75,135.));
#1825 = ( GEOMETRIC_REPRESENTATION_CONTEXT(2) 
PARAMETRIC_REPRESENTATION_CONTEXT() REPRESENTATION_CONTEXT('2D SPACE',''
  ) );
#1826 = PCURVE('',#1827,#1832);
#1827 = CYLINDRICAL_SURFACE('',#1828,0.75);
#1828 = AXIS2_PLACEMENT_3D('',#1829,#1830,#1831);
#1829 = CARTESIAN_POINT('',(33.,135.,-0.1));
#1830 = DIRECTION('',(-0.,-0.,-1.));
#1831 = DIRECTION('',(1.,0.,0.));
#1832 = DEFINITIONAL_REPRESENTATION('',(#1833),#1837);
#1833 = LINE('',#1834,#1835);
#1834 = CARTESIAN_POINT('',(-6.28318530718,-1.7));
#1835 = VECTOR('',#1836,1.);
#1836 = DIRECTION('',(1.,-0.));
#1837 = ( GEOMETRIC_REPRESENTATION_CONTEXT(2) 
PARAMETRIC_REPRESENTATION_CONTEXT() REPRESENTATION_CONTEXT('2D SPACE',''
  ) );
#1838 = FACE_BOUND('',#1839,.T.);
#1839 = EDGE_LOOP('',(#1840));
#1840 = ORIENTED_EDGE('',*,*,#1841,.T.);
#1841 = EDGE_CURVE('',#1842,#1842,#1844,.T.);
#1842 = VERTEX_POINT('',#1843);
#1843 = CARTESIAN_POINT('',(33.75,145.,1.6));
#1844 = SURFACE_CURVE('',#1845,(#1850,#1861),.PCURVE_S1.);
#1845 = CIRCLE('',#1846,0.75);
#1846 = AXIS2_PLACEMENT_3D('',#1847,#1848,#1849);
#1847 = CARTESIAN_POINT('',(33.,145.,1.6));
#1848 = DIRECTION('',(0.,0.,-1.));
#1849 = DIRECTION('',(1.,0.,0.));
#1850 = PCURVE('',#267,#1851);
#1851 = DEFINITIONAL_REPRESENTATION('',(#1852),#1860);
#1852 = ( BOUNDED_CURVE() B_SPLINE_CURVE(2,(#1853,#1854,#1855,#1856,
#1857,#1858,#1859),.UNSPECIFIED.,.T.,.F.) B_SPLINE_CURVE_WITH_KNOTS((1,2
    ,2,2,2,1),(-2.094395102393,0.,2.094395102393,4.188790204786,
6.28318530718,8.377580409573),.UNSPECIFIED.) CURVE() 
GEOMETRIC_REPRESENTATION_ITEM() RATIONAL_B_SPLINE_CURVE((1.,0.5,1.,0.5,
1.,0.5,1.)) REPRESENTATION_ITEM('') );
#1853 = CARTESIAN_POINT('',(33.75,145.));
#1854 = CARTESIAN_POINT('',(33.75,143.70096189432));
#1855 = CARTESIAN_POINT('',(32.625,144.35048094716));
#1856 = CARTESIAN_POINT('',(31.5,145.));
#1857 = CARTESIAN_POINT('',(32.625,145.64951905283));
#1858 = CARTESIAN_POINT('',(33.75,146.29903810567));
#1859 = CARTESIAN_POINT('',(33.75,145.));
#1860 = ( GEOMETRIC_REPRESENTATION_CONTEXT(2) 
PARAMETRIC_REPRESENTATION_CONTEXT() REPRESENTATION_CONTEXT('2D SPACE',''
  ) );
#1861 = PCURVE('',#1862,#1867);
#1862 = CYLINDRICAL_SURFACE('',#1863,0.75);
#1863 = AXIS2_PLACEMENT_3D('',#1864,#1865,#1866);
#1864 = CARTESIAN_POINT('',(33.,145.,-0.1));
#1865 = DIRECTION('',(-0.,-0.,-1.));
#1866 = DIRECTION('',(1.,0.,0.));
#1867 = DEFINITIONAL_REPRESENTATION('',(#1868),#1872);
#1868 = LINE('',#1869,#1870);
#1869 = CARTESIAN_POINT('',(-6.28318530718,-1.7));
#1870 = VECTOR('',#1871,1.);
#1871 = DIRECTION('',(1.,-0.));
#1872 = ( GEOMETRIC_REPRESENTATION_CONTEXT(2) 
PARAMETRIC_REPRESENTATION_CONTEXT() REPRESENTATION_CONTEXT('2D SPACE',''
  ) );
#1873 = FACE_BOUND('',#1874,.T.);
#1874 = EDGE_LOOP('',(#1875));
#1875 = ORIENTED_EDGE('',*,*,#1876,.T.);
#1876 = EDGE_CURVE('',#1877,#1877,#1879,.T.);
#1877 = VERTEX_POINT('',#1878);
#1878 = CARTESIAN_POINT('',(24.5,173.,1.6));
#1879 = SURFACE_CURVE('',#1880,(#1885,#1896),.PCURVE_S1.);
#1880 = CIRCLE('',#1881,0.5);
#1881 = AXIS2_PLACEMENT_3D('',#1882,#1883,#1884);
#1882 = CARTESIAN_POINT('',(24.,173.,1.6));
#1883 = DIRECTION('',(0.,0.,-1.));
#1884 = DIRECTION('',(1.,0.,0.));
#1885 = PCURVE('',#267,#1886);
#1886 = DEFINITIONAL_REPRESENTATION('',(#1887),#1895);
#1887 = ( BOUNDED_CURVE() B_SPLINE_CURVE(2,(#1888,#1889,#1890,#1891,
#1892,#1893,#1894),.UNSPECIFIED.,.T.,.F.) B_SPLINE_CURVE_WITH_KNOTS((1,2
    ,2,2,2,1),(-2.094395102393,0.,2.094395102393,4.188790204786,
6.28318530718,8.377580409573),.UNSPECIFIED.) CURVE() 
GEOMETRIC_REPRESENTATION_ITEM() RATIONAL_B_SPLINE_CURVE((1.,0.5,1.,0.5,
1.,0.5,1.)) REPRESENTATION_ITEM('') );
#1888 = CARTESIAN_POINT('',(24.5,173.));
#1889 = CARTESIAN_POINT('',(24.5,172.13397459621));
#1890 = CARTESIAN_POINT('',(23.75,172.5669872981));
#1891 = CARTESIAN_POINT('',(23.,173.));
#1892 = CARTESIAN_POINT('',(23.75,173.43301270189));
#1893 = CARTESIAN_POINT('',(24.5,173.86602540378));
#1894 = CARTESIAN_POINT('',(24.5,173.));
#1895 = ( GEOMETRIC_REPRESENTATION_CONTEXT(2) 
PARAMETRIC_REPRESENTATION_CONTEXT() REPRESENTATION_CONTEXT('2D SPACE',''
  ) );
#1896 = PCURVE('',#1897,#1902);
#1897 = CYLINDRICAL_SURFACE('',#1898,0.5);
#1898 = AXIS2_PLACEMENT_3D('',#1899,#1900,#1901);
#1899 = CARTESIAN_POINT('',(24.,173.,-0.1));
#1900 = DIRECTION('',(-0.,-0.,-1.));
#1901 = DIRECTION('',(1.,0.,0.));
#1902 = DEFINITIONAL_REPRESENTATION('',(#1903),#1907);
#1903 = LINE('',#1904,#1905);
#1904 = CARTESIAN_POINT('',(-6.28318530718,-1.7));
#1905 = VECTOR('',#1906,1.);
#1906 = DIRECTION('',(1.,-0.));
#1907 = ( GEOMETRIC_REPRESENTATION_CONTEXT(2) 
PARAMETRIC_REPRESENTATION_CONTEXT() REPRESENTATION_CONTEXT('2D SPACE',''
  ) );
#1908 = FACE_BOUND('',#1909,.T.);
#1909 = EDGE_LOOP('',(#1910));
#1910 = ORIENTED_EDGE('',*,*,#1911,.T.);
#1911 = EDGE_CURVE('',#1912,#1912,#1914,.T.);
#1912 = VERTEX_POINT('',#1913);
#1913 = CARTESIAN_POINT('',(24.5,175.54,1.6));
#1914 = SURFACE_CURVE('',#1915,(#1920,#1931),.PCURVE_S1.);
#1915 = CIRCLE('',#1916,0.5);
#1916 = AXIS2_PLACEMENT_3D('',#1917,#1918,#1919);
#1917 = CARTESIAN_POINT('',(24.,175.54,1.6));
#1918 = DIRECTION('',(0.,0.,-1.));
#1919 = DIRECTION('',(1.,0.,0.));
#1920 = PCURVE('',#267,#1921);
#1921 = DEFINITIONAL_REPRESENTATION('',(#1922),#1930);
#1922 = ( BOUNDED_CURVE() B_SPLINE_CURVE(2,(#1923,#1924,#1925,#1926,
#1927,#1928,#1929),.UNSPECIFIED.,.T.,.F.) B_SPLINE_CURVE_WITH_KNOTS((1,2
    ,2,2,2,1),(-2.094395102393,0.,2.094395102393,4.188790204786,
6.28318530718,8.377580409573),.UNSPECIFIED.) CURVE() 
GEOMETRIC_REPRESENTATION_ITEM() RATIONAL_B_SPLINE_CURVE((1.,0.5,1.,0.5,
1.,0.5,1.)) REPRESENTATION_ITEM('') );
#1923 = CARTESIAN_POINT('',(24.5,175.54));
#1924 = CARTESIAN_POINT('',(24.5,174.67397459621));
#1925 = CARTESIAN_POINT('',(23.75,175.1069872981));
#1926 = CARTESIAN_POINT('',(23.,175.54));
#1927 = CARTESIAN_POINT('',(23.75,175.97301270189));
#1928 = CARTESIAN_POINT('',(24.5,176.40602540378));
#1929 = CARTESIAN_POINT('',(24.5,175.54));
#1930 = ( GEOMETRIC_REPRESENTATION_CONTEXT(2) 
PARAMETRIC_REPRESENTATION_CONTEXT() REPRESENTATION_CONTEXT('2D SPACE',''
  ) );
#1931 = PCURVE('',#1932,#1937);
#1932 = CYLINDRICAL_SURFACE('',#1933,0.5);
#1933 = AXIS2_PLACEMENT_3D('',#1934,#1935,#1936);
#1934 = CARTESIAN_POINT('',(24.,175.54,-0.1));
#1935 = DIRECTION('',(-0.,-0.,-1.));
#1936 = DIRECTION('',(1.,0.,0.));
#1937 = DEFINITIONAL_REPRESENTATION('',(#1938),#1942);
#1938 = LINE('',#1939,#1940);
#1939 = CARTESIAN_POINT('',(-6.28318530718,-1.7));
#1940 = VECTOR('',#1941,1.);
#1941 = DIRECTION('',(1.,-0.));
#1942 = ( GEOMETRIC_REPRESENTATION_CONTEXT(2) 
PARAMETRIC_REPRESENTATION_CONTEXT() REPRESENTATION_CONTEXT('2D SPACE',''
  ) );
#1943 = FACE_BOUND('',#1944,.T.);
#1944 = EDGE_LOOP('',(#1945));
#1945 = ORIENTED_EDGE('',*,*,#1946,.T.);
#1946 = EDGE_CURVE('',#1947,#1947,#1949,.T.);
#1947 = VERTEX_POINT('',#1948);
#1948 = CARTESIAN_POINT('',(27.04,173.,1.6));
#1949 = SURFACE_CURVE('',#1950,(#1955,#1966),.PCURVE_S1.);
#1950 = CIRCLE('',#1951,0.5);
#1951 = AXIS2_PLACEMENT_3D('',#1952,#1953,#1954);
#1952 = CARTESIAN_POINT('',(26.54,173.,1.6));
#1953 = DIRECTION('',(0.,0.,-1.));
#1954 = DIRECTION('',(1.,0.,0.));
#1955 = PCURVE('',#267,#1956);
#1956 = DEFINITIONAL_REPRESENTATION('',(#1957),#1965);
#1957 = ( BOUNDED_CURVE() B_SPLINE_CURVE(2,(#1958,#1959,#1960,#1961,
#1962,#1963,#1964),.UNSPECIFIED.,.T.,.F.) B_SPLINE_CURVE_WITH_KNOTS((1,2
    ,2,2,2,1),(-2.094395102393,0.,2.094395102393,4.188790204786,
6.28318530718,8.377580409573),.UNSPECIFIED.) CURVE() 
GEOMETRIC_REPRESENTATION_ITEM() RATIONAL_B_SPLINE_CURVE((1.,0.5,1.,0.5,
1.,0.5,1.)) REPRESENTATION_ITEM('') );
#1958 = CARTESIAN_POINT('',(27.04,173.));
#1959 = CARTESIAN_POINT('',(27.04,172.13397459621));
#1960 = CARTESIAN_POINT('',(26.29,172.5669872981));
#1961 = CARTESIAN_POINT('',(25.54,173.));
#1962 = CARTESIAN_POINT('',(26.29,173.43301270189));
#1963 = CARTESIAN_POINT('',(27.04,173.86602540378));
#1964 = CARTESIAN_POINT('',(27.04,173.));
#1965 = ( GEOMETRIC_REPRESENTATION_CONTEXT(2) 
PARAMETRIC_REPRESENTATION_CONTEXT() REPRESENTATION_CONTEXT('2D SPACE',''
  ) );
#1966 = PCURVE('',#1967,#1972);
#1967 = CYLINDRICAL_SURFACE('',#1968,0.5);
#1968 = AXIS2_PLACEMENT_3D('',#1969,#1970,#1971);
#1969 = CARTESIAN_POINT('',(26.54,173.,-0.1));
#1970 = DIRECTION('',(-0.,-0.,-1.));
#1971 = DIRECTION('',(1.,0.,0.));
#1972 = DEFINITIONAL_REPRESENTATION('',(#1973),#1977);
#1973 = LINE('',#1974,#1975);
#1974 = CARTESIAN_POINT('',(-6.28318530718,-1.7));
#1975 = VECTOR('',#1976,1.);
#1976 = DIRECTION('',(1.,-0.));
#1977 = ( GEOMETRIC_REPRESENTATION_CONTEXT(2) 
PARAMETRIC_REPRESENTATION_CONTEXT() REPRESENTATION_CONTEXT('2D SPACE',''
  ) );
#1978 = FACE_BOUND('',#1979,.T.);
#1979 = EDGE_LOOP('',(#1980));
#1980 = ORIENTED_EDGE('',*,*,#1981,.T.);
#1981 = EDGE_CURVE('',#1982,#1982,#1984,.T.);
#1982 = VERTEX_POINT('',#1983);
#1983 = CARTESIAN_POINT('',(27.04,175.54,1.6));
#1984 = SURFACE_CURVE('',#1985,(#1990,#2001),.PCURVE_S1.);
#1985 = CIRCLE('',#1986,0.5);
#1986 = AXIS2_PLACEMENT_3D('',#1987,#1988,#1989);
#1987 = CARTESIAN_POINT('',(26.54,175.54,1.6));
#1988 = DIRECTION('',(0.,0.,-1.));
#1989 = DIRECTION('',(1.,0.,0.));
#1990 = PCURVE('',#267,#1991);
#1991 = DEFINITIONAL_REPRESENTATION('',(#1992),#2000);
#1992 = ( BOUNDED_CURVE() B_SPLINE_CURVE(2,(#1993,#1994,#1995,#1996,
#1997,#1998,#1999),.UNSPECIFIED.,.T.,.F.) B_SPLINE_CURVE_WITH_KNOTS((1,2
    ,2,2,2,1),(-2.094395102393,0.,2.094395102393,4.188790204786,
6.28318530718,8.377580409573),.UNSPECIFIED.) CURVE() 
GEOMETRIC_REPRESENTATION_ITEM() RATIONAL_B_SPLINE_CURVE((1.,0.5,1.,0.5,
1.,0.5,1.)) REPRESENTATION_ITEM('') );
#1993 = CARTESIAN_POINT('',(27.04,175.54));
#1994 = CARTESIAN_POINT('',(27.04,174.67397459621));
#1995 = CARTESIAN_POINT('',(26.29,175.1069872981));
#1996 = CARTESIAN_POINT('',(25.54,175.54));
#1997 = CARTESIAN_POINT('',(26.29,175.97301270189));
#1998 = CARTESIAN_POINT('',(27.04,176.40602540378));
#1999 = CARTESIAN_POINT('',(27.04,175.54));
#2000 = ( GEOMETRIC_REPRESENTATION_CONTEXT(2) 
PARAMETRIC_REPRESENTATION_CONTEXT() REPRESENTATION_CONTEXT('2D SPACE',''
  ) );
#2001 = PCURVE('',#2002,#2007);
#2002 = CYLINDRICAL_SURFACE('',#2003,0.5);
#2003 = AXIS2_PLACEMENT_3D('',#2004,#2005,#2006);
#2004 = CARTESIAN_POINT('',(26.54,175.54,-0.1));
#2005 = DIRECTION('',(-0.,-0.,-1.));
#2006 = DIRECTION('',(1.,0.,0.));
#2007 = DEFINITIONAL_REPRESENTATION('',(#2008),#2012);
#2008 = LINE('',#2009,#2010);
#2009 = CARTESIAN_POINT('',(-6.28318530718,-1.7));
#2010 = VECTOR('',#2011,1.);
#2011 = DIRECTION('',(1.,-0.));
#2012 = ( GEOMETRIC_REPRESENTATION_CONTEXT(2) 
PARAMETRIC_REPRESENTATION_CONTEXT() REPRESENTATION_CONTEXT('2D SPACE',''
  ) );
#2013 = FACE_BOUND('',#2014,.T.);
#2014 = EDGE_LOOP('',(#2015));
#2015 = ORIENTED_EDGE('',*,*,#2016,.T.);
#2016 = EDGE_CURVE('',#2017,#2017,#2019,.T.);
#2017 = VERTEX_POINT('',#2018);
#2018 = CARTESIAN_POINT('',(29.58,173.,1.6));
#2019 = SURFACE_CURVE('',#2020,(#2025,#2036),.PCURVE_S1.);
#2020 = CIRCLE('',#2021,0.5);
#2021 = AXIS2_PLACEMENT_3D('',#2022,#2023,#2024);
#2022 = CARTESIAN_POINT('',(29.08,173.,1.6));
#2023 = DIRECTION('',(0.,0.,-1.));
#2024 = DIRECTION('',(1.,0.,0.));
#2025 = PCURVE('',#267,#2026);
#2026 = DEFINITIONAL_REPRESENTATION('',(#2027),#2035);
#2027 = ( BOUNDED_CURVE() B_SPLINE_CURVE(2,(#2028,#2029,#2030,#2031,
#2032,#2033,#2034),.UNSPECIFIED.,.T.,.F.) B_SPLINE_CURVE_WITH_KNOTS((1,2
    ,2,2,2,1),(-2.094395102393,0.,2.094395102393,4.188790204786,
6.28318530718,8.377580409573),.UNSPECIFIED.) CURVE() 
GEOMETRIC_REPRESENTATION_ITEM() RATIONAL_B_SPLINE_CURVE((1.,0.5,1.,0.5,
1.,0.5,1.)) REPRESENTATION_ITEM('') );
#2028 = CARTESIAN_POINT('',(29.58,173.));
#2029 = CARTESIAN_POINT('',(29.58,172.13397459621));
#2030 = CARTESIAN_POINT('',(28.83,172.5669872981));
#2031 = CARTESIAN_POINT('',(28.08,173.));
#2032 = CARTESIAN_POINT('',(28.83,173.43301270189));
#2033 = CARTESIAN_POINT('',(29.58,173.86602540378));
#2034 = CARTESIAN_POINT('',(29.58,173.));
#2035 = ( GEOMETRIC_REPRESENTATION_CONTEXT(2) 
PARAMETRIC_REPRESENTATION_CONTEXT() REPRESENTATION_CONTEXT('2D SPACE',''
  ) );
#2036 = PCURVE('',#2037,#2042);
#2037 = CYLINDRICAL_SURFACE('',#2038,0.5);
#2038 = AXIS2_PLACEMENT_3D('',#2039,#2040,#2041);
#2039 = CARTESIAN_POINT('',(29.08,173.,-0.1));
#2040 = DIRECTION('',(-0.,-0.,-1.));
#2041 = DIRECTION('',(1.,0.,0.));
#2042 = DEFINITIONAL_REPRESENTATION('',(#2043),#2047);
#2043 = LINE('',#2044,#2045);
#2044 = CARTESIAN_POINT('',(-6.28318530718,-1.7));
#2045 = VECTOR('',#2046,1.);
#2046 = DIRECTION('',(1.,-0.));
#2047 = ( GEOMETRIC_REPRESENTATION_CONTEXT(2) 
PARAMETRIC_REPRESENTATION_CONTEXT() REPRESENTATION_CONTEXT('2D SPACE',''
  ) );
#2048 = FACE_BOUND('',#2049,.T.);
#2049 = EDGE_LOOP('',(#2050));
#2050 = ORIENTED_EDGE('',*,*,#2051,.T.);
#2051 = EDGE_CURVE('',#2052,#2052,#2054,.T.);
#2052 = VERTEX_POINT('',#2053);
#2053 = CARTESIAN_POINT('',(29.58,175.54,1.6));
#2054 = SURFACE_CURVE('',#2055,(#2060,#2071),.PCURVE_S1.);
#2055 = CIRCLE('',#2056,0.5);
#2056 = AXIS2_PLACEMENT_3D('',#2057,#2058,#2059);
#2057 = CARTESIAN_POINT('',(29.08,175.54,1.6));
#2058 = DIRECTION('',(0.,0.,-1.));
#2059 = DIRECTION('',(1.,0.,0.));
#2060 = PCURVE('',#267,#2061);
#2061 = DEFINITIONAL_REPRESENTATION('',(#2062),#2070);
#2062 = ( BOUNDED_CURVE() B_SPLINE_CURVE(2,(#2063,#2064,#2065,#2066,
#2067,#2068,#2069),.UNSPECIFIED.,.T.,.F.) B_SPLINE_CURVE_WITH_KNOTS((1,2
    ,2,2,2,1),(-2.094395102393,0.,2.094395102393,4.188790204786,
6.28318530718,8.377580409573),.UNSPECIFIED.) CURVE() 
GEOMETRIC_REPRESENTATION_ITEM() RATIONAL_B_SPLINE_CURVE((1.,0.5,1.,0.5,
1.,0.5,1.)) REPRESENTATION_ITEM('') );
#2063 = CARTESIAN_POINT('',(29.58,175.54));
#2064 = CARTESIAN_POINT('',(29.58,174.67397459621));
#2065 = CARTESIAN_POINT('',(28.83,175.1069872981));
#2066 = CARTESIAN_POINT('',(28.08,175.54));
#2067 = CARTESIAN_POINT('',(28.83,175.97301270189));
#2068 = CARTESIAN_POINT('',(29.58,176.40602540378));
#2069 = CARTESIAN_POINT('',(29.58,175.54));
#2070 = ( GEOMETRIC_REPRESENTATION_CONTEXT(2) 
PARAMETRIC_REPRESENTATION_CONTEXT() REPRESENTATION_CONTEXT('2D SPACE',''
  ) );
#2071 = PCURVE('',#2072,#2077);
#2072 = CYLINDRICAL_SURFACE('',#2073,0.5);
#2073 = AXIS2_PLACEMENT_3D('',#2074,#2075,#2076);
#2074 = CARTESIAN_POINT('',(29.08,175.54,-0.1));
#2075 = DIRECTION('',(-0.,-0.,-1.));
#2076 = DIRECTION('',(1.,0.,0.));
#2077 = DEFINITIONAL_REPRESENTATION('',(#2078),#2082);
#2078 = LINE('',#2079,#2080);
#2079 = CARTESIAN_POINT('',(-6.28318530718,-1.7));
#2080 = VECTOR('',#2081,1.);
#2081 = DIRECTION('',(1.,-0.));
#2082 = ( GEOMETRIC_REPRESENTATION_CONTEXT(2) 
PARAMETRIC_REPRESENTATION_CONTEXT() REPRESENTATION_CONTEXT('2D SPACE',''
  ) );
#2083 = FACE_BOUND('',#2084,.T.);
#2084 = EDGE_LOOP('',(#2085));
#2085 = ORIENTED_EDGE('',*,*,#2086,.T.);
#2086 = EDGE_CURVE('',#2087,#2087,#2089,.T.);
#2087 = VERTEX_POINT('',#2088);
#2088 = CARTESIAN_POINT('',(33.75,155.,1.6));
#2089 = SURFACE_CURVE('',#2090,(#2095,#2106),.PCURVE_S1.);
#2090 = CIRCLE('',#2091,0.75);
#2091 = AXIS2_PLACEMENT_3D('',#2092,#2093,#2094);
#2092 = CARTESIAN_POINT('',(33.,155.,1.6));
#2093 = DIRECTION('',(0.,0.,-1.));
#2094 = DIRECTION('',(1.,0.,0.));
#2095 = PCURVE('',#267,#2096);
#2096 = DEFINITIONAL_REPRESENTATION('',(#2097),#2105);
#2097 = ( BOUNDED_CURVE() B_SPLINE_CURVE(2,(#2098,#2099,#2100,#2101,
#2102,#2103,#2104),.UNSPECIFIED.,.T.,.F.) B_SPLINE_CURVE_WITH_KNOTS((1,2
    ,2,2,2,1),(-2.094395102393,0.,2.094395102393,4.188790204786,
6.28318530718,8.377580409573),.UNSPECIFIED.) CURVE() 
GEOMETRIC_REPRESENTATION_ITEM() RATIONAL_B_SPLINE_CURVE((1.,0.5,1.,0.5,
1.,0.5,1.)) REPRESENTATION_ITEM('') );
#2098 = CARTESIAN_POINT('',(33.75,155.));
#2099 = CARTESIAN_POINT('',(33.75,153.70096189432));
#2100 = CARTESIAN_POINT('',(32.625,154.35048094716));
#2101 = CARTESIAN_POINT('',(31.5,155.));
#2102 = CARTESIAN_POINT('',(32.625,155.64951905283));
#2103 = CARTESIAN_POINT('',(33.75,156.29903810567));
#2104 = CARTESIAN_POINT('',(33.75,155.));
#2105 = ( GEOMETRIC_REPRESENTATION_CONTEXT(2) 
PARAMETRIC_REPRESENTATION_CONTEXT() REPRESENTATION_CONTEXT('2D SPACE',''
  ) );
#2106 = PCURVE('',#2107,#2112);
#2107 = CYLINDRICAL_SURFACE('',#2108,0.75);
#2108 = AXIS2_PLACEMENT_3D('',#2109,#2110,#2111);
#2109 = CARTESIAN_POINT('',(33.,155.,-0.1));
#2110 = DIRECTION('',(-0.,-0.,-1.));
#2111 = DIRECTION('',(1.,0.,0.));
#2112 = DEFINITIONAL_REPRESENTATION('',(#2113),#2117);
#2113 = LINE('',#2114,#2115);
#2114 = CARTESIAN_POINT('',(-6.28318530718,-1.7));
#2115 = VECTOR('',#2116,1.);
#2116 = DIRECTION('',(1.,-0.));
#2117 = ( GEOMETRIC_REPRESENTATION_CONTEXT(2) 
PARAMETRIC_REPRESENTATION_CONTEXT() REPRESENTATION_CONTEXT('2D SPACE',''
  ) );
#2118 = FACE_BOUND('',#2119,.T.);
#2119 = EDGE_LOOP('',(#2120));
#2120 = ORIENTED_EDGE('',*,*,#2121,.T.);
#2121 = EDGE_CURVE('',#2122,#2122,#2124,.T.);
#2122 = VERTEX_POINT('',#2123);
#2123 = CARTESIAN_POINT('',(33.75,165.,1.6));
#2124 = SURFACE_CURVE('',#2125,(#2130,#2141),.PCURVE_S1.);
#2125 = CIRCLE('',#2126,0.75);
#2126 = AXIS2_PLACEMENT_3D('',#2127,#2128,#2129);
#2127 = CARTESIAN_POINT('',(33.,165.,1.6));
#2128 = DIRECTION('',(0.,0.,-1.));
#2129 = DIRECTION('',(1.,0.,0.));
#2130 = PCURVE('',#267,#2131);
#2131 = DEFINITIONAL_REPRESENTATION('',(#2132),#2140);
#2132 = ( BOUNDED_CURVE() B_SPLINE_CURVE(2,(#2133,#2134,#2135,#2136,
#2137,#2138,#2139),.UNSPECIFIED.,.T.,.F.) B_SPLINE_CURVE_WITH_KNOTS((1,2
    ,2,2,2,1),(-2.094395102393,0.,2.094395102393,4.188790204786,
6.28318530718,8.377580409573),.UNSPECIFIED.) CURVE() 
GEOMETRIC_REPRESENTATION_ITEM() RATIONAL_B_SPLINE_CURVE((1.,0.5,1.,0.5,
1.,0.5,1.)) REPRESENTATION_ITEM('') );
#2133 = CARTESIAN_POINT('',(33.75,165.));
#2134 = CARTESIAN_POINT('',(33.75,163.70096189432));
#2135 = CARTESIAN_POINT('',(32.625,164.35048094716));
#2136 = CARTESIAN_POINT('',(31.5,165.));
#2137 = CARTESIAN_POINT('',(32.625,165.64951905283));
#2138 = CARTESIAN_POINT('',(33.75,166.29903810567));
#2139 = CARTESIAN_POINT('',(33.75,165.));
#2140 = ( GEOMETRIC_REPRESENTATION_CONTEXT(2) 
PARAMETRIC_REPRESENTATION_CONTEXT() REPRESENTATION_CONTEXT('2D SPACE',''
  ) );
#2141 = PCURVE('',#2142,#2147);
#2142 = CYLINDRICAL_SURFACE('',#2143,0.75);
#2143 = AXIS2_PLACEMENT_3D('',#2144,#2145,#2146);
#2144 = CARTESIAN_POINT('',(33.,165.,-0.1));
#2145 = DIRECTION('',(-0.,-0.,-1.));
#2146 = DIRECTION('',(1.,0.,0.));
#2147 = DEFINITIONAL_REPRESENTATION('',(#2148),#2152);
#2148 = LINE('',#2149,#2150);
#2149 = CARTESIAN_POINT('',(-6.28318530718,-1.7));
#2150 = VECTOR('',#2151,1.);
#2151 = DIRECTION('',(1.,-0.));
#2152 = ( GEOMETRIC_REPRESENTATION_CONTEXT(2) 
PARAMETRIC_REPRESENTATION_CONTEXT() REPRESENTATION_CONTEXT('2D SPACE',''
  ) );
#2153 = FACE_BOUND('',#2154,.T.);
#2154 = EDGE_LOOP('',(#2155));
#2155 = ORIENTED_EDGE('',*,*,#2156,.T.);
#2156 = EDGE_CURVE('',#2157,#2157,#2159,.T.);
#2157 = VERTEX_POINT('',#2158);
#2158 = CARTESIAN_POINT('',(46.1,175.,1.6));
#2159 = SURFACE_CURVE('',#2160,(#2165,#2176),.PCURVE_S1.);
#2160 = CIRCLE('',#2161,1.6);
#2161 = AXIS2_PLACEMENT_3D('',#2162,#2163,#2164);
#2162 = CARTESIAN_POINT('',(44.5,175.,1.6));
#2163 = DIRECTION('',(0.,0.,-1.));
#2164 = DIRECTION('',(1.,0.,0.));
#2165 = PCURVE('',#267,#2166);
#2166 = DEFINITIONAL_REPRESENTATION('',(#2167),#2175);
#2167 = ( BOUNDED_CURVE() B_SPLINE_CURVE(2,(#2168,#2169,#2170,#2171,
#2172,#2173,#2174),.UNSPECIFIED.,.T.,.F.) B_SPLINE_CURVE_WITH_KNOTS((1,2
    ,2,2,2,1),(-2.094395102393,0.,2.094395102393,4.188790204786,
6.28318530718,8.377580409573),.UNSPECIFIED.) CURVE() 
GEOMETRIC_REPRESENTATION_ITEM() RATIONAL_B_SPLINE_CURVE((1.,0.5,1.,0.5,
1.,0.5,1.)) REPRESENTATION_ITEM('') );
#2168 = CARTESIAN_POINT('',(46.1,175.));
#2169 = CARTESIAN_POINT('',(46.1,172.22871870789));
#2170 = CARTESIAN_POINT('',(43.7,173.61435935394));
#2171 = CARTESIAN_POINT('',(41.3,175.));
#2172 = CARTESIAN_POINT('',(43.7,176.38564064605));
#2173 = CARTESIAN_POINT('',(46.1,177.77128129211));
#2174 = CARTESIAN_POINT('',(46.1,175.));
#2175 = ( GEOMETRIC_REPRESENTATION_CONTEXT(2) 
PARAMETRIC_REPRESENTATION_CONTEXT() REPRESENTATION_CONTEXT('2D SPACE',''
  ) );
#2176 = PCURVE('',#2177,#2182);
#2177 = CYLINDRICAL_SURFACE('',#2178,1.6);
#2178 = AXIS2_PLACEMENT_3D('',#2179,#2180,#2181);
#2179 = CARTESIAN_POINT('',(44.5,175.,-0.1));
#2180 = DIRECTION('',(-0.,-0.,-1.));
#2181 = DIRECTION('',(1.,0.,0.));
#2182 = DEFINITIONAL_REPRESENTATION('',(#2183),#2187);
#2183 = LINE('',#2184,#2185);
#2184 = CARTESIAN_POINT('',(-6.28318530718,-1.7));
#2185 = VECTOR('',#2186,1.);
#2186 = DIRECTION('',(1.,-0.));
#2187 = ( GEOMETRIC_REPRESENTATION_CONTEXT(2) 
PARAMETRIC_REPRESENTATION_CONTEXT() REPRESENTATION_CONTEXT('2D SPACE',''
  ) );
#2188 = ADVANCED_FACE('',(#2189),#241,.T.);
#2189 = FACE_BOUND('',#2190,.T.);
#2190 = EDGE_LOOP('',(#2191,#2214,#2215,#2216));
#2191 = ORIENTED_EDGE('',*,*,#2192,.F.);
#2192 = EDGE_CURVE('',#198,#2193,#2195,.T.);
#2193 = VERTEX_POINT('',#2194);
#2194 = CARTESIAN_POINT('',(48.,180.,0.));
#2195 = SURFACE_CURVE('',#2196,(#2200,#2207),.PCURVE_S1.);
#2196 = LINE('',#2197,#2198);
#2197 = CARTESIAN_POINT('',(0.,180.,0.));
#2198 = VECTOR('',#2199,1.);
#2199 = DIRECTION('',(1.,0.,0.));
#2200 = PCURVE('',#241,#2201);
#2201 = DEFINITIONAL_REPRESENTATION('',(#2202),#2206);
#2202 = LINE('',#2203,#2204);
#2203 = CARTESIAN_POINT('',(0.,0.));
#2204 = VECTOR('',#2205,1.);
#2205 = DIRECTION('',(0.,1.));
#2206 = ( GEOMETRIC_REPRESENTATION_CONTEXT(2) 
PARAMETRIC_REPRESENTATION_CONTEXT() REPRESENTATION_CONTEXT('2D SPACE',''
  ) );
#2207 = PCURVE('',#213,#2208);
#2208 = DEFINITIONAL_REPRESENTATION('',(#2209),#2213);
#2209 = LINE('',#2210,#2211);
#2210 = CARTESIAN_POINT('',(0.,180.));
#2211 = VECTOR('',#2212,1.);
#2212 = DIRECTION('',(1.,0.));
#2213 = ( GEOMETRIC_REPRESENTATION_CONTEXT(2) 
PARAMETRIC_REPRESENTATION_CONTEXT() REPRESENTATION_CONTEXT('2D SPACE',''
  ) );
#2214 = ORIENTED_EDGE('',*,*,#225,.T.);
#2215 = ORIENTED_EDGE('',*,*,#383,.T.);
#2216 = ORIENTED_EDGE('',*,*,#2217,.F.);
#2217 = EDGE_CURVE('',#2193,#361,#2218,.T.);
#2218 = SURFACE_CURVE('',#2219,(#2223,#2230),.PCURVE_S1.);
#2219 = LINE('',#2220,#2221);
#2220 = CARTESIAN_POINT('',(48.,180.,0.));
#2221 = VECTOR('',#2222,1.);
#2222 = DIRECTION('',(0.,0.,1.));
#2223 = PCURVE('',#241,#2224);
#2224 = DEFINITIONAL_REPRESENTATION('',(#2225),#2229);
#2225 = LINE('',#2226,#2227);
#2226 = CARTESIAN_POINT('',(0.,48.));
#2227 = VECTOR('',#2228,1.);
#2228 = DIRECTION('',(1.,0.));
#2229 = ( GEOMETRIC_REPRESENTATION_CONTEXT(2) 
PARAMETRIC_REPRESENTATION_CONTEXT() REPRESENTATION_CONTEXT('2D SPACE',''
  ) );
#2230 = PCURVE('',#343,#2231);
#2231 = DEFINITIONAL_REPRESENTATION('',(#2232),#2236);
#2232 = LINE('',#2233,#2234);
#2233 = CARTESIAN_POINT('',(0.,-180.));
#2234 = VECTOR('',#2235,1.);
#2235 = DIRECTION('',(1.,0.));
#2236 = ( GEOMETRIC_REPRESENTATION_CONTEXT(2) 
PARAMETRIC_REPRESENTATION_CONTEXT() REPRESENTATION_CONTEXT('2D SPACE',''
  ) );
#2237 = ADVANCED_FACE('',(#2238,#2264,#2294,#2324,#2354,#2384,#2414,
    #2444,#2474,#2504,#2534,#2564,#2594,#2624,#2654,#2684,#2714,#2744,
    #2774,#2804,#2834,#2864,#2894,#2924,#2954,#2984,#3014,#3044,#3074,
    #3104,#3134,#3164,#3194,#3224,#3254,#3284,#3314,#3344,#3374,#3404,
    #3434,#3464,#3494,#3524,#3554,#3584,#3614,#3644,#3674,#3704,#3734,
    #3764),#213,.F.);
#2238 = FACE_BOUND('',#2239,.F.);
#2239 = EDGE_LOOP('',(#2240,#2241,#2242,#2263));
#2240 = ORIENTED_EDGE('',*,*,#197,.F.);
#2241 = ORIENTED_EDGE('',*,*,#282,.T.);
#2242 = ORIENTED_EDGE('',*,*,#2243,.T.);
#2243 = EDGE_CURVE('',#283,#2193,#2244,.T.);
#2244 = SURFACE_CURVE('',#2245,(#2249,#2256),.PCURVE_S1.);
#2245 = LINE('',#2246,#2247);
#2246 = CARTESIAN_POINT('',(48.,0.,0.));
#2247 = VECTOR('',#2248,1.);
#2248 = DIRECTION('',(0.,1.,0.));
#2249 = PCURVE('',#213,#2250);
#2250 = DEFINITIONAL_REPRESENTATION('',(#2251),#2255);
#2251 = LINE('',#2252,#2253);
#2252 = CARTESIAN_POINT('',(48.,0.));
#2253 = VECTOR('',#2254,1.);
#2254 = DIRECTION('',(0.,1.));
#2255 = ( GEOMETRIC_REPRESENTATION_CONTEXT(2) 
PARAMETRIC_REPRESENTATION_CONTEXT() REPRESENTATION_CONTEXT('2D SPACE',''
  ) );
#2256 = PCURVE('',#343,#2257);
#2257 = DEFINITIONAL_REPRESENTATION('',(#2258),#2262);
#2258 = LINE('',#2259,#2260);
#2259 = CARTESIAN_POINT('',(0.,0.));
#2260 = VECTOR('',#2261,1.);
#2261 = DIRECTION('',(0.,-1.));
#2262 = ( GEOMETRIC_REPRESENTATION_CONTEXT(2) 
PARAMETRIC_REPRESENTATION_CONTEXT() REPRESENTATION_CONTEXT('2D SPACE',''
  ) );
#2263 = ORIENTED_EDGE('',*,*,#2192,.F.);
#2264 = FACE_BOUND('',#2265,.F.);
#2265 = EDGE_LOOP('',(#2266));
#2266 = ORIENTED_EDGE('',*,*,#2267,.T.);
#2267 = EDGE_CURVE('',#2268,#2268,#2270,.T.);
#2268 = VERTEX_POINT('',#2269);
#2269 = CARTESIAN_POINT('',(5.1,5.,0.));
#2270 = SURFACE_CURVE('',#2271,(#2276,#2287),.PCURVE_S1.);
#2271 = CIRCLE('',#2272,1.6);
#2272 = AXIS2_PLACEMENT_3D('',#2273,#2274,#2275);
#2273 = CARTESIAN_POINT('',(3.5,5.,0.));
#2274 = DIRECTION('',(0.,0.,-1.));
#2275 = DIRECTION('',(1.,0.,0.));
#2276 = PCURVE('',#213,#2277);
#2277 = DEFINITIONAL_REPRESENTATION('',(#2278),#2286);
#2278 = ( BOUNDED_CURVE() B_SPLINE_CURVE(2,(#2279,#2280,#2281,#2282,
#2283,#2284,#2285),.UNSPECIFIED.,.T.,.F.) B_SPLINE_CURVE_WITH_KNOTS((1,2
    ,2,2,2,1),(-2.094395102393,0.,2.094395102393,4.188790204786,
6.28318530718,8.377580409573),.UNSPECIFIED.) CURVE() 
GEOMETRIC_REPRESENTATION_ITEM() RATIONAL_B_SPLINE_CURVE((1.,0.5,1.,0.5,
1.,0.5,1.)) REPRESENTATION_ITEM('') );
#2279 = CARTESIAN_POINT('',(5.1,5.));
#2280 = CARTESIAN_POINT('',(5.1,2.22871870789));
#2281 = CARTESIAN_POINT('',(2.7,3.614359353945));
#2282 = CARTESIAN_POINT('',(0.3,5.));
#2283 = CARTESIAN_POINT('',(2.7,6.385640646055));
#2284 = CARTESIAN_POINT('',(5.1,7.77128129211));
#2285 = CARTESIAN_POINT('',(5.1,5.));
#2286 = ( GEOMETRIC_REPRESENTATION_CONTEXT(2) 
PARAMETRIC_REPRESENTATION_CONTEXT() REPRESENTATION_CONTEXT('2D SPACE',''
  ) );
#2287 = PCURVE('',#427,#2288);
#2288 = DEFINITIONAL_REPRESENTATION('',(#2289),#2293);
#2289 = LINE('',#2290,#2291);
#2290 = CARTESIAN_POINT('',(-6.28318530718,-0.1));
#2291 = VECTOR('',#2292,1.);
#2292 = DIRECTION('',(1.,-0.));
#2293 = ( GEOMETRIC_REPRESENTATION_CONTEXT(2) 
PARAMETRIC_REPRESENTATION_CONTEXT() REPRESENTATION_CONTEXT('2D SPACE',''
  ) );
#2294 = FACE_BOUND('',#2295,.F.);
#2295 = EDGE_LOOP('',(#2296));
#2296 = ORIENTED_EDGE('',*,*,#2297,.T.);
#2297 = EDGE_CURVE('',#2298,#2298,#2300,.T.);
#2298 = VERTEX_POINT('',#2299);
#2299 = CARTESIAN_POINT('',(15.75,15.,0.));
#2300 = SURFACE_CURVE('',#2301,(#2306,#2317),.PCURVE_S1.);
#2301 = CIRCLE('',#2302,0.75);
#2302 = AXIS2_PLACEMENT_3D('',#2303,#2304,#2305);
#2303 = CARTESIAN_POINT('',(15.,15.,0.));
#2304 = DIRECTION('',(0.,0.,-1.));
#2305 = DIRECTION('',(1.,0.,0.));
#2306 = PCURVE('',#213,#2307);
#2307 = DEFINITIONAL_REPRESENTATION('',(#2308),#2316);
#2308 = ( BOUNDED_CURVE() B_SPLINE_CURVE(2,(#2309,#2310,#2311,#2312,
#2313,#2314,#2315),.UNSPECIFIED.,.T.,.F.) B_SPLINE_CURVE_WITH_KNOTS((1,2
    ,2,2,2,1),(-2.094395102393,0.,2.094395102393,4.188790204786,
6.28318530718,8.377580409573),.UNSPECIFIED.) CURVE() 
GEOMETRIC_REPRESENTATION_ITEM() RATIONAL_B_SPLINE_CURVE((1.,0.5,1.,0.5,
1.,0.5,1.)) REPRESENTATION_ITEM('') );
#2309 = CARTESIAN_POINT('',(15.75,15.));
#2310 = CARTESIAN_POINT('',(15.75,13.700961894323));
#2311 = CARTESIAN_POINT('',(14.625,14.350480947162));
#2312 = CARTESIAN_POINT('',(13.5,15.));
#2313 = CARTESIAN_POINT('',(14.625,15.649519052838));
#2314 = CARTESIAN_POINT('',(15.75,16.299038105677));
#2315 = CARTESIAN_POINT('',(15.75,15.));
#2316 = ( GEOMETRIC_REPRESENTATION_CONTEXT(2) 
PARAMETRIC_REPRESENTATION_CONTEXT() REPRESENTATION_CONTEXT('2D SPACE',''
  ) );
#2317 = PCURVE('',#462,#2318);
#2318 = DEFINITIONAL_REPRESENTATION('',(#2319),#2323);
#2319 = LINE('',#2320,#2321);
#2320 = CARTESIAN_POINT('',(-6.28318530718,-0.1));
#2321 = VECTOR('',#2322,1.);
#2322 = DIRECTION('',(1.,-0.));
#2323 = ( GEOMETRIC_REPRESENTATION_CONTEXT(2) 
PARAMETRIC_REPRESENTATION_CONTEXT() REPRESENTATION_CONTEXT('2D SPACE',''
  ) );
#2324 = FACE_BOUND('',#2325,.F.);
#2325 = EDGE_LOOP('',(#2326));
#2326 = ORIENTED_EDGE('',*,*,#2327,.T.);
#2327 = EDGE_CURVE('',#2328,#2328,#2330,.T.);
#2328 = VERTEX_POINT('',#2329);
#2329 = CARTESIAN_POINT('',(15.75,25.,0.));
#2330 = SURFACE_CURVE('',#2331,(#2336,#2347),.PCURVE_S1.);
#2331 = CIRCLE('',#2332,0.75);
#2332 = AXIS2_PLACEMENT_3D('',#2333,#2334,#2335);
#2333 = CARTESIAN_POINT('',(15.,25.,0.));
#2334 = DIRECTION('',(0.,0.,-1.));
#2335 = DIRECTION('',(1.,0.,0.));
#2336 = PCURVE('',#213,#2337);
#2337 = DEFINITIONAL_REPRESENTATION('',(#2338),#2346);
#2338 = ( BOUNDED_CURVE() B_SPLINE_CURVE(2,(#2339,#2340,#2341,#2342,
#2343,#2344,#2345),.UNSPECIFIED.,.T.,.F.) B_SPLINE_CURVE_WITH_KNOTS((1,2
    ,2,2,2,1),(-2.094395102393,0.,2.094395102393,4.188790204786,
6.28318530718,8.377580409573),.UNSPECIFIED.) CURVE() 
GEOMETRIC_REPRESENTATION_ITEM() RATIONAL_B_SPLINE_CURVE((1.,0.5,1.,0.5,
1.,0.5,1.)) REPRESENTATION_ITEM('') );
#2339 = CARTESIAN_POINT('',(15.75,25.));
#2340 = CARTESIAN_POINT('',(15.75,23.700961894323));
#2341 = CARTESIAN_POINT('',(14.625,24.350480947162));
#2342 = CARTESIAN_POINT('',(13.5,25.));
#2343 = CARTESIAN_POINT('',(14.625,25.649519052838));
#2344 = CARTESIAN_POINT('',(15.75,26.299038105677));
#2345 = CARTESIAN_POINT('',(15.75,25.));
#2346 = ( GEOMETRIC_REPRESENTATION_CONTEXT(2) 
PARAMETRIC_REPRESENTATION_CONTEXT() REPRESENTATION_CONTEXT('2D SPACE',''
  ) );
#2347 = PCURVE('',#497,#2348);
#2348 = DEFINITIONAL_REPRESENTATION('',(#2349),#2353);
#2349 = LINE('',#2350,#2351);
#2350 = CARTESIAN_POINT('',(-6.28318530718,-0.1));
#2351 = VECTOR('',#2352,1.);
#2352 = DIRECTION('',(1.,-0.));
#2353 = ( GEOMETRIC_REPRESENTATION_CONTEXT(2) 
PARAMETRIC_REPRESENTATION_CONTEXT() REPRESENTATION_CONTEXT('2D SPACE',''
  ) );
#2354 = FACE_BOUND('',#2355,.F.);
#2355 = EDGE_LOOP('',(#2356));
#2356 = ORIENTED_EDGE('',*,*,#2357,.T.);
#2357 = EDGE_CURVE('',#2358,#2358,#2360,.T.);
#2358 = VERTEX_POINT('',#2359);
#2359 = CARTESIAN_POINT('',(21.96,6.,0.));
#2360 = SURFACE_CURVE('',#2361,(#2366,#2377),.PCURVE_S1.);
#2361 = CIRCLE('',#2362,0.5);
#2362 = AXIS2_PLACEMENT_3D('',#2363,#2364,#2365);
#2363 = CARTESIAN_POINT('',(21.46,6.,0.));
#2364 = DIRECTION('',(0.,0.,-1.));
#2365 = DIRECTION('',(1.,0.,0.));
#2366 = PCURVE('',#213,#2367);
#2367 = DEFINITIONAL_REPRESENTATION('',(#2368),#2376);
#2368 = ( BOUNDED_CURVE() B_SPLINE_CURVE(2,(#2369,#2370,#2371,#2372,
#2373,#2374,#2375),.UNSPECIFIED.,.T.,.F.) B_SPLINE_CURVE_WITH_KNOTS((1,2
    ,2,2,2,1),(-2.094395102393,0.,2.094395102393,4.188790204786,
6.28318530718,8.377580409573),.UNSPECIFIED.) CURVE() 
GEOMETRIC_REPRESENTATION_ITEM() RATIONAL_B_SPLINE_CURVE((1.,0.5,1.,0.5,
1.,0.5,1.)) REPRESENTATION_ITEM('') );
#2369 = CARTESIAN_POINT('',(21.96,6.));
#2370 = CARTESIAN_POINT('',(21.96,5.133974596216));
#2371 = CARTESIAN_POINT('',(21.21,5.566987298108));
#2372 = CARTESIAN_POINT('',(20.46,6.));
#2373 = CARTESIAN_POINT('',(21.21,6.433012701892));
#2374 = CARTESIAN_POINT('',(21.96,6.866025403784));
#2375 = CARTESIAN_POINT('',(21.96,6.));
#2376 = ( GEOMETRIC_REPRESENTATION_CONTEXT(2) 
PARAMETRIC_REPRESENTATION_CONTEXT() REPRESENTATION_CONTEXT('2D SPACE',''
  ) );
#2377 = PCURVE('',#532,#2378);
#2378 = DEFINITIONAL_REPRESENTATION('',(#2379),#2383);
#2379 = LINE('',#2380,#2381);
#2380 = CARTESIAN_POINT('',(-6.28318530718,-0.1));
#2381 = VECTOR('',#2382,1.);
#2382 = DIRECTION('',(1.,-0.));
#2383 = ( GEOMETRIC_REPRESENTATION_CONTEXT(2) 
PARAMETRIC_REPRESENTATION_CONTEXT() REPRESENTATION_CONTEXT('2D SPACE',''
  ) );
#2384 = FACE_BOUND('',#2385,.F.);
#2385 = EDGE_LOOP('',(#2386));
#2386 = ORIENTED_EDGE('',*,*,#2387,.T.);
#2387 = EDGE_CURVE('',#2388,#2388,#2390,.T.);
#2388 = VERTEX_POINT('',#2389);
#2389 = CARTESIAN_POINT('',(15.75,35.,0.));
#2390 = SURFACE_CURVE('',#2391,(#2396,#2407),.PCURVE_S1.);
#2391 = CIRCLE('',#2392,0.75);
#2392 = AXIS2_PLACEMENT_3D('',#2393,#2394,#2395);
#2393 = CARTESIAN_POINT('',(15.,35.,0.));
#2394 = DIRECTION('',(0.,0.,-1.));
#2395 = DIRECTION('',(1.,0.,0.));
#2396 = PCURVE('',#213,#2397);
#2397 = DEFINITIONAL_REPRESENTATION('',(#2398),#2406);
#2398 = ( BOUNDED_CURVE() B_SPLINE_CURVE(2,(#2399,#2400,#2401,#2402,
#2403,#2404,#2405),.UNSPECIFIED.,.T.,.F.) B_SPLINE_CURVE_WITH_KNOTS((1,2
    ,2,2,2,1),(-2.094395102393,0.,2.094395102393,4.188790204786,
6.28318530718,8.377580409573),.UNSPECIFIED.) CURVE() 
GEOMETRIC_REPRESENTATION_ITEM() RATIONAL_B_SPLINE_CURVE((1.,0.5,1.,0.5,
1.,0.5,1.)) REPRESENTATION_ITEM('') );
#2399 = CARTESIAN_POINT('',(15.75,35.));
#2400 = CARTESIAN_POINT('',(15.75,33.700961894323));
#2401 = CARTESIAN_POINT('',(14.625,34.350480947162));
#2402 = CARTESIAN_POINT('',(13.5,35.));
#2403 = CARTESIAN_POINT('',(14.625,35.649519052838));
#2404 = CARTESIAN_POINT('',(15.75,36.299038105677));
#2405 = CARTESIAN_POINT('',(15.75,35.));
#2406 = ( GEOMETRIC_REPRESENTATION_CONTEXT(2) 
PARAMETRIC_REPRESENTATION_CONTEXT() REPRESENTATION_CONTEXT('2D SPACE',''
  ) );
#2407 = PCURVE('',#567,#2408);
#2408 = DEFINITIONAL_REPRESENTATION('',(#2409),#2413);
#2409 = LINE('',#2410,#2411);
#2410 = CARTESIAN_POINT('',(-6.28318530718,-0.1));
#2411 = VECTOR('',#2412,1.);
#2412 = DIRECTION('',(1.,-0.));
#2413 = ( GEOMETRIC_REPRESENTATION_CONTEXT(2) 
PARAMETRIC_REPRESENTATION_CONTEXT() REPRESENTATION_CONTEXT('2D SPACE',''
  ) );
#2414 = FACE_BOUND('',#2415,.F.);
#2415 = EDGE_LOOP('',(#2416));
#2416 = ORIENTED_EDGE('',*,*,#2417,.T.);
#2417 = EDGE_CURVE('',#2418,#2418,#2420,.T.);
#2418 = VERTEX_POINT('',#2419);
#2419 = CARTESIAN_POINT('',(15.75,45.,0.));
#2420 = SURFACE_CURVE('',#2421,(#2426,#2437),.PCURVE_S1.);
#2421 = CIRCLE('',#2422,0.75);
#2422 = AXIS2_PLACEMENT_3D('',#2423,#2424,#2425);
#2423 = CARTESIAN_POINT('',(15.,45.,0.));
#2424 = DIRECTION('',(0.,0.,-1.));
#2425 = DIRECTION('',(1.,0.,0.));
#2426 = PCURVE('',#213,#2427);
#2427 = DEFINITIONAL_REPRESENTATION('',(#2428),#2436);
#2428 = ( BOUNDED_CURVE() B_SPLINE_CURVE(2,(#2429,#2430,#2431,#2432,
#2433,#2434,#2435),.UNSPECIFIED.,.T.,.F.) B_SPLINE_CURVE_WITH_KNOTS((1,2
    ,2,2,2,1),(-2.094395102393,0.,2.094395102393,4.188790204786,
6.28318530718,8.377580409573),.UNSPECIFIED.) CURVE() 
GEOMETRIC_REPRESENTATION_ITEM() RATIONAL_B_SPLINE_CURVE((1.,0.5,1.,0.5,
1.,0.5,1.)) REPRESENTATION_ITEM('') );
#2429 = CARTESIAN_POINT('',(15.75,45.));
#2430 = CARTESIAN_POINT('',(15.75,43.700961894323));
#2431 = CARTESIAN_POINT('',(14.625,44.350480947162));
#2432 = CARTESIAN_POINT('',(13.5,45.));
#2433 = CARTESIAN_POINT('',(14.625,45.649519052838));
#2434 = CARTESIAN_POINT('',(15.75,46.299038105677));
#2435 = CARTESIAN_POINT('',(15.75,45.));
#2436 = ( GEOMETRIC_REPRESENTATION_CONTEXT(2) 
PARAMETRIC_REPRESENTATION_CONTEXT() REPRESENTATION_CONTEXT('2D SPACE',''
  ) );
#2437 = PCURVE('',#602,#2438);
#2438 = DEFINITIONAL_REPRESENTATION('',(#2439),#2443);
#2439 = LINE('',#2440,#2441);
#2440 = CARTESIAN_POINT('',(-6.28318530718,-0.1));
#2441 = VECTOR('',#2442,1.);
#2442 = DIRECTION('',(1.,-0.));
#2443 = ( GEOMETRIC_REPRESENTATION_CONTEXT(2) 
PARAMETRIC_REPRESENTATION_CONTEXT() REPRESENTATION_CONTEXT('2D SPACE',''
  ) );
#2444 = FACE_BOUND('',#2445,.F.);
#2445 = EDGE_LOOP('',(#2446));
#2446 = ORIENTED_EDGE('',*,*,#2447,.T.);
#2447 = EDGE_CURVE('',#2448,#2448,#2450,.T.);
#2448 = VERTEX_POINT('',#2449);
#2449 = CARTESIAN_POINT('',(15.75,55.,0.));
#2450 = SURFACE_CURVE('',#2451,(#2456,#2467),.PCURVE_S1.);
#2451 = CIRCLE('',#2452,0.75);
#2452 = AXIS2_PLACEMENT_3D('',#2453,#2454,#2455);
#2453 = CARTESIAN_POINT('',(15.,55.,0.));
#2454 = DIRECTION('',(0.,0.,-1.));
#2455 = DIRECTION('',(1.,0.,0.));
#2456 = PCURVE('',#213,#2457);
#2457 = DEFINITIONAL_REPRESENTATION('',(#2458),#2466);
#2458 = ( BOUNDED_CURVE() B_SPLINE_CURVE(2,(#2459,#2460,#2461,#2462,
#2463,#2464,#2465),.UNSPECIFIED.,.T.,.F.) B_SPLINE_CURVE_WITH_KNOTS((1,2
    ,2,2,2,1),(-2.094395102393,0.,2.094395102393,4.188790204786,
6.28318530718,8.377580409573),.UNSPECIFIED.) CURVE() 
GEOMETRIC_REPRESENTATION_ITEM() RATIONAL_B_SPLINE_CURVE((1.,0.5,1.,0.5,
1.,0.5,1.)) REPRESENTATION_ITEM('') );
#2459 = CARTESIAN_POINT('',(15.75,55.));
#2460 = CARTESIAN_POINT('',(15.75,53.700961894323));
#2461 = CARTESIAN_POINT('',(14.625,54.350480947162));
#2462 = CARTESIAN_POINT('',(13.5,55.));
#2463 = CARTESIAN_POINT('',(14.625,55.649519052838));
#2464 = CARTESIAN_POINT('',(15.75,56.299038105677));
#2465 = CARTESIAN_POINT('',(15.75,55.));
#2466 = ( GEOMETRIC_REPRESENTATION_CONTEXT(2) 
PARAMETRIC_REPRESENTATION_CONTEXT() REPRESENTATION_CONTEXT('2D SPACE',''
  ) );
#2467 = PCURVE('',#637,#2468);
#2468 = DEFINITIONAL_REPRESENTATION('',(#2469),#2473);
#2469 = LINE('',#2470,#2471);
#2470 = CARTESIAN_POINT('',(-6.28318530718,-0.1));
#2471 = VECTOR('',#2472,1.);
#2472 = DIRECTION('',(1.,-0.));
#2473 = ( GEOMETRIC_REPRESENTATION_CONTEXT(2) 
PARAMETRIC_REPRESENTATION_CONTEXT() REPRESENTATION_CONTEXT('2D SPACE',''
  ) );
#2474 = FACE_BOUND('',#2475,.F.);
#2475 = EDGE_LOOP('',(#2476));
#2476 = ORIENTED_EDGE('',*,*,#2477,.T.);
#2477 = EDGE_CURVE('',#2478,#2478,#2480,.T.);
#2478 = VERTEX_POINT('',#2479);
#2479 = CARTESIAN_POINT('',(15.75,65.,0.));
#2480 = SURFACE_CURVE('',#2481,(#2486,#2497),.PCURVE_S1.);
#2481 = CIRCLE('',#2482,0.75);
#2482 = AXIS2_PLACEMENT_3D('',#2483,#2484,#2485);
#2483 = CARTESIAN_POINT('',(15.,65.,0.));
#2484 = DIRECTION('',(0.,0.,-1.));
#2485 = DIRECTION('',(1.,0.,0.));
#2486 = PCURVE('',#213,#2487);
#2487 = DEFINITIONAL_REPRESENTATION('',(#2488),#2496);
#2488 = ( BOUNDED_CURVE() B_SPLINE_CURVE(2,(#2489,#2490,#2491,#2492,
#2493,#2494,#2495),.UNSPECIFIED.,.T.,.F.) B_SPLINE_CURVE_WITH_KNOTS((1,2
    ,2,2,2,1),(-2.094395102393,0.,2.094395102393,4.188790204786,
6.28318530718,8.377580409573),.UNSPECIFIED.) CURVE() 
GEOMETRIC_REPRESENTATION_ITEM() RATIONAL_B_SPLINE_CURVE((1.,0.5,1.,0.5,
1.,0.5,1.)) REPRESENTATION_ITEM('') );
#2489 = CARTESIAN_POINT('',(15.75,65.));
#2490 = CARTESIAN_POINT('',(15.75,63.700961894323));
#2491 = CARTESIAN_POINT('',(14.625,64.350480947162));
#2492 = CARTESIAN_POINT('',(13.5,65.));
#2493 = CARTESIAN_POINT('',(14.625,65.649519052838));
#2494 = CARTESIAN_POINT('',(15.75,66.299038105677));
#2495 = CARTESIAN_POINT('',(15.75,65.));
#2496 = ( GEOMETRIC_REPRESENTATION_CONTEXT(2) 
PARAMETRIC_REPRESENTATION_CONTEXT() REPRESENTATION_CONTEXT('2D SPACE',''
  ) );
#2497 = PCURVE('',#672,#2498);
#2498 = DEFINITIONAL_REPRESENTATION('',(#2499),#2503);
#2499 = LINE('',#2500,#2501);
#2500 = CARTESIAN_POINT('',(-6.28318530718,-0.1));
#2501 = VECTOR('',#2502,1.);
#2502 = DIRECTION('',(1.,-0.));
#2503 = ( GEOMETRIC_REPRESENTATION_CONTEXT(2) 
PARAMETRIC_REPRESENTATION_CONTEXT() REPRESENTATION_CONTEXT('2D SPACE',''
  ) );
#2504 = FACE_BOUND('',#2505,.F.);
#2505 = EDGE_LOOP('',(#2506));
#2506 = ORIENTED_EDGE('',*,*,#2507,.T.);
#2507 = EDGE_CURVE('',#2508,#2508,#2510,.T.);
#2508 = VERTEX_POINT('',#2509);
#2509 = CARTESIAN_POINT('',(15.75,75.,0.));
#2510 = SURFACE_CURVE('',#2511,(#2516,#2527),.PCURVE_S1.);
#2511 = CIRCLE('',#2512,0.75);
#2512 = AXIS2_PLACEMENT_3D('',#2513,#2514,#2515);
#2513 = CARTESIAN_POINT('',(15.,75.,0.));
#2514 = DIRECTION('',(0.,0.,-1.));
#2515 = DIRECTION('',(1.,0.,0.));
#2516 = PCURVE('',#213,#2517);
#2517 = DEFINITIONAL_REPRESENTATION('',(#2518),#2526);
#2518 = ( BOUNDED_CURVE() B_SPLINE_CURVE(2,(#2519,#2520,#2521,#2522,
#2523,#2524,#2525),.UNSPECIFIED.,.T.,.F.) B_SPLINE_CURVE_WITH_KNOTS((1,2
    ,2,2,2,1),(-2.094395102393,0.,2.094395102393,4.188790204786,
6.28318530718,8.377580409573),.UNSPECIFIED.) CURVE() 
GEOMETRIC_REPRESENTATION_ITEM() RATIONAL_B_SPLINE_CURVE((1.,0.5,1.,0.5,
1.,0.5,1.)) REPRESENTATION_ITEM('') );
#2519 = CARTESIAN_POINT('',(15.75,75.));
#2520 = CARTESIAN_POINT('',(15.75,73.700961894323));
#2521 = CARTESIAN_POINT('',(14.625,74.350480947162));
#2522 = CARTESIAN_POINT('',(13.5,75.));
#2523 = CARTESIAN_POINT('',(14.625,75.649519052838));
#2524 = CARTESIAN_POINT('',(15.75,76.299038105677));
#2525 = CARTESIAN_POINT('',(15.75,75.));
#2526 = ( GEOMETRIC_REPRESENTATION_CONTEXT(2) 
PARAMETRIC_REPRESENTATION_CONTEXT() REPRESENTATION_CONTEXT('2D SPACE',''
  ) );
#2527 = PCURVE('',#707,#2528);
#2528 = DEFINITIONAL_REPRESENTATION('',(#2529),#2533);
#2529 = LINE('',#2530,#2531);
#2530 = CARTESIAN_POINT('',(-6.28318530718,-0.1));
#2531 = VECTOR('',#2532,1.);
#2532 = DIRECTION('',(1.,-0.));
#2533 = ( GEOMETRIC_REPRESENTATION_CONTEXT(2) 
PARAMETRIC_REPRESENTATION_CONTEXT() REPRESENTATION_CONTEXT('2D SPACE',''
  ) );
#2534 = FACE_BOUND('',#2535,.F.);
#2535 = EDGE_LOOP('',(#2536));
#2536 = ORIENTED_EDGE('',*,*,#2537,.T.);
#2537 = EDGE_CURVE('',#2538,#2538,#2540,.T.);
#2538 = VERTEX_POINT('',#2539);
#2539 = CARTESIAN_POINT('',(15.75,85.,0.));
#2540 = SURFACE_CURVE('',#2541,(#2546,#2557),.PCURVE_S1.);
#2541 = CIRCLE('',#2542,0.75);
#2542 = AXIS2_PLACEMENT_3D('',#2543,#2544,#2545);
#2543 = CARTESIAN_POINT('',(15.,85.,0.));
#2544 = DIRECTION('',(0.,0.,-1.));
#2545 = DIRECTION('',(1.,0.,0.));
#2546 = PCURVE('',#213,#2547);
#2547 = DEFINITIONAL_REPRESENTATION('',(#2548),#2556);
#2548 = ( BOUNDED_CURVE() B_SPLINE_CURVE(2,(#2549,#2550,#2551,#2552,
#2553,#2554,#2555),.UNSPECIFIED.,.T.,.F.) B_SPLINE_CURVE_WITH_KNOTS((1,2
    ,2,2,2,1),(-2.094395102393,0.,2.094395102393,4.188790204786,
6.28318530718,8.377580409573),.UNSPECIFIED.) CURVE() 
GEOMETRIC_REPRESENTATION_ITEM() RATIONAL_B_SPLINE_CURVE((1.,0.5,1.,0.5,
1.,0.5,1.)) REPRESENTATION_ITEM('') );
#2549 = CARTESIAN_POINT('',(15.75,85.));
#2550 = CARTESIAN_POINT('',(15.75,83.700961894323));
#2551 = CARTESIAN_POINT('',(14.625,84.350480947162));
#2552 = CARTESIAN_POINT('',(13.5,85.));
#2553 = CARTESIAN_POINT('',(14.625,85.649519052838));
#2554 = CARTESIAN_POINT('',(15.75,86.299038105677));
#2555 = CARTESIAN_POINT('',(15.75,85.));
#2556 = ( GEOMETRIC_REPRESENTATION_CONTEXT(2) 
PARAMETRIC_REPRESENTATION_CONTEXT() REPRESENTATION_CONTEXT('2D SPACE',''
  ) );
#2557 = PCURVE('',#742,#2558);
#2558 = DEFINITIONAL_REPRESENTATION('',(#2559),#2563);
#2559 = LINE('',#2560,#2561);
#2560 = CARTESIAN_POINT('',(-6.28318530718,-0.1));
#2561 = VECTOR('',#2562,1.);
#2562 = DIRECTION('',(1.,-0.));
#2563 = ( GEOMETRIC_REPRESENTATION_CONTEXT(2) 
PARAMETRIC_REPRESENTATION_CONTEXT() REPRESENTATION_CONTEXT('2D SPACE',''
  ) );
#2564 = FACE_BOUND('',#2565,.F.);
#2565 = EDGE_LOOP('',(#2566));
#2566 = ORIENTED_EDGE('',*,*,#2567,.T.);
#2567 = EDGE_CURVE('',#2568,#2568,#2570,.T.);
#2568 = VERTEX_POINT('',#2569);
#2569 = CARTESIAN_POINT('',(24.5,6.,0.));
#2570 = SURFACE_CURVE('',#2571,(#2576,#2587),.PCURVE_S1.);
#2571 = CIRCLE('',#2572,0.5);
#2572 = AXIS2_PLACEMENT_3D('',#2573,#2574,#2575);
#2573 = CARTESIAN_POINT('',(24.,6.,0.));
#2574 = DIRECTION('',(0.,0.,-1.));
#2575 = DIRECTION('',(1.,0.,0.));
#2576 = PCURVE('',#213,#2577);
#2577 = DEFINITIONAL_REPRESENTATION('',(#2578),#2586);
#2578 = ( BOUNDED_CURVE() B_SPLINE_CURVE(2,(#2579,#2580,#2581,#2582,
#2583,#2584,#2585),.UNSPECIFIED.,.T.,.F.) B_SPLINE_CURVE_WITH_KNOTS((1,2
    ,2,2,2,1),(-2.094395102393,0.,2.094395102393,4.188790204786,
6.28318530718,8.377580409573),.UNSPECIFIED.) CURVE() 
GEOMETRIC_REPRESENTATION_ITEM() RATIONAL_B_SPLINE_CURVE((1.,0.5,1.,0.5,
1.,0.5,1.)) REPRESENTATION_ITEM('') );
#2579 = CARTESIAN_POINT('',(24.5,6.));
#2580 = CARTESIAN_POINT('',(24.5,5.133974596216));
#2581 = CARTESIAN_POINT('',(23.75,5.566987298108));
#2582 = CARTESIAN_POINT('',(23.,6.));
#2583 = CARTESIAN_POINT('',(23.75,6.433012701892));
#2584 = CARTESIAN_POINT('',(24.5,6.866025403784));
#2585 = CARTESIAN_POINT('',(24.5,6.));
#2586 = ( GEOMETRIC_REPRESENTATION_CONTEXT(2) 
PARAMETRIC_REPRESENTATION_CONTEXT() REPRESENTATION_CONTEXT('2D SPACE',''
  ) );
#2587 = PCURVE('',#777,#2588);
#2588 = DEFINITIONAL_REPRESENTATION('',(#2589),#2593);
#2589 = LINE('',#2590,#2591);
#2590 = CARTESIAN_POINT('',(-6.28318530718,-0.1));
#2591 = VECTOR('',#2592,1.);
#2592 = DIRECTION('',(1.,-0.));
#2593 = ( GEOMETRIC_REPRESENTATION_CONTEXT(2) 
PARAMETRIC_REPRESENTATION_CONTEXT() REPRESENTATION_CONTEXT('2D SPACE',''
  ) );
#2594 = FACE_BOUND('',#2595,.F.);
#2595 = EDGE_LOOP('',(#2596));
#2596 = ORIENTED_EDGE('',*,*,#2597,.T.);
#2597 = EDGE_CURVE('',#2598,#2598,#2600,.T.);
#2598 = VERTEX_POINT('',#2599);
#2599 = CARTESIAN_POINT('',(27.04,6.,0.));
#2600 = SURFACE_CURVE('',#2601,(#2606,#2617),.PCURVE_S1.);
#2601 = CIRCLE('',#2602,0.5);
#2602 = AXIS2_PLACEMENT_3D('',#2603,#2604,#2605);
#2603 = CARTESIAN_POINT('',(26.54,6.,0.));
#2604 = DIRECTION('',(0.,0.,-1.));
#2605 = DIRECTION('',(1.,0.,0.));
#2606 = PCURVE('',#213,#2607);
#2607 = DEFINITIONAL_REPRESENTATION('',(#2608),#2616);
#2608 = ( BOUNDED_CURVE() B_SPLINE_CURVE(2,(#2609,#2610,#2611,#2612,
#2613,#2614,#2615),.UNSPECIFIED.,.T.,.F.) B_SPLINE_CURVE_WITH_KNOTS((1,2
    ,2,2,2,1),(-2.094395102393,0.,2.094395102393,4.188790204786,
6.28318530718,8.377580409573),.UNSPECIFIED.) CURVE() 
GEOMETRIC_REPRESENTATION_ITEM() RATIONAL_B_SPLINE_CURVE((1.,0.5,1.,0.5,
1.,0.5,1.)) REPRESENTATION_ITEM('') );
#2609 = CARTESIAN_POINT('',(27.04,6.));
#2610 = CARTESIAN_POINT('',(27.04,5.133974596216));
#2611 = CARTESIAN_POINT('',(26.29,5.566987298108));
#2612 = CARTESIAN_POINT('',(25.54,6.));
#2613 = CARTESIAN_POINT('',(26.29,6.433012701892));
#2614 = CARTESIAN_POINT('',(27.04,6.866025403784));
#2615 = CARTESIAN_POINT('',(27.04,6.));
#2616 = ( GEOMETRIC_REPRESENTATION_CONTEXT(2) 
PARAMETRIC_REPRESENTATION_CONTEXT() REPRESENTATION_CONTEXT('2D SPACE',''
  ) );
#2617 = PCURVE('',#812,#2618);
#2618 = DEFINITIONAL_REPRESENTATION('',(#2619),#2623);
#2619 = LINE('',#2620,#2621);
#2620 = CARTESIAN_POINT('',(-6.28318530718,-0.1));
#2621 = VECTOR('',#2622,1.);
#2622 = DIRECTION('',(1.,-0.));
#2623 = ( GEOMETRIC_REPRESENTATION_CONTEXT(2) 
PARAMETRIC_REPRESENTATION_CONTEXT() REPRESENTATION_CONTEXT('2D SPACE',''
  ) );
#2624 = FACE_BOUND('',#2625,.F.);
#2625 = EDGE_LOOP('',(#2626));
#2626 = ORIENTED_EDGE('',*,*,#2627,.T.);
#2627 = EDGE_CURVE('',#2628,#2628,#2630,.T.);
#2628 = VERTEX_POINT('',#2629);
#2629 = CARTESIAN_POINT('',(33.75,15.,0.));
#2630 = SURFACE_CURVE('',#2631,(#2636,#2647),.PCURVE_S1.);
#2631 = CIRCLE('',#2632,0.75);
#2632 = AXIS2_PLACEMENT_3D('',#2633,#2634,#2635);
#2633 = CARTESIAN_POINT('',(33.,15.,0.));
#2634 = DIRECTION('',(0.,0.,-1.));
#2635 = DIRECTION('',(1.,0.,0.));
#2636 = PCURVE('',#213,#2637);
#2637 = DEFINITIONAL_REPRESENTATION('',(#2638),#2646);
#2638 = ( BOUNDED_CURVE() B_SPLINE_CURVE(2,(#2639,#2640,#2641,#2642,
#2643,#2644,#2645),.UNSPECIFIED.,.T.,.F.) B_SPLINE_CURVE_WITH_KNOTS((1,2
    ,2,2,2,1),(-2.094395102393,0.,2.094395102393,4.188790204786,
6.28318530718,8.377580409573),.UNSPECIFIED.) CURVE() 
GEOMETRIC_REPRESENTATION_ITEM() RATIONAL_B_SPLINE_CURVE((1.,0.5,1.,0.5,
1.,0.5,1.)) REPRESENTATION_ITEM('') );
#2639 = CARTESIAN_POINT('',(33.75,15.));
#2640 = CARTESIAN_POINT('',(33.75,13.700961894323));
#2641 = CARTESIAN_POINT('',(32.625,14.350480947162));
#2642 = CARTESIAN_POINT('',(31.5,15.));
#2643 = CARTESIAN_POINT('',(32.625,15.649519052838));
#2644 = CARTESIAN_POINT('',(33.75,16.299038105677));
#2645 = CARTESIAN_POINT('',(33.75,15.));
#2646 = ( GEOMETRIC_REPRESENTATION_CONTEXT(2) 
PARAMETRIC_REPRESENTATION_CONTEXT() REPRESENTATION_CONTEXT('2D SPACE',''
  ) );
#2647 = PCURVE('',#847,#2648);
#2648 = DEFINITIONAL_REPRESENTATION('',(#2649),#2653);
#2649 = LINE('',#2650,#2651);
#2650 = CARTESIAN_POINT('',(-6.28318530718,-0.1));
#2651 = VECTOR('',#2652,1.);
#2652 = DIRECTION('',(1.,-0.));
#2653 = ( GEOMETRIC_REPRESENTATION_CONTEXT(2) 
PARAMETRIC_REPRESENTATION_CONTEXT() REPRESENTATION_CONTEXT('2D SPACE',''
  ) );
#2654 = FACE_BOUND('',#2655,.F.);
#2655 = EDGE_LOOP('',(#2656));
#2656 = ORIENTED_EDGE('',*,*,#2657,.T.);
#2657 = EDGE_CURVE('',#2658,#2658,#2660,.T.);
#2658 = VERTEX_POINT('',#2659);
#2659 = CARTESIAN_POINT('',(33.75,25.,0.));
#2660 = SURFACE_CURVE('',#2661,(#2666,#2677),.PCURVE_S1.);
#2661 = CIRCLE('',#2662,0.75);
#2662 = AXIS2_PLACEMENT_3D('',#2663,#2664,#2665);
#2663 = CARTESIAN_POINT('',(33.,25.,0.));
#2664 = DIRECTION('',(0.,0.,-1.));
#2665 = DIRECTION('',(1.,0.,0.));
#2666 = PCURVE('',#213,#2667);
#2667 = DEFINITIONAL_REPRESENTATION('',(#2668),#2676);
#2668 = ( BOUNDED_CURVE() B_SPLINE_CURVE(2,(#2669,#2670,#2671,#2672,
#2673,#2674,#2675),.UNSPECIFIED.,.T.,.F.) B_SPLINE_CURVE_WITH_KNOTS((1,2
    ,2,2,2,1),(-2.094395102393,0.,2.094395102393,4.188790204786,
6.28318530718,8.377580409573),.UNSPECIFIED.) CURVE() 
GEOMETRIC_REPRESENTATION_ITEM() RATIONAL_B_SPLINE_CURVE((1.,0.5,1.,0.5,
1.,0.5,1.)) REPRESENTATION_ITEM('') );
#2669 = CARTESIAN_POINT('',(33.75,25.));
#2670 = CARTESIAN_POINT('',(33.75,23.700961894323));
#2671 = CARTESIAN_POINT('',(32.625,24.350480947162));
#2672 = CARTESIAN_POINT('',(31.5,25.));
#2673 = CARTESIAN_POINT('',(32.625,25.649519052838));
#2674 = CARTESIAN_POINT('',(33.75,26.299038105677));
#2675 = CARTESIAN_POINT('',(33.75,25.));
#2676 = ( GEOMETRIC_REPRESENTATION_CONTEXT(2) 
PARAMETRIC_REPRESENTATION_CONTEXT() REPRESENTATION_CONTEXT('2D SPACE',''
  ) );
#2677 = PCURVE('',#882,#2678);
#2678 = DEFINITIONAL_REPRESENTATION('',(#2679),#2683);
#2679 = LINE('',#2680,#2681);
#2680 = CARTESIAN_POINT('',(-6.28318530718,-0.1));
#2681 = VECTOR('',#2682,1.);
#2682 = DIRECTION('',(1.,-0.));
#2683 = ( GEOMETRIC_REPRESENTATION_CONTEXT(2) 
PARAMETRIC_REPRESENTATION_CONTEXT() REPRESENTATION_CONTEXT('2D SPACE',''
  ) );
#2684 = FACE_BOUND('',#2685,.F.);
#2685 = EDGE_LOOP('',(#2686));
#2686 = ORIENTED_EDGE('',*,*,#2687,.T.);
#2687 = EDGE_CURVE('',#2688,#2688,#2690,.T.);
#2688 = VERTEX_POINT('',#2689);
#2689 = CARTESIAN_POINT('',(33.75,35.,0.));
#2690 = SURFACE_CURVE('',#2691,(#2696,#2707),.PCURVE_S1.);
#2691 = CIRCLE('',#2692,0.75);
#2692 = AXIS2_PLACEMENT_3D('',#2693,#2694,#2695);
#2693 = CARTESIAN_POINT('',(33.,35.,0.));
#2694 = DIRECTION('',(0.,0.,-1.));
#2695 = DIRECTION('',(1.,0.,0.));
#2696 = PCURVE('',#213,#2697);
#2697 = DEFINITIONAL_REPRESENTATION('',(#2698),#2706);
#2698 = ( BOUNDED_CURVE() B_SPLINE_CURVE(2,(#2699,#2700,#2701,#2702,
#2703,#2704,#2705),.UNSPECIFIED.,.T.,.F.) B_SPLINE_CURVE_WITH_KNOTS((1,2
    ,2,2,2,1),(-2.094395102393,0.,2.094395102393,4.188790204786,
6.28318530718,8.377580409573),.UNSPECIFIED.) CURVE() 
GEOMETRIC_REPRESENTATION_ITEM() RATIONAL_B_SPLINE_CURVE((1.,0.5,1.,0.5,
1.,0.5,1.)) REPRESENTATION_ITEM('') );
#2699 = CARTESIAN_POINT('',(33.75,35.));
#2700 = CARTESIAN_POINT('',(33.75,33.700961894323));
#2701 = CARTESIAN_POINT('',(32.625,34.350480947162));
#2702 = CARTESIAN_POINT('',(31.5,35.));
#2703 = CARTESIAN_POINT('',(32.625,35.649519052838));
#2704 = CARTESIAN_POINT('',(33.75,36.299038105677));
#2705 = CARTESIAN_POINT('',(33.75,35.));
#2706 = ( GEOMETRIC_REPRESENTATION_CONTEXT(2) 
PARAMETRIC_REPRESENTATION_CONTEXT() REPRESENTATION_CONTEXT('2D SPACE',''
  ) );
#2707 = PCURVE('',#917,#2708);
#2708 = DEFINITIONAL_REPRESENTATION('',(#2709),#2713);
#2709 = LINE('',#2710,#2711);
#2710 = CARTESIAN_POINT('',(-6.28318530718,-0.1));
#2711 = VECTOR('',#2712,1.);
#2712 = DIRECTION('',(1.,-0.));
#2713 = ( GEOMETRIC_REPRESENTATION_CONTEXT(2) 
PARAMETRIC_REPRESENTATION_CONTEXT() REPRESENTATION_CONTEXT('2D SPACE',''
  ) );
#2714 = FACE_BOUND('',#2715,.F.);
#2715 = EDGE_LOOP('',(#2716));
#2716 = ORIENTED_EDGE('',*,*,#2717,.T.);
#2717 = EDGE_CURVE('',#2718,#2718,#2720,.T.);
#2718 = VERTEX_POINT('',#2719);
#2719 = CARTESIAN_POINT('',(33.75,45.,0.));
#2720 = SURFACE_CURVE('',#2721,(#2726,#2737),.PCURVE_S1.);
#2721 = CIRCLE('',#2722,0.75);
#2722 = AXIS2_PLACEMENT_3D('',#2723,#2724,#2725);
#2723 = CARTESIAN_POINT('',(33.,45.,0.));
#2724 = DIRECTION('',(0.,0.,-1.));
#2725 = DIRECTION('',(1.,0.,0.));
#2726 = PCURVE('',#213,#2727);
#2727 = DEFINITIONAL_REPRESENTATION('',(#2728),#2736);
#2728 = ( BOUNDED_CURVE() B_SPLINE_CURVE(2,(#2729,#2730,#2731,#2732,
#2733,#2734,#2735),.UNSPECIFIED.,.T.,.F.) B_SPLINE_CURVE_WITH_KNOTS((1,2
    ,2,2,2,1),(-2.094395102393,0.,2.094395102393,4.188790204786,
6.28318530718,8.377580409573),.UNSPECIFIED.) CURVE() 
GEOMETRIC_REPRESENTATION_ITEM() RATIONAL_B_SPLINE_CURVE((1.,0.5,1.,0.5,
1.,0.5,1.)) REPRESENTATION_ITEM('') );
#2729 = CARTESIAN_POINT('',(33.75,45.));
#2730 = CARTESIAN_POINT('',(33.75,43.700961894323));
#2731 = CARTESIAN_POINT('',(32.625,44.350480947162));
#2732 = CARTESIAN_POINT('',(31.5,45.));
#2733 = CARTESIAN_POINT('',(32.625,45.649519052838));
#2734 = CARTESIAN_POINT('',(33.75,46.299038105677));
#2735 = CARTESIAN_POINT('',(33.75,45.));
#2736 = ( GEOMETRIC_REPRESENTATION_CONTEXT(2) 
PARAMETRIC_REPRESENTATION_CONTEXT() REPRESENTATION_CONTEXT('2D SPACE',''
  ) );
#2737 = PCURVE('',#952,#2738);
#2738 = DEFINITIONAL_REPRESENTATION('',(#2739),#2743);
#2739 = LINE('',#2740,#2741);
#2740 = CARTESIAN_POINT('',(-6.28318530718,-0.1));
#2741 = VECTOR('',#2742,1.);
#2742 = DIRECTION('',(1.,-0.));
#2743 = ( GEOMETRIC_REPRESENTATION_CONTEXT(2) 
PARAMETRIC_REPRESENTATION_CONTEXT() REPRESENTATION_CONTEXT('2D SPACE',''
  ) );
#2744 = FACE_BOUND('',#2745,.F.);
#2745 = EDGE_LOOP('',(#2746));
#2746 = ORIENTED_EDGE('',*,*,#2747,.T.);
#2747 = EDGE_CURVE('',#2748,#2748,#2750,.T.);
#2748 = VERTEX_POINT('',#2749);
#2749 = CARTESIAN_POINT('',(37.4,7.,0.));
#2750 = SURFACE_CURVE('',#2751,(#2756,#2767),.PCURVE_S1.);
#2751 = CIRCLE('',#2752,0.4);
#2752 = AXIS2_PLACEMENT_3D('',#2753,#2754,#2755);
#2753 = CARTESIAN_POINT('',(37.,7.,0.));
#2754 = DIRECTION('',(0.,0.,-1.));
#2755 = DIRECTION('',(1.,0.,0.));
#2756 = PCURVE('',#213,#2757);
#2757 = DEFINITIONAL_REPRESENTATION('',(#2758),#2766);
#2758 = ( BOUNDED_CURVE() B_SPLINE_CURVE(2,(#2759,#2760,#2761,#2762,
#2763,#2764,#2765),.UNSPECIFIED.,.T.,.F.) B_SPLINE_CURVE_WITH_KNOTS((1,2
    ,2,2,2,1),(-2.094395102393,0.,2.094395102393,4.188790204786,
6.28318530718,8.377580409573),.UNSPECIFIED.) CURVE() 
GEOMETRIC_REPRESENTATION_ITEM() RATIONAL_B_SPLINE_CURVE((1.,0.5,1.,0.5,
1.,0.5,1.)) REPRESENTATION_ITEM('') );
#2759 = CARTESIAN_POINT('',(37.4,7.));
#2760 = CARTESIAN_POINT('',(37.4,6.307179676972));
#2761 = CARTESIAN_POINT('',(36.8,6.653589838486));
#2762 = CARTESIAN_POINT('',(36.2,7.));
#2763 = CARTESIAN_POINT('',(36.8,7.346410161514));
#2764 = CARTESIAN_POINT('',(37.4,7.692820323028));
#2765 = CARTESIAN_POINT('',(37.4,7.));
#2766 = ( GEOMETRIC_REPRESENTATION_CONTEXT(2) 
PARAMETRIC_REPRESENTATION_CONTEXT() REPRESENTATION_CONTEXT('2D SPACE',''
  ) );
#2767 = PCURVE('',#987,#2768);
#2768 = DEFINITIONAL_REPRESENTATION('',(#2769),#2773);
#2769 = LINE('',#2770,#2771);
#2770 = CARTESIAN_POINT('',(-6.28318530718,-0.1));
#2771 = VECTOR('',#2772,1.);
#2772 = DIRECTION('',(1.,-0.));
#2773 = ( GEOMETRIC_REPRESENTATION_CONTEXT(2) 
PARAMETRIC_REPRESENTATION_CONTEXT() REPRESENTATION_CONTEXT('2D SPACE',''
  ) );
#2774 = FACE_BOUND('',#2775,.F.);
#2775 = EDGE_LOOP('',(#2776));
#2776 = ORIENTED_EDGE('',*,*,#2777,.T.);
#2777 = EDGE_CURVE('',#2778,#2778,#2780,.T.);
#2778 = VERTEX_POINT('',#2779);
#2779 = CARTESIAN_POINT('',(39.9,7.,0.));
#2780 = SURFACE_CURVE('',#2781,(#2786,#2797),.PCURVE_S1.);
#2781 = CIRCLE('',#2782,0.4);
#2782 = AXIS2_PLACEMENT_3D('',#2783,#2784,#2785);
#2783 = CARTESIAN_POINT('',(39.5,7.,0.));
#2784 = DIRECTION('',(0.,0.,-1.));
#2785 = DIRECTION('',(1.,0.,0.));
#2786 = PCURVE('',#213,#2787);
#2787 = DEFINITIONAL_REPRESENTATION('',(#2788),#2796);
#2788 = ( BOUNDED_CURVE() B_SPLINE_CURVE(2,(#2789,#2790,#2791,#2792,
#2793,#2794,#2795),.UNSPECIFIED.,.T.,.F.) B_SPLINE_CURVE_WITH_KNOTS((1,2
    ,2,2,2,1),(-2.094395102393,0.,2.094395102393,4.188790204786,
6.28318530718,8.377580409573),.UNSPECIFIED.) CURVE() 
GEOMETRIC_REPRESENTATION_ITEM() RATIONAL_B_SPLINE_CURVE((1.,0.5,1.,0.5,
1.,0.5,1.)) REPRESENTATION_ITEM('') );
#2789 = CARTESIAN_POINT('',(39.9,7.));
#2790 = CARTESIAN_POINT('',(39.9,6.307179676972));
#2791 = CARTESIAN_POINT('',(39.3,6.653589838486));
#2792 = CARTESIAN_POINT('',(38.7,7.));
#2793 = CARTESIAN_POINT('',(39.3,7.346410161514));
#2794 = CARTESIAN_POINT('',(39.9,7.692820323028));
#2795 = CARTESIAN_POINT('',(39.9,7.));
#2796 = ( GEOMETRIC_REPRESENTATION_CONTEXT(2) 
PARAMETRIC_REPRESENTATION_CONTEXT() REPRESENTATION_CONTEXT('2D SPACE',''
  ) );
#2797 = PCURVE('',#1022,#2798);
#2798 = DEFINITIONAL_REPRESENTATION('',(#2799),#2803);
#2799 = LINE('',#2800,#2801);
#2800 = CARTESIAN_POINT('',(-6.28318530718,-0.1));
#2801 = VECTOR('',#2802,1.);
#2802 = DIRECTION('',(1.,-0.));
#2803 = ( GEOMETRIC_REPRESENTATION_CONTEXT(2) 
PARAMETRIC_REPRESENTATION_CONTEXT() REPRESENTATION_CONTEXT('2D SPACE',''
  ) );
#2804 = FACE_BOUND('',#2805,.F.);
#2805 = EDGE_LOOP('',(#2806));
#2806 = ORIENTED_EDGE('',*,*,#2807,.T.);
#2807 = EDGE_CURVE('',#2808,#2808,#2810,.T.);
#2808 = VERTEX_POINT('',#2809);
#2809 = CARTESIAN_POINT('',(46.1,5.,0.));
#2810 = SURFACE_CURVE('',#2811,(#2816,#2827),.PCURVE_S1.);
#2811 = CIRCLE('',#2812,1.6);
#2812 = AXIS2_PLACEMENT_3D('',#2813,#2814,#2815);
#2813 = CARTESIAN_POINT('',(44.5,5.,0.));
#2814 = DIRECTION('',(0.,0.,-1.));
#2815 = DIRECTION('',(1.,0.,0.));
#2816 = PCURVE('',#213,#2817);
#2817 = DEFINITIONAL_REPRESENTATION('',(#2818),#2826);
#2818 = ( BOUNDED_CURVE() B_SPLINE_CURVE(2,(#2819,#2820,#2821,#2822,
#2823,#2824,#2825),.UNSPECIFIED.,.T.,.F.) B_SPLINE_CURVE_WITH_KNOTS((1,2
    ,2,2,2,1),(-2.094395102393,0.,2.094395102393,4.188790204786,
6.28318530718,8.377580409573),.UNSPECIFIED.) CURVE() 
GEOMETRIC_REPRESENTATION_ITEM() RATIONAL_B_SPLINE_CURVE((1.,0.5,1.,0.5,
1.,0.5,1.)) REPRESENTATION_ITEM('') );
#2819 = CARTESIAN_POINT('',(46.1,5.));
#2820 = CARTESIAN_POINT('',(46.1,2.22871870789));
#2821 = CARTESIAN_POINT('',(43.7,3.614359353945));
#2822 = CARTESIAN_POINT('',(41.3,5.));
#2823 = CARTESIAN_POINT('',(43.7,6.385640646055));
#2824 = CARTESIAN_POINT('',(46.1,7.77128129211));
#2825 = CARTESIAN_POINT('',(46.1,5.));
#2826 = ( GEOMETRIC_REPRESENTATION_CONTEXT(2) 
PARAMETRIC_REPRESENTATION_CONTEXT() REPRESENTATION_CONTEXT('2D SPACE',''
  ) );
#2827 = PCURVE('',#1057,#2828);
#2828 = DEFINITIONAL_REPRESENTATION('',(#2829),#2833);
#2829 = LINE('',#2830,#2831);
#2830 = CARTESIAN_POINT('',(-6.28318530718,-0.1));
#2831 = VECTOR('',#2832,1.);
#2832 = DIRECTION('',(1.,-0.));
#2833 = ( GEOMETRIC_REPRESENTATION_CONTEXT(2) 
PARAMETRIC_REPRESENTATION_CONTEXT() REPRESENTATION_CONTEXT('2D SPACE',''
  ) );
#2834 = FACE_BOUND('',#2835,.F.);
#2835 = EDGE_LOOP('',(#2836));
#2836 = ORIENTED_EDGE('',*,*,#2837,.T.);
#2837 = EDGE_CURVE('',#2838,#2838,#2840,.T.);
#2838 = VERTEX_POINT('',#2839);
#2839 = CARTESIAN_POINT('',(33.75,55.,0.));
#2840 = SURFACE_CURVE('',#2841,(#2846,#2857),.PCURVE_S1.);
#2841 = CIRCLE('',#2842,0.75);
#2842 = AXIS2_PLACEMENT_3D('',#2843,#2844,#2845);
#2843 = CARTESIAN_POINT('',(33.,55.,0.));
#2844 = DIRECTION('',(0.,0.,-1.));
#2845 = DIRECTION('',(1.,0.,0.));
#2846 = PCURVE('',#213,#2847);
#2847 = DEFINITIONAL_REPRESENTATION('',(#2848),#2856);
#2848 = ( BOUNDED_CURVE() B_SPLINE_CURVE(2,(#2849,#2850,#2851,#2852,
#2853,#2854,#2855),.UNSPECIFIED.,.T.,.F.) B_SPLINE_CURVE_WITH_KNOTS((1,2
    ,2,2,2,1),(-2.094395102393,0.,2.094395102393,4.188790204786,
6.28318530718,8.377580409573),.UNSPECIFIED.) CURVE() 
GEOMETRIC_REPRESENTATION_ITEM() RATIONAL_B_SPLINE_CURVE((1.,0.5,1.,0.5,
1.,0.5,1.)) REPRESENTATION_ITEM('') );
#2849 = CARTESIAN_POINT('',(33.75,55.));
#2850 = CARTESIAN_POINT('',(33.75,53.700961894323));
#2851 = CARTESIAN_POINT('',(32.625,54.350480947162));
#2852 = CARTESIAN_POINT('',(31.5,55.));
#2853 = CARTESIAN_POINT('',(32.625,55.649519052838));
#2854 = CARTESIAN_POINT('',(33.75,56.299038105677));
#2855 = CARTESIAN_POINT('',(33.75,55.));
#2856 = ( GEOMETRIC_REPRESENTATION_CONTEXT(2) 
PARAMETRIC_REPRESENTATION_CONTEXT() REPRESENTATION_CONTEXT('2D SPACE',''
  ) );
#2857 = PCURVE('',#1092,#2858);
#2858 = DEFINITIONAL_REPRESENTATION('',(#2859),#2863);
#2859 = LINE('',#2860,#2861);
#2860 = CARTESIAN_POINT('',(-6.28318530718,-0.1));
#2861 = VECTOR('',#2862,1.);
#2862 = DIRECTION('',(1.,-0.));
#2863 = ( GEOMETRIC_REPRESENTATION_CONTEXT(2) 
PARAMETRIC_REPRESENTATION_CONTEXT() REPRESENTATION_CONTEXT('2D SPACE',''
  ) );
#2864 = FACE_BOUND('',#2865,.F.);
#2865 = EDGE_LOOP('',(#2866));
#2866 = ORIENTED_EDGE('',*,*,#2867,.T.);
#2867 = EDGE_CURVE('',#2868,#2868,#2870,.T.);
#2868 = VERTEX_POINT('',#2869);
#2869 = CARTESIAN_POINT('',(33.75,65.,0.));
#2870 = SURFACE_CURVE('',#2871,(#2876,#2887),.PCURVE_S1.);
#2871 = CIRCLE('',#2872,0.75);
#2872 = AXIS2_PLACEMENT_3D('',#2873,#2874,#2875);
#2873 = CARTESIAN_POINT('',(33.,65.,0.));
#2874 = DIRECTION('',(0.,0.,-1.));
#2875 = DIRECTION('',(1.,0.,0.));
#2876 = PCURVE('',#213,#2877);
#2877 = DEFINITIONAL_REPRESENTATION('',(#2878),#2886);
#2878 = ( BOUNDED_CURVE() B_SPLINE_CURVE(2,(#2879,#2880,#2881,#2882,
#2883,#2884,#2885),.UNSPECIFIED.,.T.,.F.) B_SPLINE_CURVE_WITH_KNOTS((1,2
    ,2,2,2,1),(-2.094395102393,0.,2.094395102393,4.188790204786,
6.28318530718,8.377580409573),.UNSPECIFIED.) CURVE() 
GEOMETRIC_REPRESENTATION_ITEM() RATIONAL_B_SPLINE_CURVE((1.,0.5,1.,0.5,
1.,0.5,1.)) REPRESENTATION_ITEM('') );
#2879 = CARTESIAN_POINT('',(33.75,65.));
#2880 = CARTESIAN_POINT('',(33.75,63.700961894323));
#2881 = CARTESIAN_POINT('',(32.625,64.350480947162));
#2882 = CARTESIAN_POINT('',(31.5,65.));
#2883 = CARTESIAN_POINT('',(32.625,65.649519052838));
#2884 = CARTESIAN_POINT('',(33.75,66.299038105677));
#2885 = CARTESIAN_POINT('',(33.75,65.));
#2886 = ( GEOMETRIC_REPRESENTATION_CONTEXT(2) 
PARAMETRIC_REPRESENTATION_CONTEXT() REPRESENTATION_CONTEXT('2D SPACE',''
  ) );
#2887 = PCURVE('',#1127,#2888);
#2888 = DEFINITIONAL_REPRESENTATION('',(#2889),#2893);
#2889 = LINE('',#2890,#2891);
#2890 = CARTESIAN_POINT('',(-6.28318530718,-0.1));
#2891 = VECTOR('',#2892,1.);
#2892 = DIRECTION('',(1.,-0.));
#2893 = ( GEOMETRIC_REPRESENTATION_CONTEXT(2) 
PARAMETRIC_REPRESENTATION_CONTEXT() REPRESENTATION_CONTEXT('2D SPACE',''
  ) );
#2894 = FACE_BOUND('',#2895,.F.);
#2895 = EDGE_LOOP('',(#2896));
#2896 = ORIENTED_EDGE('',*,*,#2897,.T.);
#2897 = EDGE_CURVE('',#2898,#2898,#2900,.T.);
#2898 = VERTEX_POINT('',#2899);
#2899 = CARTESIAN_POINT('',(33.75,75.,0.));
#2900 = SURFACE_CURVE('',#2901,(#2906,#2917),.PCURVE_S1.);
#2901 = CIRCLE('',#2902,0.75);
#2902 = AXIS2_PLACEMENT_3D('',#2903,#2904,#2905);
#2903 = CARTESIAN_POINT('',(33.,75.,0.));
#2904 = DIRECTION('',(0.,0.,-1.));
#2905 = DIRECTION('',(1.,0.,0.));
#2906 = PCURVE('',#213,#2907);
#2907 = DEFINITIONAL_REPRESENTATION('',(#2908),#2916);
#2908 = ( BOUNDED_CURVE() B_SPLINE_CURVE(2,(#2909,#2910,#2911,#2912,
#2913,#2914,#2915),.UNSPECIFIED.,.T.,.F.) B_SPLINE_CURVE_WITH_KNOTS((1,2
    ,2,2,2,1),(-2.094395102393,0.,2.094395102393,4.188790204786,
6.28318530718,8.377580409573),.UNSPECIFIED.) CURVE() 
GEOMETRIC_REPRESENTATION_ITEM() RATIONAL_B_SPLINE_CURVE((1.,0.5,1.,0.5,
1.,0.5,1.)) REPRESENTATION_ITEM('') );
#2909 = CARTESIAN_POINT('',(33.75,75.));
#2910 = CARTESIAN_POINT('',(33.75,73.700961894323));
#2911 = CARTESIAN_POINT('',(32.625,74.350480947162));
#2912 = CARTESIAN_POINT('',(31.5,75.));
#2913 = CARTESIAN_POINT('',(32.625,75.649519052838));
#2914 = CARTESIAN_POINT('',(33.75,76.299038105677));
#2915 = CARTESIAN_POINT('',(33.75,75.));
#2916 = ( GEOMETRIC_REPRESENTATION_CONTEXT(2) 
PARAMETRIC_REPRESENTATION_CONTEXT() REPRESENTATION_CONTEXT('2D SPACE',''
  ) );
#2917 = PCURVE('',#1162,#2918);
#2918 = DEFINITIONAL_REPRESENTATION('',(#2919),#2923);
#2919 = LINE('',#2920,#2921);
#2920 = CARTESIAN_POINT('',(-6.28318530718,-0.1));
#2921 = VECTOR('',#2922,1.);
#2922 = DIRECTION('',(1.,-0.));
#2923 = ( GEOMETRIC_REPRESENTATION_CONTEXT(2) 
PARAMETRIC_REPRESENTATION_CONTEXT() REPRESENTATION_CONTEXT('2D SPACE',''
  ) );
#2924 = FACE_BOUND('',#2925,.F.);
#2925 = EDGE_LOOP('',(#2926));
#2926 = ORIENTED_EDGE('',*,*,#2927,.T.);
#2927 = EDGE_CURVE('',#2928,#2928,#2930,.T.);
#2928 = VERTEX_POINT('',#2929);
#2929 = CARTESIAN_POINT('',(33.75,85.,0.));
#2930 = SURFACE_CURVE('',#2931,(#2936,#2947),.PCURVE_S1.);
#2931 = CIRCLE('',#2932,0.75);
#2932 = AXIS2_PLACEMENT_3D('',#2933,#2934,#2935);
#2933 = CARTESIAN_POINT('',(33.,85.,0.));
#2934 = DIRECTION('',(0.,0.,-1.));
#2935 = DIRECTION('',(1.,0.,0.));
#2936 = PCURVE('',#213,#2937);
#2937 = DEFINITIONAL_REPRESENTATION('',(#2938),#2946);
#2938 = ( BOUNDED_CURVE() B_SPLINE_CURVE(2,(#2939,#2940,#2941,#2942,
#2943,#2944,#2945),.UNSPECIFIED.,.T.,.F.) B_SPLINE_CURVE_WITH_KNOTS((1,2
    ,2,2,2,1),(-2.094395102393,0.,2.094395102393,4.188790204786,
6.28318530718,8.377580409573),.UNSPECIFIED.) CURVE() 
GEOMETRIC_REPRESENTATION_ITEM() RATIONAL_B_SPLINE_CURVE((1.,0.5,1.,0.5,
1.,0.5,1.)) REPRESENTATION_ITEM('') );
#2939 = CARTESIAN_POINT('',(33.75,85.));
#2940 = CARTESIAN_POINT('',(33.75,83.700961894323));
#2941 = CARTESIAN_POINT('',(32.625,84.350480947162));
#2942 = CARTESIAN_POINT('',(31.5,85.));
#2943 = CARTESIAN_POINT('',(32.625,85.649519052838));
#2944 = CARTESIAN_POINT('',(33.75,86.299038105677));
#2945 = CARTESIAN_POINT('',(33.75,85.));
#2946 = ( GEOMETRIC_REPRESENTATION_CONTEXT(2) 
PARAMETRIC_REPRESENTATION_CONTEXT() REPRESENTATION_CONTEXT('2D SPACE',''
  ) );
#2947 = PCURVE('',#1197,#2948);
#2948 = DEFINITIONAL_REPRESENTATION('',(#2949),#2953);
#2949 = LINE('',#2950,#2951);
#2950 = CARTESIAN_POINT('',(-6.28318530718,-0.1));
#2951 = VECTOR('',#2952,1.);
#2952 = DIRECTION('',(1.,-0.));
#2953 = ( GEOMETRIC_REPRESENTATION_CONTEXT(2) 
PARAMETRIC_REPRESENTATION_CONTEXT() REPRESENTATION_CONTEXT('2D SPACE',''
  ) );
#2954 = FACE_BOUND('',#2955,.F.);
#2955 = EDGE_LOOP('',(#2956));
#2956 = ORIENTED_EDGE('',*,*,#2957,.T.);
#2957 = EDGE_CURVE('',#2958,#2958,#2960,.T.);
#2958 = VERTEX_POINT('',#2959);
#2959 = CARTESIAN_POINT('',(15.75,95.,0.));
#2960 = SURFACE_CURVE('',#2961,(#2966,#2977),.PCURVE_S1.);
#2961 = CIRCLE('',#2962,0.75);
#2962 = AXIS2_PLACEMENT_3D('',#2963,#2964,#2965);
#2963 = CARTESIAN_POINT('',(15.,95.,0.));
#2964 = DIRECTION('',(0.,0.,-1.));
#2965 = DIRECTION('',(1.,0.,0.));
#2966 = PCURVE('',#213,#2967);
#2967 = DEFINITIONAL_REPRESENTATION('',(#2968),#2976);
#2968 = ( BOUNDED_CURVE() B_SPLINE_CURVE(2,(#2969,#2970,#2971,#2972,
#2973,#2974,#2975),.UNSPECIFIED.,.T.,.F.) B_SPLINE_CURVE_WITH_KNOTS((1,2
    ,2,2,2,1),(-2.094395102393,0.,2.094395102393,4.188790204786,
6.28318530718,8.377580409573),.UNSPECIFIED.) CURVE() 
GEOMETRIC_REPRESENTATION_ITEM() RATIONAL_B_SPLINE_CURVE((1.,0.5,1.,0.5,
1.,0.5,1.)) REPRESENTATION_ITEM('') );
#2969 = CARTESIAN_POINT('',(15.75,95.));
#2970 = CARTESIAN_POINT('',(15.75,93.700961894323));
#2971 = CARTESIAN_POINT('',(14.625,94.350480947162));
#2972 = CARTESIAN_POINT('',(13.5,95.));
#2973 = CARTESIAN_POINT('',(14.625,95.649519052838));
#2974 = CARTESIAN_POINT('',(15.75,96.299038105677));
#2975 = CARTESIAN_POINT('',(15.75,95.));
#2976 = ( GEOMETRIC_REPRESENTATION_CONTEXT(2) 
PARAMETRIC_REPRESENTATION_CONTEXT() REPRESENTATION_CONTEXT('2D SPACE',''
  ) );
#2977 = PCURVE('',#1232,#2978);
#2978 = DEFINITIONAL_REPRESENTATION('',(#2979),#2983);
#2979 = LINE('',#2980,#2981);
#2980 = CARTESIAN_POINT('',(-6.28318530718,-0.1));
#2981 = VECTOR('',#2982,1.);
#2982 = DIRECTION('',(1.,-0.));
#2983 = ( GEOMETRIC_REPRESENTATION_CONTEXT(2) 
PARAMETRIC_REPRESENTATION_CONTEXT() REPRESENTATION_CONTEXT('2D SPACE',''
  ) );
#2984 = FACE_BOUND('',#2985,.F.);
#2985 = EDGE_LOOP('',(#2986));
#2986 = ORIENTED_EDGE('',*,*,#2987,.T.);
#2987 = EDGE_CURVE('',#2988,#2988,#2990,.T.);
#2988 = VERTEX_POINT('',#2989);
#2989 = CARTESIAN_POINT('',(15.75,105.,0.));
#2990 = SURFACE_CURVE('',#2991,(#2996,#3007),.PCURVE_S1.);
#2991 = CIRCLE('',#2992,0.75);
#2992 = AXIS2_PLACEMENT_3D('',#2993,#2994,#2995);
#2993 = CARTESIAN_POINT('',(15.,105.,0.));
#2994 = DIRECTION('',(0.,0.,-1.));
#2995 = DIRECTION('',(1.,0.,0.));
#2996 = PCURVE('',#213,#2997);
#2997 = DEFINITIONAL_REPRESENTATION('',(#2998),#3006);
#2998 = ( BOUNDED_CURVE() B_SPLINE_CURVE(2,(#2999,#3000,#3001,#3002,
#3003,#3004,#3005),.UNSPECIFIED.,.T.,.F.) B_SPLINE_CURVE_WITH_KNOTS((1,2
    ,2,2,2,1),(-2.094395102393,0.,2.094395102393,4.188790204786,
6.28318530718,8.377580409573),.UNSPECIFIED.) CURVE() 
GEOMETRIC_REPRESENTATION_ITEM() RATIONAL_B_SPLINE_CURVE((1.,0.5,1.,0.5,
1.,0.5,1.)) REPRESENTATION_ITEM('') );
#2999 = CARTESIAN_POINT('',(15.75,105.));
#3000 = CARTESIAN_POINT('',(15.75,103.70096189432));
#3001 = CARTESIAN_POINT('',(14.625,104.35048094716));
#3002 = CARTESIAN_POINT('',(13.5,105.));
#3003 = CARTESIAN_POINT('',(14.625,105.64951905283));
#3004 = CARTESIAN_POINT('',(15.75,106.29903810567));
#3005 = CARTESIAN_POINT('',(15.75,105.));
#3006 = ( GEOMETRIC_REPRESENTATION_CONTEXT(2) 
PARAMETRIC_REPRESENTATION_CONTEXT() REPRESENTATION_CONTEXT('2D SPACE',''
  ) );
#3007 = PCURVE('',#1267,#3008);
#3008 = DEFINITIONAL_REPRESENTATION('',(#3009),#3013);
#3009 = LINE('',#3010,#3011);
#3010 = CARTESIAN_POINT('',(-6.28318530718,-0.1));
#3011 = VECTOR('',#3012,1.);
#3012 = DIRECTION('',(1.,-0.));
#3013 = ( GEOMETRIC_REPRESENTATION_CONTEXT(2) 
PARAMETRIC_REPRESENTATION_CONTEXT() REPRESENTATION_CONTEXT('2D SPACE',''
  ) );
#3014 = FACE_BOUND('',#3015,.F.);
#3015 = EDGE_LOOP('',(#3016));
#3016 = ORIENTED_EDGE('',*,*,#3017,.T.);
#3017 = EDGE_CURVE('',#3018,#3018,#3020,.T.);
#3018 = VERTEX_POINT('',#3019);
#3019 = CARTESIAN_POINT('',(15.75,115.,0.));
#3020 = SURFACE_CURVE('',#3021,(#3026,#3037),.PCURVE_S1.);
#3021 = CIRCLE('',#3022,0.75);
#3022 = AXIS2_PLACEMENT_3D('',#3023,#3024,#3025);
#3023 = CARTESIAN_POINT('',(15.,115.,0.));
#3024 = DIRECTION('',(0.,0.,-1.));
#3025 = DIRECTION('',(1.,0.,0.));
#3026 = PCURVE('',#213,#3027);
#3027 = DEFINITIONAL_REPRESENTATION('',(#3028),#3036);
#3028 = ( BOUNDED_CURVE() B_SPLINE_CURVE(2,(#3029,#3030,#3031,#3032,
#3033,#3034,#3035),.UNSPECIFIED.,.T.,.F.) B_SPLINE_CURVE_WITH_KNOTS((1,2
    ,2,2,2,1),(-2.094395102393,0.,2.094395102393,4.188790204786,
6.28318530718,8.377580409573),.UNSPECIFIED.) CURVE() 
GEOMETRIC_REPRESENTATION_ITEM() RATIONAL_B_SPLINE_CURVE((1.,0.5,1.,0.5,
1.,0.5,1.)) REPRESENTATION_ITEM('') );
#3029 = CARTESIAN_POINT('',(15.75,115.));
#3030 = CARTESIAN_POINT('',(15.75,113.70096189432));
#3031 = CARTESIAN_POINT('',(14.625,114.35048094716));
#3032 = CARTESIAN_POINT('',(13.5,115.));
#3033 = CARTESIAN_POINT('',(14.625,115.64951905283));
#3034 = CARTESIAN_POINT('',(15.75,116.29903810567));
#3035 = CARTESIAN_POINT('',(15.75,115.));
#3036 = ( GEOMETRIC_REPRESENTATION_CONTEXT(2) 
PARAMETRIC_REPRESENTATION_CONTEXT() REPRESENTATION_CONTEXT('2D SPACE',''
  ) );
#3037 = PCURVE('',#1302,#3038);
#3038 = DEFINITIONAL_REPRESENTATION('',(#3039),#3043);
#3039 = LINE('',#3040,#3041);
#3040 = CARTESIAN_POINT('',(-6.28318530718,-0.1));
#3041 = VECTOR('',#3042,1.);
#3042 = DIRECTION('',(1.,-0.));
#3043 = ( GEOMETRIC_REPRESENTATION_CONTEXT(2) 
PARAMETRIC_REPRESENTATION_CONTEXT() REPRESENTATION_CONTEXT('2D SPACE',''
  ) );
#3044 = FACE_BOUND('',#3045,.F.);
#3045 = EDGE_LOOP('',(#3046));
#3046 = ORIENTED_EDGE('',*,*,#3047,.T.);
#3047 = EDGE_CURVE('',#3048,#3048,#3050,.T.);
#3048 = VERTEX_POINT('',#3049);
#3049 = CARTESIAN_POINT('',(15.75,125.,0.));
#3050 = SURFACE_CURVE('',#3051,(#3056,#3067),.PCURVE_S1.);
#3051 = CIRCLE('',#3052,0.75);
#3052 = AXIS2_PLACEMENT_3D('',#3053,#3054,#3055);
#3053 = CARTESIAN_POINT('',(15.,125.,0.));
#3054 = DIRECTION('',(0.,0.,-1.));
#3055 = DIRECTION('',(1.,0.,0.));
#3056 = PCURVE('',#213,#3057);
#3057 = DEFINITIONAL_REPRESENTATION('',(#3058),#3066);
#3058 = ( BOUNDED_CURVE() B_SPLINE_CURVE(2,(#3059,#3060,#3061,#3062,
#3063,#3064,#3065),.UNSPECIFIED.,.T.,.F.) B_SPLINE_CURVE_WITH_KNOTS((1,2
    ,2,2,2,1),(-2.094395102393,0.,2.094395102393,4.188790204786,
6.28318530718,8.377580409573),.UNSPECIFIED.) CURVE() 
GEOMETRIC_REPRESENTATION_ITEM() RATIONAL_B_SPLINE_CURVE((1.,0.5,1.,0.5,
1.,0.5,1.)) REPRESENTATION_ITEM('') );
#3059 = CARTESIAN_POINT('',(15.75,125.));
#3060 = CARTESIAN_POINT('',(15.75,123.70096189432));
#3061 = CARTESIAN_POINT('',(14.625,124.35048094716));
#3062 = CARTESIAN_POINT('',(13.5,125.));
#3063 = CARTESIAN_POINT('',(14.625,125.64951905283));
#3064 = CARTESIAN_POINT('',(15.75,126.29903810567));
#3065 = CARTESIAN_POINT('',(15.75,125.));
#3066 = ( GEOMETRIC_REPRESENTATION_CONTEXT(2) 
PARAMETRIC_REPRESENTATION_CONTEXT() REPRESENTATION_CONTEXT('2D SPACE',''
  ) );
#3067 = PCURVE('',#1337,#3068);
#3068 = DEFINITIONAL_REPRESENTATION('',(#3069),#3073);
#3069 = LINE('',#3070,#3071);
#3070 = CARTESIAN_POINT('',(-6.28318530718,-0.1));
#3071 = VECTOR('',#3072,1.);
#3072 = DIRECTION('',(1.,-0.));
#3073 = ( GEOMETRIC_REPRESENTATION_CONTEXT(2) 
PARAMETRIC_REPRESENTATION_CONTEXT() REPRESENTATION_CONTEXT('2D SPACE',''
  ) );
#3074 = FACE_BOUND('',#3075,.F.);
#3075 = EDGE_LOOP('',(#3076));
#3076 = ORIENTED_EDGE('',*,*,#3077,.T.);
#3077 = EDGE_CURVE('',#3078,#3078,#3080,.T.);
#3078 = VERTEX_POINT('',#3079);
#3079 = CARTESIAN_POINT('',(5.1,175.,0.));
#3080 = SURFACE_CURVE('',#3081,(#3086,#3097),.PCURVE_S1.);
#3081 = CIRCLE('',#3082,1.6);
#3082 = AXIS2_PLACEMENT_3D('',#3083,#3084,#3085);
#3083 = CARTESIAN_POINT('',(3.5,175.,0.));
#3084 = DIRECTION('',(0.,0.,-1.));
#3085 = DIRECTION('',(1.,0.,0.));
#3086 = PCURVE('',#213,#3087);
#3087 = DEFINITIONAL_REPRESENTATION('',(#3088),#3096);
#3088 = ( BOUNDED_CURVE() B_SPLINE_CURVE(2,(#3089,#3090,#3091,#3092,
#3093,#3094,#3095),.UNSPECIFIED.,.T.,.F.) B_SPLINE_CURVE_WITH_KNOTS((1,2
    ,2,2,2,1),(-2.094395102393,0.,2.094395102393,4.188790204786,
6.28318530718,8.377580409573),.UNSPECIFIED.) CURVE() 
GEOMETRIC_REPRESENTATION_ITEM() RATIONAL_B_SPLINE_CURVE((1.,0.5,1.,0.5,
1.,0.5,1.)) REPRESENTATION_ITEM('') );
#3089 = CARTESIAN_POINT('',(5.1,175.));
#3090 = CARTESIAN_POINT('',(5.1,172.22871870789));
#3091 = CARTESIAN_POINT('',(2.7,173.61435935394));
#3092 = CARTESIAN_POINT('',(0.3,175.));
#3093 = CARTESIAN_POINT('',(2.7,176.38564064605));
#3094 = CARTESIAN_POINT('',(5.1,177.77128129211));
#3095 = CARTESIAN_POINT('',(5.1,175.));
#3096 = ( GEOMETRIC_REPRESENTATION_CONTEXT(2) 
PARAMETRIC_REPRESENTATION_CONTEXT() REPRESENTATION_CONTEXT('2D SPACE',''
  ) );
#3097 = PCURVE('',#1372,#3098);
#3098 = DEFINITIONAL_REPRESENTATION('',(#3099),#3103);
#3099 = LINE('',#3100,#3101);
#3100 = CARTESIAN_POINT('',(-6.28318530718,-0.1));
#3101 = VECTOR('',#3102,1.);
#3102 = DIRECTION('',(1.,-0.));
#3103 = ( GEOMETRIC_REPRESENTATION_CONTEXT(2) 
PARAMETRIC_REPRESENTATION_CONTEXT() REPRESENTATION_CONTEXT('2D SPACE',''
  ) );
#3104 = FACE_BOUND('',#3105,.F.);
#3105 = EDGE_LOOP('',(#3106));
#3106 = ORIENTED_EDGE('',*,*,#3107,.T.);
#3107 = EDGE_CURVE('',#3108,#3108,#3110,.T.);
#3108 = VERTEX_POINT('',#3109);
#3109 = CARTESIAN_POINT('',(15.75,135.,0.));
#3110 = SURFACE_CURVE('',#3111,(#3116,#3127),.PCURVE_S1.);
#3111 = CIRCLE('',#3112,0.75);
#3112 = AXIS2_PLACEMENT_3D('',#3113,#3114,#3115);
#3113 = CARTESIAN_POINT('',(15.,135.,0.));
#3114 = DIRECTION('',(0.,0.,-1.));
#3115 = DIRECTION('',(1.,0.,0.));
#3116 = PCURVE('',#213,#3117);
#3117 = DEFINITIONAL_REPRESENTATION('',(#3118),#3126);
#3118 = ( BOUNDED_CURVE() B_SPLINE_CURVE(2,(#3119,#3120,#3121,#3122,
#3123,#3124,#3125),.UNSPECIFIED.,.T.,.F.) B_SPLINE_CURVE_WITH_KNOTS((1,2
    ,2,2,2,1),(-2.094395102393,0.,2.094395102393,4.188790204786,
6.28318530718,8.377580409573),.UNSPECIFIED.) CURVE() 
GEOMETRIC_REPRESENTATION_ITEM() RATIONAL_B_SPLINE_CURVE((1.,0.5,1.,0.5,
1.,0.5,1.)) REPRESENTATION_ITEM('') );
#3119 = CARTESIAN_POINT('',(15.75,135.));
#3120 = CARTESIAN_POINT('',(15.75,133.70096189432));
#3121 = CARTESIAN_POINT('',(14.625,134.35048094716));
#3122 = CARTESIAN_POINT('',(13.5,135.));
#3123 = CARTESIAN_POINT('',(14.625,135.64951905283));
#3124 = CARTESIAN_POINT('',(15.75,136.29903810567));
#3125 = CARTESIAN_POINT('',(15.75,135.));
#3126 = ( GEOMETRIC_REPRESENTATION_CONTEXT(2) 
PARAMETRIC_REPRESENTATION_CONTEXT() REPRESENTATION_CONTEXT('2D SPACE',''
  ) );
#3127 = PCURVE('',#1407,#3128);
#3128 = DEFINITIONAL_REPRESENTATION('',(#3129),#3133);
#3129 = LINE('',#3130,#3131);
#3130 = CARTESIAN_POINT('',(-6.28318530718,-0.1));
#3131 = VECTOR('',#3132,1.);
#3132 = DIRECTION('',(1.,-0.));
#3133 = ( GEOMETRIC_REPRESENTATION_CONTEXT(2) 
PARAMETRIC_REPRESENTATION_CONTEXT() REPRESENTATION_CONTEXT('2D SPACE',''
  ) );
#3134 = FACE_BOUND('',#3135,.F.);
#3135 = EDGE_LOOP('',(#3136));
#3136 = ORIENTED_EDGE('',*,*,#3137,.T.);
#3137 = EDGE_CURVE('',#3138,#3138,#3140,.T.);
#3138 = VERTEX_POINT('',#3139);
#3139 = CARTESIAN_POINT('',(15.75,145.,0.));
#3140 = SURFACE_CURVE('',#3141,(#3146,#3157),.PCURVE_S1.);
#3141 = CIRCLE('',#3142,0.75);
#3142 = AXIS2_PLACEMENT_3D('',#3143,#3144,#3145);
#3143 = CARTESIAN_POINT('',(15.,145.,0.));
#3144 = DIRECTION('',(0.,0.,-1.));
#3145 = DIRECTION('',(1.,0.,0.));
#3146 = PCURVE('',#213,#3147);
#3147 = DEFINITIONAL_REPRESENTATION('',(#3148),#3156);
#3148 = ( BOUNDED_CURVE() B_SPLINE_CURVE(2,(#3149,#3150,#3151,#3152,
#3153,#3154,#3155),.UNSPECIFIED.,.T.,.F.) B_SPLINE_CURVE_WITH_KNOTS((1,2
    ,2,2,2,1),(-2.094395102393,0.,2.094395102393,4.188790204786,
6.28318530718,8.377580409573),.UNSPECIFIED.) CURVE() 
GEOMETRIC_REPRESENTATION_ITEM() RATIONAL_B_SPLINE_CURVE((1.,0.5,1.,0.5,
1.,0.5,1.)) REPRESENTATION_ITEM('') );
#3149 = CARTESIAN_POINT('',(15.75,145.));
#3150 = CARTESIAN_POINT('',(15.75,143.70096189432));
#3151 = CARTESIAN_POINT('',(14.625,144.35048094716));
#3152 = CARTESIAN_POINT('',(13.5,145.));
#3153 = CARTESIAN_POINT('',(14.625,145.64951905283));
#3154 = CARTESIAN_POINT('',(15.75,146.29903810567));
#3155 = CARTESIAN_POINT('',(15.75,145.));
#3156 = ( GEOMETRIC_REPRESENTATION_CONTEXT(2) 
PARAMETRIC_REPRESENTATION_CONTEXT() REPRESENTATION_CONTEXT('2D SPACE',''
  ) );
#3157 = PCURVE('',#1442,#3158);
#3158 = DEFINITIONAL_REPRESENTATION('',(#3159),#3163);
#3159 = LINE('',#3160,#3161);
#3160 = CARTESIAN_POINT('',(-6.28318530718,-0.1));
#3161 = VECTOR('',#3162,1.);
#3162 = DIRECTION('',(1.,-0.));
#3163 = ( GEOMETRIC_REPRESENTATION_CONTEXT(2) 
PARAMETRIC_REPRESENTATION_CONTEXT() REPRESENTATION_CONTEXT('2D SPACE',''
  ) );
#3164 = FACE_BOUND('',#3165,.F.);
#3165 = EDGE_LOOP('',(#3166));
#3166 = ORIENTED_EDGE('',*,*,#3167,.T.);
#3167 = EDGE_CURVE('',#3168,#3168,#3170,.T.);
#3168 = VERTEX_POINT('',#3169);
#3169 = CARTESIAN_POINT('',(15.75,155.,0.));
#3170 = SURFACE_CURVE('',#3171,(#3176,#3187),.PCURVE_S1.);
#3171 = CIRCLE('',#3172,0.75);
#3172 = AXIS2_PLACEMENT_3D('',#3173,#3174,#3175);
#3173 = CARTESIAN_POINT('',(15.,155.,0.));
#3174 = DIRECTION('',(0.,0.,-1.));
#3175 = DIRECTION('',(1.,0.,0.));
#3176 = PCURVE('',#213,#3177);
#3177 = DEFINITIONAL_REPRESENTATION('',(#3178),#3186);
#3178 = ( BOUNDED_CURVE() B_SPLINE_CURVE(2,(#3179,#3180,#3181,#3182,
#3183,#3184,#3185),.UNSPECIFIED.,.T.,.F.) B_SPLINE_CURVE_WITH_KNOTS((1,2
    ,2,2,2,1),(-2.094395102393,0.,2.094395102393,4.188790204786,
6.28318530718,8.377580409573),.UNSPECIFIED.) CURVE() 
GEOMETRIC_REPRESENTATION_ITEM() RATIONAL_B_SPLINE_CURVE((1.,0.5,1.,0.5,
1.,0.5,1.)) REPRESENTATION_ITEM('') );
#3179 = CARTESIAN_POINT('',(15.75,155.));
#3180 = CARTESIAN_POINT('',(15.75,153.70096189432));
#3181 = CARTESIAN_POINT('',(14.625,154.35048094716));
#3182 = CARTESIAN_POINT('',(13.5,155.));
#3183 = CARTESIAN_POINT('',(14.625,155.64951905283));
#3184 = CARTESIAN_POINT('',(15.75,156.29903810567));
#3185 = CARTESIAN_POINT('',(15.75,155.));
#3186 = ( GEOMETRIC_REPRESENTATION_CONTEXT(2) 
PARAMETRIC_REPRESENTATION_CONTEXT() REPRESENTATION_CONTEXT('2D SPACE',''
  ) );
#3187 = PCURVE('',#1477,#3188);
#3188 = DEFINITIONAL_REPRESENTATION('',(#3189),#3193);
#3189 = LINE('',#3190,#3191);
#3190 = CARTESIAN_POINT('',(-6.28318530718,-0.1));
#3191 = VECTOR('',#3192,1.);
#3192 = DIRECTION('',(1.,-0.));
#3193 = ( GEOMETRIC_REPRESENTATION_CONTEXT(2) 
PARAMETRIC_REPRESENTATION_CONTEXT() REPRESENTATION_CONTEXT('2D SPACE',''
  ) );
#3194 = FACE_BOUND('',#3195,.F.);
#3195 = EDGE_LOOP('',(#3196));
#3196 = ORIENTED_EDGE('',*,*,#3197,.T.);
#3197 = EDGE_CURVE('',#3198,#3198,#3200,.T.);
#3198 = VERTEX_POINT('',#3199);
#3199 = CARTESIAN_POINT('',(15.75,165.,0.));
#3200 = SURFACE_CURVE('',#3201,(#3206,#3217),.PCURVE_S1.);
#3201 = CIRCLE('',#3202,0.75);
#3202 = AXIS2_PLACEMENT_3D('',#3203,#3204,#3205);
#3203 = CARTESIAN_POINT('',(15.,165.,0.));
#3204 = DIRECTION('',(0.,0.,-1.));
#3205 = DIRECTION('',(1.,0.,0.));
#3206 = PCURVE('',#213,#3207);
#3207 = DEFINITIONAL_REPRESENTATION('',(#3208),#3216);
#3208 = ( BOUNDED_CURVE() B_SPLINE_CURVE(2,(#3209,#3210,#3211,#3212,
#3213,#3214,#3215),.UNSPECIFIED.,.T.,.F.) B_SPLINE_CURVE_WITH_KNOTS((1,2
    ,2,2,2,1),(-2.094395102393,0.,2.094395102393,4.188790204786,
6.28318530718,8.377580409573),.UNSPECIFIED.) CURVE() 
GEOMETRIC_REPRESENTATION_ITEM() RATIONAL_B_SPLINE_CURVE((1.,0.5,1.,0.5,
1.,0.5,1.)) REPRESENTATION_ITEM('') );
#3209 = CARTESIAN_POINT('',(15.75,165.));
#3210 = CARTESIAN_POINT('',(15.75,163.70096189432));
#3211 = CARTESIAN_POINT('',(14.625,164.35048094716));
#3212 = CARTESIAN_POINT('',(13.5,165.));
#3213 = CARTESIAN_POINT('',(14.625,165.64951905283));
#3214 = CARTESIAN_POINT('',(15.75,166.29903810567));
#3215 = CARTESIAN_POINT('',(15.75,165.));
#3216 = ( GEOMETRIC_REPRESENTATION_CONTEXT(2) 
PARAMETRIC_REPRESENTATION_CONTEXT() REPRESENTATION_CONTEXT('2D SPACE',''
  ) );
#3217 = PCURVE('',#1512,#3218);
#3218 = DEFINITIONAL_REPRESENTATION('',(#3219),#3223);
#3219 = LINE('',#3220,#3221);
#3220 = CARTESIAN_POINT('',(-6.28318530718,-0.1));
#3221 = VECTOR('',#3222,1.);
#3222 = DIRECTION('',(1.,-0.));
#3223 = ( GEOMETRIC_REPRESENTATION_CONTEXT(2) 
PARAMETRIC_REPRESENTATION_CONTEXT() REPRESENTATION_CONTEXT('2D SPACE',''
  ) );
#3224 = FACE_BOUND('',#3225,.F.);
#3225 = EDGE_LOOP('',(#3226));
#3226 = ORIENTED_EDGE('',*,*,#3227,.T.);
#3227 = EDGE_CURVE('',#3228,#3228,#3230,.T.);
#3228 = VERTEX_POINT('',#3229);
#3229 = CARTESIAN_POINT('',(19.42,173.,0.));
#3230 = SURFACE_CURVE('',#3231,(#3236,#3247),.PCURVE_S1.);
#3231 = CIRCLE('',#3232,0.5);
#3232 = AXIS2_PLACEMENT_3D('',#3233,#3234,#3235);
#3233 = CARTESIAN_POINT('',(18.92,173.,0.));
#3234 = DIRECTION('',(0.,0.,-1.));
#3235 = DIRECTION('',(1.,0.,0.));
#3236 = PCURVE('',#213,#3237);
#3237 = DEFINITIONAL_REPRESENTATION('',(#3238),#3246);
#3238 = ( BOUNDED_CURVE() B_SPLINE_CURVE(2,(#3239,#3240,#3241,#3242,
#3243,#3244,#3245),.UNSPECIFIED.,.T.,.F.) B_SPLINE_CURVE_WITH_KNOTS((1,2
    ,2,2,2,1),(-2.094395102393,0.,2.094395102393,4.188790204786,
6.28318530718,8.377580409573),.UNSPECIFIED.) CURVE() 
GEOMETRIC_REPRESENTATION_ITEM() RATIONAL_B_SPLINE_CURVE((1.,0.5,1.,0.5,
1.,0.5,1.)) REPRESENTATION_ITEM('') );
#3239 = CARTESIAN_POINT('',(19.42,173.));
#3240 = CARTESIAN_POINT('',(19.42,172.13397459621));
#3241 = CARTESIAN_POINT('',(18.67,172.5669872981));
#3242 = CARTESIAN_POINT('',(17.92,173.));
#3243 = CARTESIAN_POINT('',(18.67,173.43301270189));
#3244 = CARTESIAN_POINT('',(19.42,173.86602540378));
#3245 = CARTESIAN_POINT('',(19.42,173.));
#3246 = ( GEOMETRIC_REPRESENTATION_CONTEXT(2) 
PARAMETRIC_REPRESENTATION_CONTEXT() REPRESENTATION_CONTEXT('2D SPACE',''
  ) );
#3247 = PCURVE('',#1547,#3248);
#3248 = DEFINITIONAL_REPRESENTATION('',(#3249),#3253);
#3249 = LINE('',#3250,#3251);
#3250 = CARTESIAN_POINT('',(-6.28318530718,-0.1));
#3251 = VECTOR('',#3252,1.);
#3252 = DIRECTION('',(1.,-0.));
#3253 = ( GEOMETRIC_REPRESENTATION_CONTEXT(2) 
PARAMETRIC_REPRESENTATION_CONTEXT() REPRESENTATION_CONTEXT('2D SPACE',''
  ) );
#3254 = FACE_BOUND('',#3255,.F.);
#3255 = EDGE_LOOP('',(#3256));
#3256 = ORIENTED_EDGE('',*,*,#3257,.T.);
#3257 = EDGE_CURVE('',#3258,#3258,#3260,.T.);
#3258 = VERTEX_POINT('',#3259);
#3259 = CARTESIAN_POINT('',(19.42,175.54,0.));
#3260 = SURFACE_CURVE('',#3261,(#3266,#3277),.PCURVE_S1.);
#3261 = CIRCLE('',#3262,0.5);
#3262 = AXIS2_PLACEMENT_3D('',#3263,#3264,#3265);
#3263 = CARTESIAN_POINT('',(18.92,175.54,0.));
#3264 = DIRECTION('',(0.,0.,-1.));
#3265 = DIRECTION('',(1.,0.,0.));
#3266 = PCURVE('',#213,#3267);
#3267 = DEFINITIONAL_REPRESENTATION('',(#3268),#3276);
#3268 = ( BOUNDED_CURVE() B_SPLINE_CURVE(2,(#3269,#3270,#3271,#3272,
#3273,#3274,#3275),.UNSPECIFIED.,.T.,.F.) B_SPLINE_CURVE_WITH_KNOTS((1,2
    ,2,2,2,1),(-2.094395102393,0.,2.094395102393,4.188790204786,
6.28318530718,8.377580409573),.UNSPECIFIED.) CURVE() 
GEOMETRIC_REPRESENTATION_ITEM() RATIONAL_B_SPLINE_CURVE((1.,0.5,1.,0.5,
1.,0.5,1.)) REPRESENTATION_ITEM('') );
#3269 = CARTESIAN_POINT('',(19.42,175.54));
#3270 = CARTESIAN_POINT('',(19.42,174.67397459621));
#3271 = CARTESIAN_POINT('',(18.67,175.1069872981));
#3272 = CARTESIAN_POINT('',(17.92,175.54));
#3273 = CARTESIAN_POINT('',(18.67,175.97301270189));
#3274 = CARTESIAN_POINT('',(19.42,176.40602540378));
#3275 = CARTESIAN_POINT('',(19.42,175.54));
#3276 = ( GEOMETRIC_REPRESENTATION_CONTEXT(2) 
PARAMETRIC_REPRESENTATION_CONTEXT() REPRESENTATION_CONTEXT('2D SPACE',''
  ) );
#3277 = PCURVE('',#1582,#3278);
#3278 = DEFINITIONAL_REPRESENTATION('',(#3279),#3283);
#3279 = LINE('',#3280,#3281);
#3280 = CARTESIAN_POINT('',(-6.28318530718,-0.1));
#3281 = VECTOR('',#3282,1.);
#3282 = DIRECTION('',(1.,-0.));
#3283 = ( GEOMETRIC_REPRESENTATION_CONTEXT(2) 
PARAMETRIC_REPRESENTATION_CONTEXT() REPRESENTATION_CONTEXT('2D SPACE',''
  ) );
#3284 = FACE_BOUND('',#3285,.F.);
#3285 = EDGE_LOOP('',(#3286));
#3286 = ORIENTED_EDGE('',*,*,#3287,.T.);
#3287 = EDGE_CURVE('',#3288,#3288,#3290,.T.);
#3288 = VERTEX_POINT('',#3289);
#3289 = CARTESIAN_POINT('',(21.96,173.,0.));
#3290 = SURFACE_CURVE('',#3291,(#3296,#3307),.PCURVE_S1.);
#3291 = CIRCLE('',#3292,0.5);
#3292 = AXIS2_PLACEMENT_3D('',#3293,#3294,#3295);
#3293 = CARTESIAN_POINT('',(21.46,173.,0.));
#3294 = DIRECTION('',(0.,0.,-1.));
#3295 = DIRECTION('',(1.,0.,0.));
#3296 = PCURVE('',#213,#3297);
#3297 = DEFINITIONAL_REPRESENTATION('',(#3298),#3306);
#3298 = ( BOUNDED_CURVE() B_SPLINE_CURVE(2,(#3299,#3300,#3301,#3302,
#3303,#3304,#3305),.UNSPECIFIED.,.T.,.F.) B_SPLINE_CURVE_WITH_KNOTS((1,2
    ,2,2,2,1),(-2.094395102393,0.,2.094395102393,4.188790204786,
6.28318530718,8.377580409573),.UNSPECIFIED.) CURVE() 
GEOMETRIC_REPRESENTATION_ITEM() RATIONAL_B_SPLINE_CURVE((1.,0.5,1.,0.5,
1.,0.5,1.)) REPRESENTATION_ITEM('') );
#3299 = CARTESIAN_POINT('',(21.96,173.));
#3300 = CARTESIAN_POINT('',(21.96,172.13397459621));
#3301 = CARTESIAN_POINT('',(21.21,172.5669872981));
#3302 = CARTESIAN_POINT('',(20.46,173.));
#3303 = CARTESIAN_POINT('',(21.21,173.43301270189));
#3304 = CARTESIAN_POINT('',(21.96,173.86602540378));
#3305 = CARTESIAN_POINT('',(21.96,173.));
#3306 = ( GEOMETRIC_REPRESENTATION_CONTEXT(2) 
PARAMETRIC_REPRESENTATION_CONTEXT() REPRESENTATION_CONTEXT('2D SPACE',''
  ) );
#3307 = PCURVE('',#1617,#3308);
#3308 = DEFINITIONAL_REPRESENTATION('',(#3309),#3313);
#3309 = LINE('',#3310,#3311);
#3310 = CARTESIAN_POINT('',(-6.28318530718,-0.1));
#3311 = VECTOR('',#3312,1.);
#3312 = DIRECTION('',(1.,-0.));
#3313 = ( GEOMETRIC_REPRESENTATION_CONTEXT(2) 
PARAMETRIC_REPRESENTATION_CONTEXT() REPRESENTATION_CONTEXT('2D SPACE',''
  ) );
#3314 = FACE_BOUND('',#3315,.F.);
#3315 = EDGE_LOOP('',(#3316));
#3316 = ORIENTED_EDGE('',*,*,#3317,.T.);
#3317 = EDGE_CURVE('',#3318,#3318,#3320,.T.);
#3318 = VERTEX_POINT('',#3319);
#3319 = CARTESIAN_POINT('',(21.96,175.54,0.));
#3320 = SURFACE_CURVE('',#3321,(#3326,#3337),.PCURVE_S1.);
#3321 = CIRCLE('',#3322,0.5);
#3322 = AXIS2_PLACEMENT_3D('',#3323,#3324,#3325);
#3323 = CARTESIAN_POINT('',(21.46,175.54,0.));
#3324 = DIRECTION('',(0.,0.,-1.));
#3325 = DIRECTION('',(1.,0.,0.));
#3326 = PCURVE('',#213,#3327);
#3327 = DEFINITIONAL_REPRESENTATION('',(#3328),#3336);
#3328 = ( BOUNDED_CURVE() B_SPLINE_CURVE(2,(#3329,#3330,#3331,#3332,
#3333,#3334,#3335),.UNSPECIFIED.,.T.,.F.) B_SPLINE_CURVE_WITH_KNOTS((1,2
    ,2,2,2,1),(-2.094395102393,0.,2.094395102393,4.188790204786,
6.28318530718,8.377580409573),.UNSPECIFIED.) CURVE() 
GEOMETRIC_REPRESENTATION_ITEM() RATIONAL_B_SPLINE_CURVE((1.,0.5,1.,0.5,
1.,0.5,1.)) REPRESENTATION_ITEM('') );
#3329 = CARTESIAN_POINT('',(21.96,175.54));
#3330 = CARTESIAN_POINT('',(21.96,174.67397459621));
#3331 = CARTESIAN_POINT('',(21.21,175.1069872981));
#3332 = CARTESIAN_POINT('',(20.46,175.54));
#3333 = CARTESIAN_POINT('',(21.21,175.97301270189));
#3334 = CARTESIAN_POINT('',(21.96,176.40602540378));
#3335 = CARTESIAN_POINT('',(21.96,175.54));
#3336 = ( GEOMETRIC_REPRESENTATION_CONTEXT(2) 
PARAMETRIC_REPRESENTATION_CONTEXT() REPRESENTATION_CONTEXT('2D SPACE',''
  ) );
#3337 = PCURVE('',#1652,#3338);
#3338 = DEFINITIONAL_REPRESENTATION('',(#3339),#3343);
#3339 = LINE('',#3340,#3341);
#3340 = CARTESIAN_POINT('',(-6.28318530718,-0.1));
#3341 = VECTOR('',#3342,1.);
#3342 = DIRECTION('',(1.,-0.));
#3343 = ( GEOMETRIC_REPRESENTATION_CONTEXT(2) 
PARAMETRIC_REPRESENTATION_CONTEXT() REPRESENTATION_CONTEXT('2D SPACE',''
  ) );
#3344 = FACE_BOUND('',#3345,.F.);
#3345 = EDGE_LOOP('',(#3346));
#3346 = ORIENTED_EDGE('',*,*,#3347,.T.);
#3347 = EDGE_CURVE('',#3348,#3348,#3350,.T.);
#3348 = VERTEX_POINT('',#3349);
#3349 = CARTESIAN_POINT('',(33.75,95.,0.));
#3350 = SURFACE_CURVE('',#3351,(#3356,#3367),.PCURVE_S1.);
#3351 = CIRCLE('',#3352,0.75);
#3352 = AXIS2_PLACEMENT_3D('',#3353,#3354,#3355);
#3353 = CARTESIAN_POINT('',(33.,95.,0.));
#3354 = DIRECTION('',(0.,0.,-1.));
#3355 = DIRECTION('',(1.,0.,0.));
#3356 = PCURVE('',#213,#3357);
#3357 = DEFINITIONAL_REPRESENTATION('',(#3358),#3366);
#3358 = ( BOUNDED_CURVE() B_SPLINE_CURVE(2,(#3359,#3360,#3361,#3362,
#3363,#3364,#3365),.UNSPECIFIED.,.T.,.F.) B_SPLINE_CURVE_WITH_KNOTS((1,2
    ,2,2,2,1),(-2.094395102393,0.,2.094395102393,4.188790204786,
6.28318530718,8.377580409573),.UNSPECIFIED.) CURVE() 
GEOMETRIC_REPRESENTATION_ITEM() RATIONAL_B_SPLINE_CURVE((1.,0.5,1.,0.5,
1.,0.5,1.)) REPRESENTATION_ITEM('') );
#3359 = CARTESIAN_POINT('',(33.75,95.));
#3360 = CARTESIAN_POINT('',(33.75,93.700961894323));
#3361 = CARTESIAN_POINT('',(32.625,94.350480947162));
#3362 = CARTESIAN_POINT('',(31.5,95.));
#3363 = CARTESIAN_POINT('',(32.625,95.649519052838));
#3364 = CARTESIAN_POINT('',(33.75,96.299038105677));
#3365 = CARTESIAN_POINT('',(33.75,95.));
#3366 = ( GEOMETRIC_REPRESENTATION_CONTEXT(2) 
PARAMETRIC_REPRESENTATION_CONTEXT() REPRESENTATION_CONTEXT('2D SPACE',''
  ) );
#3367 = PCURVE('',#1687,#3368);
#3368 = DEFINITIONAL_REPRESENTATION('',(#3369),#3373);
#3369 = LINE('',#3370,#3371);
#3370 = CARTESIAN_POINT('',(-6.28318530718,-0.1));
#3371 = VECTOR('',#3372,1.);
#3372 = DIRECTION('',(1.,-0.));
#3373 = ( GEOMETRIC_REPRESENTATION_CONTEXT(2) 
PARAMETRIC_REPRESENTATION_CONTEXT() REPRESENTATION_CONTEXT('2D SPACE',''
  ) );
#3374 = FACE_BOUND('',#3375,.F.);
#3375 = EDGE_LOOP('',(#3376));
#3376 = ORIENTED_EDGE('',*,*,#3377,.T.);
#3377 = EDGE_CURVE('',#3378,#3378,#3380,.T.);
#3378 = VERTEX_POINT('',#3379);
#3379 = CARTESIAN_POINT('',(33.75,105.,0.));
#3380 = SURFACE_CURVE('',#3381,(#3386,#3397),.PCURVE_S1.);
#3381 = CIRCLE('',#3382,0.75);
#3382 = AXIS2_PLACEMENT_3D('',#3383,#3384,#3385);
#3383 = CARTESIAN_POINT('',(33.,105.,0.));
#3384 = DIRECTION('',(0.,0.,-1.));
#3385 = DIRECTION('',(1.,0.,0.));
#3386 = PCURVE('',#213,#3387);
#3387 = DEFINITIONAL_REPRESENTATION('',(#3388),#3396);
#3388 = ( BOUNDED_CURVE() B_SPLINE_CURVE(2,(#3389,#3390,#3391,#3392,
#3393,#3394,#3395),.UNSPECIFIED.,.T.,.F.) B_SPLINE_CURVE_WITH_KNOTS((1,2
    ,2,2,2,1),(-2.094395102393,0.,2.094395102393,4.188790204786,
6.28318530718,8.377580409573),.UNSPECIFIED.) CURVE() 
GEOMETRIC_REPRESENTATION_ITEM() RATIONAL_B_SPLINE_CURVE((1.,0.5,1.,0.5,
1.,0.5,1.)) REPRESENTATION_ITEM('') );
#3389 = CARTESIAN_POINT('',(33.75,105.));
#3390 = CARTESIAN_POINT('',(33.75,103.70096189432));
#3391 = CARTESIAN_POINT('',(32.625,104.35048094716));
#3392 = CARTESIAN_POINT('',(31.5,105.));
#3393 = CARTESIAN_POINT('',(32.625,105.64951905283));
#3394 = CARTESIAN_POINT('',(33.75,106.29903810567));
#3395 = CARTESIAN_POINT('',(33.75,105.));
#3396 = ( GEOMETRIC_REPRESENTATION_CONTEXT(2) 
PARAMETRIC_REPRESENTATION_CONTEXT() REPRESENTATION_CONTEXT('2D SPACE',''
  ) );
#3397 = PCURVE('',#1722,#3398);
#3398 = DEFINITIONAL_REPRESENTATION('',(#3399),#3403);
#3399 = LINE('',#3400,#3401);
#3400 = CARTESIAN_POINT('',(-6.28318530718,-0.1));
#3401 = VECTOR('',#3402,1.);
#3402 = DIRECTION('',(1.,-0.));
#3403 = ( GEOMETRIC_REPRESENTATION_CONTEXT(2) 
PARAMETRIC_REPRESENTATION_CONTEXT() REPRESENTATION_CONTEXT('2D SPACE',''
  ) );
#3404 = FACE_BOUND('',#3405,.F.);
#3405 = EDGE_LOOP('',(#3406));
#3406 = ORIENTED_EDGE('',*,*,#3407,.T.);
#3407 = EDGE_CURVE('',#3408,#3408,#3410,.T.);
#3408 = VERTEX_POINT('',#3409);
#3409 = CARTESIAN_POINT('',(33.75,115.,0.));
#3410 = SURFACE_CURVE('',#3411,(#3416,#3427),.PCURVE_S1.);
#3411 = CIRCLE('',#3412,0.75);
#3412 = AXIS2_PLACEMENT_3D('',#3413,#3414,#3415);
#3413 = CARTESIAN_POINT('',(33.,115.,0.));
#3414 = DIRECTION('',(0.,0.,-1.));
#3415 = DIRECTION('',(1.,0.,0.));
#3416 = PCURVE('',#213,#3417);
#3417 = DEFINITIONAL_REPRESENTATION('',(#3418),#3426);
#3418 = ( BOUNDED_CURVE() B_SPLINE_CURVE(2,(#3419,#3420,#3421,#3422,
#3423,#3424,#3425),.UNSPECIFIED.,.T.,.F.) B_SPLINE_CURVE_WITH_KNOTS((1,2
    ,2,2,2,1),(-2.094395102393,0.,2.094395102393,4.188790204786,
6.28318530718,8.377580409573),.UNSPECIFIED.) CURVE() 
GEOMETRIC_REPRESENTATION_ITEM() RATIONAL_B_SPLINE_CURVE((1.,0.5,1.,0.5,
1.,0.5,1.)) REPRESENTATION_ITEM('') );
#3419 = CARTESIAN_POINT('',(33.75,115.));
#3420 = CARTESIAN_POINT('',(33.75,113.70096189432));
#3421 = CARTESIAN_POINT('',(32.625,114.35048094716));
#3422 = CARTESIAN_POINT('',(31.5,115.));
#3423 = CARTESIAN_POINT('',(32.625,115.64951905283));
#3424 = CARTESIAN_POINT('',(33.75,116.29903810567));
#3425 = CARTESIAN_POINT('',(33.75,115.));
#3426 = ( GEOMETRIC_REPRESENTATION_CONTEXT(2) 
PARAMETRIC_REPRESENTATION_CONTEXT() REPRESENTATION_CONTEXT('2D SPACE',''
  ) );
#3427 = PCURVE('',#1757,#3428);
#3428 = DEFINITIONAL_REPRESENTATION('',(#3429),#3433);
#3429 = LINE('',#3430,#3431);
#3430 = CARTESIAN_POINT('',(-6.28318530718,-0.1));
#3431 = VECTOR('',#3432,1.);
#3432 = DIRECTION('',(1.,-0.));
#3433 = ( GEOMETRIC_REPRESENTATION_CONTEXT(2) 
PARAMETRIC_REPRESENTATION_CONTEXT() REPRESENTATION_CONTEXT('2D SPACE',''
  ) );
#3434 = FACE_BOUND('',#3435,.F.);
#3435 = EDGE_LOOP('',(#3436));
#3436 = ORIENTED_EDGE('',*,*,#3437,.T.);
#3437 = EDGE_CURVE('',#3438,#3438,#3440,.T.);
#3438 = VERTEX_POINT('',#3439);
#3439 = CARTESIAN_POINT('',(33.75,125.,0.));
#3440 = SURFACE_CURVE('',#3441,(#3446,#3457),.PCURVE_S1.);
#3441 = CIRCLE('',#3442,0.75);
#3442 = AXIS2_PLACEMENT_3D('',#3443,#3444,#3445);
#3443 = CARTESIAN_POINT('',(33.,125.,0.));
#3444 = DIRECTION('',(0.,0.,-1.));
#3445 = DIRECTION('',(1.,0.,0.));
#3446 = PCURVE('',#213,#3447);
#3447 = DEFINITIONAL_REPRESENTATION('',(#3448),#3456);
#3448 = ( BOUNDED_CURVE() B_SPLINE_CURVE(2,(#3449,#3450,#3451,#3452,
#3453,#3454,#3455),.UNSPECIFIED.,.T.,.F.) B_SPLINE_CURVE_WITH_KNOTS((1,2
    ,2,2,2,1),(-2.094395102393,0.,2.094395102393,4.188790204786,
6.28318530718,8.377580409573),.UNSPECIFIED.) CURVE() 
GEOMETRIC_REPRESENTATION_ITEM() RATIONAL_B_SPLINE_CURVE((1.,0.5,1.,0.5,
1.,0.5,1.)) REPRESENTATION_ITEM('') );
#3449 = CARTESIAN_POINT('',(33.75,125.));
#3450 = CARTESIAN_POINT('',(33.75,123.70096189432));
#3451 = CARTESIAN_POINT('',(32.625,124.35048094716));
#3452 = CARTESIAN_POINT('',(31.5,125.));
#3453 = CARTESIAN_POINT('',(32.625,125.64951905283));
#3454 = CARTESIAN_POINT('',(33.75,126.29903810567));
#3455 = CARTESIAN_POINT('',(33.75,125.));
#3456 = ( GEOMETRIC_REPRESENTATION_CONTEXT(2) 
PARAMETRIC_REPRESENTATION_CONTEXT() REPRESENTATION_CONTEXT('2D SPACE',''
  ) );
#3457 = PCURVE('',#1792,#3458);
#3458 = DEFINITIONAL_REPRESENTATION('',(#3459),#3463);
#3459 = LINE('',#3460,#3461);
#3460 = CARTESIAN_POINT('',(-6.28318530718,-0.1));
#3461 = VECTOR('',#3462,1.);
#3462 = DIRECTION('',(1.,-0.));
#3463 = ( GEOMETRIC_REPRESENTATION_CONTEXT(2) 
PARAMETRIC_REPRESENTATION_CONTEXT() REPRESENTATION_CONTEXT('2D SPACE',''
  ) );
#3464 = FACE_BOUND('',#3465,.F.);
#3465 = EDGE_LOOP('',(#3466));
#3466 = ORIENTED_EDGE('',*,*,#3467,.T.);
#3467 = EDGE_CURVE('',#3468,#3468,#3470,.T.);
#3468 = VERTEX_POINT('',#3469);
#3469 = CARTESIAN_POINT('',(33.75,135.,0.));
#3470 = SURFACE_CURVE('',#3471,(#3476,#3487),.PCURVE_S1.);
#3471 = CIRCLE('',#3472,0.75);
#3472 = AXIS2_PLACEMENT_3D('',#3473,#3474,#3475);
#3473 = CARTESIAN_POINT('',(33.,135.,0.));
#3474 = DIRECTION('',(0.,0.,-1.));
#3475 = DIRECTION('',(1.,0.,0.));
#3476 = PCURVE('',#213,#3477);
#3477 = DEFINITIONAL_REPRESENTATION('',(#3478),#3486);
#3478 = ( BOUNDED_CURVE() B_SPLINE_CURVE(2,(#3479,#3480,#3481,#3482,
#3483,#3484,#3485),.UNSPECIFIED.,.T.,.F.) B_SPLINE_CURVE_WITH_KNOTS((1,2
    ,2,2,2,1),(-2.094395102393,0.,2.094395102393,4.188790204786,
6.28318530718,8.377580409573),.UNSPECIFIED.) CURVE() 
GEOMETRIC_REPRESENTATION_ITEM() RATIONAL_B_SPLINE_CURVE((1.,0.5,1.,0.5,
1.,0.5,1.)) REPRESENTATION_ITEM('') );
#3479 = CARTESIAN_POINT('',(33.75,135.));
#3480 = CARTESIAN_POINT('',(33.75,133.70096189432));
#3481 = CARTESIAN_POINT('',(32.625,134.35048094716));
#3482 = CARTESIAN_POINT('',(31.5,135.));
#3483 = CARTESIAN_POINT('',(32.625,135.64951905283));
#3484 = CARTESIAN_POINT('',(33.75,136.29903810567));
#3485 = CARTESIAN_POINT('',(33.75,135.));
#3486 = ( GEOMETRIC_REPRESENTATION_CONTEXT(2) 
PARAMETRIC_REPRESENTATION_CONTEXT() REPRESENTATION_CONTEXT('2D SPACE',''
  ) );
#3487 = PCURVE('',#1827,#3488);
#3488 = DEFINITIONAL_REPRESENTATION('',(#3489),#3493);
#3489 = LINE('',#3490,#3491);
#3490 = CARTESIAN_POINT('',(-6.28318530718,-0.1));
#3491 = VECTOR('',#3492,1.);
#3492 = DIRECTION('',(1.,-0.));
#3493 = ( GEOMETRIC_REPRESENTATION_CONTEXT(2) 
PARAMETRIC_REPRESENTATION_CONTEXT() REPRESENTATION_CONTEXT('2D SPACE',''
  ) );
#3494 = FACE_BOUND('',#3495,.F.);
#3495 = EDGE_LOOP('',(#3496));
#3496 = ORIENTED_EDGE('',*,*,#3497,.T.);
#3497 = EDGE_CURVE('',#3498,#3498,#3500,.T.);
#3498 = VERTEX_POINT('',#3499);
#3499 = CARTESIAN_POINT('',(33.75,145.,0.));
#3500 = SURFACE_CURVE('',#3501,(#3506,#3517),.PCURVE_S1.);
#3501 = CIRCLE('',#3502,0.75);
#3502 = AXIS2_PLACEMENT_3D('',#3503,#3504,#3505);
#3503 = CARTESIAN_POINT('',(33.,145.,0.));
#3504 = DIRECTION('',(0.,0.,-1.));
#3505 = DIRECTION('',(1.,0.,0.));
#3506 = PCURVE('',#213,#3507);
#3507 = DEFINITIONAL_REPRESENTATION('',(#3508),#3516);
#3508 = ( BOUNDED_CURVE() B_SPLINE_CURVE(2,(#3509,#3510,#3511,#3512,
#3513,#3514,#3515),.UNSPECIFIED.,.T.,.F.) B_SPLINE_CURVE_WITH_KNOTS((1,2
    ,2,2,2,1),(-2.094395102393,0.,2.094395102393,4.188790204786,
6.28318530718,8.377580409573),.UNSPECIFIED.) CURVE() 
GEOMETRIC_REPRESENTATION_ITEM() RATIONAL_B_SPLINE_CURVE((1.,0.5,1.,0.5,
1.,0.5,1.)) REPRESENTATION_ITEM('') );
#3509 = CARTESIAN_POINT('',(33.75,145.));
#3510 = CARTESIAN_POINT('',(33.75,143.70096189432));
#3511 = CARTESIAN_POINT('',(32.625,144.35048094716));
#3512 = CARTESIAN_POINT('',(31.5,145.));
#3513 = CARTESIAN_POINT('',(32.625,145.64951905283));
#3514 = CARTESIAN_POINT('',(33.75,146.29903810567));
#3515 = CARTESIAN_POINT('',(33.75,145.));
#3516 = ( GEOMETRIC_REPRESENTATION_CONTEXT(2) 
PARAMETRIC_REPRESENTATION_CONTEXT() REPRESENTATION_CONTEXT('2D SPACE',''
  ) );
#3517 = PCURVE('',#1862,#3518);
#3518 = DEFINITIONAL_REPRESENTATION('',(#3519),#3523);
#3519 = LINE('',#3520,#3521);
#3520 = CARTESIAN_POINT('',(-6.28318530718,-0.1));
#3521 = VECTOR('',#3522,1.);
#3522 = DIRECTION('',(1.,-0.));
#3523 = ( GEOMETRIC_REPRESENTATION_CONTEXT(2) 
PARAMETRIC_REPRESENTATION_CONTEXT() REPRESENTATION_CONTEXT('2D SPACE',''
  ) );
#3524 = FACE_BOUND('',#3525,.F.);
#3525 = EDGE_LOOP('',(#3526));
#3526 = ORIENTED_EDGE('',*,*,#3527,.T.);
#3527 = EDGE_CURVE('',#3528,#3528,#3530,.T.);
#3528 = VERTEX_POINT('',#3529);
#3529 = CARTESIAN_POINT('',(24.5,173.,0.));
#3530 = SURFACE_CURVE('',#3531,(#3536,#3547),.PCURVE_S1.);
#3531 = CIRCLE('',#3532,0.5);
#3532 = AXIS2_PLACEMENT_3D('',#3533,#3534,#3535);
#3533 = CARTESIAN_POINT('',(24.,173.,0.));
#3534 = DIRECTION('',(0.,0.,-1.));
#3535 = DIRECTION('',(1.,0.,0.));
#3536 = PCURVE('',#213,#3537);
#3537 = DEFINITIONAL_REPRESENTATION('',(#3538),#3546);
#3538 = ( BOUNDED_CURVE() B_SPLINE_CURVE(2,(#3539,#3540,#3541,#3542,
#3543,#3544,#3545),.UNSPECIFIED.,.T.,.F.) B_SPLINE_CURVE_WITH_KNOTS((1,2
    ,2,2,2,1),(-2.094395102393,0.,2.094395102393,4.188790204786,
6.28318530718,8.377580409573),.UNSPECIFIED.) CURVE() 
GEOMETRIC_REPRESENTATION_ITEM() RATIONAL_B_SPLINE_CURVE((1.,0.5,1.,0.5,
1.,0.5,1.)) REPRESENTATION_ITEM('') );
#3539 = CARTESIAN_POINT('',(24.5,173.));
#3540 = CARTESIAN_POINT('',(24.5,172.13397459621));
#3541 = CARTESIAN_POINT('',(23.75,172.5669872981));
#3542 = CARTESIAN_POINT('',(23.,173.));
#3543 = CARTESIAN_POINT('',(23.75,173.43301270189));
#3544 = CARTESIAN_POINT('',(24.5,173.86602540378));
#3545 = CARTESIAN_POINT('',(24.5,173.));
#3546 = ( GEOMETRIC_REPRESENTATION_CONTEXT(2) 
PARAMETRIC_REPRESENTATION_CONTEXT() REPRESENTATION_CONTEXT('2D SPACE',''
  ) );
#3547 = PCURVE('',#1897,#3548);
#3548 = DEFINITIONAL_REPRESENTATION('',(#3549),#3553);
#3549 = LINE('',#3550,#3551);
#3550 = CARTESIAN_POINT('',(-6.28318530718,-0.1));
#3551 = VECTOR('',#3552,1.);
#3552 = DIRECTION('',(1.,-0.));
#3553 = ( GEOMETRIC_REPRESENTATION_CONTEXT(2) 
PARAMETRIC_REPRESENTATION_CONTEXT() REPRESENTATION_CONTEXT('2D SPACE',''
  ) );
#3554 = FACE_BOUND('',#3555,.F.);
#3555 = EDGE_LOOP('',(#3556));
#3556 = ORIENTED_EDGE('',*,*,#3557,.T.);
#3557 = EDGE_CURVE('',#3558,#3558,#3560,.T.);
#3558 = VERTEX_POINT('',#3559);
#3559 = CARTESIAN_POINT('',(24.5,175.54,0.));
#3560 = SURFACE_CURVE('',#3561,(#3566,#3577),.PCURVE_S1.);
#3561 = CIRCLE('',#3562,0.5);
#3562 = AXIS2_PLACEMENT_3D('',#3563,#3564,#3565);
#3563 = CARTESIAN_POINT('',(24.,175.54,0.));
#3564 = DIRECTION('',(0.,0.,-1.));
#3565 = DIRECTION('',(1.,0.,0.));
#3566 = PCURVE('',#213,#3567);
#3567 = DEFINITIONAL_REPRESENTATION('',(#3568),#3576);
#3568 = ( BOUNDED_CURVE() B_SPLINE_CURVE(2,(#3569,#3570,#3571,#3572,
#3573,#3574,#3575),.UNSPECIFIED.,.T.,.F.) B_SPLINE_CURVE_WITH_KNOTS((1,2
    ,2,2,2,1),(-2.094395102393,0.,2.094395102393,4.188790204786,
6.28318530718,8.377580409573),.UNSPECIFIED.) CURVE() 
GEOMETRIC_REPRESENTATION_ITEM() RATIONAL_B_SPLINE_CURVE((1.,0.5,1.,0.5,
1.,0.5,1.)) REPRESENTATION_ITEM('') );
#3569 = CARTESIAN_POINT('',(24.5,175.54));
#3570 = CARTESIAN_POINT('',(24.5,174.67397459621));
#3571 = CARTESIAN_POINT('',(23.75,175.1069872981));
#3572 = CARTESIAN_POINT('',(23.,175.54));
#3573 = CARTESIAN_POINT('',(23.75,175.97301270189));
#3574 = CARTESIAN_POINT('',(24.5,176.40602540378));
#3575 = CARTESIAN_POINT('',(24.5,175.54));
#3576 = ( GEOMETRIC_REPRESENTATION_CONTEXT(2) 
PARAMETRIC_REPRESENTATION_CONTEXT() REPRESENTATION_CONTEXT('2D SPACE',''
  ) );
#3577 = PCURVE('',#1932,#3578);
#3578 = DEFINITIONAL_REPRESENTATION('',(#3579),#3583);
#3579 = LINE('',#3580,#3581);
#3580 = CARTESIAN_POINT('',(-6.28318530718,-0.1));
#3581 = VECTOR('',#3582,1.);
#3582 = DIRECTION('',(1.,-0.));
#3583 = ( GEOMETRIC_REPRESENTATION_CONTEXT(2) 
PARAMETRIC_REPRESENTATION_CONTEXT() REPRESENTATION_CONTEXT('2D SPACE',''
  ) );
#3584 = FACE_BOUND('',#3585,.F.);
#3585 = EDGE_LOOP('',(#3586));
#3586 = ORIENTED_EDGE('',*,*,#3587,.T.);
#3587 = EDGE_CURVE('',#3588,#3588,#3590,.T.);
#3588 = VERTEX_POINT('',#3589);
#3589 = CARTESIAN_POINT('',(27.04,173.,0.));
#3590 = SURFACE_CURVE('',#3591,(#3596,#3607),.PCURVE_S1.);
#3591 = CIRCLE('',#3592,0.5);
#3592 = AXIS2_PLACEMENT_3D('',#3593,#3594,#3595);
#3593 = CARTESIAN_POINT('',(26.54,173.,0.));
#3594 = DIRECTION('',(0.,0.,-1.));
#3595 = DIRECTION('',(1.,0.,0.));
#3596 = PCURVE('',#213,#3597);
#3597 = DEFINITIONAL_REPRESENTATION('',(#3598),#3606);
#3598 = ( BOUNDED_CURVE() B_SPLINE_CURVE(2,(#3599,#3600,#3601,#3602,
#3603,#3604,#3605),.UNSPECIFIED.,.T.,.F.) B_SPLINE_CURVE_WITH_KNOTS((1,2
    ,2,2,2,1),(-2.094395102393,0.,2.094395102393,4.188790204786,
6.28318530718,8.377580409573),.UNSPECIFIED.) CURVE() 
GEOMETRIC_REPRESENTATION_ITEM() RATIONAL_B_SPLINE_CURVE((1.,0.5,1.,0.5,
1.,0.5,1.)) REPRESENTATION_ITEM('') );
#3599 = CARTESIAN_POINT('',(27.04,173.));
#3600 = CARTESIAN_POINT('',(27.04,172.13397459621));
#3601 = CARTESIAN_POINT('',(26.29,172.5669872981));
#3602 = CARTESIAN_POINT('',(25.54,173.));
#3603 = CARTESIAN_POINT('',(26.29,173.43301270189));
#3604 = CARTESIAN_POINT('',(27.04,173.86602540378));
#3605 = CARTESIAN_POINT('',(27.04,173.));
#3606 = ( GEOMETRIC_REPRESENTATION_CONTEXT(2) 
PARAMETRIC_REPRESENTATION_CONTEXT() REPRESENTATION_CONTEXT('2D SPACE',''
  ) );
#3607 = PCURVE('',#1967,#3608);
#3608 = DEFINITIONAL_REPRESENTATION('',(#3609),#3613);
#3609 = LINE('',#3610,#3611);
#3610 = CARTESIAN_POINT('',(-6.28318530718,-0.1));
#3611 = VECTOR('',#3612,1.);
#3612 = DIRECTION('',(1.,-0.));
#3613 = ( GEOMETRIC_REPRESENTATION_CONTEXT(2) 
PARAMETRIC_REPRESENTATION_CONTEXT() REPRESENTATION_CONTEXT('2D SPACE',''
  ) );
#3614 = FACE_BOUND('',#3615,.F.);
#3615 = EDGE_LOOP('',(#3616));
#3616 = ORIENTED_EDGE('',*,*,#3617,.T.);
#3617 = EDGE_CURVE('',#3618,#3618,#3620,.T.);
#3618 = VERTEX_POINT('',#3619);
#3619 = CARTESIAN_POINT('',(27.04,175.54,0.));
#3620 = SURFACE_CURVE('',#3621,(#3626,#3637),.PCURVE_S1.);
#3621 = CIRCLE('',#3622,0.5);
#3622 = AXIS2_PLACEMENT_3D('',#3623,#3624,#3625);
#3623 = CARTESIAN_POINT('',(26.54,175.54,0.));
#3624 = DIRECTION('',(0.,0.,-1.));
#3625 = DIRECTION('',(1.,0.,0.));
#3626 = PCURVE('',#213,#3627);
#3627 = DEFINITIONAL_REPRESENTATION('',(#3628),#3636);
#3628 = ( BOUNDED_CURVE() B_SPLINE_CURVE(2,(#3629,#3630,#3631,#3632,
#3633,#3634,#3635),.UNSPECIFIED.,.T.,.F.) B_SPLINE_CURVE_WITH_KNOTS((1,2
    ,2,2,2,1),(-2.094395102393,0.,2.094395102393,4.188790204786,
6.28318530718,8.377580409573),.UNSPECIFIED.) CURVE() 
GEOMETRIC_REPRESENTATION_ITEM() RATIONAL_B_SPLINE_CURVE((1.,0.5,1.,0.5,
1.,0.5,1.)) REPRESENTATION_ITEM('') );
#3629 = CARTESIAN_POINT('',(27.04,175.54));
#3630 = CARTESIAN_POINT('',(27.04,174.67397459621));
#3631 = CARTESIAN_POINT('',(26.29,175.1069872981));
#3632 = CARTESIAN_POINT('',(25.54,175.54));
#3633 = CARTESIAN_POINT('',(26.29,175.97301270189));
#3634 = CARTESIAN_POINT('',(27.04,176.40602540378));
#3635 = CARTESIAN_POINT('',(27.04,175.54));
#3636 = ( GEOMETRIC_REPRESENTATION_CONTEXT(2) 
PARAMETRIC_REPRESENTATION_CONTEXT() REPRESENTATION_CONTEXT('2D SPACE',''
  ) );
#3637 = PCURVE('',#2002,#3638);
#3638 = DEFINITIONAL_REPRESENTATION('',(#3639),#3643);
#3639 = LINE('',#3640,#3641);
#3640 = CARTESIAN_POINT('',(-6.28318530718,-0.1));
#3641 = VECTOR('',#3642,1.);
#3642 = DIRECTION('',(1.,-0.));
#3643 = ( GEOMETRIC_REPRESENTATION_CONTEXT(2) 
PARAMETRIC_REPRESENTATION_CONTEXT() REPRESENTATION_CONTEXT('2D SPACE',''
  ) );
#3644 = FACE_BOUND('',#3645,.F.);
#3645 = EDGE_LOOP('',(#3646));
#3646 = ORIENTED_EDGE('',*,*,#3647,.T.);
#3647 = EDGE_CURVE('',#3648,#3648,#3650,.T.);
#3648 = VERTEX_POINT('',#3649);
#3649 = CARTESIAN_POINT('',(29.58,173.,0.));
#3650 = SURFACE_CURVE('',#3651,(#3656,#3667),.PCURVE_S1.);
#3651 = CIRCLE('',#3652,0.5);
#3652 = AXIS2_PLACEMENT_3D('',#3653,#3654,#3655);
#3653 = CARTESIAN_POINT('',(29.08,173.,0.));
#3654 = DIRECTION('',(0.,0.,-1.));
#3655 = DIRECTION('',(1.,0.,0.));
#3656 = PCURVE('',#213,#3657);
#3657 = DEFINITIONAL_REPRESENTATION('',(#3658),#3666);
#3658 = ( BOUNDED_CURVE() B_SPLINE_CURVE(2,(#3659,#3660,#3661,#3662,
#3663,#3664,#3665),.UNSPECIFIED.,.T.,.F.) B_SPLINE_CURVE_WITH_KNOTS((1,2
    ,2,2,2,1),(-2.094395102393,0.,2.094395102393,4.188790204786,
6.28318530718,8.377580409573),.UNSPECIFIED.) CURVE() 
GEOMETRIC_REPRESENTATION_ITEM() RATIONAL_B_SPLINE_CURVE((1.,0.5,1.,0.5,
1.,0.5,1.)) REPRESENTATION_ITEM('') );
#3659 = CARTESIAN_POINT('',(29.58,173.));
#3660 = CARTESIAN_POINT('',(29.58,172.13397459621));
#3661 = CARTESIAN_POINT('',(28.83,172.5669872981));
#3662 = CARTESIAN_POINT('',(28.08,173.));
#3663 = CARTESIAN_POINT('',(28.83,173.43301270189));
#3664 = CARTESIAN_POINT('',(29.58,173.86602540378));
#3665 = CARTESIAN_POINT('',(29.58,173.));
#3666 = ( GEOMETRIC_REPRESENTATION_CONTEXT(2) 
PARAMETRIC_REPRESENTATION_CONTEXT() REPRESENTATION_CONTEXT('2D SPACE',''
  ) );
#3667 = PCURVE('',#2037,#3668);
#3668 = DEFINITIONAL_REPRESENTATION('',(#3669),#3673);
#3669 = LINE('',#3670,#3671);
#3670 = CARTESIAN_POINT('',(-6.28318530718,-0.1));
#3671 = VECTOR('',#3672,1.);
#3672 = DIRECTION('',(1.,-0.));
#3673 = ( GEOMETRIC_REPRESENTATION_CONTEXT(2) 
PARAMETRIC_REPRESENTATION_CONTEXT() REPRESENTATION_CONTEXT('2D SPACE',''
  ) );
#3674 = FACE_BOUND('',#3675,.F.);
#3675 = EDGE_LOOP('',(#3676));
#3676 = ORIENTED_EDGE('',*,*,#3677,.T.);
#3677 = EDGE_CURVE('',#3678,#3678,#3680,.T.);
#3678 = VERTEX_POINT('',#3679);
#3679 = CARTESIAN_POINT('',(29.58,175.54,0.));
#3680 = SURFACE_CURVE('',#3681,(#3686,#3697),.PCURVE_S1.);
#3681 = CIRCLE('',#3682,0.5);
#3682 = AXIS2_PLACEMENT_3D('',#3683,#3684,#3685);
#3683 = CARTESIAN_POINT('',(29.08,175.54,0.));
#3684 = DIRECTION('',(0.,0.,-1.));
#3685 = DIRECTION('',(1.,0.,0.));
#3686 = PCURVE('',#213,#3687);
#3687 = DEFINITIONAL_REPRESENTATION('',(#3688),#3696);
#3688 = ( BOUNDED_CURVE() B_SPLINE_CURVE(2,(#3689,#3690,#3691,#3692,
#3693,#3694,#3695),.UNSPECIFIED.,.T.,.F.) B_SPLINE_CURVE_WITH_KNOTS((1,2
    ,2,2,2,1),(-2.094395102393,0.,2.094395102393,4.188790204786,
6.28318530718,8.377580409573),.UNSPECIFIED.) CURVE() 
GEOMETRIC_REPRESENTATION_ITEM() RATIONAL_B_SPLINE_CURVE((1.,0.5,1.,0.5,
1.,0.5,1.)) REPRESENTATION_ITEM('') );
#3689 = CARTESIAN_POINT('',(29.58,175.54));
#3690 = CARTESIAN_POINT('',(29.58,174.67397459621));
#3691 = CARTESIAN_POINT('',(28.83,175.1069872981));
#3692 = CARTESIAN_POINT('',(28.08,175.54));
#3693 = CARTESIAN_POINT('',(28.83,175.97301270189));
#3694 = CARTESIAN_POINT('',(29.58,176.40602540378));
#3695 = CARTESIAN_POINT('',(29.58,175.54));
#3696 = ( GEOMETRIC_REPRESENTATION_CONTEXT(2) 
PARAMETRIC_REPRESENTATION_CONTEXT() REPRESENTATION_CONTEXT('2D SPACE',''
  ) );
#3697 = PCURVE('',#2072,#3698);
#3698 = DEFINITIONAL_REPRESENTATION('',(#3699),#3703);
#3699 = LINE('',#3700,#3701);
#3700 = CARTESIAN_POINT('',(-6.28318530718,-0.1));
#3701 = VECTOR('',#3702,1.);
#3702 = DIRECTION('',(1.,-0.));
#3703 = ( GEOMETRIC_REPRESENTATION_CONTEXT(2) 
PARAMETRIC_REPRESENTATION_CONTEXT() REPRESENTATION_CONTEXT('2D SPACE',''
  ) );
#3704 = FACE_BOUND('',#3705,.F.);
#3705 = EDGE_LOOP('',(#3706));
#3706 = ORIENTED_EDGE('',*,*,#3707,.T.);
#3707 = EDGE_CURVE('',#3708,#3708,#3710,.T.);
#3708 = VERTEX_POINT('',#3709);
#3709 = CARTESIAN_POINT('',(33.75,155.,0.));
#3710 = SURFACE_CURVE('',#3711,(#3716,#3727),.PCURVE_S1.);
#3711 = CIRCLE('',#3712,0.75);
#3712 = AXIS2_PLACEMENT_3D('',#3713,#3714,#3715);
#3713 = CARTESIAN_POINT('',(33.,155.,0.));
#3714 = DIRECTION('',(0.,0.,-1.));
#3715 = DIRECTION('',(1.,0.,0.));
#3716 = PCURVE('',#213,#3717);
#3717 = DEFINITIONAL_REPRESENTATION('',(#3718),#3726);
#3718 = ( BOUNDED_CURVE() B_SPLINE_CURVE(2,(#3719,#3720,#3721,#3722,
#3723,#3724,#3725),.UNSPECIFIED.,.T.,.F.) B_SPLINE_CURVE_WITH_KNOTS((1,2
    ,2,2,2,1),(-2.094395102393,0.,2.094395102393,4.188790204786,
6.28318530718,8.377580409573),.UNSPECIFIED.) CURVE() 
GEOMETRIC_REPRESENTATION_ITEM() RATIONAL_B_SPLINE_CURVE((1.,0.5,1.,0.5,
1.,0.5,1.)) REPRESENTATION_ITEM('') );
#3719 = CARTESIAN_POINT('',(33.75,155.));
#3720 = CARTESIAN_POINT('',(33.75,153.70096189432));
#3721 = CARTESIAN_POINT('',(32.625,154.35048094716));
#3722 = CARTESIAN_POINT('',(31.5,155.));
#3723 = CARTESIAN_POINT('',(32.625,155.64951905283));
#3724 = CARTESIAN_POINT('',(33.75,156.29903810567));
#3725 = CARTESIAN_POINT('',(33.75,155.));
#3726 = ( GEOMETRIC_REPRESENTATION_CONTEXT(2) 
PARAMETRIC_REPRESENTATION_CONTEXT() REPRESENTATION_CONTEXT('2D SPACE',''
  ) );
#3727 = PCURVE('',#2107,#3728);
#3728 = DEFINITIONAL_REPRESENTATION('',(#3729),#3733);
#3729 = LINE('',#3730,#3731);
#3730 = CARTESIAN_POINT('',(-6.28318530718,-0.1));
#3731 = VECTOR('',#3732,1.);
#3732 = DIRECTION('',(1.,-0.));
#3733 = ( GEOMETRIC_REPRESENTATION_CONTEXT(2) 
PARAMETRIC_REPRESENTATION_CONTEXT() REPRESENTATION_CONTEXT('2D SPACE',''
  ) );
#3734 = FACE_BOUND('',#3735,.F.);
#3735 = EDGE_LOOP('',(#3736));
#3736 = ORIENTED_EDGE('',*,*,#3737,.T.);
#3737 = EDGE_CURVE('',#3738,#3738,#3740,.T.);
#3738 = VERTEX_POINT('',#3739);
#3739 = CARTESIAN_POINT('',(33.75,165.,0.));
#3740 = SURFACE_CURVE('',#3741,(#3746,#3757),.PCURVE_S1.);
#3741 = CIRCLE('',#3742,0.75);
#3742 = AXIS2_PLACEMENT_3D('',#3743,#3744,#3745);
#3743 = CARTESIAN_POINT('',(33.,165.,0.));
#3744 = DIRECTION('',(0.,0.,-1.));
#3745 = DIRECTION('',(1.,0.,0.));
#3746 = PCURVE('',#213,#3747);
#3747 = DEFINITIONAL_REPRESENTATION('',(#3748),#3756);
#3748 = ( BOUNDED_CURVE() B_SPLINE_CURVE(2,(#3749,#3750,#3751,#3752,
#3753,#3754,#3755),.UNSPECIFIED.,.T.,.F.) B_SPLINE_CURVE_WITH_KNOTS((1,2
    ,2,2,2,1),(-2.094395102393,0.,2.094395102393,4.188790204786,
6.28318530718,8.377580409573),.UNSPECIFIED.) CURVE() 
GEOMETRIC_REPRESENTATION_ITEM() RATIONAL_B_SPLINE_CURVE((1.,0.5,1.,0.5,
1.,0.5,1.)) REPRESENTATION_ITEM('') );
#3749 = CARTESIAN_POINT('',(33.75,165.));
#3750 = CARTESIAN_POINT('',(33.75,163.70096189432));
#3751 = CARTESIAN_POINT('',(32.625,164.35048094716));
#3752 = CARTESIAN_POINT('',(31.5,165.));
#3753 = CARTESIAN_POINT('',(32.625,165.64951905283));
#3754 = CARTESIAN_POINT('',(33.75,166.29903810567));
#3755 = CARTESIAN_POINT('',(33.75,165.));
#3756 = ( GEOMETRIC_REPRESENTATION_CONTEXT(2) 
PARAMETRIC_REPRESENTATION_CONTEXT() REPRESENTATION_CONTEXT('2D SPACE',''
  ) );
#3757 = PCURVE('',#2142,#3758);
#3758 = DEFINITIONAL_REPRESENTATION('',(#3759),#3763);
#3759 = LINE('',#3760,#3761);
#3760 = CARTESIAN_POINT('',(-6.28318530718,-0.1));
#3761 = VECTOR('',#3762,1.);
#3762 = DIRECTION('',(1.,-0.));
#3763 = ( GEOMETRIC_REPRESENTATION_CONTEXT(2) 
PARAMETRIC_REPRESENTATION_CONTEXT() REPRESENTATION_CONTEXT('2D SPACE',''
  ) );
#3764 = FACE_BOUND('',#3765,.F.);
#3765 = EDGE_LOOP('',(#3766));
#3766 = ORIENTED_EDGE('',*,*,#3767,.T.);
#3767 = EDGE_CURVE('',#3768,#3768,#3770,.T.);
#3768 = VERTEX_POINT('',#3769);
#3769 = CARTESIAN_POINT('',(46.1,175.,0.));
#3770 = SURFACE_CURVE('',#3771,(#3776,#3787),.PCURVE_S1.);
#3771 = CIRCLE('',#3772,1.6);
#3772 = AXIS2_PLACEMENT_3D('',#3773,#3774,#3775);
#3773 = CARTESIAN_POINT('',(44.5,175.,0.));
#3774 = DIRECTION('',(0.,0.,-1.));
#3775 = DIRECTION('',(1.,0.,0.));
#3776 = PCURVE('',#213,#3777);
#3777 = DEFINITIONAL_REPRESENTATION('',(#3778),#3786);
#3778 = ( BOUNDED_CURVE() B_SPLINE_CURVE(2,(#3779,#3780,#3781,#3782,
#3783,#3784,#3785),.UNSPECIFIED.,.T.,.F.) B_SPLINE_CURVE_WITH_KNOTS((1,2
    ,2,2,2,1),(-2.094395102393,0.,2.094395102393,4.188790204786,
6.28318530718,8.377580409573),.UNSPECIFIED.) CURVE() 
GEOMETRIC_REPRESENTATION_ITEM() RATIONAL_B_SPLINE_CURVE((1.,0.5,1.,0.5,
1.,0.5,1.)) REPRESENTATION_ITEM('') );
#3779 = CARTESIAN_POINT('',(46.1,175.));
#3780 = CARTESIAN_POINT('',(46.1,172.22871870789));
#3781 = CARTESIAN_POINT('',(43.7,173.61435935394));
#3782 = CARTESIAN_POINT('',(41.3,175.));
#3783 = CARTESIAN_POINT('',(43.7,176.38564064605));
#3784 = CARTESIAN_POINT('',(46.1,177.77128129211));
#3785 = CARTESIAN_POINT('',(46.1,175.));
#3786 = ( GEOMETRIC_REPRESENTATION_CONTEXT(2) 
PARAMETRIC_REPRESENTATION_CONTEXT() REPRESENTATION_CONTEXT('2D SPACE',''
  ) );
#3787 = PCURVE('',#2177,#3788);
#3788 = DEFINITIONAL_REPRESENTATION('',(#3789),#3793);
#3789 = LINE('',#3790,#3791);
#3790 = CARTESIAN_POINT('',(-6.28318530718,-0.1));
#3791 = VECTOR('',#3792,1.);
#3792 = DIRECTION('',(1.,-0.));
#3793 = ( GEOMETRIC_REPRESENTATION_CONTEXT(2) 
PARAMETRIC_REPRESENTATION_CONTEXT() REPRESENTATION_CONTEXT('2D SPACE',''
  ) );
#3794 = ADVANCED_FACE('',(#3795),#343,.T.);
#3795 = FACE_BOUND('',#3796,.T.);
#3796 = EDGE_LOOP('',(#3797,#3798,#3799,#3800));
#3797 = ORIENTED_EDGE('',*,*,#329,.F.);
#3798 = ORIENTED_EDGE('',*,*,#2243,.T.);
#3799 = ORIENTED_EDGE('',*,*,#2217,.T.);
#3800 = ORIENTED_EDGE('',*,*,#360,.F.);
#3801 = ADVANCED_FACE('',(#3802),#427,.F.);
#3802 = FACE_BOUND('',#3803,.T.);
#3803 = EDGE_LOOP('',(#3804,#3805,#3826,#3827));
#3804 = ORIENTED_EDGE('',*,*,#2267,.T.);
#3805 = ORIENTED_EDGE('',*,*,#3806,.T.);
#3806 = EDGE_CURVE('',#2268,#407,#3807,.T.);
#3807 = SEAM_CURVE('',#3808,(#3812,#3819),.PCURVE_S1.);
#3808 = LINE('',#3809,#3810);
#3809 = CARTESIAN_POINT('',(5.1,5.,-0.1));
#3810 = VECTOR('',#3811,1.);
#3811 = DIRECTION('',(0.,0.,1.));
#3812 = PCURVE('',#427,#3813);
#3813 = DEFINITIONAL_REPRESENTATION('',(#3814),#3818);
#3814 = LINE('',#3815,#3816);
#3815 = CARTESIAN_POINT('',(-6.28318530718,0.));
#3816 = VECTOR('',#3817,1.);
#3817 = DIRECTION('',(-0.,-1.));
#3818 = ( GEOMETRIC_REPRESENTATION_CONTEXT(2) 
PARAMETRIC_REPRESENTATION_CONTEXT() REPRESENTATION_CONTEXT('2D SPACE',''
  ) );
#3819 = PCURVE('',#427,#3820);
#3820 = DEFINITIONAL_REPRESENTATION('',(#3821),#3825);
#3821 = LINE('',#3822,#3823);
#3822 = CARTESIAN_POINT('',(-0.,0.));
#3823 = VECTOR('',#3824,1.);
#3824 = DIRECTION('',(-0.,-1.));
#3825 = ( GEOMETRIC_REPRESENTATION_CONTEXT(2) 
PARAMETRIC_REPRESENTATION_CONTEXT() REPRESENTATION_CONTEXT('2D SPACE',''
  ) );
#3826 = ORIENTED_EDGE('',*,*,#406,.F.);
#3827 = ORIENTED_EDGE('',*,*,#3806,.F.);
#3828 = ADVANCED_FACE('',(#3829),#462,.F.);
#3829 = FACE_BOUND('',#3830,.T.);
#3830 = EDGE_LOOP('',(#3831,#3832,#3853,#3854));
#3831 = ORIENTED_EDGE('',*,*,#2297,.T.);
#3832 = ORIENTED_EDGE('',*,*,#3833,.T.);
#3833 = EDGE_CURVE('',#2298,#442,#3834,.T.);
#3834 = SEAM_CURVE('',#3835,(#3839,#3846),.PCURVE_S1.);
#3835 = LINE('',#3836,#3837);
#3836 = CARTESIAN_POINT('',(15.75,15.,-0.1));
#3837 = VECTOR('',#3838,1.);
#3838 = DIRECTION('',(0.,0.,1.));
#3839 = PCURVE('',#462,#3840);
#3840 = DEFINITIONAL_REPRESENTATION('',(#3841),#3845);
#3841 = LINE('',#3842,#3843);
#3842 = CARTESIAN_POINT('',(-6.28318530718,0.));
#3843 = VECTOR('',#3844,1.);
#3844 = DIRECTION('',(-0.,-1.));
#3845 = ( GEOMETRIC_REPRESENTATION_CONTEXT(2) 
PARAMETRIC_REPRESENTATION_CONTEXT() REPRESENTATION_CONTEXT('2D SPACE',''
  ) );
#3846 = PCURVE('',#462,#3847);
#3847 = DEFINITIONAL_REPRESENTATION('',(#3848),#3852);
#3848 = LINE('',#3849,#3850);
#3849 = CARTESIAN_POINT('',(-0.,0.));
#3850 = VECTOR('',#3851,1.);
#3851 = DIRECTION('',(-0.,-1.));
#3852 = ( GEOMETRIC_REPRESENTATION_CONTEXT(2) 
PARAMETRIC_REPRESENTATION_CONTEXT() REPRESENTATION_CONTEXT('2D SPACE',''
  ) );
#3853 = ORIENTED_EDGE('',*,*,#441,.F.);
#3854 = ORIENTED_EDGE('',*,*,#3833,.F.);
#3855 = ADVANCED_FACE('',(#3856),#497,.F.);
#3856 = FACE_BOUND('',#3857,.T.);
#3857 = EDGE_LOOP('',(#3858,#3859,#3880,#3881));
#3858 = ORIENTED_EDGE('',*,*,#2327,.T.);
#3859 = ORIENTED_EDGE('',*,*,#3860,.T.);
#3860 = EDGE_CURVE('',#2328,#477,#3861,.T.);
#3861 = SEAM_CURVE('',#3862,(#3866,#3873),.PCURVE_S1.);
#3862 = LINE('',#3863,#3864);
#3863 = CARTESIAN_POINT('',(15.75,25.,-0.1));
#3864 = VECTOR('',#3865,1.);
#3865 = DIRECTION('',(0.,0.,1.));
#3866 = PCURVE('',#497,#3867);
#3867 = DEFINITIONAL_REPRESENTATION('',(#3868),#3872);
#3868 = LINE('',#3869,#3870);
#3869 = CARTESIAN_POINT('',(-6.28318530718,0.));
#3870 = VECTOR('',#3871,1.);
#3871 = DIRECTION('',(-0.,-1.));
#3872 = ( GEOMETRIC_REPRESENTATION_CONTEXT(2) 
PARAMETRIC_REPRESENTATION_CONTEXT() REPRESENTATION_CONTEXT('2D SPACE',''
  ) );
#3873 = PCURVE('',#497,#3874);
#3874 = DEFINITIONAL_REPRESENTATION('',(#3875),#3879);
#3875 = LINE('',#3876,#3877);
#3876 = CARTESIAN_POINT('',(-0.,0.));
#3877 = VECTOR('',#3878,1.);
#3878 = DIRECTION('',(-0.,-1.));
#3879 = ( GEOMETRIC_REPRESENTATION_CONTEXT(2) 
PARAMETRIC_REPRESENTATION_CONTEXT() REPRESENTATION_CONTEXT('2D SPACE',''
  ) );
#3880 = ORIENTED_EDGE('',*,*,#476,.F.);
#3881 = ORIENTED_EDGE('',*,*,#3860,.F.);
#3882 = ADVANCED_FACE('',(#3883),#532,.F.);
#3883 = FACE_BOUND('',#3884,.T.);
#3884 = EDGE_LOOP('',(#3885,#3886,#3907,#3908));
#3885 = ORIENTED_EDGE('',*,*,#2357,.T.);
#3886 = ORIENTED_EDGE('',*,*,#3887,.T.);
#3887 = EDGE_CURVE('',#2358,#512,#3888,.T.);
#3888 = SEAM_CURVE('',#3889,(#3893,#3900),.PCURVE_S1.);
#3889 = LINE('',#3890,#3891);
#3890 = CARTESIAN_POINT('',(21.96,6.,-0.1));
#3891 = VECTOR('',#3892,1.);
#3892 = DIRECTION('',(0.,0.,1.));
#3893 = PCURVE('',#532,#3894);
#3894 = DEFINITIONAL_REPRESENTATION('',(#3895),#3899);
#3895 = LINE('',#3896,#3897);
#3896 = CARTESIAN_POINT('',(-6.28318530718,0.));
#3897 = VECTOR('',#3898,1.);
#3898 = DIRECTION('',(-0.,-1.));
#3899 = ( GEOMETRIC_REPRESENTATION_CONTEXT(2) 
PARAMETRIC_REPRESENTATION_CONTEXT() REPRESENTATION_CONTEXT('2D SPACE',''
  ) );
#3900 = PCURVE('',#532,#3901);
#3901 = DEFINITIONAL_REPRESENTATION('',(#3902),#3906);
#3902 = LINE('',#3903,#3904);
#3903 = CARTESIAN_POINT('',(-0.,0.));
#3904 = VECTOR('',#3905,1.);
#3905 = DIRECTION('',(-0.,-1.));
#3906 = ( GEOMETRIC_REPRESENTATION_CONTEXT(2) 
PARAMETRIC_REPRESENTATION_CONTEXT() REPRESENTATION_CONTEXT('2D SPACE',''
  ) );
#3907 = ORIENTED_EDGE('',*,*,#511,.F.);
#3908 = ORIENTED_EDGE('',*,*,#3887,.F.);
#3909 = ADVANCED_FACE('',(#3910),#567,.F.);
#3910 = FACE_BOUND('',#3911,.T.);
#3911 = EDGE_LOOP('',(#3912,#3913,#3934,#3935));
#3912 = ORIENTED_EDGE('',*,*,#2387,.T.);
#3913 = ORIENTED_EDGE('',*,*,#3914,.T.);
#3914 = EDGE_CURVE('',#2388,#547,#3915,.T.);
#3915 = SEAM_CURVE('',#3916,(#3920,#3927),.PCURVE_S1.);
#3916 = LINE('',#3917,#3918);
#3917 = CARTESIAN_POINT('',(15.75,35.,-0.1));
#3918 = VECTOR('',#3919,1.);
#3919 = DIRECTION('',(0.,0.,1.));
#3920 = PCURVE('',#567,#3921);
#3921 = DEFINITIONAL_REPRESENTATION('',(#3922),#3926);
#3922 = LINE('',#3923,#3924);
#3923 = CARTESIAN_POINT('',(-6.28318530718,0.));
#3924 = VECTOR('',#3925,1.);
#3925 = DIRECTION('',(-0.,-1.));
#3926 = ( GEOMETRIC_REPRESENTATION_CONTEXT(2) 
PARAMETRIC_REPRESENTATION_CONTEXT() REPRESENTATION_CONTEXT('2D SPACE',''
  ) );
#3927 = PCURVE('',#567,#3928);
#3928 = DEFINITIONAL_REPRESENTATION('',(#3929),#3933);
#3929 = LINE('',#3930,#3931);
#3930 = CARTESIAN_POINT('',(-0.,0.));
#3931 = VECTOR('',#3932,1.);
#3932 = DIRECTION('',(-0.,-1.));
#3933 = ( GEOMETRIC_REPRESENTATION_CONTEXT(2) 
PARAMETRIC_REPRESENTATION_CONTEXT() REPRESENTATION_CONTEXT('2D SPACE',''
  ) );
#3934 = ORIENTED_EDGE('',*,*,#546,.F.);
#3935 = ORIENTED_EDGE('',*,*,#3914,.F.);
#3936 = ADVANCED_FACE('',(#3937),#602,.F.);
#3937 = FACE_BOUND('',#3938,.T.);
#3938 = EDGE_LOOP('',(#3939,#3940,#3961,#3962));
#3939 = ORIENTED_EDGE('',*,*,#2417,.T.);
#3940 = ORIENTED_EDGE('',*,*,#3941,.T.);
#3941 = EDGE_CURVE('',#2418,#582,#3942,.T.);
#3942 = SEAM_CURVE('',#3943,(#3947,#3954),.PCURVE_S1.);
#3943 = LINE('',#3944,#3945);
#3944 = CARTESIAN_POINT('',(15.75,45.,-0.1));
#3945 = VECTOR('',#3946,1.);
#3946 = DIRECTION('',(0.,0.,1.));
#3947 = PCURVE('',#602,#3948);
#3948 = DEFINITIONAL_REPRESENTATION('',(#3949),#3953);
#3949 = LINE('',#3950,#3951);
#3950 = CARTESIAN_POINT('',(-6.28318530718,0.));
#3951 = VECTOR('',#3952,1.);
#3952 = DIRECTION('',(-0.,-1.));
#3953 = ( GEOMETRIC_REPRESENTATION_CONTEXT(2) 
PARAMETRIC_REPRESENTATION_CONTEXT() REPRESENTATION_CONTEXT('2D SPACE',''
  ) );
#3954 = PCURVE('',#602,#3955);
#3955 = DEFINITIONAL_REPRESENTATION('',(#3956),#3960);
#3956 = LINE('',#3957,#3958);
#3957 = CARTESIAN_POINT('',(-0.,0.));
#3958 = VECTOR('',#3959,1.);
#3959 = DIRECTION('',(-0.,-1.));
#3960 = ( GEOMETRIC_REPRESENTATION_CONTEXT(2) 
PARAMETRIC_REPRESENTATION_CONTEXT() REPRESENTATION_CONTEXT('2D SPACE',''
  ) );
#3961 = ORIENTED_EDGE('',*,*,#581,.F.);
#3962 = ORIENTED_EDGE('',*,*,#3941,.F.);
#3963 = ADVANCED_FACE('',(#3964),#637,.F.);
#3964 = FACE_BOUND('',#3965,.T.);
#3965 = EDGE_LOOP('',(#3966,#3967,#3988,#3989));
#3966 = ORIENTED_EDGE('',*,*,#2447,.T.);
#3967 = ORIENTED_EDGE('',*,*,#3968,.T.);
#3968 = EDGE_CURVE('',#2448,#617,#3969,.T.);
#3969 = SEAM_CURVE('',#3970,(#3974,#3981),.PCURVE_S1.);
#3970 = LINE('',#3971,#3972);
#3971 = CARTESIAN_POINT('',(15.75,55.,-0.1));
#3972 = VECTOR('',#3973,1.);
#3973 = DIRECTION('',(0.,0.,1.));
#3974 = PCURVE('',#637,#3975);
#3975 = DEFINITIONAL_REPRESENTATION('',(#3976),#3980);
#3976 = LINE('',#3977,#3978);
#3977 = CARTESIAN_POINT('',(-6.28318530718,0.));
#3978 = VECTOR('',#3979,1.);
#3979 = DIRECTION('',(-0.,-1.));
#3980 = ( GEOMETRIC_REPRESENTATION_CONTEXT(2) 
PARAMETRIC_REPRESENTATION_CONTEXT() REPRESENTATION_CONTEXT('2D SPACE',''
  ) );
#3981 = PCURVE('',#637,#3982);
#3982 = DEFINITIONAL_REPRESENTATION('',(#3983),#3987);
#3983 = LINE('',#3984,#3985);
#3984 = CARTESIAN_POINT('',(-0.,0.));
#3985 = VECTOR('',#3986,1.);
#3986 = DIRECTION('',(-0.,-1.));
#3987 = ( GEOMETRIC_REPRESENTATION_CONTEXT(2) 
PARAMETRIC_REPRESENTATION_CONTEXT() REPRESENTATION_CONTEXT('2D SPACE',''
  ) );
#3988 = ORIENTED_EDGE('',*,*,#616,.F.);
#3989 = ORIENTED_EDGE('',*,*,#3968,.F.);
#3990 = ADVANCED_FACE('',(#3991),#672,.F.);
#3991 = FACE_BOUND('',#3992,.T.);
#3992 = EDGE_LOOP('',(#3993,#3994,#4015,#4016));
#3993 = ORIENTED_EDGE('',*,*,#2477,.T.);
#3994 = ORIENTED_EDGE('',*,*,#3995,.T.);
#3995 = EDGE_CURVE('',#2478,#652,#3996,.T.);
#3996 = SEAM_CURVE('',#3997,(#4001,#4008),.PCURVE_S1.);
#3997 = LINE('',#3998,#3999);
#3998 = CARTESIAN_POINT('',(15.75,65.,-0.1));
#3999 = VECTOR('',#4000,1.);
#4000 = DIRECTION('',(0.,0.,1.));
#4001 = PCURVE('',#672,#4002);
#4002 = DEFINITIONAL_REPRESENTATION('',(#4003),#4007);
#4003 = LINE('',#4004,#4005);
#4004 = CARTESIAN_POINT('',(-6.28318530718,0.));
#4005 = VECTOR('',#4006,1.);
#4006 = DIRECTION('',(-0.,-1.));
#4007 = ( GEOMETRIC_REPRESENTATION_CONTEXT(2) 
PARAMETRIC_REPRESENTATION_CONTEXT() REPRESENTATION_CONTEXT('2D SPACE',''
  ) );
#4008 = PCURVE('',#672,#4009);
#4009 = DEFINITIONAL_REPRESENTATION('',(#4010),#4014);
#4010 = LINE('',#4011,#4012);
#4011 = CARTESIAN_POINT('',(-0.,0.));
#4012 = VECTOR('',#4013,1.);
#4013 = DIRECTION('',(-0.,-1.));
#4014 = ( GEOMETRIC_REPRESENTATION_CONTEXT(2) 
PARAMETRIC_REPRESENTATION_CONTEXT() REPRESENTATION_CONTEXT('2D SPACE',''
  ) );
#4015 = ORIENTED_EDGE('',*,*,#651,.F.);
#4016 = ORIENTED_EDGE('',*,*,#3995,.F.);
#4017 = ADVANCED_FACE('',(#4018),#707,.F.);
#4018 = FACE_BOUND('',#4019,.T.);
#4019 = EDGE_LOOP('',(#4020,#4021,#4042,#4043));
#4020 = ORIENTED_EDGE('',*,*,#2507,.T.);
#4021 = ORIENTED_EDGE('',*,*,#4022,.T.);
#4022 = EDGE_CURVE('',#2508,#687,#4023,.T.);
#4023 = SEAM_CURVE('',#4024,(#4028,#4035),.PCURVE_S1.);
#4024 = LINE('',#4025,#4026);
#4025 = CARTESIAN_POINT('',(15.75,75.,-0.1));
#4026 = VECTOR('',#4027,1.);
#4027 = DIRECTION('',(0.,0.,1.));
#4028 = PCURVE('',#707,#4029);
#4029 = DEFINITIONAL_REPRESENTATION('',(#4030),#4034);
#4030 = LINE('',#4031,#4032);
#4031 = CARTESIAN_POINT('',(-6.28318530718,0.));
#4032 = VECTOR('',#4033,1.);
#4033 = DIRECTION('',(-0.,-1.));
#4034 = ( GEOMETRIC_REPRESENTATION_CONTEXT(2) 
PARAMETRIC_REPRESENTATION_CONTEXT() REPRESENTATION_CONTEXT('2D SPACE',''
  ) );
#4035 = PCURVE('',#707,#4036);
#4036 = DEFINITIONAL_REPRESENTATION('',(#4037),#4041);
#4037 = LINE('',#4038,#4039);
#4038 = CARTESIAN_POINT('',(-0.,0.));
#4039 = VECTOR('',#4040,1.);
#4040 = DIRECTION('',(-0.,-1.));
#4041 = ( GEOMETRIC_REPRESENTATION_CONTEXT(2) 
PARAMETRIC_REPRESENTATION_CONTEXT() REPRESENTATION_CONTEXT('2D SPACE',''
  ) );
#4042 = ORIENTED_EDGE('',*,*,#686,.F.);
#4043 = ORIENTED_EDGE('',*,*,#4022,.F.);
#4044 = ADVANCED_FACE('',(#4045),#742,.F.);
#4045 = FACE_BOUND('',#4046,.T.);
#4046 = EDGE_LOOP('',(#4047,#4048,#4069,#4070));
#4047 = ORIENTED_EDGE('',*,*,#2537,.T.);
#4048 = ORIENTED_EDGE('',*,*,#4049,.T.);
#4049 = EDGE_CURVE('',#2538,#722,#4050,.T.);
#4050 = SEAM_CURVE('',#4051,(#4055,#4062),.PCURVE_S1.);
#4051 = LINE('',#4052,#4053);
#4052 = CARTESIAN_POINT('',(15.75,85.,-0.1));
#4053 = VECTOR('',#4054,1.);
#4054 = DIRECTION('',(0.,0.,1.));
#4055 = PCURVE('',#742,#4056);
#4056 = DEFINITIONAL_REPRESENTATION('',(#4057),#4061);
#4057 = LINE('',#4058,#4059);
#4058 = CARTESIAN_POINT('',(-6.28318530718,0.));
#4059 = VECTOR('',#4060,1.);
#4060 = DIRECTION('',(-0.,-1.));
#4061 = ( GEOMETRIC_REPRESENTATION_CONTEXT(2) 
PARAMETRIC_REPRESENTATION_CONTEXT() REPRESENTATION_CONTEXT('2D SPACE',''
  ) );
#4062 = PCURVE('',#742,#4063);
#4063 = DEFINITIONAL_REPRESENTATION('',(#4064),#4068);
#4064 = LINE('',#4065,#4066);
#4065 = CARTESIAN_POINT('',(-0.,0.));
#4066 = VECTOR('',#4067,1.);
#4067 = DIRECTION('',(-0.,-1.));
#4068 = ( GEOMETRIC_REPRESENTATION_CONTEXT(2) 
PARAMETRIC_REPRESENTATION_CONTEXT() REPRESENTATION_CONTEXT('2D SPACE',''
  ) );
#4069 = ORIENTED_EDGE('',*,*,#721,.F.);
#4070 = ORIENTED_EDGE('',*,*,#4049,.F.);
#4071 = ADVANCED_FACE('',(#4072),#777,.F.);
#4072 = FACE_BOUND('',#4073,.T.);
#4073 = EDGE_LOOP('',(#4074,#4075,#4096,#4097));
#4074 = ORIENTED_EDGE('',*,*,#2567,.T.);
#4075 = ORIENTED_EDGE('',*,*,#4076,.T.);
#4076 = EDGE_CURVE('',#2568,#757,#4077,.T.);
#4077 = SEAM_CURVE('',#4078,(#4082,#4089),.PCURVE_S1.);
#4078 = LINE('',#4079,#4080);
#4079 = CARTESIAN_POINT('',(24.5,6.,-0.1));
#4080 = VECTOR('',#4081,1.);
#4081 = DIRECTION('',(0.,0.,1.));
#4082 = PCURVE('',#777,#4083);
#4083 = DEFINITIONAL_REPRESENTATION('',(#4084),#4088);
#4084 = LINE('',#4085,#4086);
#4085 = CARTESIAN_POINT('',(-6.28318530718,0.));
#4086 = VECTOR('',#4087,1.);
#4087 = DIRECTION('',(-0.,-1.));
#4088 = ( GEOMETRIC_REPRESENTATION_CONTEXT(2) 
PARAMETRIC_REPRESENTATION_CONTEXT() REPRESENTATION_CONTEXT('2D SPACE',''
  ) );
#4089 = PCURVE('',#777,#4090);
#4090 = DEFINITIONAL_REPRESENTATION('',(#4091),#4095);
#4091 = LINE('',#4092,#4093);
#4092 = CARTESIAN_POINT('',(-0.,0.));
#4093 = VECTOR('',#4094,1.);
#4094 = DIRECTION('',(-0.,-1.));
#4095 = ( GEOMETRIC_REPRESENTATION_CONTEXT(2) 
PARAMETRIC_REPRESENTATION_CONTEXT() REPRESENTATION_CONTEXT('2D SPACE',''
  ) );
#4096 = ORIENTED_EDGE('',*,*,#756,.F.);
#4097 = ORIENTED_EDGE('',*,*,#4076,.F.);
#4098 = ADVANCED_FACE('',(#4099),#812,.F.);
#4099 = FACE_BOUND('',#4100,.T.);
#4100 = EDGE_LOOP('',(#4101,#4102,#4123,#4124));
#4101 = ORIENTED_EDGE('',*,*,#2597,.T.);
#4102 = ORIENTED_EDGE('',*,*,#4103,.T.);
#4103 = EDGE_CURVE('',#2598,#792,#4104,.T.);
#4104 = SEAM_CURVE('',#4105,(#4109,#4116),.PCURVE_S1.);
#4105 = LINE('',#4106,#4107);
#4106 = CARTESIAN_POINT('',(27.04,6.,-0.1));
#4107 = VECTOR('',#4108,1.);
#4108 = DIRECTION('',(0.,0.,1.));
#4109 = PCURVE('',#812,#4110);
#4110 = DEFINITIONAL_REPRESENTATION('',(#4111),#4115);
#4111 = LINE('',#4112,#4113);
#4112 = CARTESIAN_POINT('',(-6.28318530718,0.));
#4113 = VECTOR('',#4114,1.);
#4114 = DIRECTION('',(-0.,-1.));
#4115 = ( GEOMETRIC_REPRESENTATION_CONTEXT(2) 
PARAMETRIC_REPRESENTATION_CONTEXT() REPRESENTATION_CONTEXT('2D SPACE',''
  ) );
#4116 = PCURVE('',#812,#4117);
#4117 = DEFINITIONAL_REPRESENTATION('',(#4118),#4122);
#4118 = LINE('',#4119,#4120);
#4119 = CARTESIAN_POINT('',(-0.,0.));
#4120 = VECTOR('',#4121,1.);
#4121 = DIRECTION('',(-0.,-1.));
#4122 = ( GEOMETRIC_REPRESENTATION_CONTEXT(2) 
PARAMETRIC_REPRESENTATION_CONTEXT() REPRESENTATION_CONTEXT('2D SPACE',''
  ) );
#4123 = ORIENTED_EDGE('',*,*,#791,.F.);
#4124 = ORIENTED_EDGE('',*,*,#4103,.F.);
#4125 = ADVANCED_FACE('',(#4126),#847,.F.);
#4126 = FACE_BOUND('',#4127,.T.);
#4127 = EDGE_LOOP('',(#4128,#4129,#4150,#4151));
#4128 = ORIENTED_EDGE('',*,*,#2627,.T.);
#4129 = ORIENTED_EDGE('',*,*,#4130,.T.);
#4130 = EDGE_CURVE('',#2628,#827,#4131,.T.);
#4131 = SEAM_CURVE('',#4132,(#4136,#4143),.PCURVE_S1.);
#4132 = LINE('',#4133,#4134);
#4133 = CARTESIAN_POINT('',(33.75,15.,-0.1));
#4134 = VECTOR('',#4135,1.);
#4135 = DIRECTION('',(0.,0.,1.));
#4136 = PCURVE('',#847,#4137);
#4137 = DEFINITIONAL_REPRESENTATION('',(#4138),#4142);
#4138 = LINE('',#4139,#4140);
#4139 = CARTESIAN_POINT('',(-6.28318530718,0.));
#4140 = VECTOR('',#4141,1.);
#4141 = DIRECTION('',(-0.,-1.));
#4142 = ( GEOMETRIC_REPRESENTATION_CONTEXT(2) 
PARAMETRIC_REPRESENTATION_CONTEXT() REPRESENTATION_CONTEXT('2D SPACE',''
  ) );
#4143 = PCURVE('',#847,#4144);
#4144 = DEFINITIONAL_REPRESENTATION('',(#4145),#4149);
#4145 = LINE('',#4146,#4147);
#4146 = CARTESIAN_POINT('',(-0.,0.));
#4147 = VECTOR('',#4148,1.);
#4148 = DIRECTION('',(-0.,-1.));
#4149 = ( GEOMETRIC_REPRESENTATION_CONTEXT(2) 
PARAMETRIC_REPRESENTATION_CONTEXT() REPRESENTATION_CONTEXT('2D SPACE',''
  ) );
#4150 = ORIENTED_EDGE('',*,*,#826,.F.);
#4151 = ORIENTED_EDGE('',*,*,#4130,.F.);
#4152 = ADVANCED_FACE('',(#4153),#882,.F.);
#4153 = FACE_BOUND('',#4154,.T.);
#4154 = EDGE_LOOP('',(#4155,#4156,#4177,#4178));
#4155 = ORIENTED_EDGE('',*,*,#2657,.T.);
#4156 = ORIENTED_EDGE('',*,*,#4157,.T.);
#4157 = EDGE_CURVE('',#2658,#862,#4158,.T.);
#4158 = SEAM_CURVE('',#4159,(#4163,#4170),.PCURVE_S1.);
#4159 = LINE('',#4160,#4161);
#4160 = CARTESIAN_POINT('',(33.75,25.,-0.1));
#4161 = VECTOR('',#4162,1.);
#4162 = DIRECTION('',(0.,0.,1.));
#4163 = PCURVE('',#882,#4164);
#4164 = DEFINITIONAL_REPRESENTATION('',(#4165),#4169);
#4165 = LINE('',#4166,#4167);
#4166 = CARTESIAN_POINT('',(-6.28318530718,0.));
#4167 = VECTOR('',#4168,1.);
#4168 = DIRECTION('',(-0.,-1.));
#4169 = ( GEOMETRIC_REPRESENTATION_CONTEXT(2) 
PARAMETRIC_REPRESENTATION_CONTEXT() REPRESENTATION_CONTEXT('2D SPACE',''
  ) );
#4170 = PCURVE('',#882,#4171);
#4171 = DEFINITIONAL_REPRESENTATION('',(#4172),#4176);
#4172 = LINE('',#4173,#4174);
#4173 = CARTESIAN_POINT('',(-0.,0.));
#4174 = VECTOR('',#4175,1.);
#4175 = DIRECTION('',(-0.,-1.));
#4176 = ( GEOMETRIC_REPRESENTATION_CONTEXT(2) 
PARAMETRIC_REPRESENTATION_CONTEXT() REPRESENTATION_CONTEXT('2D SPACE',''
  ) );
#4177 = ORIENTED_EDGE('',*,*,#861,.F.);
#4178 = ORIENTED_EDGE('',*,*,#4157,.F.);
#4179 = ADVANCED_FACE('',(#4180),#917,.F.);
#4180 = FACE_BOUND('',#4181,.T.);
#4181 = EDGE_LOOP('',(#4182,#4183,#4204,#4205));
#4182 = ORIENTED_EDGE('',*,*,#2687,.T.);
#4183 = ORIENTED_EDGE('',*,*,#4184,.T.);
#4184 = EDGE_CURVE('',#2688,#897,#4185,.T.);
#4185 = SEAM_CURVE('',#4186,(#4190,#4197),.PCURVE_S1.);
#4186 = LINE('',#4187,#4188);
#4187 = CARTESIAN_POINT('',(33.75,35.,-0.1));
#4188 = VECTOR('',#4189,1.);
#4189 = DIRECTION('',(0.,0.,1.));
#4190 = PCURVE('',#917,#4191);
#4191 = DEFINITIONAL_REPRESENTATION('',(#4192),#4196);
#4192 = LINE('',#4193,#4194);
#4193 = CARTESIAN_POINT('',(-6.28318530718,0.));
#4194 = VECTOR('',#4195,1.);
#4195 = DIRECTION('',(-0.,-1.));
#4196 = ( GEOMETRIC_REPRESENTATION_CONTEXT(2) 
PARAMETRIC_REPRESENTATION_CONTEXT() REPRESENTATION_CONTEXT('2D SPACE',''
  ) );
#4197 = PCURVE('',#917,#4198);
#4198 = DEFINITIONAL_REPRESENTATION('',(#4199),#4203);
#4199 = LINE('',#4200,#4201);
#4200 = CARTESIAN_POINT('',(-0.,0.));
#4201 = VECTOR('',#4202,1.);
#4202 = DIRECTION('',(-0.,-1.));
#4203 = ( GEOMETRIC_REPRESENTATION_CONTEXT(2) 
PARAMETRIC_REPRESENTATION_CONTEXT() REPRESENTATION_CONTEXT('2D SPACE',''
  ) );
#4204 = ORIENTED_EDGE('',*,*,#896,.F.);
#4205 = ORIENTED_EDGE('',*,*,#4184,.F.);
#4206 = ADVANCED_FACE('',(#4207),#952,.F.);
#4207 = FACE_BOUND('',#4208,.T.);
#4208 = EDGE_LOOP('',(#4209,#4210,#4231,#4232));
#4209 = ORIENTED_EDGE('',*,*,#2717,.T.);
#4210 = ORIENTED_EDGE('',*,*,#4211,.T.);
#4211 = EDGE_CURVE('',#2718,#932,#4212,.T.);
#4212 = SEAM_CURVE('',#4213,(#4217,#4224),.PCURVE_S1.);
#4213 = LINE('',#4214,#4215);
#4214 = CARTESIAN_POINT('',(33.75,45.,-0.1));
#4215 = VECTOR('',#4216,1.);
#4216 = DIRECTION('',(0.,0.,1.));
#4217 = PCURVE('',#952,#4218);
#4218 = DEFINITIONAL_REPRESENTATION('',(#4219),#4223);
#4219 = LINE('',#4220,#4221);
#4220 = CARTESIAN_POINT('',(-6.28318530718,0.));
#4221 = VECTOR('',#4222,1.);
#4222 = DIRECTION('',(-0.,-1.));
#4223 = ( GEOMETRIC_REPRESENTATION_CONTEXT(2) 
PARAMETRIC_REPRESENTATION_CONTEXT() REPRESENTATION_CONTEXT('2D SPACE',''
  ) );
#4224 = PCURVE('',#952,#4225);
#4225 = DEFINITIONAL_REPRESENTATION('',(#4226),#4230);
#4226 = LINE('',#4227,#4228);
#4227 = CARTESIAN_POINT('',(-0.,0.));
#4228 = VECTOR('',#4229,1.);
#4229 = DIRECTION('',(-0.,-1.));
#4230 = ( GEOMETRIC_REPRESENTATION_CONTEXT(2) 
PARAMETRIC_REPRESENTATION_CONTEXT() REPRESENTATION_CONTEXT('2D SPACE',''
  ) );
#4231 = ORIENTED_EDGE('',*,*,#931,.F.);
#4232 = ORIENTED_EDGE('',*,*,#4211,.F.);
#4233 = ADVANCED_FACE('',(#4234),#987,.F.);
#4234 = FACE_BOUND('',#4235,.T.);
#4235 = EDGE_LOOP('',(#4236,#4237,#4258,#4259));
#4236 = ORIENTED_EDGE('',*,*,#2747,.T.);
#4237 = ORIENTED_EDGE('',*,*,#4238,.T.);
#4238 = EDGE_CURVE('',#2748,#967,#4239,.T.);
#4239 = SEAM_CURVE('',#4240,(#4244,#4251),.PCURVE_S1.);
#4240 = LINE('',#4241,#4242);
#4241 = CARTESIAN_POINT('',(37.4,7.,-0.1));
#4242 = VECTOR('',#4243,1.);
#4243 = DIRECTION('',(0.,0.,1.));
#4244 = PCURVE('',#987,#4245);
#4245 = DEFINITIONAL_REPRESENTATION('',(#4246),#4250);
#4246 = LINE('',#4247,#4248);
#4247 = CARTESIAN_POINT('',(-6.28318530718,0.));
#4248 = VECTOR('',#4249,1.);
#4249 = DIRECTION('',(-0.,-1.));
#4250 = ( GEOMETRIC_REPRESENTATION_CONTEXT(2) 
PARAMETRIC_REPRESENTATION_CONTEXT() REPRESENTATION_CONTEXT('2D SPACE',''
  ) );
#4251 = PCURVE('',#987,#4252);
#4252 = DEFINITIONAL_REPRESENTATION('',(#4253),#4257);
#4253 = LINE('',#4254,#4255);
#4254 = CARTESIAN_POINT('',(-0.,0.));
#4255 = VECTOR('',#4256,1.);
#4256 = DIRECTION('',(-0.,-1.));
#4257 = ( GEOMETRIC_REPRESENTATION_CONTEXT(2) 
PARAMETRIC_REPRESENTATION_CONTEXT() REPRESENTATION_CONTEXT('2D SPACE',''
  ) );
#4258 = ORIENTED_EDGE('',*,*,#966,.F.);
#4259 = ORIENTED_EDGE('',*,*,#4238,.F.);
#4260 = ADVANCED_FACE('',(#4261),#1022,.F.);
#4261 = FACE_BOUND('',#4262,.T.);
#4262 = EDGE_LOOP('',(#4263,#4264,#4285,#4286));
#4263 = ORIENTED_EDGE('',*,*,#2777,.T.);
#4264 = ORIENTED_EDGE('',*,*,#4265,.T.);
#4265 = EDGE_CURVE('',#2778,#1002,#4266,.T.);
#4266 = SEAM_CURVE('',#4267,(#4271,#4278),.PCURVE_S1.);
#4267 = LINE('',#4268,#4269);
#4268 = CARTESIAN_POINT('',(39.9,7.,-0.1));
#4269 = VECTOR('',#4270,1.);
#4270 = DIRECTION('',(0.,0.,1.));
#4271 = PCURVE('',#1022,#4272);
#4272 = DEFINITIONAL_REPRESENTATION('',(#4273),#4277);
#4273 = LINE('',#4274,#4275);
#4274 = CARTESIAN_POINT('',(-6.28318530718,0.));
#4275 = VECTOR('',#4276,1.);
#4276 = DIRECTION('',(-0.,-1.));
#4277 = ( GEOMETRIC_REPRESENTATION_CONTEXT(2) 
PARAMETRIC_REPRESENTATION_CONTEXT() REPRESENTATION_CONTEXT('2D SPACE',''
  ) );
#4278 = PCURVE('',#1022,#4279);
#4279 = DEFINITIONAL_REPRESENTATION('',(#4280),#4284);
#4280 = LINE('',#4281,#4282);
#4281 = CARTESIAN_POINT('',(-0.,0.));
#4282 = VECTOR('',#4283,1.);
#4283 = DIRECTION('',(-0.,-1.));
#4284 = ( GEOMETRIC_REPRESENTATION_CONTEXT(2) 
PARAMETRIC_REPRESENTATION_CONTEXT() REPRESENTATION_CONTEXT('2D SPACE',''
  ) );
#4285 = ORIENTED_EDGE('',*,*,#1001,.F.);
#4286 = ORIENTED_EDGE('',*,*,#4265,.F.);
#4287 = ADVANCED_FACE('',(#4288),#1057,.F.);
#4288 = FACE_BOUND('',#4289,.T.);
#4289 = EDGE_LOOP('',(#4290,#4291,#4312,#4313));
#4290 = ORIENTED_EDGE('',*,*,#2807,.T.);
#4291 = ORIENTED_EDGE('',*,*,#4292,.T.);
#4292 = EDGE_CURVE('',#2808,#1037,#4293,.T.);
#4293 = SEAM_CURVE('',#4294,(#4298,#4305),.PCURVE_S1.);
#4294 = LINE('',#4295,#4296);
#4295 = CARTESIAN_POINT('',(46.1,5.,-0.1));
#4296 = VECTOR('',#4297,1.);
#4297 = DIRECTION('',(0.,0.,1.));
#4298 = PCURVE('',#1057,#4299);
#4299 = DEFINITIONAL_REPRESENTATION('',(#4300),#4304);
#4300 = LINE('',#4301,#4302);
#4301 = CARTESIAN_POINT('',(-6.28318530718,0.));
#4302 = VECTOR('',#4303,1.);
#4303 = DIRECTION('',(-0.,-1.));
#4304 = ( GEOMETRIC_REPRESENTATION_CONTEXT(2) 
PARAMETRIC_REPRESENTATION_CONTEXT() REPRESENTATION_CONTEXT('2D SPACE',''
  ) );
#4305 = PCURVE('',#1057,#4306);
#4306 = DEFINITIONAL_REPRESENTATION('',(#4307),#4311);
#4307 = LINE('',#4308,#4309);
#4308 = CARTESIAN_POINT('',(-0.,0.));
#4309 = VECTOR('',#4310,1.);
#4310 = DIRECTION('',(-0.,-1.));
#4311 = ( GEOMETRIC_REPRESENTATION_CONTEXT(2) 
PARAMETRIC_REPRESENTATION_CONTEXT() REPRESENTATION_CONTEXT('2D SPACE',''
  ) );
#4312 = ORIENTED_EDGE('',*,*,#1036,.F.);
#4313 = ORIENTED_EDGE('',*,*,#4292,.F.);
#4314 = ADVANCED_FACE('',(#4315),#1092,.F.);
#4315 = FACE_BOUND('',#4316,.T.);
#4316 = EDGE_LOOP('',(#4317,#4318,#4339,#4340));
#4317 = ORIENTED_EDGE('',*,*,#2837,.T.);
#4318 = ORIENTED_EDGE('',*,*,#4319,.T.);
#4319 = EDGE_CURVE('',#2838,#1072,#4320,.T.);
#4320 = SEAM_CURVE('',#4321,(#4325,#4332),.PCURVE_S1.);
#4321 = LINE('',#4322,#4323);
#4322 = CARTESIAN_POINT('',(33.75,55.,-0.1));
#4323 = VECTOR('',#4324,1.);
#4324 = DIRECTION('',(0.,0.,1.));
#4325 = PCURVE('',#1092,#4326);
#4326 = DEFINITIONAL_REPRESENTATION('',(#4327),#4331);
#4327 = LINE('',#4328,#4329);
#4328 = CARTESIAN_POINT('',(-6.28318530718,0.));
#4329 = VECTOR('',#4330,1.);
#4330 = DIRECTION('',(-0.,-1.));
#4331 = ( GEOMETRIC_REPRESENTATION_CONTEXT(2) 
PARAMETRIC_REPRESENTATION_CONTEXT() REPRESENTATION_CONTEXT('2D SPACE',''
  ) );
#4332 = PCURVE('',#1092,#4333);
#4333 = DEFINITIONAL_REPRESENTATION('',(#4334),#4338);
#4334 = LINE('',#4335,#4336);
#4335 = CARTESIAN_POINT('',(-0.,0.));
#4336 = VECTOR('',#4337,1.);
#4337 = DIRECTION('',(-0.,-1.));
#4338 = ( GEOMETRIC_REPRESENTATION_CONTEXT(2) 
PARAMETRIC_REPRESENTATION_CONTEXT() REPRESENTATION_CONTEXT('2D SPACE',''
  ) );
#4339 = ORIENTED_EDGE('',*,*,#1071,.F.);
#4340 = ORIENTED_EDGE('',*,*,#4319,.F.);
#4341 = ADVANCED_FACE('',(#4342),#1127,.F.);
#4342 = FACE_BOUND('',#4343,.T.);
#4343 = EDGE_LOOP('',(#4344,#4345,#4366,#4367));
#4344 = ORIENTED_EDGE('',*,*,#2867,.T.);
#4345 = ORIENTED_EDGE('',*,*,#4346,.T.);
#4346 = EDGE_CURVE('',#2868,#1107,#4347,.T.);
#4347 = SEAM_CURVE('',#4348,(#4352,#4359),.PCURVE_S1.);
#4348 = LINE('',#4349,#4350);
#4349 = CARTESIAN_POINT('',(33.75,65.,-0.1));
#4350 = VECTOR('',#4351,1.);
#4351 = DIRECTION('',(0.,0.,1.));
#4352 = PCURVE('',#1127,#4353);
#4353 = DEFINITIONAL_REPRESENTATION('',(#4354),#4358);
#4354 = LINE('',#4355,#4356);
#4355 = CARTESIAN_POINT('',(-6.28318530718,0.));
#4356 = VECTOR('',#4357,1.);
#4357 = DIRECTION('',(-0.,-1.));
#4358 = ( GEOMETRIC_REPRESENTATION_CONTEXT(2) 
PARAMETRIC_REPRESENTATION_CONTEXT() REPRESENTATION_CONTEXT('2D SPACE',''
  ) );
#4359 = PCURVE('',#1127,#4360);
#4360 = DEFINITIONAL_REPRESENTATION('',(#4361),#4365);
#4361 = LINE('',#4362,#4363);
#4362 = CARTESIAN_POINT('',(-0.,0.));
#4363 = VECTOR('',#4364,1.);
#4364 = DIRECTION('',(-0.,-1.));
#4365 = ( GEOMETRIC_REPRESENTATION_CONTEXT(2) 
PARAMETRIC_REPRESENTATION_CONTEXT() REPRESENTATION_CONTEXT('2D SPACE',''
  ) );
#4366 = ORIENTED_EDGE('',*,*,#1106,.F.);
#4367 = ORIENTED_EDGE('',*,*,#4346,.F.);
#4368 = ADVANCED_FACE('',(#4369),#1162,.F.);
#4369 = FACE_BOUND('',#4370,.T.);
#4370 = EDGE_LOOP('',(#4371,#4372,#4393,#4394));
#4371 = ORIENTED_EDGE('',*,*,#2897,.T.);
#4372 = ORIENTED_EDGE('',*,*,#4373,.T.);
#4373 = EDGE_CURVE('',#2898,#1142,#4374,.T.);
#4374 = SEAM_CURVE('',#4375,(#4379,#4386),.PCURVE_S1.);
#4375 = LINE('',#4376,#4377);
#4376 = CARTESIAN_POINT('',(33.75,75.,-0.1));
#4377 = VECTOR('',#4378,1.);
#4378 = DIRECTION('',(0.,0.,1.));
#4379 = PCURVE('',#1162,#4380);
#4380 = DEFINITIONAL_REPRESENTATION('',(#4381),#4385);
#4381 = LINE('',#4382,#4383);
#4382 = CARTESIAN_POINT('',(-6.28318530718,0.));
#4383 = VECTOR('',#4384,1.);
#4384 = DIRECTION('',(-0.,-1.));
#4385 = ( GEOMETRIC_REPRESENTATION_CONTEXT(2) 
PARAMETRIC_REPRESENTATION_CONTEXT() REPRESENTATION_CONTEXT('2D SPACE',''
  ) );
#4386 = PCURVE('',#1162,#4387);
#4387 = DEFINITIONAL_REPRESENTATION('',(#4388),#4392);
#4388 = LINE('',#4389,#4390);
#4389 = CARTESIAN_POINT('',(-0.,0.));
#4390 = VECTOR('',#4391,1.);
#4391 = DIRECTION('',(-0.,-1.));
#4392 = ( GEOMETRIC_REPRESENTATION_CONTEXT(2) 
PARAMETRIC_REPRESENTATION_CONTEXT() REPRESENTATION_CONTEXT('2D SPACE',''
  ) );
#4393 = ORIENTED_EDGE('',*,*,#1141,.F.);
#4394 = ORIENTED_EDGE('',*,*,#4373,.F.);
#4395 = ADVANCED_FACE('',(#4396),#1197,.F.);
#4396 = FACE_BOUND('',#4397,.T.);
#4397 = EDGE_LOOP('',(#4398,#4399,#4420,#4421));
#4398 = ORIENTED_EDGE('',*,*,#2927,.T.);
#4399 = ORIENTED_EDGE('',*,*,#4400,.T.);
#4400 = EDGE_CURVE('',#2928,#1177,#4401,.T.);
#4401 = SEAM_CURVE('',#4402,(#4406,#4413),.PCURVE_S1.);
#4402 = LINE('',#4403,#4404);
#4403 = CARTESIAN_POINT('',(33.75,85.,-0.1));
#4404 = VECTOR('',#4405,1.);
#4405 = DIRECTION('',(0.,0.,1.));
#4406 = PCURVE('',#1197,#4407);
#4407 = DEFINITIONAL_REPRESENTATION('',(#4408),#4412);
#4408 = LINE('',#4409,#4410);
#4409 = CARTESIAN_POINT('',(-6.28318530718,0.));
#4410 = VECTOR('',#4411,1.);
#4411 = DIRECTION('',(-0.,-1.));
#4412 = ( GEOMETRIC_REPRESENTATION_CONTEXT(2) 
PARAMETRIC_REPRESENTATION_CONTEXT() REPRESENTATION_CONTEXT('2D SPACE',''
  ) );
#4413 = PCURVE('',#1197,#4414);
#4414 = DEFINITIONAL_REPRESENTATION('',(#4415),#4419);
#4415 = LINE('',#4416,#4417);
#4416 = CARTESIAN_POINT('',(-0.,0.));
#4417 = VECTOR('',#4418,1.);
#4418 = DIRECTION('',(-0.,-1.));
#4419 = ( GEOMETRIC_REPRESENTATION_CONTEXT(2) 
PARAMETRIC_REPRESENTATION_CONTEXT() REPRESENTATION_CONTEXT('2D SPACE',''
  ) );
#4420 = ORIENTED_EDGE('',*,*,#1176,.F.);
#4421 = ORIENTED_EDGE('',*,*,#4400,.F.);
#4422 = ADVANCED_FACE('',(#4423),#1232,.F.);
#4423 = FACE_BOUND('',#4424,.T.);
#4424 = EDGE_LOOP('',(#4425,#4426,#4447,#4448));
#4425 = ORIENTED_EDGE('',*,*,#2957,.T.);
#4426 = ORIENTED_EDGE('',*,*,#4427,.T.);
#4427 = EDGE_CURVE('',#2958,#1212,#4428,.T.);
#4428 = SEAM_CURVE('',#4429,(#4433,#4440),.PCURVE_S1.);
#4429 = LINE('',#4430,#4431);
#4430 = CARTESIAN_POINT('',(15.75,95.,-0.1));
#4431 = VECTOR('',#4432,1.);
#4432 = DIRECTION('',(0.,0.,1.));
#4433 = PCURVE('',#1232,#4434);
#4434 = DEFINITIONAL_REPRESENTATION('',(#4435),#4439);
#4435 = LINE('',#4436,#4437);
#4436 = CARTESIAN_POINT('',(-6.28318530718,0.));
#4437 = VECTOR('',#4438,1.);
#4438 = DIRECTION('',(-0.,-1.));
#4439 = ( GEOMETRIC_REPRESENTATION_CONTEXT(2) 
PARAMETRIC_REPRESENTATION_CONTEXT() REPRESENTATION_CONTEXT('2D SPACE',''
  ) );
#4440 = PCURVE('',#1232,#4441);
#4441 = DEFINITIONAL_REPRESENTATION('',(#4442),#4446);
#4442 = LINE('',#4443,#4444);
#4443 = CARTESIAN_POINT('',(-0.,0.));
#4444 = VECTOR('',#4445,1.);
#4445 = DIRECTION('',(-0.,-1.));
#4446 = ( GEOMETRIC_REPRESENTATION_CONTEXT(2) 
PARAMETRIC_REPRESENTATION_CONTEXT() REPRESENTATION_CONTEXT('2D SPACE',''
  ) );
#4447 = ORIENTED_EDGE('',*,*,#1211,.F.);
#4448 = ORIENTED_EDGE('',*,*,#4427,.F.);
#4449 = ADVANCED_FACE('',(#4450),#1267,.F.);
#4450 = FACE_BOUND('',#4451,.T.);
#4451 = EDGE_LOOP('',(#4452,#4453,#4474,#4475));
#4452 = ORIENTED_EDGE('',*,*,#2987,.T.);
#4453 = ORIENTED_EDGE('',*,*,#4454,.T.);
#4454 = EDGE_CURVE('',#2988,#1247,#4455,.T.);
#4455 = SEAM_CURVE('',#4456,(#4460,#4467),.PCURVE_S1.);
#4456 = LINE('',#4457,#4458);
#4457 = CARTESIAN_POINT('',(15.75,105.,-0.1));
#4458 = VECTOR('',#4459,1.);
#4459 = DIRECTION('',(0.,0.,1.));
#4460 = PCURVE('',#1267,#4461);
#4461 = DEFINITIONAL_REPRESENTATION('',(#4462),#4466);
#4462 = LINE('',#4463,#4464);
#4463 = CARTESIAN_POINT('',(-6.28318530718,0.));
#4464 = VECTOR('',#4465,1.);
#4465 = DIRECTION('',(-0.,-1.));
#4466 = ( GEOMETRIC_REPRESENTATION_CONTEXT(2) 
PARAMETRIC_REPRESENTATION_CONTEXT() REPRESENTATION_CONTEXT('2D SPACE',''
  ) );
#4467 = PCURVE('',#1267,#4468);
#4468 = DEFINITIONAL_REPRESENTATION('',(#4469),#4473);
#4469 = LINE('',#4470,#4471);
#4470 = CARTESIAN_POINT('',(-0.,0.));
#4471 = VECTOR('',#4472,1.);
#4472 = DIRECTION('',(-0.,-1.));
#4473 = ( GEOMETRIC_REPRESENTATION_CONTEXT(2) 
PARAMETRIC_REPRESENTATION_CONTEXT() REPRESENTATION_CONTEXT('2D SPACE',''
  ) );
#4474 = ORIENTED_EDGE('',*,*,#1246,.F.);
#4475 = ORIENTED_EDGE('',*,*,#4454,.F.);
#4476 = ADVANCED_FACE('',(#4477),#1302,.F.);
#4477 = FACE_BOUND('',#4478,.T.);
#4478 = EDGE_LOOP('',(#4479,#4480,#4501,#4502));
#4479 = ORIENTED_EDGE('',*,*,#3017,.T.);
#4480 = ORIENTED_EDGE('',*,*,#4481,.T.);
#4481 = EDGE_CURVE('',#3018,#1282,#4482,.T.);
#4482 = SEAM_CURVE('',#4483,(#4487,#4494),.PCURVE_S1.);
#4483 = LINE('',#4484,#4485);
#4484 = CARTESIAN_POINT('',(15.75,115.,-0.1));
#4485 = VECTOR('',#4486,1.);
#4486 = DIRECTION('',(0.,0.,1.));
#4487 = PCURVE('',#1302,#4488);
#4488 = DEFINITIONAL_REPRESENTATION('',(#4489),#4493);
#4489 = LINE('',#4490,#4491);
#4490 = CARTESIAN_POINT('',(-6.28318530718,0.));
#4491 = VECTOR('',#4492,1.);
#4492 = DIRECTION('',(-0.,-1.));
#4493 = ( GEOMETRIC_REPRESENTATION_CONTEXT(2) 
PARAMETRIC_REPRESENTATION_CONTEXT() REPRESENTATION_CONTEXT('2D SPACE',''
  ) );
#4494 = PCURVE('',#1302,#4495);
#4495 = DEFINITIONAL_REPRESENTATION('',(#4496),#4500);
#4496 = LINE('',#4497,#4498);
#4497 = CARTESIAN_POINT('',(-0.,0.));
#4498 = VECTOR('',#4499,1.);
#4499 = DIRECTION('',(-0.,-1.));
#4500 = ( GEOMETRIC_REPRESENTATION_CONTEXT(2) 
PARAMETRIC_REPRESENTATION_CONTEXT() REPRESENTATION_CONTEXT('2D SPACE',''
  ) );
#4501 = ORIENTED_EDGE('',*,*,#1281,.F.);
#4502 = ORIENTED_EDGE('',*,*,#4481,.F.);
#4503 = ADVANCED_FACE('',(#4504),#1337,.F.);
#4504 = FACE_BOUND('',#4505,.T.);
#4505 = EDGE_LOOP('',(#4506,#4507,#4528,#4529));
#4506 = ORIENTED_EDGE('',*,*,#3047,.T.);
#4507 = ORIENTED_EDGE('',*,*,#4508,.T.);
#4508 = EDGE_CURVE('',#3048,#1317,#4509,.T.);
#4509 = SEAM_CURVE('',#4510,(#4514,#4521),.PCURVE_S1.);
#4510 = LINE('',#4511,#4512);
#4511 = CARTESIAN_POINT('',(15.75,125.,-0.1));
#4512 = VECTOR('',#4513,1.);
#4513 = DIRECTION('',(0.,0.,1.));
#4514 = PCURVE('',#1337,#4515);
#4515 = DEFINITIONAL_REPRESENTATION('',(#4516),#4520);
#4516 = LINE('',#4517,#4518);
#4517 = CARTESIAN_POINT('',(-6.28318530718,0.));
#4518 = VECTOR('',#4519,1.);
#4519 = DIRECTION('',(-0.,-1.));
#4520 = ( GEOMETRIC_REPRESENTATION_CONTEXT(2) 
PARAMETRIC_REPRESENTATION_CONTEXT() REPRESENTATION_CONTEXT('2D SPACE',''
  ) );
#4521 = PCURVE('',#1337,#4522);
#4522 = DEFINITIONAL_REPRESENTATION('',(#4523),#4527);
#4523 = LINE('',#4524,#4525);
#4524 = CARTESIAN_POINT('',(-0.,0.));
#4525 = VECTOR('',#4526,1.);
#4526 = DIRECTION('',(-0.,-1.));
#4527 = ( GEOMETRIC_REPRESENTATION_CONTEXT(2) 
PARAMETRIC_REPRESENTATION_CONTEXT() REPRESENTATION_CONTEXT('2D SPACE',''
  ) );
#4528 = ORIENTED_EDGE('',*,*,#1316,.F.);
#4529 = ORIENTED_EDGE('',*,*,#4508,.F.);
#4530 = ADVANCED_FACE('',(#4531),#1372,.F.);
#4531 = FACE_BOUND('',#4532,.T.);
#4532 = EDGE_LOOP('',(#4533,#4534,#4555,#4556));
#4533 = ORIENTED_EDGE('',*,*,#3077,.T.);
#4534 = ORIENTED_EDGE('',*,*,#4535,.T.);
#4535 = EDGE_CURVE('',#3078,#1352,#4536,.T.);
#4536 = SEAM_CURVE('',#4537,(#4541,#4548),.PCURVE_S1.);
#4537 = LINE('',#4538,#4539);
#4538 = CARTESIAN_POINT('',(5.1,175.,-0.1));
#4539 = VECTOR('',#4540,1.);
#4540 = DIRECTION('',(0.,0.,1.));
#4541 = PCURVE('',#1372,#4542);
#4542 = DEFINITIONAL_REPRESENTATION('',(#4543),#4547);
#4543 = LINE('',#4544,#4545);
#4544 = CARTESIAN_POINT('',(-6.28318530718,0.));
#4545 = VECTOR('',#4546,1.);
#4546 = DIRECTION('',(-0.,-1.));
#4547 = ( GEOMETRIC_REPRESENTATION_CONTEXT(2) 
PARAMETRIC_REPRESENTATION_CONTEXT() REPRESENTATION_CONTEXT('2D SPACE',''
  ) );
#4548 = PCURVE('',#1372,#4549);
#4549 = DEFINITIONAL_REPRESENTATION('',(#4550),#4554);
#4550 = LINE('',#4551,#4552);
#4551 = CARTESIAN_POINT('',(-0.,0.));
#4552 = VECTOR('',#4553,1.);
#4553 = DIRECTION('',(-0.,-1.));
#4554 = ( GEOMETRIC_REPRESENTATION_CONTEXT(2) 
PARAMETRIC_REPRESENTATION_CONTEXT() REPRESENTATION_CONTEXT('2D SPACE',''
  ) );
#4555 = ORIENTED_EDGE('',*,*,#1351,.F.);
#4556 = ORIENTED_EDGE('',*,*,#4535,.F.);
#4557 = ADVANCED_FACE('',(#4558),#1407,.F.);
#4558 = FACE_BOUND('',#4559,.T.);
#4559 = EDGE_LOOP('',(#4560,#4561,#4582,#4583));
#4560 = ORIENTED_EDGE('',*,*,#3107,.T.);
#4561 = ORIENTED_EDGE('',*,*,#4562,.T.);
#4562 = EDGE_CURVE('',#3108,#1387,#4563,.T.);
#4563 = SEAM_CURVE('',#4564,(#4568,#4575),.PCURVE_S1.);
#4564 = LINE('',#4565,#4566);
#4565 = CARTESIAN_POINT('',(15.75,135.,-0.1));
#4566 = VECTOR('',#4567,1.);
#4567 = DIRECTION('',(0.,0.,1.));
#4568 = PCURVE('',#1407,#4569);
#4569 = DEFINITIONAL_REPRESENTATION('',(#4570),#4574);
#4570 = LINE('',#4571,#4572);
#4571 = CARTESIAN_POINT('',(-6.28318530718,0.));
#4572 = VECTOR('',#4573,1.);
#4573 = DIRECTION('',(-0.,-1.));
#4574 = ( GEOMETRIC_REPRESENTATION_CONTEXT(2) 
PARAMETRIC_REPRESENTATION_CONTEXT() REPRESENTATION_CONTEXT('2D SPACE',''
  ) );
#4575 = PCURVE('',#1407,#4576);
#4576 = DEFINITIONAL_REPRESENTATION('',(#4577),#4581);
#4577 = LINE('',#4578,#4579);
#4578 = CARTESIAN_POINT('',(-0.,0.));
#4579 = VECTOR('',#4580,1.);
#4580 = DIRECTION('',(-0.,-1.));
#4581 = ( GEOMETRIC_REPRESENTATION_CONTEXT(2) 
PARAMETRIC_REPRESENTATION_CONTEXT() REPRESENTATION_CONTEXT('2D SPACE',''
  ) );
#4582 = ORIENTED_EDGE('',*,*,#1386,.F.);
#4583 = ORIENTED_EDGE('',*,*,#4562,.F.);
#4584 = ADVANCED_FACE('',(#4585),#1442,.F.);
#4585 = FACE_BOUND('',#4586,.T.);
#4586 = EDGE_LOOP('',(#4587,#4588,#4609,#4610));
#4587 = ORIENTED_EDGE('',*,*,#3137,.T.);
#4588 = ORIENTED_EDGE('',*,*,#4589,.T.);
#4589 = EDGE_CURVE('',#3138,#1422,#4590,.T.);
#4590 = SEAM_CURVE('',#4591,(#4595,#4602),.PCURVE_S1.);
#4591 = LINE('',#4592,#4593);
#4592 = CARTESIAN_POINT('',(15.75,145.,-0.1));
#4593 = VECTOR('',#4594,1.);
#4594 = DIRECTION('',(0.,0.,1.));
#4595 = PCURVE('',#1442,#4596);
#4596 = DEFINITIONAL_REPRESENTATION('',(#4597),#4601);
#4597 = LINE('',#4598,#4599);
#4598 = CARTESIAN_POINT('',(-6.28318530718,0.));
#4599 = VECTOR('',#4600,1.);
#4600 = DIRECTION('',(-0.,-1.));
#4601 = ( GEOMETRIC_REPRESENTATION_CONTEXT(2) 
PARAMETRIC_REPRESENTATION_CONTEXT() REPRESENTATION_CONTEXT('2D SPACE',''
  ) );
#4602 = PCURVE('',#1442,#4603);
#4603 = DEFINITIONAL_REPRESENTATION('',(#4604),#4608);
#4604 = LINE('',#4605,#4606);
#4605 = CARTESIAN_POINT('',(-0.,0.));
#4606 = VECTOR('',#4607,1.);
#4607 = DIRECTION('',(-0.,-1.));
#4608 = ( GEOMETRIC_REPRESENTATION_CONTEXT(2) 
PARAMETRIC_REPRESENTATION_CONTEXT() REPRESENTATION_CONTEXT('2D SPACE',''
  ) );
#4609 = ORIENTED_EDGE('',*,*,#1421,.F.);
#4610 = ORIENTED_EDGE('',*,*,#4589,.F.);
#4611 = ADVANCED_FACE('',(#4612),#1477,.F.);
#4612 = FACE_BOUND('',#4613,.T.);
#4613 = EDGE_LOOP('',(#4614,#4615,#4636,#4637));
#4614 = ORIENTED_EDGE('',*,*,#3167,.T.);
#4615 = ORIENTED_EDGE('',*,*,#4616,.T.);
#4616 = EDGE_CURVE('',#3168,#1457,#4617,.T.);
#4617 = SEAM_CURVE('',#4618,(#4622,#4629),.PCURVE_S1.);
#4618 = LINE('',#4619,#4620);
#4619 = CARTESIAN_POINT('',(15.75,155.,-0.1));
#4620 = VECTOR('',#4621,1.);
#4621 = DIRECTION('',(0.,0.,1.));
#4622 = PCURVE('',#1477,#4623);
#4623 = DEFINITIONAL_REPRESENTATION('',(#4624),#4628);
#4624 = LINE('',#4625,#4626);
#4625 = CARTESIAN_POINT('',(-6.28318530718,0.));
#4626 = VECTOR('',#4627,1.);
#4627 = DIRECTION('',(-0.,-1.));
#4628 = ( GEOMETRIC_REPRESENTATION_CONTEXT(2) 
PARAMETRIC_REPRESENTATION_CONTEXT() REPRESENTATION_CONTEXT('2D SPACE',''
  ) );
#4629 = PCURVE('',#1477,#4630);
#4630 = DEFINITIONAL_REPRESENTATION('',(#4631),#4635);
#4631 = LINE('',#4632,#4633);
#4632 = CARTESIAN_POINT('',(-0.,0.));
#4633 = VECTOR('',#4634,1.);
#4634 = DIRECTION('',(-0.,-1.));
#4635 = ( GEOMETRIC_REPRESENTATION_CONTEXT(2) 
PARAMETRIC_REPRESENTATION_CONTEXT() REPRESENTATION_CONTEXT('2D SPACE',''
  ) );
#4636 = ORIENTED_EDGE('',*,*,#1456,.F.);
#4637 = ORIENTED_EDGE('',*,*,#4616,.F.);
#4638 = ADVANCED_FACE('',(#4639),#1512,.F.);
#4639 = FACE_BOUND('',#4640,.T.);
#4640 = EDGE_LOOP('',(#4641,#4642,#4663,#4664));
#4641 = ORIENTED_EDGE('',*,*,#3197,.T.);
#4642 = ORIENTED_EDGE('',*,*,#4643,.T.);
#4643 = EDGE_CURVE('',#3198,#1492,#4644,.T.);
#4644 = SEAM_CURVE('',#4645,(#4649,#4656),.PCURVE_S1.);
#4645 = LINE('',#4646,#4647);
#4646 = CARTESIAN_POINT('',(15.75,165.,-0.1));
#4647 = VECTOR('',#4648,1.);
#4648 = DIRECTION('',(0.,0.,1.));
#4649 = PCURVE('',#1512,#4650);
#4650 = DEFINITIONAL_REPRESENTATION('',(#4651),#4655);
#4651 = LINE('',#4652,#4653);
#4652 = CARTESIAN_POINT('',(-6.28318530718,0.));
#4653 = VECTOR('',#4654,1.);
#4654 = DIRECTION('',(-0.,-1.));
#4655 = ( GEOMETRIC_REPRESENTATION_CONTEXT(2) 
PARAMETRIC_REPRESENTATION_CONTEXT() REPRESENTATION_CONTEXT('2D SPACE',''
  ) );
#4656 = PCURVE('',#1512,#4657);
#4657 = DEFINITIONAL_REPRESENTATION('',(#4658),#4662);
#4658 = LINE('',#4659,#4660);
#4659 = CARTESIAN_POINT('',(-0.,0.));
#4660 = VECTOR('',#4661,1.);
#4661 = DIRECTION('',(-0.,-1.));
#4662 = ( GEOMETRIC_REPRESENTATION_CONTEXT(2) 
PARAMETRIC_REPRESENTATION_CONTEXT() REPRESENTATION_CONTEXT('2D SPACE',''
  ) );
#4663 = ORIENTED_EDGE('',*,*,#1491,.F.);
#4664 = ORIENTED_EDGE('',*,*,#4643,.F.);
#4665 = ADVANCED_FACE('',(#4666),#1547,.F.);
#4666 = FACE_BOUND('',#4667,.T.);
#4667 = EDGE_LOOP('',(#4668,#4669,#4690,#4691));
#4668 = ORIENTED_EDGE('',*,*,#3227,.T.);
#4669 = ORIENTED_EDGE('',*,*,#4670,.T.);
#4670 = EDGE_CURVE('',#3228,#1527,#4671,.T.);
#4671 = SEAM_CURVE('',#4672,(#4676,#4683),.PCURVE_S1.);
#4672 = LINE('',#4673,#4674);
#4673 = CARTESIAN_POINT('',(19.42,173.,-0.1));
#4674 = VECTOR('',#4675,1.);
#4675 = DIRECTION('',(0.,0.,1.));
#4676 = PCURVE('',#1547,#4677);
#4677 = DEFINITIONAL_REPRESENTATION('',(#4678),#4682);
#4678 = LINE('',#4679,#4680);
#4679 = CARTESIAN_POINT('',(-6.28318530718,0.));
#4680 = VECTOR('',#4681,1.);
#4681 = DIRECTION('',(-0.,-1.));
#4682 = ( GEOMETRIC_REPRESENTATION_CONTEXT(2) 
PARAMETRIC_REPRESENTATION_CONTEXT() REPRESENTATION_CONTEXT('2D SPACE',''
  ) );
#4683 = PCURVE('',#1547,#4684);
#4684 = DEFINITIONAL_REPRESENTATION('',(#4685),#4689);
#4685 = LINE('',#4686,#4687);
#4686 = CARTESIAN_POINT('',(-0.,0.));
#4687 = VECTOR('',#4688,1.);
#4688 = DIRECTION('',(-0.,-1.));
#4689 = ( GEOMETRIC_REPRESENTATION_CONTEXT(2) 
PARAMETRIC_REPRESENTATION_CONTEXT() REPRESENTATION_CONTEXT('2D SPACE',''
  ) );
#4690 = ORIENTED_EDGE('',*,*,#1526,.F.);
#4691 = ORIENTED_EDGE('',*,*,#4670,.F.);
#4692 = ADVANCED_FACE('',(#4693),#1582,.F.);
#4693 = FACE_BOUND('',#4694,.T.);
#4694 = EDGE_LOOP('',(#4695,#4696,#4717,#4718));
#4695 = ORIENTED_EDGE('',*,*,#3257,.T.);
#4696 = ORIENTED_EDGE('',*,*,#4697,.T.);
#4697 = EDGE_CURVE('',#3258,#1562,#4698,.T.);
#4698 = SEAM_CURVE('',#4699,(#4703,#4710),.PCURVE_S1.);
#4699 = LINE('',#4700,#4701);
#4700 = CARTESIAN_POINT('',(19.42,175.54,-0.1));
#4701 = VECTOR('',#4702,1.);
#4702 = DIRECTION('',(0.,0.,1.));
#4703 = PCURVE('',#1582,#4704);
#4704 = DEFINITIONAL_REPRESENTATION('',(#4705),#4709);
#4705 = LINE('',#4706,#4707);
#4706 = CARTESIAN_POINT('',(-6.28318530718,0.));
#4707 = VECTOR('',#4708,1.);
#4708 = DIRECTION('',(-0.,-1.));
#4709 = ( GEOMETRIC_REPRESENTATION_CONTEXT(2) 
PARAMETRIC_REPRESENTATION_CONTEXT() REPRESENTATION_CONTEXT('2D SPACE',''
  ) );
#4710 = PCURVE('',#1582,#4711);
#4711 = DEFINITIONAL_REPRESENTATION('',(#4712),#4716);
#4712 = LINE('',#4713,#4714);
#4713 = CARTESIAN_POINT('',(-0.,0.));
#4714 = VECTOR('',#4715,1.);
#4715 = DIRECTION('',(-0.,-1.));
#4716 = ( GEOMETRIC_REPRESENTATION_CONTEXT(2) 
PARAMETRIC_REPRESENTATION_CONTEXT() REPRESENTATION_CONTEXT('2D SPACE',''
  ) );
#4717 = ORIENTED_EDGE('',*,*,#1561,.F.);
#4718 = ORIENTED_EDGE('',*,*,#4697,.F.);
#4719 = ADVANCED_FACE('',(#4720),#1617,.F.);
#4720 = FACE_BOUND('',#4721,.T.);
#4721 = EDGE_LOOP('',(#4722,#4723,#4744,#4745));
#4722 = ORIENTED_EDGE('',*,*,#3287,.T.);
#4723 = ORIENTED_EDGE('',*,*,#4724,.T.);
#4724 = EDGE_CURVE('',#3288,#1597,#4725,.T.);
#4725 = SEAM_CURVE('',#4726,(#4730,#4737),.PCURVE_S1.);
#4726 = LINE('',#4727,#4728);
#4727 = CARTESIAN_POINT('',(21.96,173.,-0.1));
#4728 = VECTOR('',#4729,1.);
#4729 = DIRECTION('',(0.,0.,1.));
#4730 = PCURVE('',#1617,#4731);
#4731 = DEFINITIONAL_REPRESENTATION('',(#4732),#4736);
#4732 = LINE('',#4733,#4734);
#4733 = CARTESIAN_POINT('',(-6.28318530718,0.));
#4734 = VECTOR('',#4735,1.);
#4735 = DIRECTION('',(-0.,-1.));
#4736 = ( GEOMETRIC_REPRESENTATION_CONTEXT(2) 
PARAMETRIC_REPRESENTATION_CONTEXT() REPRESENTATION_CONTEXT('2D SPACE',''
  ) );
#4737 = PCURVE('',#1617,#4738);
#4738 = DEFINITIONAL_REPRESENTATION('',(#4739),#4743);
#4739 = LINE('',#4740,#4741);
#4740 = CARTESIAN_POINT('',(-0.,0.));
#4741 = VECTOR('',#4742,1.);
#4742 = DIRECTION('',(-0.,-1.));
#4743 = ( GEOMETRIC_REPRESENTATION_CONTEXT(2) 
PARAMETRIC_REPRESENTATION_CONTEXT() REPRESENTATION_CONTEXT('2D SPACE',''
  ) );
#4744 = ORIENTED_EDGE('',*,*,#1596,.F.);
#4745 = ORIENTED_EDGE('',*,*,#4724,.F.);
#4746 = ADVANCED_FACE('',(#4747),#1652,.F.);
#4747 = FACE_BOUND('',#4748,.T.);
#4748 = EDGE_LOOP('',(#4749,#4750,#4771,#4772));
#4749 = ORIENTED_EDGE('',*,*,#3317,.T.);
#4750 = ORIENTED_EDGE('',*,*,#4751,.T.);
#4751 = EDGE_CURVE('',#3318,#1632,#4752,.T.);
#4752 = SEAM_CURVE('',#4753,(#4757,#4764),.PCURVE_S1.);
#4753 = LINE('',#4754,#4755);
#4754 = CARTESIAN_POINT('',(21.96,175.54,-0.1));
#4755 = VECTOR('',#4756,1.);
#4756 = DIRECTION('',(0.,0.,1.));
#4757 = PCURVE('',#1652,#4758);
#4758 = DEFINITIONAL_REPRESENTATION('',(#4759),#4763);
#4759 = LINE('',#4760,#4761);
#4760 = CARTESIAN_POINT('',(-6.28318530718,0.));
#4761 = VECTOR('',#4762,1.);
#4762 = DIRECTION('',(-0.,-1.));
#4763 = ( GEOMETRIC_REPRESENTATION_CONTEXT(2) 
PARAMETRIC_REPRESENTATION_CONTEXT() REPRESENTATION_CONTEXT('2D SPACE',''
  ) );
#4764 = PCURVE('',#1652,#4765);
#4765 = DEFINITIONAL_REPRESENTATION('',(#4766),#4770);
#4766 = LINE('',#4767,#4768);
#4767 = CARTESIAN_POINT('',(-0.,0.));
#4768 = VECTOR('',#4769,1.);
#4769 = DIRECTION('',(-0.,-1.));
#4770 = ( GEOMETRIC_REPRESENTATION_CONTEXT(2) 
PARAMETRIC_REPRESENTATION_CONTEXT() REPRESENTATION_CONTEXT('2D SPACE',''
  ) );
#4771 = ORIENTED_EDGE('',*,*,#1631,.F.);
#4772 = ORIENTED_EDGE('',*,*,#4751,.F.);
#4773 = ADVANCED_FACE('',(#4774),#1687,.F.);
#4774 = FACE_BOUND('',#4775,.T.);
#4775 = EDGE_LOOP('',(#4776,#4777,#4798,#4799));
#4776 = ORIENTED_EDGE('',*,*,#3347,.T.);
#4777 = ORIENTED_EDGE('',*,*,#4778,.T.);
#4778 = EDGE_CURVE('',#3348,#1667,#4779,.T.);
#4779 = SEAM_CURVE('',#4780,(#4784,#4791),.PCURVE_S1.);
#4780 = LINE('',#4781,#4782);
#4781 = CARTESIAN_POINT('',(33.75,95.,-0.1));
#4782 = VECTOR('',#4783,1.);
#4783 = DIRECTION('',(0.,0.,1.));
#4784 = PCURVE('',#1687,#4785);
#4785 = DEFINITIONAL_REPRESENTATION('',(#4786),#4790);
#4786 = LINE('',#4787,#4788);
#4787 = CARTESIAN_POINT('',(-6.28318530718,0.));
#4788 = VECTOR('',#4789,1.);
#4789 = DIRECTION('',(-0.,-1.));
#4790 = ( GEOMETRIC_REPRESENTATION_CONTEXT(2) 
PARAMETRIC_REPRESENTATION_CONTEXT() REPRESENTATION_CONTEXT('2D SPACE',''
  ) );
#4791 = PCURVE('',#1687,#4792);
#4792 = DEFINITIONAL_REPRESENTATION('',(#4793),#4797);
#4793 = LINE('',#4794,#4795);
#4794 = CARTESIAN_POINT('',(-0.,0.));
#4795 = VECTOR('',#4796,1.);
#4796 = DIRECTION('',(-0.,-1.));
#4797 = ( GEOMETRIC_REPRESENTATION_CONTEXT(2) 
PARAMETRIC_REPRESENTATION_CONTEXT() REPRESENTATION_CONTEXT('2D SPACE',''
  ) );
#4798 = ORIENTED_EDGE('',*,*,#1666,.F.);
#4799 = ORIENTED_EDGE('',*,*,#4778,.F.);
#4800 = ADVANCED_FACE('',(#4801),#1722,.F.);
#4801 = FACE_BOUND('',#4802,.T.);
#4802 = EDGE_LOOP('',(#4803,#4804,#4825,#4826));
#4803 = ORIENTED_EDGE('',*,*,#3377,.T.);
#4804 = ORIENTED_EDGE('',*,*,#4805,.T.);
#4805 = EDGE_CURVE('',#3378,#1702,#4806,.T.);
#4806 = SEAM_CURVE('',#4807,(#4811,#4818),.PCURVE_S1.);
#4807 = LINE('',#4808,#4809);
#4808 = CARTESIAN_POINT('',(33.75,105.,-0.1));
#4809 = VECTOR('',#4810,1.);
#4810 = DIRECTION('',(0.,0.,1.));
#4811 = PCURVE('',#1722,#4812);
#4812 = DEFINITIONAL_REPRESENTATION('',(#4813),#4817);
#4813 = LINE('',#4814,#4815);
#4814 = CARTESIAN_POINT('',(-6.28318530718,0.));
#4815 = VECTOR('',#4816,1.);
#4816 = DIRECTION('',(-0.,-1.));
#4817 = ( GEOMETRIC_REPRESENTATION_CONTEXT(2) 
PARAMETRIC_REPRESENTATION_CONTEXT() REPRESENTATION_CONTEXT('2D SPACE',''
  ) );
#4818 = PCURVE('',#1722,#4819);
#4819 = DEFINITIONAL_REPRESENTATION('',(#4820),#4824);
#4820 = LINE('',#4821,#4822);
#4821 = CARTESIAN_POINT('',(-0.,0.));
#4822 = VECTOR('',#4823,1.);
#4823 = DIRECTION('',(-0.,-1.));
#4824 = ( GEOMETRIC_REPRESENTATION_CONTEXT(2) 
PARAMETRIC_REPRESENTATION_CONTEXT() REPRESENTATION_CONTEXT('2D SPACE',''
  ) );
#4825 = ORIENTED_EDGE('',*,*,#1701,.F.);
#4826 = ORIENTED_EDGE('',*,*,#4805,.F.);
#4827 = ADVANCED_FACE('',(#4828),#1757,.F.);
#4828 = FACE_BOUND('',#4829,.T.);
#4829 = EDGE_LOOP('',(#4830,#4831,#4852,#4853));
#4830 = ORIENTED_EDGE('',*,*,#3407,.T.);
#4831 = ORIENTED_EDGE('',*,*,#4832,.T.);
#4832 = EDGE_CURVE('',#3408,#1737,#4833,.T.);
#4833 = SEAM_CURVE('',#4834,(#4838,#4845),.PCURVE_S1.);
#4834 = LINE('',#4835,#4836);
#4835 = CARTESIAN_POINT('',(33.75,115.,-0.1));
#4836 = VECTOR('',#4837,1.);
#4837 = DIRECTION('',(0.,0.,1.));
#4838 = PCURVE('',#1757,#4839);
#4839 = DEFINITIONAL_REPRESENTATION('',(#4840),#4844);
#4840 = LINE('',#4841,#4842);
#4841 = CARTESIAN_POINT('',(-6.28318530718,0.));
#4842 = VECTOR('',#4843,1.);
#4843 = DIRECTION('',(-0.,-1.));
#4844 = ( GEOMETRIC_REPRESENTATION_CONTEXT(2) 
PARAMETRIC_REPRESENTATION_CONTEXT() REPRESENTATION_CONTEXT('2D SPACE',''
  ) );
#4845 = PCURVE('',#1757,#4846);
#4846 = DEFINITIONAL_REPRESENTATION('',(#4847),#4851);
#4847 = LINE('',#4848,#4849);
#4848 = CARTESIAN_POINT('',(-0.,0.));
#4849 = VECTOR('',#4850,1.);
#4850 = DIRECTION('',(-0.,-1.));
#4851 = ( GEOMETRIC_REPRESENTATION_CONTEXT(2) 
PARAMETRIC_REPRESENTATION_CONTEXT() REPRESENTATION_CONTEXT('2D SPACE',''
  ) );
#4852 = ORIENTED_EDGE('',*,*,#1736,.F.);
#4853 = ORIENTED_EDGE('',*,*,#4832,.F.);
#4854 = ADVANCED_FACE('',(#4855),#1792,.F.);
#4855 = FACE_BOUND('',#4856,.T.);
#4856 = EDGE_LOOP('',(#4857,#4858,#4879,#4880));
#4857 = ORIENTED_EDGE('',*,*,#3437,.T.);
#4858 = ORIENTED_EDGE('',*,*,#4859,.T.);
#4859 = EDGE_CURVE('',#3438,#1772,#4860,.T.);
#4860 = SEAM_CURVE('',#4861,(#4865,#4872),.PCURVE_S1.);
#4861 = LINE('',#4862,#4863);
#4862 = CARTESIAN_POINT('',(33.75,125.,-0.1));
#4863 = VECTOR('',#4864,1.);
#4864 = DIRECTION('',(0.,0.,1.));
#4865 = PCURVE('',#1792,#4866);
#4866 = DEFINITIONAL_REPRESENTATION('',(#4867),#4871);
#4867 = LINE('',#4868,#4869);
#4868 = CARTESIAN_POINT('',(-6.28318530718,0.));
#4869 = VECTOR('',#4870,1.);
#4870 = DIRECTION('',(-0.,-1.));
#4871 = ( GEOMETRIC_REPRESENTATION_CONTEXT(2) 
PARAMETRIC_REPRESENTATION_CONTEXT() REPRESENTATION_CONTEXT('2D SPACE',''
  ) );
#4872 = PCURVE('',#1792,#4873);
#4873 = DEFINITIONAL_REPRESENTATION('',(#4874),#4878);
#4874 = LINE('',#4875,#4876);
#4875 = CARTESIAN_POINT('',(-0.,0.));
#4876 = VECTOR('',#4877,1.);
#4877 = DIRECTION('',(-0.,-1.));
#4878 = ( GEOMETRIC_REPRESENTATION_CONTEXT(2) 
PARAMETRIC_REPRESENTATION_CONTEXT() REPRESENTATION_CONTEXT('2D SPACE',''
  ) );
#4879 = ORIENTED_EDGE('',*,*,#1771,.F.);
#4880 = ORIENTED_EDGE('',*,*,#4859,.F.);
#4881 = ADVANCED_FACE('',(#4882),#1827,.F.);
#4882 = FACE_BOUND('',#4883,.T.);
#4883 = EDGE_LOOP('',(#4884,#4885,#4906,#4907));
#4884 = ORIENTED_EDGE('',*,*,#3467,.T.);
#4885 = ORIENTED_EDGE('',*,*,#4886,.T.);
#4886 = EDGE_CURVE('',#3468,#1807,#4887,.T.);
#4887 = SEAM_CURVE('',#4888,(#4892,#4899),.PCURVE_S1.);
#4888 = LINE('',#4889,#4890);
#4889 = CARTESIAN_POINT('',(33.75,135.,-0.1));
#4890 = VECTOR('',#4891,1.);
#4891 = DIRECTION('',(0.,0.,1.));
#4892 = PCURVE('',#1827,#4893);
#4893 = DEFINITIONAL_REPRESENTATION('',(#4894),#4898);
#4894 = LINE('',#4895,#4896);
#4895 = CARTESIAN_POINT('',(-6.28318530718,0.));
#4896 = VECTOR('',#4897,1.);
#4897 = DIRECTION('',(-0.,-1.));
#4898 = ( GEOMETRIC_REPRESENTATION_CONTEXT(2) 
PARAMETRIC_REPRESENTATION_CONTEXT() REPRESENTATION_CONTEXT('2D SPACE',''
  ) );
#4899 = PCURVE('',#1827,#4900);
#4900 = DEFINITIONAL_REPRESENTATION('',(#4901),#4905);
#4901 = LINE('',#4902,#4903);
#4902 = CARTESIAN_POINT('',(-0.,0.));
#4903 = VECTOR('',#4904,1.);
#4904 = DIRECTION('',(-0.,-1.));
#4905 = ( GEOMETRIC_REPRESENTATION_CONTEXT(2) 
PARAMETRIC_REPRESENTATION_CONTEXT() REPRESENTATION_CONTEXT('2D SPACE',''
  ) );
#4906 = ORIENTED_EDGE('',*,*,#1806,.F.);
#4907 = ORIENTED_EDGE('',*,*,#4886,.F.);
#4908 = ADVANCED_FACE('',(#4909),#1862,.F.);
#4909 = FACE_BOUND('',#4910,.T.);
#4910 = EDGE_LOOP('',(#4911,#4912,#4933,#4934));
#4911 = ORIENTED_EDGE('',*,*,#3497,.T.);
#4912 = ORIENTED_EDGE('',*,*,#4913,.T.);
#4913 = EDGE_CURVE('',#3498,#1842,#4914,.T.);
#4914 = SEAM_CURVE('',#4915,(#4919,#4926),.PCURVE_S1.);
#4915 = LINE('',#4916,#4917);
#4916 = CARTESIAN_POINT('',(33.75,145.,-0.1));
#4917 = VECTOR('',#4918,1.);
#4918 = DIRECTION('',(0.,0.,1.));
#4919 = PCURVE('',#1862,#4920);
#4920 = DEFINITIONAL_REPRESENTATION('',(#4921),#4925);
#4921 = LINE('',#4922,#4923);
#4922 = CARTESIAN_POINT('',(-6.28318530718,0.));
#4923 = VECTOR('',#4924,1.);
#4924 = DIRECTION('',(-0.,-1.));
#4925 = ( GEOMETRIC_REPRESENTATION_CONTEXT(2) 
PARAMETRIC_REPRESENTATION_CONTEXT() REPRESENTATION_CONTEXT('2D SPACE',''
  ) );
#4926 = PCURVE('',#1862,#4927);
#4927 = DEFINITIONAL_REPRESENTATION('',(#4928),#4932);
#4928 = LINE('',#4929,#4930);
#4929 = CARTESIAN_POINT('',(-0.,0.));
#4930 = VECTOR('',#4931,1.);
#4931 = DIRECTION('',(-0.,-1.));
#4932 = ( GEOMETRIC_REPRESENTATION_CONTEXT(2) 
PARAMETRIC_REPRESENTATION_CONTEXT() REPRESENTATION_CONTEXT('2D SPACE',''
  ) );
#4933 = ORIENTED_EDGE('',*,*,#1841,.F.);
#4934 = ORIENTED_EDGE('',*,*,#4913,.F.);
#4935 = ADVANCED_FACE('',(#4936),#1897,.F.);
#4936 = FACE_BOUND('',#4937,.T.);
#4937 = EDGE_LOOP('',(#4938,#4939,#4960,#4961));
#4938 = ORIENTED_EDGE('',*,*,#3527,.T.);
#4939 = ORIENTED_EDGE('',*,*,#4940,.T.);
#4940 = EDGE_CURVE('',#3528,#1877,#4941,.T.);
#4941 = SEAM_CURVE('',#4942,(#4946,#4953),.PCURVE_S1.);
#4942 = LINE('',#4943,#4944);
#4943 = CARTESIAN_POINT('',(24.5,173.,-0.1));
#4944 = VECTOR('',#4945,1.);
#4945 = DIRECTION('',(0.,0.,1.));
#4946 = PCURVE('',#1897,#4947);
#4947 = DEFINITIONAL_REPRESENTATION('',(#4948),#4952);
#4948 = LINE('',#4949,#4950);
#4949 = CARTESIAN_POINT('',(-6.28318530718,0.));
#4950 = VECTOR('',#4951,1.);
#4951 = DIRECTION('',(-0.,-1.));
#4952 = ( GEOMETRIC_REPRESENTATION_CONTEXT(2) 
PARAMETRIC_REPRESENTATION_CONTEXT() REPRESENTATION_CONTEXT('2D SPACE',''
  ) );
#4953 = PCURVE('',#1897,#4954);
#4954 = DEFINITIONAL_REPRESENTATION('',(#4955),#4959);
#4955 = LINE('',#4956,#4957);
#4956 = CARTESIAN_POINT('',(-0.,0.));
#4957 = VECTOR('',#4958,1.);
#4958 = DIRECTION('',(-0.,-1.));
#4959 = ( GEOMETRIC_REPRESENTATION_CONTEXT(2) 
PARAMETRIC_REPRESENTATION_CONTEXT() REPRESENTATION_CONTEXT('2D SPACE',''
  ) );
#4960 = ORIENTED_EDGE('',*,*,#1876,.F.);
#4961 = ORIENTED_EDGE('',*,*,#4940,.F.);
#4962 = ADVANCED_FACE('',(#4963),#1932,.F.);
#4963 = FACE_BOUND('',#4964,.T.);
#4964 = EDGE_LOOP('',(#4965,#4966,#4987,#4988));
#4965 = ORIENTED_EDGE('',*,*,#3557,.T.);
#4966 = ORIENTED_EDGE('',*,*,#4967,.T.);
#4967 = EDGE_CURVE('',#3558,#1912,#4968,.T.);
#4968 = SEAM_CURVE('',#4969,(#4973,#4980),.PCURVE_S1.);
#4969 = LINE('',#4970,#4971);
#4970 = CARTESIAN_POINT('',(24.5,175.54,-0.1));
#4971 = VECTOR('',#4972,1.);
#4972 = DIRECTION('',(0.,0.,1.));
#4973 = PCURVE('',#1932,#4974);
#4974 = DEFINITIONAL_REPRESENTATION('',(#4975),#4979);
#4975 = LINE('',#4976,#4977);
#4976 = CARTESIAN_POINT('',(-6.28318530718,0.));
#4977 = VECTOR('',#4978,1.);
#4978 = DIRECTION('',(-0.,-1.));
#4979 = ( GEOMETRIC_REPRESENTATION_CONTEXT(2) 
PARAMETRIC_REPRESENTATION_CONTEXT() REPRESENTATION_CONTEXT('2D SPACE',''
  ) );
#4980 = PCURVE('',#1932,#4981);
#4981 = DEFINITIONAL_REPRESENTATION('',(#4982),#4986);
#4982 = LINE('',#4983,#4984);
#4983 = CARTESIAN_POINT('',(-0.,0.));
#4984 = VECTOR('',#4985,1.);
#4985 = DIRECTION('',(-0.,-1.));
#4986 = ( GEOMETRIC_REPRESENTATION_CONTEXT(2) 
PARAMETRIC_REPRESENTATION_CONTEXT() REPRESENTATION_CONTEXT('2D SPACE',''
  ) );
#4987 = ORIENTED_EDGE('',*,*,#1911,.F.);
#4988 = ORIENTED_EDGE('',*,*,#4967,.F.);
#4989 = ADVANCED_FACE('',(#4990),#1967,.F.);
#4990 = FACE_BOUND('',#4991,.T.);
#4991 = EDGE_LOOP('',(#4992,#4993,#5014,#5015));
#4992 = ORIENTED_EDGE('',*,*,#3587,.T.);
#4993 = ORIENTED_EDGE('',*,*,#4994,.T.);
#4994 = EDGE_CURVE('',#3588,#1947,#4995,.T.);
#4995 = SEAM_CURVE('',#4996,(#5000,#5007),.PCURVE_S1.);
#4996 = LINE('',#4997,#4998);
#4997 = CARTESIAN_POINT('',(27.04,173.,-0.1));
#4998 = VECTOR('',#4999,1.);
#4999 = DIRECTION('',(0.,0.,1.));
#5000 = PCURVE('',#1967,#5001);
#5001 = DEFINITIONAL_REPRESENTATION('',(#5002),#5006);
#5002 = LINE('',#5003,#5004);
#5003 = CARTESIAN_POINT('',(-6.28318530718,0.));
#5004 = VECTOR('',#5005,1.);
#5005 = DIRECTION('',(-0.,-1.));
#5006 = ( GEOMETRIC_REPRESENTATION_CONTEXT(2) 
PARAMETRIC_REPRESENTATION_CONTEXT() REPRESENTATION_CONTEXT('2D SPACE',''
  ) );
#5007 = PCURVE('',#1967,#5008);
#5008 = DEFINITIONAL_REPRESENTATION('',(#5009),#5013);
#5009 = LINE('',#5010,#5011);
#5010 = CARTESIAN_POINT('',(-0.,0.));
#5011 = VECTOR('',#5012,1.);
#5012 = DIRECTION('',(-0.,-1.));
#5013 = ( GEOMETRIC_REPRESENTATION_CONTEXT(2) 
PARAMETRIC_REPRESENTATION_CONTEXT() REPRESENTATION_CONTEXT('2D SPACE',''
  ) );
#5014 = ORIENTED_EDGE('',*,*,#1946,.F.);
#5015 = ORIENTED_EDGE('',*,*,#4994,.F.);
#5016 = ADVANCED_FACE('',(#5017),#2002,.F.);
#5017 = FACE_BOUND('',#5018,.T.);
#5018 = EDGE_LOOP('',(#5019,#5020,#5041,#5042));
#5019 = ORIENTED_EDGE('',*,*,#3617,.T.);
#5020 = ORIENTED_EDGE('',*,*,#5021,.T.);
#5021 = EDGE_CURVE('',#3618,#1982,#5022,.T.);
#5022 = SEAM_CURVE('',#5023,(#5027,#5034),.PCURVE_S1.);
#5023 = LINE('',#5024,#5025);
#5024 = CARTESIAN_POINT('',(27.04,175.54,-0.1));
#5025 = VECTOR('',#5026,1.);
#5026 = DIRECTION('',(0.,0.,1.));
#5027 = PCURVE('',#2002,#5028);
#5028 = DEFINITIONAL_REPRESENTATION('',(#5029),#5033);
#5029 = LINE('',#5030,#5031);
#5030 = CARTESIAN_POINT('',(-6.28318530718,0.));
#5031 = VECTOR('',#5032,1.);
#5032 = DIRECTION('',(-0.,-1.));
#5033 = ( GEOMETRIC_REPRESENTATION_CONTEXT(2) 
PARAMETRIC_REPRESENTATION_CONTEXT() REPRESENTATION_CONTEXT('2D SPACE',''
  ) );
#5034 = PCURVE('',#2002,#5035);
#5035 = DEFINITIONAL_REPRESENTATION('',(#5036),#5040);
#5036 = LINE('',#5037,#5038);
#5037 = CARTESIAN_POINT('',(-0.,0.));
#5038 = VECTOR('',#5039,1.);
#5039 = DIRECTION('',(-0.,-1.));
#5040 = ( GEOMETRIC_REPRESENTATION_CONTEXT(2) 
PARAMETRIC_REPRESENTATION_CONTEXT() REPRESENTATION_CONTEXT('2D SPACE',''
  ) );
#5041 = ORIENTED_EDGE('',*,*,#1981,.F.);
#5042 = ORIENTED_EDGE('',*,*,#5021,.F.);
#5043 = ADVANCED_FACE('',(#5044),#2037,.F.);
#5044 = FACE_BOUND('',#5045,.T.);
#5045 = EDGE_LOOP('',(#5046,#5047,#5068,#5069));
#5046 = ORIENTED_EDGE('',*,*,#3647,.T.);
#5047 = ORIENTED_EDGE('',*,*,#5048,.T.);
#5048 = EDGE_CURVE('',#3648,#2017,#5049,.T.);
#5049 = SEAM_CURVE('',#5050,(#5054,#5061),.PCURVE_S1.);
#5050 = LINE('',#5051,#5052);
#5051 = CARTESIAN_POINT('',(29.58,173.,-0.1));
#5052 = VECTOR('',#5053,1.);
#5053 = DIRECTION('',(0.,0.,1.));
#5054 = PCURVE('',#2037,#5055);
#5055 = DEFINITIONAL_REPRESENTATION('',(#5056),#5060);
#5056 = LINE('',#5057,#5058);
#5057 = CARTESIAN_POINT('',(-6.28318530718,0.));
#5058 = VECTOR('',#5059,1.);
#5059 = DIRECTION('',(-0.,-1.));
#5060 = ( GEOMETRIC_REPRESENTATION_CONTEXT(2) 
PARAMETRIC_REPRESENTATION_CONTEXT() REPRESENTATION_CONTEXT('2D SPACE',''
  ) );
#5061 = PCURVE('',#2037,#5062);
#5062 = DEFINITIONAL_REPRESENTATION('',(#5063),#5067);
#5063 = LINE('',#5064,#5065);
#5064 = CARTESIAN_POINT('',(-0.,0.));
#5065 = VECTOR('',#5066,1.);
#5066 = DIRECTION('',(-0.,-1.));
#5067 = ( GEOMETRIC_REPRESENTATION_CONTEXT(2) 
PARAMETRIC_REPRESENTATION_CONTEXT() REPRESENTATION_CONTEXT('2D SPACE',''
  ) );
#5068 = ORIENTED_EDGE('',*,*,#2016,.F.);
#5069 = ORIENTED_EDGE('',*,*,#5048,.F.);
#5070 = ADVANCED_FACE('',(#5071),#2072,.F.);
#5071 = FACE_BOUND('',#5072,.T.);
#5072 = EDGE_LOOP('',(#5073,#5074,#5095,#5096));
#5073 = ORIENTED_EDGE('',*,*,#3677,.T.);
#5074 = ORIENTED_EDGE('',*,*,#5075,.T.);
#5075 = EDGE_CURVE('',#3678,#2052,#5076,.T.);
#5076 = SEAM_CURVE('',#5077,(#5081,#5088),.PCURVE_S1.);
#5077 = LINE('',#5078,#5079);
#5078 = CARTESIAN_POINT('',(29.58,175.54,-0.1));
#5079 = VECTOR('',#5080,1.);
#5080 = DIRECTION('',(0.,0.,1.));
#5081 = PCURVE('',#2072,#5082);
#5082 = DEFINITIONAL_REPRESENTATION('',(#5083),#5087);
#5083 = LINE('',#5084,#5085);
#5084 = CARTESIAN_POINT('',(-6.28318530718,0.));
#5085 = VECTOR('',#5086,1.);
#5086 = DIRECTION('',(-0.,-1.));
#5087 = ( GEOMETRIC_REPRESENTATION_CONTEXT(2) 
PARAMETRIC_REPRESENTATION_CONTEXT() REPRESENTATION_CONTEXT('2D SPACE',''
  ) );
#5088 = PCURVE('',#2072,#5089);
#5089 = DEFINITIONAL_REPRESENTATION('',(#5090),#5094);
#5090 = LINE('',#5091,#5092);
#5091 = CARTESIAN_POINT('',(-0.,0.));
#5092 = VECTOR('',#5093,1.);
#5093 = DIRECTION('',(-0.,-1.));
#5094 = ( GEOMETRIC_REPRESENTATION_CONTEXT(2) 
PARAMETRIC_REPRESENTATION_CONTEXT() REPRESENTATION_CONTEXT('2D SPACE',''
  ) );
#5095 = ORIENTED_EDGE('',*,*,#2051,.F.);
#5096 = ORIENTED_EDGE('',*,*,#5075,.F.);
#5097 = ADVANCED_FACE('',(#5098),#2107,.F.);
#5098 = FACE_BOUND('',#5099,.T.);
#5099 = EDGE_LOOP('',(#5100,#5101,#5122,#5123));
#5100 = ORIENTED_EDGE('',*,*,#3707,.T.);
#5101 = ORIENTED_EDGE('',*,*,#5102,.T.);
#5102 = EDGE_CURVE('',#3708,#2087,#5103,.T.);
#5103 = SEAM_CURVE('',#5104,(#5108,#5115),.PCURVE_S1.);
#5104 = LINE('',#5105,#5106);
#5105 = CARTESIAN_POINT('',(33.75,155.,-0.1));
#5106 = VECTOR('',#5107,1.);
#5107 = DIRECTION('',(0.,0.,1.));
#5108 = PCURVE('',#2107,#5109);
#5109 = DEFINITIONAL_REPRESENTATION('',(#5110),#5114);
#5110 = LINE('',#5111,#5112);
#5111 = CARTESIAN_POINT('',(-6.28318530718,0.));
#5112 = VECTOR('',#5113,1.);
#5113 = DIRECTION('',(-0.,-1.));
#5114 = ( GEOMETRIC_REPRESENTATION_CONTEXT(2) 
PARAMETRIC_REPRESENTATION_CONTEXT() REPRESENTATION_CONTEXT('2D SPACE',''
  ) );
#5115 = PCURVE('',#2107,#5116);
#5116 = DEFINITIONAL_REPRESENTATION('',(#5117),#5121);
#5117 = LINE('',#5118,#5119);
#5118 = CARTESIAN_POINT('',(-0.,0.));
#5119 = VECTOR('',#5120,1.);
#5120 = DIRECTION('',(-0.,-1.));
#5121 = ( GEOMETRIC_REPRESENTATION_CONTEXT(2) 
PARAMETRIC_REPRESENTATION_CONTEXT() REPRESENTATION_CONTEXT('2D SPACE',''
  ) );
#5122 = ORIENTED_EDGE('',*,*,#2086,.F.);
#5123 = ORIENTED_EDGE('',*,*,#5102,.F.);
#5124 = ADVANCED_FACE('',(#5125),#2142,.F.);
#5125 = FACE_BOUND('',#5126,.T.);
#5126 = EDGE_LOOP('',(#5127,#5128,#5149,#5150));
#5127 = ORIENTED_EDGE('',*,*,#3737,.T.);
#5128 = ORIENTED_EDGE('',*,*,#5129,.T.);
#5129 = EDGE_CURVE('',#3738,#2122,#5130,.T.);
#5130 = SEAM_CURVE('',#5131,(#5135,#5142),.PCURVE_S1.);
#5131 = LINE('',#5132,#5133);
#5132 = CARTESIAN_POINT('',(33.75,165.,-0.1));
#5133 = VECTOR('',#5134,1.);
#5134 = DIRECTION('',(0.,0.,1.));
#5135 = PCURVE('',#2142,#5136);
#5136 = DEFINITIONAL_REPRESENTATION('',(#5137),#5141);
#5137 = LINE('',#5138,#5139);
#5138 = CARTESIAN_POINT('',(-6.28318530718,0.));
#5139 = VECTOR('',#5140,1.);
#5140 = DIRECTION('',(-0.,-1.));
#5141 = ( GEOMETRIC_REPRESENTATION_CONTEXT(2) 
PARAMETRIC_REPRESENTATION_CONTEXT() REPRESENTATION_CONTEXT('2D SPACE',''
  ) );
#5142 = PCURVE('',#2142,#5143);
#5143 = DEFINITIONAL_REPRESENTATION('',(#5144),#5148);
#5144 = LINE('',#5145,#5146);
#5145 = CARTESIAN_POINT('',(-0.,0.));
#5146 = VECTOR('',#5147,1.);
#5147 = DIRECTION('',(-0.,-1.));
#5148 = ( GEOMETRIC_REPRESENTATION_CONTEXT(2) 
PARAMETRIC_REPRESENTATION_CONTEXT() REPRESENTATION_CONTEXT('2D SPACE',''
  ) );
#5149 = ORIENTED_EDGE('',*,*,#2121,.F.);
#5150 = ORIENTED_EDGE('',*,*,#5129,.F.);
#5151 = ADVANCED_FACE('',(#5152),#2177,.F.);
#5152 = FACE_BOUND('',#5153,.T.);
#5153 = EDGE_LOOP('',(#5154,#5155,#5176,#5177));
#5154 = ORIENTED_EDGE('',*,*,#3767,.T.);
#5155 = ORIENTED_EDGE('',*,*,#5156,.T.);
#5156 = EDGE_CURVE('',#3768,#2157,#5157,.T.);
#5157 = SEAM_CURVE('',#5158,(#5162,#5169),.PCURVE_S1.);
#5158 = LINE('',#5159,#5160);
#5159 = CARTESIAN_POINT('',(46.1,175.,-0.1));
#5160 = VECTOR('',#5161,1.);
#5161 = DIRECTION('',(0.,0.,1.));
#5162 = PCURVE('',#2177,#5163);
#5163 = DEFINITIONAL_REPRESENTATION('',(#5164),#5168);
#5164 = LINE('',#5165,#5166);
#5165 = CARTESIAN_POINT('',(-6.28318530718,0.));
#5166 = VECTOR('',#5167,1.);
#5167 = DIRECTION('',(-0.,-1.));
#5168 = ( GEOMETRIC_REPRESENTATION_CONTEXT(2) 
PARAMETRIC_REPRESENTATION_CONTEXT() REPRESENTATION_CONTEXT('2D SPACE',''
  ) );
#5169 = PCURVE('',#2177,#5170);
#5170 = DEFINITIONAL_REPRESENTATION('',(#5171),#5175);
#5171 = LINE('',#5172,#5173);
#5172 = CARTESIAN_POINT('',(-0.,0.));
#5173 = VECTOR('',#5174,1.);
#5174 = DIRECTION('',(-0.,-1.));
#5175 = ( GEOMETRIC_REPRESENTATION_CONTEXT(2) 
PARAMETRIC_REPRESENTATION_CONTEXT() REPRESENTATION_CONTEXT('2D SPACE',''
  ) );
#5176 = ORIENTED_EDGE('',*,*,#2156,.F.);
#5177 = ORIENTED_EDGE('',*,*,#5156,.F.);
#5178 = ( GEOMETRIC_REPRESENTATION_CONTEXT(3) 
GLOBAL_UNCERTAINTY_ASSIGNED_CONTEXT((#5182)) 
GLOBAL_UNIT_ASSIGNED_CONTEXT((#5179,#5180,#5181)) REPRESENTATION_CONTEXT
('Context #1','3D Context with UNIT and UNCERTAINTY') );
#5179 = ( LENGTH_UNIT() NAMED_UNIT(*) SI_UNIT(.MILLI.,.METRE.) );
#5180 = ( NAMED_UNIT(*) PLANE_ANGLE_UNIT() SI_UNIT($,.RADIAN.) );
#5181 = ( NAMED_UNIT(*) SI_UNIT($,.STERADIAN.) SOLID_ANGLE_UNIT() );
#5182 = UNCERTAINTY_MEASURE_WITH_UNIT(LENGTH_MEASURE(1.E-07),#5179,
  'distance_accuracy_value','confusion accuracy');
#5183 = CONTEXT_DEPENDENT_SHAPE_REPRESENTATION(#5184,#5186);
#5184 = ( REPRESENTATION_RELATIONSHIP('','',#155,#68) 
REPRESENTATION_RELATIONSHIP_WITH_TRANSFORMATION(#5185) 
SHAPE_REPRESENTATION_RELATIONSHIP() );
#5185 = ITEM_DEFINED_TRANSFORMATION('','',#11,#69);
#5186 = PRODUCT_DEFINITION_SHAPE('Placement','Placement of an item',
  #5187);
#5187 = NEXT_ASSEMBLY_USAGE_OCCURRENCE('145','pcb_8f','',#63,#150,$);
#5188 = PRODUCT_RELATED_PRODUCT_CATEGORY('part',$,(#152));
#5189 = SHAPE_DEFINITION_REPRESENTATION(#5190,#5196);
#5190 = PRODUCT_DEFINITION_SHAPE('','',#5191);
#5191 = PRODUCT_DEFINITION('design','',#5192,#5195);
#5192 = PRODUCT_DEFINITION_FORMATION('','',#5193);
#5193 = PRODUCT('tx_8f_t1','tx_8f_t1','',(#5194));
#5194 = PRODUCT_CONTEXT('',#2,'mechanical');
#5195 = PRODUCT_DEFINITION_CONTEXT('part definition',#2,'design');
#5196 = ADVANCED_BREP_SHAPE_REPRESENTATION('',(#11,#5197),#5295);
#5197 = MANIFOLD_SOLID_BREP('',#5198);
#5198 = CLOSED_SHELL('',(#5199,#5287,#5291));
#5199 = ADVANCED_FACE('',(#5200),#5214,.T.);
#5200 = FACE_BOUND('',#5201,.F.);
#5201 = EDGE_LOOP('',(#5202,#5232,#5259,#5260));
#5202 = ORIENTED_EDGE('',*,*,#5203,.T.);
#5203 = EDGE_CURVE('',#5204,#5206,#5208,.T.);
#5204 = VERTEX_POINT('',#5205);
#5205 = CARTESIAN_POINT('',(8.,0.,-12.5));
#5206 = VERTEX_POINT('',#5207);
#5207 = CARTESIAN_POINT('',(8.,0.,0.));
#5208 = SEAM_CURVE('',#5209,(#5213,#5225),.PCURVE_S1.);
#5209 = LINE('',#5210,#5211);
#5210 = CARTESIAN_POINT('',(8.,0.,-12.5));
#5211 = VECTOR('',#5212,1.);
#5212 = DIRECTION('',(0.,0.,1.));
#5213 = PCURVE('',#5214,#5219);
#5214 = CYLINDRICAL_SURFACE('',#5215,8.);
#5215 = AXIS2_PLACEMENT_3D('',#5216,#5217,#5218);
#5216 = CARTESIAN_POINT('',(0.,0.,-12.5));
#5217 = DIRECTION('',(-0.,-0.,-1.));
#5218 = DIRECTION('',(1.,0.,0.));
#5219 = DEFINITIONAL_REPRESENTATION('',(#5220),#5224);
#5220 = LINE('',#5221,#5222);
#5221 = CARTESIAN_POINT('',(-0.,0.));
#5222 = VECTOR('',#5223,1.);
#5223 = DIRECTION('',(-0.,-1.));
#5224 = ( GEOMETRIC_REPRESENTATION_CONTEXT(2) 
PARAMETRIC_REPRESENTATION_CONTEXT() REPRESENTATION_CONTEXT('2D SPACE',''
  ) );
#5225 = PCURVE('',#5214,#5226);
#5226 = DEFINITIONAL_REPRESENTATION('',(#5227),#5231);
#5227 = LINE('',#5228,#5229);
#5228 = CARTESIAN_POINT('',(-6.28318530718,0.));
#5229 = VECTOR('',#5230,1.);
#5230 = DIRECTION('',(-0.,-1.));
#5231 = ( GEOMETRIC_REPRESENTATION_CONTEXT(2) 
PARAMETRIC_REPRESENTATION_CONTEXT() REPRESENTATION_CONTEXT('2D SPACE',''
  ) );
#5232 = ORIENTED_EDGE('',*,*,#5233,.T.);
#5233 = EDGE_CURVE('',#5206,#5206,#5234,.T.);
#5234 = SURFACE_CURVE('',#5235,(#5240,#5247),.PCURVE_S1.);
#5235 = CIRCLE('',#5236,8.);
#5236 = AXIS2_PLACEMENT_3D('',#5237,#5238,#5239);
#5237 = CARTESIAN_POINT('',(0.,0.,0.));
#5238 = DIRECTION('',(0.,0.,1.));
#5239 = DIRECTION('',(1.,0.,0.));
#5240 = PCURVE('',#5214,#5241);
#5241 = DEFINITIONAL_REPRESENTATION('',(#5242),#5246);
#5242 = LINE('',#5243,#5244);
#5243 = CARTESIAN_POINT('',(-0.,-12.5));
#5244 = VECTOR('',#5245,1.);
#5245 = DIRECTION('',(-1.,0.));
#5246 = ( GEOMETRIC_REPRESENTATION_CONTEXT(2) 
PARAMETRIC_REPRESENTATION_CONTEXT() REPRESENTATION_CONTEXT('2D SPACE',''
  ) );
#5247 = PCURVE('',#5248,#5253);
#5248 = PLANE('',#5249);
#5249 = AXIS2_PLACEMENT_3D('',#5250,#5251,#5252);
#5250 = CARTESIAN_POINT('',(-5.127900497023E-16,1.528755336223E-17,0.));
#5251 = DIRECTION('',(0.,0.,1.));
#5252 = DIRECTION('',(1.,0.,-0.));
#5253 = DEFINITIONAL_REPRESENTATION('',(#5254),#5258);
#5254 = CIRCLE('',#5255,8.);
#5255 = AXIS2_PLACEMENT_2D('',#5256,#5257);
#5256 = CARTESIAN_POINT('',(5.127900497023E-16,-1.528755336223E-17));
#5257 = DIRECTION('',(1.,0.));
#5258 = ( GEOMETRIC_REPRESENTATION_CONTEXT(2) 
PARAMETRIC_REPRESENTATION_CONTEXT() REPRESENTATION_CONTEXT('2D SPACE',''
  ) );
#5259 = ORIENTED_EDGE('',*,*,#5203,.F.);
#5260 = ORIENTED_EDGE('',*,*,#5261,.F.);
#5261 = EDGE_CURVE('',#5204,#5204,#5262,.T.);
#5262 = SURFACE_CURVE('',#5263,(#5268,#5275),.PCURVE_S1.);
#5263 = CIRCLE('',#5264,8.);
#5264 = AXIS2_PLACEMENT_3D('',#5265,#5266,#5267);
#5265 = CARTESIAN_POINT('',(0.,0.,-12.5));
#5266 = DIRECTION('',(0.,0.,1.));
#5267 = DIRECTION('',(1.,0.,0.));
#5268 = PCURVE('',#5214,#5269);
#5269 = DEFINITIONAL_REPRESENTATION('',(#5270),#5274);
#5270 = LINE('',#5271,#5272);
#5271 = CARTESIAN_POINT('',(-0.,0.));
#5272 = VECTOR('',#5273,1.);
#5273 = DIRECTION('',(-1.,0.));
#5274 = ( GEOMETRIC_REPRESENTATION_CONTEXT(2) 
PARAMETRIC_REPRESENTATION_CONTEXT() REPRESENTATION_CONTEXT('2D SPACE',''
  ) );
#5275 = PCURVE('',#5276,#5281);
#5276 = PLANE('',#5277);
#5277 = AXIS2_PLACEMENT_3D('',#5278,#5279,#5280);
#5278 = CARTESIAN_POINT('',(-5.127900497023E-16,1.528755336223E-17,-12.5
    ));
#5279 = DIRECTION('',(0.,0.,1.));
#5280 = DIRECTION('',(1.,0.,-0.));
#5281 = DEFINITIONAL_REPRESENTATION('',(#5282),#5286);
#5282 = CIRCLE('',#5283,8.);
#5283 = AXIS2_PLACEMENT_2D('',#5284,#5285);
#5284 = CARTESIAN_POINT('',(5.127900497023E-16,-1.528755336223E-17));
#5285 = DIRECTION('',(1.,0.));
#5286 = ( GEOMETRIC_REPRESENTATION_CONTEXT(2) 
PARAMETRIC_REPRESENTATION_CONTEXT() REPRESENTATION_CONTEXT('2D SPACE',''
  ) );
#5287 = ADVANCED_FACE('',(#5288),#5276,.F.);
#5288 = FACE_BOUND('',#5289,.F.);
#5289 = EDGE_LOOP('',(#5290));
#5290 = ORIENTED_EDGE('',*,*,#5261,.T.);
#5291 = ADVANCED_FACE('',(#5292),#5248,.T.);
#5292 = FACE_BOUND('',#5293,.T.);
#5293 = EDGE_LOOP('',(#5294));
#5294 = ORIENTED_EDGE('',*,*,#5233,.T.);
#5295 = ( GEOMETRIC_REPRESENTATION_CONTEXT(3) 
GLOBAL_UNCERTAINTY_ASSIGNED_CONTEXT((#5299)) 
GLOBAL_UNIT_ASSIGNED_CONTEXT((#5296,#5297,#5298)) REPRESENTATION_CONTEXT
('Context #1','3D Context with UNIT and UNCERTAINTY') );
#5296 = ( LENGTH_UNIT() NAMED_UNIT(*) SI_UNIT(.MILLI.,.METRE.) );
#5297 = ( NAMED_UNIT(*) PLANE_ANGLE_UNIT() SI_UNIT($,.RADIAN.) );
#5298 = ( NAMED_UNIT(*) SI_UNIT($,.STERADIAN.) SOLID_ANGLE_UNIT() );
#5299 = UNCERTAINTY_MEASURE_WITH_UNIT(LENGTH_MEASURE(1.E-07),#5296,
  'distance_accuracy_value','confusion accuracy');
#5300 = CONTEXT_DEPENDENT_SHAPE_REPRESENTATION(#5301,#5303);
#5301 = ( REPRESENTATION_RELATIONSHIP('','',#5196,#68) 
REPRESENTATION_RELATIONSHIP_WITH_TRANSFORMATION(#5302) 
SHAPE_REPRESENTATION_RELATIONSHIP() );
#5302 = ITEM_DEFINED_TRANSFORMATION('','',#11,#73);
#5303 = PRODUCT_DEFINITION_SHAPE('Placement','Placement of an item',
  #5304);
#5304 = NEXT_ASSEMBLY_USAGE_OCCURRENCE('146','tx_8f_t1','',#63,#5191,$);
#5305 = PRODUCT_RELATED_PRODUCT_CATEGORY('part',$,(#5193));
#5306 = CONTEXT_DEPENDENT_SHAPE_REPRESENTATION(#5307,#5309);
#5307 = ( REPRESENTATION_RELATIONSHIP('','',#5196,#68) 
REPRESENTATION_RELATIONSHIP_WITH_TRANSFORMATION(#5308) 
SHAPE_REPRESENTATION_RELATIONSHIP() );
#5308 = ITEM_DEFINED_TRANSFORMATION('','',#11,#77);
#5309 = PRODUCT_DEFINITION_SHAPE('Placement','Placement of an item',
  #5310);
#5310 = NEXT_ASSEMBLY_USAGE_OCCURRENCE('147','tx_8f_t2','',#63,#5191,$);
#5311 = CONTEXT_DEPENDENT_SHAPE_REPRESENTATION(#5312,#5314);
#5312 = ( REPRESENTATION_RELATIONSHIP('','',#5196,#68) 
REPRESENTATION_RELATIONSHIP_WITH_TRANSFORMATION(#5313) 
SHAPE_REPRESENTATION_RELATIONSHIP() );
#5313 = ITEM_DEFINED_TRANSFORMATION('','',#11,#81);
#5314 = PRODUCT_DEFINITION_SHAPE('Placement','Placement of an item',
  #5315);
#5315 = NEXT_ASSEMBLY_USAGE_OCCURRENCE('148','tx_8f_t3','',#63,#5191,$);
#5316 = CONTEXT_DEPENDENT_SHAPE_REPRESENTATION(#5317,#5319);
#5317 = ( REPRESENTATION_RELATIONSHIP('','',#5196,#68) 
REPRESENTATION_RELATIONSHIP_WITH_TRANSFORMATION(#5318) 
SHAPE_REPRESENTATION_RELATIONSHIP() );
#5318 = ITEM_DEFINED_TRANSFORMATION('','',#11,#85);
#5319 = PRODUCT_DEFINITION_SHAPE('Placement','Placement of an item',
  #5320);
#5320 = NEXT_ASSEMBLY_USAGE_OCCURRENCE('149','tx_8f_t4','',#63,#5191,$);
#5321 = CONTEXT_DEPENDENT_SHAPE_REPRESENTATION(#5322,#5324);
#5322 = ( REPRESENTATION_RELATIONSHIP('','',#5196,#68) 
REPRESENTATION_RELATIONSHIP_WITH_TRANSFORMATION(#5323) 
SHAPE_REPRESENTATION_RELATIONSHIP() );
#5323 = ITEM_DEFINED_TRANSFORMATION('','',#11,#89);
#5324 = PRODUCT_DEFINITION_SHAPE('Placement','Placement of an item',
  #5325);
#5325 = NEXT_ASSEMBLY_USAGE_OCCURRENCE('150','tx_8f_t5','',#63,#5191,$);
#5326 = CONTEXT_DEPENDENT_SHAPE_REPRESENTATION(#5327,#5329);
#5327 = ( REPRESENTATION_RELATIONSHIP('','',#5196,#68) 
REPRESENTATION_RELATIONSHIP_WITH_TRANSFORMATION(#5328) 
SHAPE_REPRESENTATION_RELATIONSHIP() );
#5328 = ITEM_DEFINED_TRANSFORMATION('','',#11,#93);
#5329 = PRODUCT_DEFINITION_SHAPE('Placement','Placement of an item',
  #5330);
#5330 = NEXT_ASSEMBLY_USAGE_OCCURRENCE('151','tx_8f_t6','',#63,#5191,$);
#5331 = CONTEXT_DEPENDENT_SHAPE_REPRESENTATION(#5332,#5334);
#5332 = ( REPRESENTATION_RELATIONSHIP('','',#5196,#68) 
REPRESENTATION_RELATIONSHIP_WITH_TRANSFORMATION(#5333) 
SHAPE_REPRESENTATION_RELATIONSHIP() );
#5333 = ITEM_DEFINED_TRANSFORMATION('','',#11,#97);
#5334 = PRODUCT_DEFINITION_SHAPE('Placement','Placement of an item',
  #5335);
#5335 = NEXT_ASSEMBLY_USAGE_OCCURRENCE('152','tx_8f_t7','',#63,#5191,$);
#5336 = CONTEXT_DEPENDENT_SHAPE_REPRESENTATION(#5337,#5339);
#5337 = ( REPRESENTATION_RELATIONSHIP('','',#5196,#68) 
REPRESENTATION_RELATIONSHIP_WITH_TRANSFORMATION(#5338) 
SHAPE_REPRESENTATION_RELATIONSHIP() );
#5338 = ITEM_DEFINED_TRANSFORMATION('','',#11,#101);
#5339 = PRODUCT_DEFINITION_SHAPE('Placement','Placement of an item',
  #5340);
#5340 = NEXT_ASSEMBLY_USAGE_OCCURRENCE('153','tx_8f_t8','',#63,#5191,$);
#5341 = CONTEXT_DEPENDENT_SHAPE_REPRESENTATION(#5342,#5344);
#5342 = ( REPRESENTATION_RELATIONSHIP('','',#5196,#68) 
REPRESENTATION_RELATIONSHIP_WITH_TRANSFORMATION(#5343) 
SHAPE_REPRESENTATION_RELATIONSHIP() );
#5343 = ITEM_DEFINED_TRANSFORMATION('','',#11,#105);
#5344 = PRODUCT_DEFINITION_SHAPE('Placement','Placement of an item',
  #5345);
#5345 = NEXT_ASSEMBLY_USAGE_OCCURRENCE('154','tx_8f_t9','',#63,#5191,$);
#5346 = CONTEXT_DEPENDENT_SHAPE_REPRESENTATION(#5347,#5349);
#5347 = ( REPRESENTATION_RELATIONSHIP('','',#5196,#68) 
REPRESENTATION_RELATIONSHIP_WITH_TRANSFORMATION(#5348) 
SHAPE_REPRESENTATION_RELATIONSHIP() );
#5348 = ITEM_DEFINED_TRANSFORMATION('','',#11,#109);
#5349 = PRODUCT_DEFINITION_SHAPE('Placement','Placement of an item',
  #5350);
#5350 = NEXT_ASSEMBLY_USAGE_OCCURRENCE('155','tx_8f_t10','',#63,#5191,$
  );
#5351 = CONTEXT_DEPENDENT_SHAPE_REPRESENTATION(#5352,#5354);
#5352 = ( REPRESENTATION_RELATIONSHIP('','',#5196,#68) 
REPRESENTATION_RELATIONSHIP_WITH_TRANSFORMATION(#5353) 
SHAPE_REPRESENTATION_RELATIONSHIP() );
#5353 = ITEM_DEFINED_TRANSFORMATION('','',#11,#113);
#5354 = PRODUCT_DEFINITION_SHAPE('Placement','Placement of an item',
  #5355);
#5355 = NEXT_ASSEMBLY_USAGE_OCCURRENCE('156','tx_8f_t11','',#63,#5191,$
  );
#5356 = CONTEXT_DEPENDENT_SHAPE_REPRESENTATION(#5357,#5359);
#5357 = ( REPRESENTATION_RELATIONSHIP('','',#5196,#68) 
REPRESENTATION_RELATIONSHIP_WITH_TRANSFORMATION(#5358) 
SHAPE_REPRESENTATION_RELATIONSHIP() );
#5358 = ITEM_DEFINED_TRANSFORMATION('','',#11,#117);
#5359 = PRODUCT_DEFINITION_SHAPE('Placement','Placement of an item',
  #5360);
#5360 = NEXT_ASSEMBLY_USAGE_OCCURRENCE('157','tx_8f_t12','',#63,#5191,$
  );
#5361 = CONTEXT_DEPENDENT_SHAPE_REPRESENTATION(#5362,#5364);
#5362 = ( REPRESENTATION_RELATIONSHIP('','',#5196,#68) 
REPRESENTATION_RELATIONSHIP_WITH_TRANSFORMATION(#5363) 
SHAPE_REPRESENTATION_RELATIONSHIP() );
#5363 = ITEM_DEFINED_TRANSFORMATION('','',#11,#121);
#5364 = PRODUCT_DEFINITION_SHAPE('Placement','Placement of an item',
  #5365);
#5365 = NEXT_ASSEMBLY_USAGE_OCCURRENCE('158','tx_8f_t13','',#63,#5191,$
  );
#5366 = CONTEXT_DEPENDENT_SHAPE_REPRESENTATION(#5367,#5369);
#5367 = ( REPRESENTATION_RELATIONSHIP('','',#5196,#68) 
REPRESENTATION_RELATIONSHIP_WITH_TRANSFORMATION(#5368) 
SHAPE_REPRESENTATION_RELATIONSHIP() );
#5368 = ITEM_DEFINED_TRANSFORMATION('','',#11,#125);
#5369 = PRODUCT_DEFINITION_SHAPE('Placement','Placement of an item',
  #5370);
#5370 = NEXT_ASSEMBLY_USAGE_OCCURRENCE('159','tx_8f_t14','',#63,#5191,$
  );
#5371 = CONTEXT_DEPENDENT_SHAPE_REPRESENTATION(#5372,#5374);
#5372 = ( REPRESENTATION_RELATIONSHIP('','',#5196,#68) 
REPRESENTATION_RELATIONSHIP_WITH_TRANSFORMATION(#5373) 
SHAPE_REPRESENTATION_RELATIONSHIP() );
#5373 = ITEM_DEFINED_TRANSFORMATION('','',#11,#129);
#5374 = PRODUCT_DEFINITION_SHAPE('Placement','Placement of an item',
  #5375);
#5375 = NEXT_ASSEMBLY_USAGE_OCCURRENCE('160','tx_8f_t15','',#63,#5191,$
  );
#5376 = CONTEXT_DEPENDENT_SHAPE_REPRESENTATION(#5377,#5379);
#5377 = ( REPRESENTATION_RELATIONSHIP('','',#5196,#68) 
REPRESENTATION_RELATIONSHIP_WITH_TRANSFORMATION(#5378) 
SHAPE_REPRESENTATION_RELATIONSHIP() );
#5378 = ITEM_DEFINED_TRANSFORMATION('','',#11,#133);
#5379 = PRODUCT_DEFINITION_SHAPE('Placement','Placement of an item',
  #5380);
#5380 = NEXT_ASSEMBLY_USAGE_OCCURRENCE('161','tx_8f_t16','',#63,#5191,$
  );
#5381 = SHAPE_DEFINITION_REPRESENTATION(#5382,#5388);
#5382 = PRODUCT_DEFINITION_SHAPE('','',#5383);
#5383 = PRODUCT_DEFINITION('design','',#5384,#5387);
#5384 = PRODUCT_DEFINITION_FORMATION('','',#5385);
#5385 = PRODUCT('panel_8f_02','panel_8f_02','',(#5386));
#5386 = PRODUCT_CONTEXT('',#2,'mechanical');
#5387 = PRODUCT_DEFINITION_CONTEXT('part definition',#2,'design');
#5388 = SHAPE_REPRESENTATION('',(#11,#5389,#5393,#5397,#5401,#5405,#5409
    ,#5413,#5417,#5421,#5425,#5429,#5433,#5437,#5441,#5445,#5449,#5453),
  #5457);
#5389 = AXIS2_PLACEMENT_3D('',#5390,#5391,#5392);
#5390 = CARTESIAN_POINT('',(0.,0.,0.));
#5391 = DIRECTION('',(0.,0.,1.));
#5392 = DIRECTION('',(1.,0.,-0.));
#5393 = AXIS2_PLACEMENT_3D('',#5394,#5395,#5396);
#5394 = CARTESIAN_POINT('',(15.,20.,0.));
#5395 = DIRECTION('',(0.,0.,1.));
#5396 = DIRECTION('',(1.,0.,-0.));
#5397 = AXIS2_PLACEMENT_3D('',#5398,#5399,#5400);
#5398 = CARTESIAN_POINT('',(33.,20.,0.));
#5399 = DIRECTION('',(0.,0.,1.));
#5400 = DIRECTION('',(1.,0.,-0.));
#5401 = AXIS2_PLACEMENT_3D('',#5402,#5403,#5404);
#5402 = CARTESIAN_POINT('',(15.,40.,0.));
#5403 = DIRECTION('',(0.,0.,1.));
#5404 = DIRECTION('',(1.,0.,-0.));
#5405 = AXIS2_PLACEMENT_3D('',#5406,#5407,#5408);
#5406 = CARTESIAN_POINT('',(33.,40.,0.));
#5407 = DIRECTION('',(0.,0.,1.));
#5408 = DIRECTION('',(1.,0.,-0.));
#5409 = AXIS2_PLACEMENT_3D('',#5410,#5411,#5412);
#5410 = CARTESIAN_POINT('',(15.,60.,0.));
#5411 = DIRECTION('',(0.,0.,1.));
#5412 = DIRECTION('',(1.,0.,-0.));
#5413 = AXIS2_PLACEMENT_3D('',#5414,#5415,#5416);
#5414 = CARTESIAN_POINT('',(33.,60.,0.));
#5415 = DIRECTION('',(0.,0.,1.));
#5416 = DIRECTION('',(1.,0.,-0.));
#5417 = AXIS2_PLACEMENT_3D('',#5418,#5419,#5420);
#5418 = CARTESIAN_POINT('',(15.,80.,0.));
#5419 = DIRECTION('',(0.,0.,1.));
#5420 = DIRECTION('',(1.,0.,-0.));
#5421 = AXIS2_PLACEMENT_3D('',#5422,#5423,#5424);
#5422 = CARTESIAN_POINT('',(33.,80.,0.));
#5423 = DIRECTION('',(0.,0.,1.));
#5424 = DIRECTION('',(1.,0.,-0.));
#5425 = AXIS2_PLACEMENT_3D('',#5426,#5427,#5428);
#5426 = CARTESIAN_POINT('',(15.,100.,0.));
#5427 = DIRECTION('',(0.,0.,1.));
#5428 = DIRECTION('',(1.,0.,-0.));
#5429 = AXIS2_PLACEMENT_3D('',#5430,#5431,#5432);
#5430 = CARTESIAN_POINT('',(33.,100.,0.));
#5431 = DIRECTION('',(0.,0.,1.));
#5432 = DIRECTION('',(1.,0.,-0.));
#5433 = AXIS2_PLACEMENT_3D('',#5434,#5435,#5436);
#5434 = CARTESIAN_POINT('',(15.,120.,0.));
#5435 = DIRECTION('',(0.,0.,1.));
#5436 = DIRECTION('',(1.,0.,-0.));
#5437 = AXIS2_PLACEMENT_3D('',#5438,#5439,#5440);
#5438 = CARTESIAN_POINT('',(33.,120.,0.));
#5439 = DIRECTION('',(0.,0.,1.));
#5440 = DIRECTION('',(1.,0.,-0.));
#5441 = AXIS2_PLACEMENT_3D('',#5442,#5443,#5444);
#5442 = CARTESIAN_POINT('',(15.,140.,0.));
#5443 = DIRECTION('',(0.,0.,1.));
#5444 = DIRECTION('',(1.,0.,-0.));
#5445 = AXIS2_PLACEMENT_3D('',#5446,#5447,#5448);
#5446 = CARTESIAN_POINT('',(33.,140.,0.));
#5447 = DIRECTION('',(0.,0.,1.));
#5448 = DIRECTION('',(1.,0.,-0.));
#5449 = AXIS2_PLACEMENT_3D('',#5450,#5451,#5452);
#5450 = CARTESIAN_POINT('',(15.,160.,0.));
#5451 = DIRECTION('',(0.,0.,1.));
#5452 = DIRECTION('',(1.,0.,-0.));
#5453 = AXIS2_PLACEMENT_3D('',#5454,#5455,#5456);
#5454 = CARTESIAN_POINT('',(33.,160.,0.));
#5455 = DIRECTION('',(0.,0.,1.));
#5456 = DIRECTION('',(1.,0.,-0.));
#5457 = ( GEOMETRIC_REPRESENTATION_CONTEXT(3) 
GLOBAL_UNCERTAINTY_ASSIGNED_CONTEXT((#5461)) 
GLOBAL_UNIT_ASSIGNED_CONTEXT((#5458,#5459,#5460)) REPRESENTATION_CONTEXT
('Context #1','3D Context with UNIT and UNCERTAINTY') );
#5458 = ( LENGTH_UNIT() NAMED_UNIT(*) SI_UNIT(.MILLI.,.METRE.) );
#5459 = ( NAMED_UNIT(*) PLANE_ANGLE_UNIT() SI_UNIT($,.RADIAN.) );
#5460 = ( NAMED_UNIT(*) SI_UNIT($,.STERADIAN.) SOLID_ANGLE_UNIT() );
#5461 = UNCERTAINTY_MEASURE_WITH_UNIT(LENGTH_MEASURE(1.E-07),#5458,
  'distance_accuracy_value','confusion accuracy');
#5462 = CONTEXT_DEPENDENT_SHAPE_REPRESENTATION(#5463,#5465);
#5463 = ( REPRESENTATION_RELATIONSHIP('','',#5388,#10) 
REPRESENTATION_RELATIONSHIP_WITH_TRANSFORMATION(#5464) 
SHAPE_REPRESENTATION_RELATIONSHIP() );
#5464 = ITEM_DEFINED_TRANSFORMATION('','',#11,#19);
#5465 = PRODUCT_DEFINITION_SHAPE('Placement','Placement of an item',
  #5466);
#5466 = NEXT_ASSEMBLY_USAGE_OCCURRENCE('180','','',#5,#5383,$);
#5467 = PRODUCT_RELATED_PRODUCT_CATEGORY('part',$,(#5385));
#5468 = CONTEXT_DEPENDENT_SHAPE_REPRESENTATION(#5469,#5471);
#5469 = ( REPRESENTATION_RELATIONSHIP('','',#155,#5388) 
REPRESENTATION_RELATIONSHIP_WITH_TRANSFORMATION(#5470) 
SHAPE_REPRESENTATION_RELATIONSHIP() );
#5470 = ITEM_DEFINED_TRANSFORMATION('','',#11,#5389);
#5471 = PRODUCT_DEFINITION_SHAPE('Placement','Placement of an item',
  #5472);
#5472 = NEXT_ASSEMBLY_USAGE_OCCURRENCE('163','','',#5383,#150,$);
#5473 = CONTEXT_DEPENDENT_SHAPE_REPRESENTATION(#5474,#5476);
#5474 = ( REPRESENTATION_RELATIONSHIP('','',#5196,#5388) 
REPRESENTATION_RELATIONSHIP_WITH_TRANSFORMATION(#5475) 
SHAPE_REPRESENTATION_RELATIONSHIP() );
#5475 = ITEM_DEFINED_TRANSFORMATION('','',#11,#5393);
#5476 = PRODUCT_DEFINITION_SHAPE('Placement','Placement of an item',
  #5477);
#5477 = NEXT_ASSEMBLY_USAGE_OCCURRENCE('164','','',#5383,#5191,$);
#5478 = CONTEXT_DEPENDENT_SHAPE_REPRESENTATION(#5479,#5481);
#5479 = ( REPRESENTATION_RELATIONSHIP('','',#5196,#5388) 
REPRESENTATION_RELATIONSHIP_WITH_TRANSFORMATION(#5480) 
SHAPE_REPRESENTATION_RELATIONSHIP() );
#5480 = ITEM_DEFINED_TRANSFORMATION('','',#11,#5397);
#5481 = PRODUCT_DEFINITION_SHAPE('Placement','Placement of an item',
  #5482);
#5482 = NEXT_ASSEMBLY_USAGE_OCCURRENCE('165','','',#5383,#5191,$);
#5483 = CONTEXT_DEPENDENT_SHAPE_REPRESENTATION(#5484,#5486);
#5484 = ( REPRESENTATION_RELATIONSHIP('','',#5196,#5388) 
REPRESENTATION_RELATIONSHIP_WITH_TRANSFORMATION(#5485) 
SHAPE_REPRESENTATION_RELATIONSHIP() );
#5485 = ITEM_DEFINED_TRANSFORMATION('','',#11,#5401);
#5486 = PRODUCT_DEFINITION_SHAPE('Placement','Placement of an item',
  #5487);
#5487 = NEXT_ASSEMBLY_USAGE_OCCURRENCE('166','','',#5383,#5191,$);
#5488 = CONTEXT_DEPENDENT_SHAPE_REPRESENTATION(#5489,#5491);
#5489 = ( REPRESENTATION_RELATIONSHIP('','',#5196,#5388) 
REPRESENTATION_RELATIONSHIP_WITH_TRANSFORMATION(#5490) 
SHAPE_REPRESENTATION_RELATIONSHIP() );
#5490 = ITEM_DEFINED_TRANSFORMATION('','',#11,#5405);
#5491 = PRODUCT_DEFINITION_SHAPE('Placement','Placement of an item',
  #5492);
#5492 = NEXT_ASSEMBLY_USAGE_OCCURRENCE('167','','',#5383,#5191,$);
#5493 = CONTEXT_DEPENDENT_SHAPE_REPRESENTATION(#5494,#5496);
#5494 = ( REPRESENTATION_RELATIONSHIP('','',#5196,#5388) 
REPRESENTATION_RELATIONSHIP_WITH_TRANSFORMATION(#5495) 
SHAPE_REPRESENTATION_RELATIONSHIP() );
#5495 = ITEM_DEFINED_TRANSFORMATION('','',#11,#5409);
#5496 = PRODUCT_DEFINITION_SHAPE('Placement','Placement of an item',
  #5497);
#5497 = NEXT_ASSEMBLY_USAGE_OCCURRENCE('168','','',#5383,#5191,$);
#5498 = CONTEXT_DEPENDENT_SHAPE_REPRESENTATION(#5499,#5501);
#5499 = ( REPRESENTATION_RELATIONSHIP('','',#5196,#5388) 
REPRESENTATION_RELATIONSHIP_WITH_TRANSFORMATION(#5500) 
SHAPE_REPRESENTATION_RELATIONSHIP() );
#5500 = ITEM_DEFINED_TRANSFORMATION('','',#11,#5413);
#5501 = PRODUCT_DEFINITION_SHAPE('Placement','Placement of an item',
  #5502);
#5502 = NEXT_ASSEMBLY_USAGE_OCCURRENCE('169','','',#5383,#5191,$);
#5503 = CONTEXT_DEPENDENT_SHAPE_REPRESENTATION(#5504,#5506);
#5504 = ( REPRESENTATION_RELATIONSHIP('','',#5196,#5388) 
REPRESENTATION_RELATIONSHIP_WITH_TRANSFORMATION(#5505) 
SHAPE_REPRESENTATION_RELATIONSHIP() );
#5505 = ITEM_DEFINED_TRANSFORMATION('','',#11,#5417);
#5506 = PRODUCT_DEFINITION_SHAPE('Placement','Placement of an item',
  #5507);
#5507 = NEXT_ASSEMBLY_USAGE_OCCURRENCE('170','','',#5383,#5191,$);
#5508 = CONTEXT_DEPENDENT_SHAPE_REPRESENTATION(#5509,#5511);
#5509 = ( REPRESENTATION_RELATIONSHIP('','',#5196,#5388) 
REPRESENTATION_RELATIONSHIP_WITH_TRANSFORMATION(#5510) 
SHAPE_REPRESENTATION_RELATIONSHIP() );
#5510 = ITEM_DEFINED_TRANSFORMATION('','',#11,#5421);
#5511 = PRODUCT_DEFINITION_SHAPE('Placement','Placement of an item',
  #5512);
#5512 = NEXT_ASSEMBLY_USAGE_OCCURRENCE('171','','',#5383,#5191,$);
#5513 = CONTEXT_DEPENDENT_SHAPE_REPRESENTATION(#5514,#5516);
#5514 = ( REPRESENTATION_RELATIONSHIP('','',#5196,#5388) 
REPRESENTATION_RELATIONSHIP_WITH_TRANSFORMATION(#5515) 
SHAPE_REPRESENTATION_RELATIONSHIP() );
#5515 = ITEM_DEFINED_TRANSFORMATION('','',#11,#5425);
#5516 = PRODUCT_DEFINITION_SHAPE('Placement','Placement of an item',
  #5517);
#5517 = NEXT_ASSEMBLY_USAGE_OCCURRENCE('172','','',#5383,#5191,$);
#5518 = CONTEXT_DEPENDENT_SHAPE_REPRESENTATION(#5519,#5521);
#5519 = ( REPRESENTATION_RELATIONSHIP('','',#5196,#5388) 
REPRESENTATION_RELATIONSHIP_WITH_TRANSFORMATION(#5520) 
SHAPE_REPRESENTATION_RELATIONSHIP() );
#5520 = ITEM_DEFINED_TRANSFORMATION('','',#11,#5429);
#5521 = PRODUCT_DEFINITION_SHAPE('Placement','Placement of an item',
  #5522);
#5522 = NEXT_ASSEMBLY_USAGE_OCCURRENCE('173','','',#5383,#5191,$);
#5523 = CONTEXT_DEPENDENT_SHAPE_REPRESENTATION(#5524,#5526);
#5524 = ( REPRESENTATION_RELATIONSHIP('','',#5196,#5388) 
REPRESENTATION_RELATIONSHIP_WITH_TRANSFORMATION(#5525) 
SHAPE_REPRESENTATION_RELATIONSHIP() );
#5525 = ITEM_DEFINED_TRANSFORMATION('','',#11,#5433);
#5526 = PRODUCT_DEFINITION_SHAPE('Placement','Placement of an item',
  #5527);
#5527 = NEXT_ASSEMBLY_USAGE_OCCURRENCE('174','','',#5383,#5191,$);
#5528 = CONTEXT_DEPENDENT_SHAPE_REPRESENTATION(#5529,#5531);
#5529 = ( REPRESENTATION_RELATIONSHIP('','',#5196,#5388) 
REPRESENTATION_RELATIONSHIP_WITH_TRANSFORMATION(#5530) 
SHAPE_REPRESENTATION_RELATIONSHIP() );
#5530 = ITEM_DEFINED_TRANSFORMATION('','',#11,#5437);
#5531 = PRODUCT_DEFINITION_SHAPE('Placement','Placement of an item',
  #5532);
#5532 = NEXT_ASSEMBLY_USAGE_OCCURRENCE('175','','',#5383,#5191,$);
#5533 = CONTEXT_DEPENDENT_SHAPE_REPRESENTATION(#5534,#5536);
#5534 = ( REPRESENTATION_RELATIONSHIP('','',#5196,#5388) 
REPRESENTATION_RELATIONSHIP_WITH_TRANSFORMATION(#5535) 
SHAPE_REPRESENTATION_RELATIONSHIP() );
#5535 = ITEM_DEFINED_TRANSFORMATION('','',#11,#5441);
#5536 = PRODUCT_DEFINITION_SHAPE('Placement','Placement of an item',
  #5537);
#5537 = NEXT_ASSEMBLY_USAGE_OCCURRENCE('176','','',#5383,#5191,$);
#5538 = CONTEXT_DEPENDENT_SHAPE_REPRESENTATION(#5539,#5541);
#5539 = ( REPRESENTATION_RELATIONSHIP('','',#5196,#5388) 
REPRESENTATION_RELATIONSHIP_WITH_TRANSFORMATION(#5540) 
SHAPE_REPRESENTATION_RELATIONSHIP() );
#5540 = ITEM_DEFINED_TRANSFORMATION('','',#11,#5445);
#5541 = PRODUCT_DEFINITION_SHAPE('Placement','Placement of an item',
  #5542);
#5542 = NEXT_ASSEMBLY_USAGE_OCCURRENCE('177','','',#5383,#5191,$);
#5543 = CONTEXT_DEPENDENT_SHAPE_REPRESENTATION(#5544,#5546);
#5544 = ( REPRESENTATION_RELATIONSHIP('','',#5196,#5388) 
REPRESENTATION_RELATIONSHIP_WITH_TRANSFORMATION(#5545) 
SHAPE_REPRESENTATION_RELATIONSHIP() );
#5545 = ITEM_DEFINED_TRANSFORMATION('','',#11,#5449);
#5546 = PRODUCT_DEFINITION_SHAPE('Placement','Placement of an item',
  #5547);
#5547 = NEXT_ASSEMBLY_USAGE_OCCURRENCE('178','','',#5383,#5191,$);
#5548 = CONTEXT_DEPENDENT_SHAPE_REPRESENTATION(#5549,#5551);
#5549 = ( REPRESENTATION_RELATIONSHIP('','',#5196,#5388) 
REPRESENTATION_RELATIONSHIP_WITH_TRANSFORMATION(#5550) 
SHAPE_REPRESENTATION_RELATIONSHIP() );
#5550 = ITEM_DEFINED_TRANSFORMATION('','',#11,#5453);
#5551 = PRODUCT_DEFINITION_SHAPE('Placement','Placement of an item',
  #5552);
#5552 = NEXT_ASSEMBLY_USAGE_OCCURRENCE('179','','',#5383,#5191,$);
#5553 = SHAPE_DEFINITION_REPRESENTATION(#5554,#5560);
#5554 = PRODUCT_DEFINITION_SHAPE('','',#5555);
#5555 = PRODUCT_DEFINITION('design','',#5556,#5559);
#5556 = PRODUCT_DEFINITION_FORMATION('','',#5557);
#5557 = PRODUCT('panel_8f_03','panel_8f_03','',(#5558));
#5558 = PRODUCT_CONTEXT('',#2,'mechanical');
#5559 = PRODUCT_DEFINITION_CONTEXT('part definition',#2,'design');
#5560 = SHAPE_REPRESENTATION('',(#11,#5561,#5565,#5569,#5573,#5577,#5581
    ,#5585,#5589,#5593,#5597,#5601,#5605,#5609,#5613,#5617,#5621,#5625),
  #5629);
#5561 = AXIS2_PLACEMENT_3D('',#5562,#5563,#5564);
#5562 = CARTESIAN_POINT('',(0.,0.,0.));
#5563 = DIRECTION('',(0.,0.,1.));
#5564 = DIRECTION('',(1.,0.,-0.));
#5565 = AXIS2_PLACEMENT_3D('',#5566,#5567,#5568);
#5566 = CARTESIAN_POINT('',(15.,20.,0.));
#5567 = DIRECTION('',(0.,0.,1.));
#5568 = DIRECTION('',(1.,0.,-0.));
#5569 = AXIS2_PLACEMENT_3D('',#5570,#5571,#5572);
#5570 = CARTESIAN_POINT('',(33.,20.,0.));
#5571 = DIRECTION('',(0.,0.,1.));
#5572 = DIRECTION('',(1.,0.,-0.));
#5573 = AXIS2_PLACEMENT_3D('',#5574,#5575,#5576);
#5574 = CARTESIAN_POINT('',(15.,40.,0.));
#5575 = DIRECTION('',(0.,0.,1.));
#5576 = DIRECTION('',(1.,0.,-0.));
#5577 = AXIS2_PLACEMENT_3D('',#5578,#5579,#5580);
#5578 = CARTESIAN_POINT('',(33.,40.,0.));
#5579 = DIRECTION('',(0.,0.,1.));
#5580 = DIRECTION('',(1.,0.,-0.));
#5581 = AXIS2_PLACEMENT_3D('',#5582,#5583,#5584);
#5582 = CARTESIAN_POINT('',(15.,60.,0.));
#5583 = DIRECTION('',(0.,0.,1.));
#5584 = DIRECTION('',(1.,0.,-0.));
#5585 = AXIS2_PLACEMENT_3D('',#5586,#5587,#5588);
#5586 = CARTESIAN_POINT('',(33.,60.,0.));
#5587 = DIRECTION('',(0.,0.,1.));
#5588 = DIRECTION('',(1.,0.,-0.));
#5589 = AXIS2_PLACEMENT_3D('',#5590,#5591,#5592);
#5590 = CARTESIAN_POINT('',(15.,80.,0.));
#5591 = DIRECTION('',(0.,0.,1.));
#5592 = DIRECTION('',(1.,0.,-0.));
#5593 = AXIS2_PLACEMENT_3D('',#5594,#5595,#5596);
#5594 = CARTESIAN_POINT('',(33.,80.,0.));
#5595 = DIRECTION('',(0.,0.,1.));
#5596 = DIRECTION('',(1.,0.,-0.));
#5597 = AXIS2_PLACEMENT_3D('',#5598,#5599,#5600);
#5598 = CARTESIAN_POINT('',(15.,100.,0.));
#5599 = DIRECTION('',(0.,0.,1.));
#5600 = DIRECTION('',(1.,0.,-0.));
#5601 = AXIS2_PLACEMENT_3D('',#5602,#5603,#5604);
#5602 = CARTESIAN_POINT('',(33.,100.,0.));
#5603 = DIRECTION('',(0.,0.,1.));
#5604 = DIRECTION('',(1.,0.,-0.));
#5605 = AXIS2_PLACEMENT_3D('',#5606,#5607,#5608);
#5606 = CARTESIAN_POINT('',(15.,120.,0.));
#5607 = DIRECTION('',(0.,0.,1.));
#5608 = DIRECTION('',(1.,0.,-0.));
#5609 = AXIS2_PLACEMENT_3D('',#5610,#5611,#5612);
#5610 = CARTESIAN_POINT('',(33.,120.,0.));
#5611 = DIRECTION('',(0.,0.,1.));
#5612 = DIRECTION('',(1.,0.,-0.));
#5613 = AXIS2_PLACEMENT_3D('',#5614,#5615,#5616);
#5614 = CARTESIAN_POINT('',(15.,140.,0.));
#5615 = DIRECTION('',(0.,0.,1.));
#5616 = DIRECTION('',(1.,0.,-0.));
#5617 = AXIS2_PLACEMENT_3D('',#5618,#5619,#5620);
#5618 = CARTESIAN_POINT('',(33.,140.,0.));
#5619 = DIRECTION('',(0.,0.,1.));
#5620 = DIRECTION('',(1.,0.,-0.));
#5621 = AXIS2_PLACEMENT_3D('',#5622,#5623,#5624);
#5622 = CARTESIAN_POINT('',(15.,160.,0.));
#5623 = DIRECTION('',(0.,0.,1.));
#5624 = DIRECTION('',(1.,0.,-0.));
#5625 = AXIS2_PLACEMENT_3D('',#5626,#5627,#5628);
#5626 = CARTESIAN_POINT('',(33.,160.,0.));
#5627 = DIRECTION('',(0.,0.,1.));
#5628 = DIRECTION('',(1.,0.,-0.));
#5629 = ( GEOMETRIC_REPRESENTATION_CONTEXT(3) 
GLOBAL_UNCERTAINTY_ASSIGNED_CONTEXT((#5633)) 
GLOBAL_UNIT_ASSIGNED_CONTEXT((#5630,#5631,#5632)) REPRESENTATION_CONTEXT
('Context #1','3D Context with UNIT and UNCERTAINTY') );
#5630 = ( LENGTH_UNIT() NAMED_UNIT(*) SI_UNIT(.MILLI.,.METRE.) );
#5631 = ( NAMED_UNIT(*) PLANE_ANGLE_UNIT() SI_UNIT($,.RADIAN.) );
#5632 = ( NAMED_UNIT(*) SI_UNIT($,.STERADIAN.) SOLID_ANGLE_UNIT() );
#5633 = UNCERTAINTY_MEASURE_WITH_UNIT(LENGTH_MEASURE(1.E-07),#5630,
  'distance_accuracy_value','confusion accuracy');
#5634 = CONTEXT_DEPENDENT_SHAPE_REPRESENTATION(#5635,#5637);
#5635 = ( REPRESENTATION_RELATIONSHIP('','',#5560,#10) 
REPRESENTATION_RELATIONSHIP_WITH_TRANSFORMATION(#5636) 
SHAPE_REPRESENTATION_RELATIONSHIP() );
#5636 = ITEM_DEFINED_TRANSFORMATION('','',#11,#23);
#5637 = PRODUCT_DEFINITION_SHAPE('Placement','Placement of an item',
  #5638);
#5638 = NEXT_ASSEMBLY_USAGE_OCCURRENCE('198','','',#5,#5555,$);
#5639 = PRODUCT_RELATED_PRODUCT_CATEGORY('part',$,(#5557));
#5640 = CONTEXT_DEPENDENT_SHAPE_REPRESENTATION(#5641,#5643);
#5641 = ( REPRESENTATION_RELATIONSHIP('','',#155,#5560) 
REPRESENTATION_RELATIONSHIP_WITH_TRANSFORMATION(#5642) 
SHAPE_REPRESENTATION_RELATIONSHIP() );
#5642 = ITEM_DEFINED_TRANSFORMATION('','',#11,#5561);
#5643 = PRODUCT_DEFINITION_SHAPE('Placement','Placement of an item',
  #5644);
#5644 = NEXT_ASSEMBLY_USAGE_OCCURRENCE('181','','',#5555,#150,$);
#5645 = CONTEXT_DEPENDENT_SHAPE_REPRESENTATION(#5646,#5648);
#5646 = ( REPRESENTATION_RELATIONSHIP('','',#5196,#5560) 
REPRESENTATION_RELATIONSHIP_WITH_TRANSFORMATION(#5647) 
SHAPE_REPRESENTATION_RELATIONSHIP() );
#5647 = ITEM_DEFINED_TRANSFORMATION('','',#11,#5565);
#5648 = PRODUCT_DEFINITION_SHAPE('Placement','Placement of an item',
  #5649);
#5649 = NEXT_ASSEMBLY_USAGE_OCCURRENCE('182','','',#5555,#5191,$);
#5650 = CONTEXT_DEPENDENT_SHAPE_REPRESENTATION(#5651,#5653);
#5651 = ( REPRESENTATION_RELATIONSHIP('','',#5196,#5560) 
REPRESENTATION_RELATIONSHIP_WITH_TRANSFORMATION(#5652) 
SHAPE_REPRESENTATION_RELATIONSHIP() );
#5652 = ITEM_DEFINED_TRANSFORMATION('','',#11,#5569);
#5653 = PRODUCT_DEFINITION_SHAPE('Placement','Placement of an item',
  #5654);
#5654 = NEXT_ASSEMBLY_USAGE_OCCURRENCE('183','','',#5555,#5191,$);
#5655 = CONTEXT_DEPENDENT_SHAPE_REPRESENTATION(#5656,#5658);
#5656 = ( REPRESENTATION_RELATIONSHIP('','',#5196,#5560) 
REPRESENTATION_RELATIONSHIP_WITH_TRANSFORMATION(#5657) 
SHAPE_REPRESENTATION_RELATIONSHIP() );
#5657 = ITEM_DEFINED_TRANSFORMATION('','',#11,#5573);
#5658 = PRODUCT_DEFINITION_SHAPE('Placement','Placement of an item',
  #5659);
#5659 = NEXT_ASSEMBLY_USAGE_OCCURRENCE('184','','',#5555,#5191,$);
#5660 = CONTEXT_DEPENDENT_SHAPE_REPRESENTATION(#5661,#5663);
#5661 = ( REPRESENTATION_RELATIONSHIP('','',#5196,#5560) 
REPRESENTATION_RELATIONSHIP_WITH_TRANSFORMATION(#5662) 
SHAPE_REPRESENTATION_RELATIONSHIP() );
#5662 = ITEM_DEFINED_TRANSFORMATION('','',#11,#5577);
#5663 = PRODUCT_DEFINITION_SHAPE('Placement','Placement of an item',
  #5664);
#5664 = NEXT_ASSEMBLY_USAGE_OCCURRENCE('185','','',#5555,#5191,$);
#5665 = CONTEXT_DEPENDENT_SHAPE_REPRESENTATION(#5666,#5668);
#5666 = ( REPRESENTATION_RELATIONSHIP('','',#5196,#5560) 
REPRESENTATION_RELATIONSHIP_WITH_TRANSFORMATION(#5667) 
SHAPE_REPRESENTATION_RELATIONSHIP() );
#5667 = ITEM_DEFINED_TRANSFORMATION('','',#11,#5581);
#5668 = PRODUCT_DEFINITION_SHAPE('Placement','Placement of an item',
  #5669);
#5669 = NEXT_ASSEMBLY_USAGE_OCCURRENCE('186','','',#5555,#5191,$);
#5670 = CONTEXT_DEPENDENT_SHAPE_REPRESENTATION(#5671,#5673);
#5671 = ( REPRESENTATION_RELATIONSHIP('','',#5196,#5560) 
REPRESENTATION_RELATIONSHIP_WITH_TRANSFORMATION(#5672) 
SHAPE_REPRESENTATION_RELATIONSHIP() );
#5672 = ITEM_DEFINED_TRANSFORMATION('','',#11,#5585);
#5673 = PRODUCT_DEFINITION_SHAPE('Placement','Placement of an item',
  #5674);
#5674 = NEXT_ASSEMBLY_USAGE_OCCURRENCE('187','','',#5555,#5191,$);
#5675 = CONTEXT_DEPENDENT_SHAPE_REPRESENTATION(#5676,#5678);
#5676 = ( REPRESENTATION_RELATIONSHIP('','',#5196,#5560) 
REPRESENTATION_RELATIONSHIP_WITH_TRANSFORMATION(#5677) 
SHAPE_REPRESENTATION_RELATIONSHIP() );
#5677 = ITEM_DEFINED_TRANSFORMATION('','',#11,#5589);
#5678 = PRODUCT_DEFINITION_SHAPE('Placement','Placement of an item',
  #5679);
#5679 = NEXT_ASSEMBLY_USAGE_OCCURRENCE('188','','',#5555,#5191,$);
#5680 = CONTEXT_DEPENDENT_SHAPE_REPRESENTATION(#5681,#5683);
#5681 = ( REPRESENTATION_RELATIONSHIP('','',#5196,#5560) 
REPRESENTATION_RELATIONSHIP_WITH_TRANSFORMATION(#5682) 
SHAPE_REPRESENTATION_RELATIONSHIP() );
#5682 = ITEM_DEFINED_TRANSFORMATION('','',#11,#5593);
#5683 = PRODUCT_DEFINITION_SHAPE('Placement','Placement of an item',
  #5684);
#5684 = NEXT_ASSEMBLY_USAGE_OCCURRENCE('189','','',#5555,#5191,$);
#5685 = CONTEXT_DEPENDENT_SHAPE_REPRESENTATION(#5686,#5688);
#5686 = ( REPRESENTATION_RELATIONSHIP('','',#5196,#5560) 
REPRESENTATION_RELATIONSHIP_WITH_TRANSFORMATION(#5687) 
SHAPE_REPRESENTATION_RELATIONSHIP() );
#5687 = ITEM_DEFINED_TRANSFORMATION('','',#11,#5597);
#5688 = PRODUCT_DEFINITION_SHAPE('Placement','Placement of an item',
  #5689);
#5689 = NEXT_ASSEMBLY_USAGE_OCCURRENCE('190','','',#5555,#5191,$);
#5690 = CONTEXT_DEPENDENT_SHAPE_REPRESENTATION(#5691,#5693);
#5691 = ( REPRESENTATION_RELATIONSHIP('','',#5196,#5560) 
REPRESENTATION_RELATIONSHIP_WITH_TRANSFORMATION(#5692) 
SHAPE_REPRESENTATION_RELATIONSHIP() );
#5692 = ITEM_DEFINED_TRANSFORMATION('','',#11,#5601);
#5693 = PRODUCT_DEFINITION_SHAPE('Placement','Placement of an item',
  #5694);
#5694 = NEXT_ASSEMBLY_USAGE_OCCURRENCE('191','','',#5555,#5191,$);
#5695 = CONTEXT_DEPENDENT_SHAPE_REPRESENTATION(#5696,#5698);
#5696 = ( REPRESENTATION_RELATIONSHIP('','',#5196,#5560) 
REPRESENTATION_RELATIONSHIP_WITH_TRANSFORMATION(#5697) 
SHAPE_REPRESENTATION_RELATIONSHIP() );
#5697 = ITEM_DEFINED_TRANSFORMATION('','',#11,#5605);
#5698 = PRODUCT_DEFINITION_SHAPE('Placement','Placement of an item',
  #5699);
#5699 = NEXT_ASSEMBLY_USAGE_OCCURRENCE('192','','',#5555,#5191,$);
#5700 = CONTEXT_DEPENDENT_SHAPE_REPRESENTATION(#5701,#5703);
#5701 = ( REPRESENTATION_RELATIONSHIP('','',#5196,#5560) 
REPRESENTATION_RELATIONSHIP_WITH_TRANSFORMATION(#5702) 
SHAPE_REPRESENTATION_RELATIONSHIP() );
#5702 = ITEM_DEFINED_TRANSFORMATION('','',#11,#5609);
#5703 = PRODUCT_DEFINITION_SHAPE('Placement','Placement of an item',
  #5704);
#5704 = NEXT_ASSEMBLY_USAGE_OCCURRENCE('193','','',#5555,#5191,$);
#5705 = CONTEXT_DEPENDENT_SHAPE_REPRESENTATION(#5706,#5708);
#5706 = ( REPRESENTATION_RELATIONSHIP('','',#5196,#5560) 
REPRESENTATION_RELATIONSHIP_WITH_TRANSFORMATION(#5707) 
SHAPE_REPRESENTATION_RELATIONSHIP() );
#5707 = ITEM_DEFINED_TRANSFORMATION('','',#11,#5613);
#5708 = PRODUCT_DEFINITION_SHAPE('Placement','Placement of an item',
  #5709);
#5709 = NEXT_ASSEMBLY_USAGE_OCCURRENCE('194','','',#5555,#5191,$);
#5710 = CONTEXT_DEPENDENT_SHAPE_REPRESENTATION(#5711,#5713);
#5711 = ( REPRESENTATION_RELATIONSHIP('','',#5196,#5560) 
REPRESENTATION_RELATIONSHIP_WITH_TRANSFORMATION(#5712) 
SHAPE_REPRESENTATION_RELATIONSHIP() );
#5712 = ITEM_DEFINED_TRANSFORMATION('','',#11,#5617);
#5713 = PRODUCT_DEFINITION_SHAPE('Placement','Placement of an item',
  #5714);
#5714 = NEXT_ASSEMBLY_USAGE_OCCURRENCE('195','','',#5555,#5191,$);
#5715 = CONTEXT_DEPENDENT_SHAPE_REPRESENTATION(#5716,#5718);
#5716 = ( REPRESENTATION_RELATIONSHIP('','',#5196,#5560) 
REPRESENTATION_RELATIONSHIP_WITH_TRANSFORMATION(#5717) 
SHAPE_REPRESENTATION_RELATIONSHIP() );
#5717 = ITEM_DEFINED_TRANSFORMATION('','',#11,#5621);
#5718 = PRODUCT_DEFINITION_SHAPE('Placement','Placement of an item',
  #5719);
#5719 = NEXT_ASSEMBLY_USAGE_OCCURRENCE('196','','',#5555,#5191,$);
#5720 = CONTEXT_DEPENDENT_SHAPE_REPRESENTATION(#5721,#5723);
#5721 = ( REPRESENTATION_RELATIONSHIP('','',#5196,#5560) 
REPRESENTATION_RELATIONSHIP_WITH_TRANSFORMATION(#5722) 
SHAPE_REPRESENTATION_RELATIONSHIP() );
#5722 = ITEM_DEFINED_TRANSFORMATION('','',#11,#5625);
#5723 = PRODUCT_DEFINITION_SHAPE('Placement','Placement of an item',
  #5724);
#5724 = NEXT_ASSEMBLY_USAGE_OCCURRENCE('197','','',#5555,#5191,$);
#5725 = SHAPE_DEFINITION_REPRESENTATION(#5726,#5732);
#5726 = PRODUCT_DEFINITION_SHAPE('','',#5727);
#5727 = PRODUCT_DEFINITION('design','',#5728,#5731);
#5728 = PRODUCT_DEFINITION_FORMATION('','',#5729);
#5729 = PRODUCT('panel_8f_04','panel_8f_04','',(#5730));
#5730 = PRODUCT_CONTEXT('',#2,'mechanical');
#5731 = PRODUCT_DEFINITION_CONTEXT('part definition',#2,'design');
#5732 = SHAPE_REPRESENTATION('',(#11,#5733,#5737,#5741,#5745,#5749,#5753
    ,#5757,#5761,#5765,#5769,#5773,#5777,#5781,#5785,#5789,#5793,#5797),
  #5801);
#5733 = AXIS2_PLACEMENT_3D('',#5734,#5735,#5736);
#5734 = CARTESIAN_POINT('',(0.,0.,0.));
#5735 = DIRECTION('',(0.,0.,1.));
#5736 = DIRECTION('',(1.,0.,-0.));
#5737 = AXIS2_PLACEMENT_3D('',#5738,#5739,#5740);
#5738 = CARTESIAN_POINT('',(15.,20.,0.));
#5739 = DIRECTION('',(0.,0.,1.));
#5740 = DIRECTION('',(1.,0.,-0.));
#5741 = AXIS2_PLACEMENT_3D('',#5742,#5743,#5744);
#5742 = CARTESIAN_POINT('',(33.,20.,0.));
#5743 = DIRECTION('',(0.,0.,1.));
#5744 = DIRECTION('',(1.,0.,-0.));
#5745 = AXIS2_PLACEMENT_3D('',#5746,#5747,#5748);
#5746 = CARTESIAN_POINT('',(15.,40.,0.));
#5747 = DIRECTION('',(0.,0.,1.));
#5748 = DIRECTION('',(1.,0.,-0.));
#5749 = AXIS2_PLACEMENT_3D('',#5750,#5751,#5752);
#5750 = CARTESIAN_POINT('',(33.,40.,0.));
#5751 = DIRECTION('',(0.,0.,1.));
#5752 = DIRECTION('',(1.,0.,-0.));
#5753 = AXIS2_PLACEMENT_3D('',#5754,#5755,#5756);
#5754 = CARTESIAN_POINT('',(15.,60.,0.));
#5755 = DIRECTION('',(0.,0.,1.));
#5756 = DIRECTION('',(1.,0.,-0.));
#5757 = AXIS2_PLACEMENT_3D('',#5758,#5759,#5760);
#5758 = CARTESIAN_POINT('',(33.,60.,0.));
#5759 = DIRECTION('',(0.,0.,1.));
#5760 = DIRECTION('',(1.,0.,-0.));
#5761 = AXIS2_PLACEMENT_3D('',#5762,#5763,#5764);
#5762 = CARTESIAN_POINT('',(15.,80.,0.));
#5763 = DIRECTION('',(0.,0.,1.));
#5764 = DIRECTION('',(1.,0.,-0.));
#5765 = AXIS2_PLACEMENT_3D('',#5766,#5767,#5768);
#5766 = CARTESIAN_POINT('',(33.,80.,0.));
#5767 = DIRECTION('',(0.,0.,1.));
#5768 = DIRECTION('',(1.,0.,-0.));
#5769 = AXIS2_PLACEMENT_3D('',#5770,#5771,#5772);
#5770 = CARTESIAN_POINT('',(15.,100.,0.));
#5771 = DIRECTION('',(0.,0.,1.));
#5772 = DIRECTION('',(1.,0.,-0.));
#5773 = AXIS2_PLACEMENT_3D('',#5774,#5775,#5776);
#5774 = CARTESIAN_POINT('',(33.,100.,0.));
#5775 = DIRECTION('',(0.,0.,1.));
#5776 = DIRECTION('',(1.,0.,-0.));
#5777 = AXIS2_PLACEMENT_3D('',#5778,#5779,#5780);
#5778 = CARTESIAN_POINT('',(15.,120.,0.));
#5779 = DIRECTION('',(0.,0.,1.));
#5780 = DIRECTION('',(1.,0.,-0.));
#5781 = AXIS2_PLACEMENT_3D('',#5782,#5783,#5784);
#5782 = CARTESIAN_POINT('',(33.,120.,0.));
#5783 = DIRECTION('',(0.,0.,1.));
#5784 = DIRECTION('',(1.,0.,-0.));
#5785 = AXIS2_PLACEMENT_3D('',#5786,#5787,#5788);
#5786 = CARTESIAN_POINT('',(15.,140.,0.));
#5787 = DIRECTION('',(0.,0.,1.));
#5788 = DIRECTION('',(1.,0.,-0.));
#5789 = AXIS2_PLACEMENT_3D('',#5790,#5791,#5792);
#5790 = CARTESIAN_POINT('',(33.,140.,0.));
#5791 = DIRECTION('',(0.,0.,1.));
#5792 = DIRECTION('',(1.,0.,-0.));
#5793 = AXIS2_PLACEMENT_3D('',#5794,#5795,#5796);
#5794 = CARTESIAN_POINT('',(15.,160.,0.));
#5795 = DIRECTION('',(0.,0.,1.));
#5796 = DIRECTION('',(1.,0.,-0.));
#5797 = AXIS2_PLACEMENT_3D('',#5798,#5799,#5800);
#5798 = CARTESIAN_POINT('',(33.,160.,0.));
#5799 = DIRECTION('',(0.,0.,1.));
#5800 = DIRECTION('',(1.,0.,-0.));
#5801 = ( GEOMETRIC_REPRESENTATION_CONTEXT(3) 
GLOBAL_UNCERTAINTY_ASSIGNED_CONTEXT((#5805)) 
GLOBAL_UNIT_ASSIGNED_CONTEXT((#5802,#5803,#5804)) REPRESENTATION_CONTEXT
('Context #1','3D Context with UNIT and UNCERTAINTY') );
#5802 = ( LENGTH_UNIT() NAMED_UNIT(*) SI_UNIT(.MILLI.,.METRE.) );
#5803 = ( NAMED_UNIT(*) PLANE_ANGLE_UNIT() SI_UNIT($,.RADIAN.) );
#5804 = ( NAMED_UNIT(*) SI_UNIT($,.STERADIAN.) SOLID_ANGLE_UNIT() );
#5805 = UNCERTAINTY_MEASURE_WITH_UNIT(LENGTH_MEASURE(1.E-07),#5802,
  'distance_accuracy_value','confusion accuracy');
#5806 = CONTEXT_DEPENDENT_SHAPE_REPRESENTATION(#5807,#5809);
#5807 = ( REPRESENTATION_RELATIONSHIP('','',#5732,#10) 
REPRESENTATION_RELATIONSHIP_WITH_TRANSFORMATION(#5808) 
SHAPE_REPRESENTATION_RELATIONSHIP() );
#5808 = ITEM_DEFINED_TRANSFORMATION('','',#11,#27);
#5809 = PRODUCT_DEFINITION_SHAPE('Placement','Placement of an item',
  #5810);
#5810 = NEXT_ASSEMBLY_USAGE_OCCURRENCE('216','','',#5,#5727,$);
#5811 = PRODUCT_RELATED_PRODUCT_CATEGORY('part',$,(#5729));
#5812 = CONTEXT_DEPENDENT_SHAPE_REPRESENTATION(#5813,#5815);
#5813 = ( REPRESENTATION_RELATIONSHIP('','',#155,#5732) 
REPRESENTATION_RELATIONSHIP_WITH_TRANSFORMATION(#5814) 
SHAPE_REPRESENTATION_RELATIONSHIP() );
#5814 = ITEM_DEFINED_TRANSFORMATION('','',#11,#5733);
#5815 = PRODUCT_DEFINITION_SHAPE('Placement','Placement of an item',
  #5816);
#5816 = NEXT_ASSEMBLY_USAGE_OCCURRENCE('199','','',#5727,#150,$);
#5817 = CONTEXT_DEPENDENT_SHAPE_REPRESENTATION(#5818,#5820);
#5818 = ( REPRESENTATION_RELATIONSHIP('','',#5196,#5732) 
REPRESENTATION_RELATIONSHIP_WITH_TRANSFORMATION(#5819) 
SHAPE_REPRESENTATION_RELATIONSHIP() );
#5819 = ITEM_DEFINED_TRANSFORMATION('','',#11,#5737);
#5820 = PRODUCT_DEFINITION_SHAPE('Placement','Placement of an item',
  #5821);
#5821 = NEXT_ASSEMBLY_USAGE_OCCURRENCE('200','','',#5727,#5191,$);
#5822 = CONTEXT_DEPENDENT_SHAPE_REPRESENTATION(#5823,#5825);
#5823 = ( REPRESENTATION_RELATIONSHIP('','',#5196,#5732) 
REPRESENTATION_RELATIONSHIP_WITH_TRANSFORMATION(#5824) 
SHAPE_REPRESENTATION_RELATIONSHIP() );
#5824 = ITEM_DEFINED_TRANSFORMATION('','',#11,#5741);
#5825 = PRODUCT_DEFINITION_SHAPE('Placement','Placement of an item',
  #5826);
#5826 = NEXT_ASSEMBLY_USAGE_OCCURRENCE('201','','',#5727,#5191,$);
#5827 = CONTEXT_DEPENDENT_SHAPE_REPRESENTATION(#5828,#5830);
#5828 = ( REPRESENTATION_RELATIONSHIP('','',#5196,#5732) 
REPRESENTATION_RELATIONSHIP_WITH_TRANSFORMATION(#5829) 
SHAPE_REPRESENTATION_RELATIONSHIP() );
#5829 = ITEM_DEFINED_TRANSFORMATION('','',#11,#5745);
#5830 = PRODUCT_DEFINITION_SHAPE('Placement','Placement of an item',
  #5831);
#5831 = NEXT_ASSEMBLY_USAGE_OCCURRENCE('202','','',#5727,#5191,$);
#5832 = CONTEXT_DEPENDENT_SHAPE_REPRESENTATION(#5833,#5835);
#5833 = ( REPRESENTATION_RELATIONSHIP('','',#5196,#5732) 
REPRESENTATION_RELATIONSHIP_WITH_TRANSFORMATION(#5834) 
SHAPE_REPRESENTATION_RELATIONSHIP() );
#5834 = ITEM_DEFINED_TRANSFORMATION('','',#11,#5749);
#5835 = PRODUCT_DEFINITION_SHAPE('Placement','Placement of an item',
  #5836);
#5836 = NEXT_ASSEMBLY_USAGE_OCCURRENCE('203','','',#5727,#5191,$);
#5837 = CONTEXT_DEPENDENT_SHAPE_REPRESENTATION(#5838,#5840);
#5838 = ( REPRESENTATION_RELATIONSHIP('','',#5196,#5732) 
REPRESENTATION_RELATIONSHIP_WITH_TRANSFORMATION(#5839) 
SHAPE_REPRESENTATION_RELATIONSHIP() );
#5839 = ITEM_DEFINED_TRANSFORMATION('','',#11,#5753);
#5840 = PRODUCT_DEFINITION_SHAPE('Placement','Placement of an item',
  #5841);
#5841 = NEXT_ASSEMBLY_USAGE_OCCURRENCE('204','','',#5727,#5191,$);
#5842 = CONTEXT_DEPENDENT_SHAPE_REPRESENTATION(#5843,#5845);
#5843 = ( REPRESENTATION_RELATIONSHIP('','',#5196,#5732) 
REPRESENTATION_RELATIONSHIP_WITH_TRANSFORMATION(#5844) 
SHAPE_REPRESENTATION_RELATIONSHIP() );
#5844 = ITEM_DEFINED_TRANSFORMATION('','',#11,#5757);
#5845 = PRODUCT_DEFINITION_SHAPE('Placement','Placement of an item',
  #5846);
#5846 = NEXT_ASSEMBLY_USAGE_OCCURRENCE('205','','',#5727,#5191,$);
#5847 = CONTEXT_DEPENDENT_SHAPE_REPRESENTATION(#5848,#5850);
#5848 = ( REPRESENTATION_RELATIONSHIP('','',#5196,#5732) 
REPRESENTATION_RELATIONSHIP_WITH_TRANSFORMATION(#5849) 
SHAPE_REPRESENTATION_RELATIONSHIP() );
#5849 = ITEM_DEFINED_TRANSFORMATION('','',#11,#5761);
#5850 = PRODUCT_DEFINITION_SHAPE('Placement','Placement of an item',
  #5851);
#5851 = NEXT_ASSEMBLY_USAGE_OCCURRENCE('206','','',#5727,#5191,$);
#5852 = CONTEXT_DEPENDENT_SHAPE_REPRESENTATION(#5853,#5855);
#5853 = ( REPRESENTATION_RELATIONSHIP('','',#5196,#5732) 
REPRESENTATION_RELATIONSHIP_WITH_TRANSFORMATION(#5854) 
SHAPE_REPRESENTATION_RELATIONSHIP() );
#5854 = ITEM_DEFINED_TRANSFORMATION('','',#11,#5765);
#5855 = PRODUCT_DEFINITION_SHAPE('Placement','Placement of an item',
  #5856);
#5856 = NEXT_ASSEMBLY_USAGE_OCCURRENCE('207','','',#5727,#5191,$);
#5857 = CONTEXT_DEPENDENT_SHAPE_REPRESENTATION(#5858,#5860);
#5858 = ( REPRESENTATION_RELATIONSHIP('','',#5196,#5732) 
REPRESENTATION_RELATIONSHIP_WITH_TRANSFORMATION(#5859) 
SHAPE_REPRESENTATION_RELATIONSHIP() );
#5859 = ITEM_DEFINED_TRANSFORMATION('','',#11,#5769);
#5860 = PRODUCT_DEFINITION_SHAPE('Placement','Placement of an item',
  #5861);
#5861 = NEXT_ASSEMBLY_USAGE_OCCURRENCE('208','','',#5727,#5191,$);
#5862 = CONTEXT_DEPENDENT_SHAPE_REPRESENTATION(#5863,#5865);
#5863 = ( REPRESENTATION_RELATIONSHIP('','',#5196,#5732) 
REPRESENTATION_RELATIONSHIP_WITH_TRANSFORMATION(#5864) 
SHAPE_REPRESENTATION_RELATIONSHIP() );
#5864 = ITEM_DEFINED_TRANSFORMATION('','',#11,#5773);
#5865 = PRODUCT_DEFINITION_SHAPE('Placement','Placement of an item',
  #5866);
#5866 = NEXT_ASSEMBLY_USAGE_OCCURRENCE('209','','',#5727,#5191,$);
#5867 = CONTEXT_DEPENDENT_SHAPE_REPRESENTATION(#5868,#5870);
#5868 = ( REPRESENTATION_RELATIONSHIP('','',#5196,#5732) 
REPRESENTATION_RELATIONSHIP_WITH_TRANSFORMATION(#5869) 
SHAPE_REPRESENTATION_RELATIONSHIP() );
#5869 = ITEM_DEFINED_TRANSFORMATION('','',#11,#5777);
#5870 = PRODUCT_DEFINITION_SHAPE('Placement','Placement of an item',
  #5871);
#5871 = NEXT_ASSEMBLY_USAGE_OCCURRENCE('210','','',#5727,#5191,$);
#5872 = CONTEXT_DEPENDENT_SHAPE_REPRESENTATION(#5873,#5875);
#5873 = ( REPRESENTATION_RELATIONSHIP('','',#5196,#5732) 
REPRESENTATION_RELATIONSHIP_WITH_TRANSFORMATION(#5874) 
SHAPE_REPRESENTATION_RELATIONSHIP() );
#5874 = ITEM_DEFINED_TRANSFORMATION('','',#11,#5781);
#5875 = PRODUCT_DEFINITION_SHAPE('Placement','Placement of an item',
  #5876);
#5876 = NEXT_ASSEMBLY_USAGE_OCCURRENCE('211','','',#5727,#5191,$);
#5877 = CONTEXT_DEPENDENT_SHAPE_REPRESENTATION(#5878,#5880);
#5878 = ( REPRESENTATION_RELATIONSHIP('','',#5196,#5732) 
REPRESENTATION_RELATIONSHIP_WITH_TRANSFORMATION(#5879) 
SHAPE_REPRESENTATION_RELATIONSHIP() );
#5879 = ITEM_DEFINED_TRANSFORMATION('','',#11,#5785);
#5880 = PRODUCT_DEFINITION_SHAPE('Placement','Placement of an item',
  #5881);
#5881 = NEXT_ASSEMBLY_USAGE_OCCURRENCE('212','','',#5727,#5191,$);
#5882 = CONTEXT_DEPENDENT_SHAPE_REPRESENTATION(#5883,#5885);
#5883 = ( REPRESENTATION_RELATIONSHIP('','',#5196,#5732) 
REPRESENTATION_RELATIONSHIP_WITH_TRANSFORMATION(#5884) 
SHAPE_REPRESENTATION_RELATIONSHIP() );
#5884 = ITEM_DEFINED_TRANSFORMATION('','',#11,#5789);
#5885 = PRODUCT_DEFINITION_SHAPE('Placement','Placement of an item',
  #5886);
#5886 = NEXT_ASSEMBLY_USAGE_OCCURRENCE('213','','',#5727,#5191,$);
#5887 = CONTEXT_DEPENDENT_SHAPE_REPRESENTATION(#5888,#5890);
#5888 = ( REPRESENTATION_RELATIONSHIP('','',#5196,#5732) 
REPRESENTATION_RELATIONSHIP_WITH_TRANSFORMATION(#5889) 
SHAPE_REPRESENTATION_RELATIONSHIP() );
#5889 = ITEM_DEFINED_TRANSFORMATION('','',#11,#5793);
#5890 = PRODUCT_DEFINITION_SHAPE('Placement','Placement of an item',
  #5891);
#5891 = NEXT_ASSEMBLY_USAGE_OCCURRENCE('214','','',#5727,#5191,$);
#5892 = CONTEXT_DEPENDENT_SHAPE_REPRESENTATION(#5893,#5895);
#5893 = ( REPRESENTATION_RELATIONSHIP('','',#5196,#5732) 
REPRESENTATION_RELATIONSHIP_WITH_TRANSFORMATION(#5894) 
SHAPE_REPRESENTATION_RELATIONSHIP() );
#5894 = ITEM_DEFINED_TRANSFORMATION('','',#11,#5797);
#5895 = PRODUCT_DEFINITION_SHAPE('Placement','Placement of an item',
  #5896);
#5896 = NEXT_ASSEMBLY_USAGE_OCCURRENCE('215','','',#5727,#5191,$);
#5897 = SHAPE_DEFINITION_REPRESENTATION(#5898,#5904);
#5898 = PRODUCT_DEFINITION_SHAPE('','',#5899);
#5899 = PRODUCT_DEFINITION('design','',#5900,#5903);
#5900 = PRODUCT_DEFINITION_FORMATION('','',#5901);
#5901 = PRODUCT('panel_8f_05','panel_8f_05','',(#5902));
#5902 = PRODUCT_CONTEXT('',#2,'mechanical');
#5903 = PRODUCT_DEFINITION_CONTEXT('part definition',#2,'design');
#5904 = SHAPE_REPRESENTATION('',(#11,#5905,#5909,#5913,#5917,#5921,#5925
    ,#5929,#5933,#5937,#5941,#5945,#5949,#5953,#5957,#5961,#5965,#5969),
  #5973);
#5905 = AXIS2_PLACEMENT_3D('',#5906,#5907,#5908);
#5906 = CARTESIAN_POINT('',(0.,0.,0.));
#5907 = DIRECTION('',(0.,0.,1.));
#5908 = DIRECTION('',(1.,0.,-0.));
#5909 = AXIS2_PLACEMENT_3D('',#5910,#5911,#5912);
#5910 = CARTESIAN_POINT('',(15.,20.,0.));
#5911 = DIRECTION('',(0.,0.,1.));
#5912 = DIRECTION('',(1.,0.,-0.));
#5913 = AXIS2_PLACEMENT_3D('',#5914,#5915,#5916);
#5914 = CARTESIAN_POINT('',(33.,20.,0.));
#5915 = DIRECTION('',(0.,0.,1.));
#5916 = DIRECTION('',(1.,0.,-0.));
#5917 = AXIS2_PLACEMENT_3D('',#5918,#5919,#5920);
#5918 = CARTESIAN_POINT('',(15.,40.,0.));
#5919 = DIRECTION('',(0.,0.,1.));
#5920 = DIRECTION('',(1.,0.,-0.));
#5921 = AXIS2_PLACEMENT_3D('',#5922,#5923,#5924);
#5922 = CARTESIAN_POINT('',(33.,40.,0.));
#5923 = DIRECTION('',(0.,0.,1.));
#5924 = DIRECTION('',(1.,0.,-0.));
#5925 = AXIS2_PLACEMENT_3D('',#5926,#5927,#5928);
#5926 = CARTESIAN_POINT('',(15.,60.,0.));
#5927 = DIRECTION('',(0.,0.,1.));
#5928 = DIRECTION('',(1.,0.,-0.));
#5929 = AXIS2_PLACEMENT_3D('',#5930,#5931,#5932);
#5930 = CARTESIAN_POINT('',(33.,60.,0.));
#5931 = DIRECTION('',(0.,0.,1.));
#5932 = DIRECTION('',(1.,0.,-0.));
#5933 = AXIS2_PLACEMENT_3D('',#5934,#5935,#5936);
#5934 = CARTESIAN_POINT('',(15.,80.,0.));
#5935 = DIRECTION('',(0.,0.,1.));
#5936 = DIRECTION('',(1.,0.,-0.));
#5937 = AXIS2_PLACEMENT_3D('',#5938,#5939,#5940);
#5938 = CARTESIAN_POINT('',(33.,80.,0.));
#5939 = DIRECTION('',(0.,0.,1.));
#5940 = DIRECTION('',(1.,0.,-0.));
#5941 = AXIS2_PLACEMENT_3D('',#5942,#5943,#5944);
#5942 = CARTESIAN_POINT('',(15.,100.,0.));
#5943 = DIRECTION('',(0.,0.,1.));
#5944 = DIRECTION('',(1.,0.,-0.));
#5945 = AXIS2_PLACEMENT_3D('',#5946,#5947,#5948);
#5946 = CARTESIAN_POINT('',(33.,100.,0.));
#5947 = DIRECTION('',(0.,0.,1.));
#5948 = DIRECTION('',(1.,0.,-0.));
#5949 = AXIS2_PLACEMENT_3D('',#5950,#5951,#5952);
#5950 = CARTESIAN_POINT('',(15.,120.,0.));
#5951 = DIRECTION('',(0.,0.,1.));
#5952 = DIRECTION('',(1.,0.,-0.));
#5953 = AXIS2_PLACEMENT_3D('',#5954,#5955,#5956);
#5954 = CARTESIAN_POINT('',(33.,120.,0.));
#5955 = DIRECTION('',(0.,0.,1.));
#5956 = DIRECTION('',(1.,0.,-0.));
#5957 = AXIS2_PLACEMENT_3D('',#5958,#5959,#5960);
#5958 = CARTESIAN_POINT('',(15.,140.,0.));
#5959 = DIRECTION('',(0.,0.,1.));
#5960 = DIRECTION('',(1.,0.,-0.));
#5961 = AXIS2_PLACEMENT_3D('',#5962,#5963,#5964);
#5962 = CARTESIAN_POINT('',(33.,140.,0.));
#5963 = DIRECTION('',(0.,0.,1.));
#5964 = DIRECTION('',(1.,0.,-0.));
#5965 = AXIS2_PLACEMENT_3D('',#5966,#5967,#5968);
#5966 = CARTESIAN_POINT('',(15.,160.,0.));
#5967 = DIRECTION('',(0.,0.,1.));
#5968 = DIRECTION('',(1.,0.,-0.));
#5969 = AXIS2_PLACEMENT_3D('',#5970,#5971,#5972);
#5970 = CARTESIAN_POINT('',(33.,160.,0.));
#5971 = DIRECTION('',(0.,0.,1.));
#5972 = DIRECTION('',(1.,0.,-0.));
#5973 = ( GEOMETRIC_REPRESENTATION_CONTEXT(3) 
GLOBAL_UNCERTAINTY_ASSIGNED_CONTEXT((#5977)) 
GLOBAL_UNIT_ASSIGNED_CONTEXT((#5974,#5975,#5976)) REPRESENTATION_CONTEXT
('Context #1','3D Context with UNIT and UNCERTAINTY') );
#5974 = ( LENGTH_UNIT() NAMED_UNIT(*) SI_UNIT(.MILLI.,.METRE.) );
#5975 = ( NAMED_UNIT(*) PLANE_ANGLE_UNIT() SI_UNIT($,.RADIAN.) );
#5976 = ( NAMED_UNIT(*) SI_UNIT($,.STERADIAN.) SOLID_ANGLE_UNIT() );
#5977 = UNCERTAINTY_MEASURE_WITH_UNIT(LENGTH_MEASURE(1.E-07),#5974,
  'distance_accuracy_value','confusion accuracy');
#5978 = CONTEXT_DEPENDENT_SHAPE_REPRESENTATION(#5979,#5981);
#5979 = ( REPRESENTATION_RELATIONSHIP('','',#5904,#10) 
REPRESENTATION_RELATIONSHIP_WITH_TRANSFORMATION(#5980) 
SHAPE_REPRESENTATION_RELATIONSHIP() );
#5980 = ITEM_DEFINED_TRANSFORMATION('','',#11,#31);
#5981 = PRODUCT_DEFINITION_SHAPE('Placement','Placement of an item',
  #5982);
#5982 = NEXT_ASSEMBLY_USAGE_OCCURRENCE('234','','',#5,#5899,$);
#5983 = PRODUCT_RELATED_PRODUCT_CATEGORY('part',$,(#5901));
#5984 = CONTEXT_DEPENDENT_SHAPE_REPRESENTATION(#5985,#5987);
#5985 = ( REPRESENTATION_RELATIONSHIP('','',#155,#5904) 
REPRESENTATION_RELATIONSHIP_WITH_TRANSFORMATION(#5986) 
SHAPE_REPRESENTATION_RELATIONSHIP() );
#5986 = ITEM_DEFINED_TRANSFORMATION('','',#11,#5905);
#5987 = PRODUCT_DEFINITION_SHAPE('Placement','Placement of an item',
  #5988);
#5988 = NEXT_ASSEMBLY_USAGE_OCCURRENCE('217','','',#5899,#150,$);
#5989 = CONTEXT_DEPENDENT_SHAPE_REPRESENTATION(#5990,#5992);
#5990 = ( REPRESENTATION_RELATIONSHIP('','',#5196,#5904) 
REPRESENTATION_RELATIONSHIP_WITH_TRANSFORMATION(#5991) 
SHAPE_REPRESENTATION_RELATIONSHIP() );
#5991 = ITEM_DEFINED_TRANSFORMATION('','',#11,#5909);
#5992 = PRODUCT_DEFINITION_SHAPE('Placement','Placement of an item',
  #5993);
#5993 = NEXT_ASSEMBLY_USAGE_OCCURRENCE('218','','',#5899,#5191,$);
#5994 = CONTEXT_DEPENDENT_SHAPE_REPRESENTATION(#5995,#5997);
#5995 = ( REPRESENTATION_RELATIONSHIP('','',#5196,#5904) 
REPRESENTATION_RELATIONSHIP_WITH_TRANSFORMATION(#5996) 
SHAPE_REPRESENTATION_RELATIONSHIP() );
#5996 = ITEM_DEFINED_TRANSFORMATION('','',#11,#5913);
#5997 = PRODUCT_DEFINITION_SHAPE('Placement','Placement of an item',
  #5998);
#5998 = NEXT_ASSEMBLY_USAGE_OCCURRENCE('219','','',#5899,#5191,$);
#5999 = CONTEXT_DEPENDENT_SHAPE_REPRESENTATION(#6000,#6002);
#6000 = ( REPRESENTATION_RELATIONSHIP('','',#5196,#5904) 
REPRESENTATION_RELATIONSHIP_WITH_TRANSFORMATION(#6001) 
SHAPE_REPRESENTATION_RELATIONSHIP() );
#6001 = ITEM_DEFINED_TRANSFORMATION('','',#11,#5917);
#6002 = PRODUCT_DEFINITION_SHAPE('Placement','Placement of an item',
  #6003);
#6003 = NEXT_ASSEMBLY_USAGE_OCCURRENCE('220','','',#5899,#5191,$);
#6004 = CONTEXT_DEPENDENT_SHAPE_REPRESENTATION(#6005,#6007);
#6005 = ( REPRESENTATION_RELATIONSHIP('','',#5196,#5904) 
REPRESENTATION_RELATIONSHIP_WITH_TRANSFORMATION(#6006) 
SHAPE_REPRESENTATION_RELATIONSHIP() );
#6006 = ITEM_DEFINED_TRANSFORMATION('','',#11,#5921);
#6007 = PRODUCT_DEFINITION_SHAPE('Placement','Placement of an item',
  #6008);
#6008 = NEXT_ASSEMBLY_USAGE_OCCURRENCE('221','','',#5899,#5191,$);
#6009 = CONTEXT_DEPENDENT_SHAPE_REPRESENTATION(#6010,#6012);
#6010 = ( REPRESENTATION_RELATIONSHIP('','',#5196,#5904) 
REPRESENTATION_RELATIONSHIP_WITH_TRANSFORMATION(#6011) 
SHAPE_REPRESENTATION_RELATIONSHIP() );
#6011 = ITEM_DEFINED_TRANSFORMATION('','',#11,#5925);
#6012 = PRODUCT_DEFINITION_SHAPE('Placement','Placement of an item',
  #6013);
#6013 = NEXT_ASSEMBLY_USAGE_OCCURRENCE('222','','',#5899,#5191,$);
#6014 = CONTEXT_DEPENDENT_SHAPE_REPRESENTATION(#6015,#6017);
#6015 = ( REPRESENTATION_RELATIONSHIP('','',#5196,#5904) 
REPRESENTATION_RELATIONSHIP_WITH_TRANSFORMATION(#6016) 
SHAPE_REPRESENTATION_RELATIONSHIP() );
#6016 = ITEM_DEFINED_TRANSFORMATION('','',#11,#5929);
#6017 = PRODUCT_DEFINITION_SHAPE('Placement','Placement of an item',
  #6018);
#6018 = NEXT_ASSEMBLY_USAGE_OCCURRENCE('223','','',#5899,#5191,$);
#6019 = CONTEXT_DEPENDENT_SHAPE_REPRESENTATION(#6020,#6022);
#6020 = ( REPRESENTATION_RELATIONSHIP('','',#5196,#5904) 
REPRESENTATION_RELATIONSHIP_WITH_TRANSFORMATION(#6021) 
SHAPE_REPRESENTATION_RELATIONSHIP() );
#6021 = ITEM_DEFINED_TRANSFORMATION('','',#11,#5933);
#6022 = PRODUCT_DEFINITION_SHAPE('Placement','Placement of an item',
  #6023);
#6023 = NEXT_ASSEMBLY_USAGE_OCCURRENCE('224','','',#5899,#5191,$);
#6024 = CONTEXT_DEPENDENT_SHAPE_REPRESENTATION(#6025,#6027);
#6025 = ( REPRESENTATION_RELATIONSHIP('','',#5196,#5904) 
REPRESENTATION_RELATIONSHIP_WITH_TRANSFORMATION(#6026) 
SHAPE_REPRESENTATION_RELATIONSHIP() );
#6026 = ITEM_DEFINED_TRANSFORMATION('','',#11,#5937);
#6027 = PRODUCT_DEFINITION_SHAPE('Placement','Placement of an item',
  #6028);
#6028 = NEXT_ASSEMBLY_USAGE_OCCURRENCE('225','','',#5899,#5191,$);
#6029 = CONTEXT_DEPENDENT_SHAPE_REPRESENTATION(#6030,#6032);
#6030 = ( REPRESENTATION_RELATIONSHIP('','',#5196,#5904) 
REPRESENTATION_RELATIONSHIP_WITH_TRANSFORMATION(#6031) 
SHAPE_REPRESENTATION_RELATIONSHIP() );
#6031 = ITEM_DEFINED_TRANSFORMATION('','',#11,#5941);
#6032 = PRODUCT_DEFINITION_SHAPE('Placement','Placement of an item',
  #6033);
#6033 = NEXT_ASSEMBLY_USAGE_OCCURRENCE('226','','',#5899,#5191,$);
#6034 = CONTEXT_DEPENDENT_SHAPE_REPRESENTATION(#6035,#6037);
#6035 = ( REPRESENTATION_RELATIONSHIP('','',#5196,#5904) 
REPRESENTATION_RELATIONSHIP_WITH_TRANSFORMATION(#6036) 
SHAPE_REPRESENTATION_RELATIONSHIP() );
#6036 = ITEM_DEFINED_TRANSFORMATION('','',#11,#5945);
#6037 = PRODUCT_DEFINITION_SHAPE('Placement','Placement of an item',
  #6038);
#6038 = NEXT_ASSEMBLY_USAGE_OCCURRENCE('227','','',#5899,#5191,$);
#6039 = CONTEXT_DEPENDENT_SHAPE_REPRESENTATION(#6040,#6042);
#6040 = ( REPRESENTATION_RELATIONSHIP('','',#5196,#5904) 
REPRESENTATION_RELATIONSHIP_WITH_TRANSFORMATION(#6041) 
SHAPE_REPRESENTATION_RELATIONSHIP() );
#6041 = ITEM_DEFINED_TRANSFORMATION('','',#11,#5949);
#6042 = PRODUCT_DEFINITION_SHAPE('Placement','Placement of an item',
  #6043);
#6043 = NEXT_ASSEMBLY_USAGE_OCCURRENCE('228','','',#5899,#5191,$);
#6044 = CONTEXT_DEPENDENT_SHAPE_REPRESENTATION(#6045,#6047);
#6045 = ( REPRESENTATION_RELATIONSHIP('','',#5196,#5904) 
REPRESENTATION_RELATIONSHIP_WITH_TRANSFORMATION(#6046) 
SHAPE_REPRESENTATION_RELATIONSHIP() );
#6046 = ITEM_DEFINED_TRANSFORMATION('','',#11,#5953);
#6047 = PRODUCT_DEFINITION_SHAPE('Placement','Placement of an item',
  #6048);
#6048 = NEXT_ASSEMBLY_USAGE_OCCURRENCE('229','','',#5899,#5191,$);
#6049 = CONTEXT_DEPENDENT_SHAPE_REPRESENTATION(#6050,#6052);
#6050 = ( REPRESENTATION_RELATIONSHIP('','',#5196,#5904) 
REPRESENTATION_RELATIONSHIP_WITH_TRANSFORMATION(#6051) 
SHAPE_REPRESENTATION_RELATIONSHIP() );
#6051 = ITEM_DEFINED_TRANSFORMATION('','',#11,#5957);
#6052 = PRODUCT_DEFINITION_SHAPE('Placement','Placement of an item',
  #6053);
#6053 = NEXT_ASSEMBLY_USAGE_OCCURRENCE('230','','',#5899,#5191,$);
#6054 = CONTEXT_DEPENDENT_SHAPE_REPRESENTATION(#6055,#6057);
#6055 = ( REPRESENTATION_RELATIONSHIP('','',#5196,#5904) 
REPRESENTATION_RELATIONSHIP_WITH_TRANSFORMATION(#6056) 
SHAPE_REPRESENTATION_RELATIONSHIP() );
#6056 = ITEM_DEFINED_TRANSFORMATION('','',#11,#5961);
#6057 = PRODUCT_DEFINITION_SHAPE('Placement','Placement of an item',
  #6058);
#6058 = NEXT_ASSEMBLY_USAGE_OCCURRENCE('231','','',#5899,#5191,$);
#6059 = CONTEXT_DEPENDENT_SHAPE_REPRESENTATION(#6060,#6062);
#6060 = ( REPRESENTATION_RELATIONSHIP('','',#5196,#5904) 
REPRESENTATION_RELATIONSHIP_WITH_TRANSFORMATION(#6061) 
SHAPE_REPRESENTATION_RELATIONSHIP() );
#6061 = ITEM_DEFINED_TRANSFORMATION('','',#11,#5965);
#6062 = PRODUCT_DEFINITION_SHAPE('Placement','Placement of an item',
  #6063);
#6063 = NEXT_ASSEMBLY_USAGE_OCCURRENCE('232','','',#5899,#5191,$);
#6064 = CONTEXT_DEPENDENT_SHAPE_REPRESENTATION(#6065,#6067);
#6065 = ( REPRESENTATION_RELATIONSHIP('','',#5196,#5904) 
REPRESENTATION_RELATIONSHIP_WITH_TRANSFORMATION(#6066) 
SHAPE_REPRESENTATION_RELATIONSHIP() );
#6066 = ITEM_DEFINED_TRANSFORMATION('','',#11,#5969);
#6067 = PRODUCT_DEFINITION_SHAPE('Placement','Placement of an item',
  #6068);
#6068 = NEXT_ASSEMBLY_USAGE_OCCURRENCE('233','','',#5899,#5191,$);
#6069 = SHAPE_DEFINITION_REPRESENTATION(#6070,#6076);
#6070 = PRODUCT_DEFINITION_SHAPE('','',#6071);
#6071 = PRODUCT_DEFINITION('design','',#6072,#6075);
#6072 = PRODUCT_DEFINITION_FORMATION('','',#6073);
#6073 = PRODUCT('panel_8f_06','panel_8f_06','',(#6074));
#6074 = PRODUCT_CONTEXT('',#2,'mechanical');
#6075 = PRODUCT_DEFINITION_CONTEXT('part definition',#2,'design');
#6076 = SHAPE_REPRESENTATION('',(#11,#6077,#6081,#6085,#6089,#6093,#6097
    ,#6101,#6105,#6109,#6113,#6117,#6121,#6125,#6129,#6133,#6137,#6141),
  #6145);
#6077 = AXIS2_PLACEMENT_3D('',#6078,#6079,#6080);
#6078 = CARTESIAN_POINT('',(0.,0.,0.));
#6079 = DIRECTION('',(0.,0.,1.));
#6080 = DIRECTION('',(1.,0.,-0.));
#6081 = AXIS2_PLACEMENT_3D('',#6082,#6083,#6084);
#6082 = CARTESIAN_POINT('',(15.,20.,0.));
#6083 = DIRECTION('',(0.,0.,1.));
#6084 = DIRECTION('',(1.,0.,-0.));
#6085 = AXIS2_PLACEMENT_3D('',#6086,#6087,#6088);
#6086 = CARTESIAN_POINT('',(33.,20.,0.));
#6087 = DIRECTION('',(0.,0.,1.));
#6088 = DIRECTION('',(1.,0.,-0.));
#6089 = AXIS2_PLACEMENT_3D('',#6090,#6091,#6092);
#6090 = CARTESIAN_POINT('',(15.,40.,0.));
#6091 = DIRECTION('',(0.,0.,1.));
#6092 = DIRECTION('',(1.,0.,-0.));
#6093 = AXIS2_PLACEMENT_3D('',#6094,#6095,#6096);
#6094 = CARTESIAN_POINT('',(33.,40.,0.));
#6095 = DIRECTION('',(0.,0.,1.));
#6096 = DIRECTION('',(1.,0.,-0.));
#6097 = AXIS2_PLACEMENT_3D('',#6098,#6099,#6100);
#6098 = CARTESIAN_POINT('',(15.,60.,0.));
#6099 = DIRECTION('',(0.,0.,1.));
#6100 = DIRECTION('',(1.,0.,-0.));
#6101 = AXIS2_PLACEMENT_3D('',#6102,#6103,#6104);
#6102 = CARTESIAN_POINT('',(33.,60.,0.));
#6103 = DIRECTION('',(0.,0.,1.));
#6104 = DIRECTION('',(1.,0.,-0.));
#6105 = AXIS2_PLACEMENT_3D('',#6106,#6107,#6108);
#6106 = CARTESIAN_POINT('',(15.,80.,0.));
#6107 = DIRECTION('',(0.,0.,1.));
#6108 = DIRECTION('',(1.,0.,-0.));
#6109 = AXIS2_PLACEMENT_3D('',#6110,#6111,#6112);
#6110 = CARTESIAN_POINT('',(33.,80.,0.));
#6111 = DIRECTION('',(0.,0.,1.));
#6112 = DIRECTION('',(1.,0.,-0.));
#6113 = AXIS2_PLACEMENT_3D('',#6114,#6115,#6116);
#6114 = CARTESIAN_POINT('',(15.,100.,0.));
#6115 = DIRECTION('',(0.,0.,1.));
#6116 = DIRECTION('',(1.,0.,-0.));
#6117 = AXIS2_PLACEMENT_3D('',#6118,#6119,#6120);
#6118 = CARTESIAN_POINT('',(33.,100.,0.));
#6119 = DIRECTION('',(0.,0.,1.));
#6120 = DIRECTION('',(1.,0.,-0.));
#6121 = AXIS2_PLACEMENT_3D('',#6122,#6123,#6124);
#6122 = CARTESIAN_POINT('',(15.,120.,0.));
#6123 = DIRECTION('',(0.,0.,1.));
#6124 = DIRECTION('',(1.,0.,-0.));
#6125 = AXIS2_PLACEMENT_3D('',#6126,#6127,#6128);
#6126 = CARTESIAN_POINT('',(33.,120.,0.));
#6127 = DIRECTION('',(0.,0.,1.));
#6128 = DIRECTION('',(1.,0.,-0.));
#6129 = AXIS2_PLACEMENT_3D('',#6130,#6131,#6132);
#6130 = CARTESIAN_POINT('',(15.,140.,0.));
#6131 = DIRECTION('',(0.,0.,1.));
#6132 = DIRECTION('',(1.,0.,-0.));
#6133 = AXIS2_PLACEMENT_3D('',#6134,#6135,#6136);
#6134 = CARTESIAN_POINT('',(33.,140.,0.));
#6135 = DIRECTION('',(0.,0.,1.));
#6136 = DIRECTION('',(1.,0.,-0.));
#6137 = AXIS2_PLACEMENT_3D('',#6138,#6139,#6140);
#6138 = CARTESIAN_POINT('',(15.,160.,0.));
#6139 = DIRECTION('',(0.,0.,1.));
#6140 = DIRECTION('',(1.,0.,-0.));
#6141 = AXIS2_PLACEMENT_3D('',#6142,#6143,#6144);
#6142 = CARTESIAN_POINT('',(33.,160.,0.));
#6143 = DIRECTION('',(0.,0.,1.));
#6144 = DIRECTION('',(1.,0.,-0.));
#6145 = ( GEOMETRIC_REPRESENTATION_CONTEXT(3) 
GLOBAL_UNCERTAINTY_ASSIGNED_CONTEXT((#6149)) 
GLOBAL_UNIT_ASSIGNED_CONTEXT((#6146,#6147,#6148)) REPRESENTATION_CONTEXT
('Context #1','3D Context with UNIT and UNCERTAINTY') );
#6146 = ( LENGTH_UNIT() NAMED_UNIT(*) SI_UNIT(.MILLI.,.METRE.) );
#6147 = ( NAMED_UNIT(*) PLANE_ANGLE_UNIT() SI_UNIT($,.RADIAN.) );
#6148 = ( NAMED_UNIT(*) SI_UNIT($,.STERADIAN.) SOLID_ANGLE_UNIT() );
#6149 = UNCERTAINTY_MEASURE_WITH_UNIT(LENGTH_MEASURE(1.E-07),#6146,
  'distance_accuracy_value','confusion accuracy');
#6150 = CONTEXT_DEPENDENT_SHAPE_REPRESENTATION(#6151,#6153);
#6151 = ( REPRESENTATION_RELATIONSHIP('','',#6076,#10) 
REPRESENTATION_RELATIONSHIP_WITH_TRANSFORMATION(#6152) 
SHAPE_REPRESENTATION_RELATIONSHIP() );
#6152 = ITEM_DEFINED_TRANSFORMATION('','',#11,#35);
#6153 = PRODUCT_DEFINITION_SHAPE('Placement','Placement of an item',
  #6154);
#6154 = NEXT_ASSEMBLY_USAGE_OCCURRENCE('252','','',#5,#6071,$);
#6155 = PRODUCT_RELATED_PRODUCT_CATEGORY('part',$,(#6073));
#6156 = CONTEXT_DEPENDENT_SHAPE_REPRESENTATION(#6157,#6159);
#6157 = ( REPRESENTATION_RELATIONSHIP('','',#155,#6076) 
REPRESENTATION_RELATIONSHIP_WITH_TRANSFORMATION(#6158) 
SHAPE_REPRESENTATION_RELATIONSHIP() );
#6158 = ITEM_DEFINED_TRANSFORMATION('','',#11,#6077);
#6159 = PRODUCT_DEFINITION_SHAPE('Placement','Placement of an item',
  #6160);
#6160 = NEXT_ASSEMBLY_USAGE_OCCURRENCE('235','','',#6071,#150,$);
#6161 = CONTEXT_DEPENDENT_SHAPE_REPRESENTATION(#6162,#6164);
#6162 = ( REPRESENTATION_RELATIONSHIP('','',#5196,#6076) 
REPRESENTATION_RELATIONSHIP_WITH_TRANSFORMATION(#6163) 
SHAPE_REPRESENTATION_RELATIONSHIP() );
#6163 = ITEM_DEFINED_TRANSFORMATION('','',#11,#6081);
#6164 = PRODUCT_DEFINITION_SHAPE('Placement','Placement of an item',
  #6165);
#6165 = NEXT_ASSEMBLY_USAGE_OCCURRENCE('236','','',#6071,#5191,$);
#6166 = CONTEXT_DEPENDENT_SHAPE_REPRESENTATION(#6167,#6169);
#6167 = ( REPRESENTATION_RELATIONSHIP('','',#5196,#6076) 
REPRESENTATION_RELATIONSHIP_WITH_TRANSFORMATION(#6168) 
SHAPE_REPRESENTATION_RELATIONSHIP() );
#6168 = ITEM_DEFINED_TRANSFORMATION('','',#11,#6085);
#6169 = PRODUCT_DEFINITION_SHAPE('Placement','Placement of an item',
  #6170);
#6170 = NEXT_ASSEMBLY_USAGE_OCCURRENCE('237','','',#6071,#5191,$);
#6171 = CONTEXT_DEPENDENT_SHAPE_REPRESENTATION(#6172,#6174);
#6172 = ( REPRESENTATION_RELATIONSHIP('','',#5196,#6076) 
REPRESENTATION_RELATIONSHIP_WITH_TRANSFORMATION(#6173) 
SHAPE_REPRESENTATION_RELATIONSHIP() );
#6173 = ITEM_DEFINED_TRANSFORMATION('','',#11,#6089);
#6174 = PRODUCT_DEFINITION_SHAPE('Placement','Placement of an item',
  #6175);
#6175 = NEXT_ASSEMBLY_USAGE_OCCURRENCE('238','','',#6071,#5191,$);
#6176 = CONTEXT_DEPENDENT_SHAPE_REPRESENTATION(#6177,#6179);
#6177 = ( REPRESENTATION_RELATIONSHIP('','',#5196,#6076) 
REPRESENTATION_RELATIONSHIP_WITH_TRANSFORMATION(#6178) 
SHAPE_REPRESENTATION_RELATIONSHIP() );
#6178 = ITEM_DEFINED_TRANSFORMATION('','',#11,#6093);
#6179 = PRODUCT_DEFINITION_SHAPE('Placement','Placement of an item',
  #6180);
#6180 = NEXT_ASSEMBLY_USAGE_OCCURRENCE('239','','',#6071,#5191,$);
#6181 = CONTEXT_DEPENDENT_SHAPE_REPRESENTATION(#6182,#6184);
#6182 = ( REPRESENTATION_RELATIONSHIP('','',#5196,#6076) 
REPRESENTATION_RELATIONSHIP_WITH_TRANSFORMATION(#6183) 
SHAPE_REPRESENTATION_RELATIONSHIP() );
#6183 = ITEM_DEFINED_TRANSFORMATION('','',#11,#6097);
#6184 = PRODUCT_DEFINITION_SHAPE('Placement','Placement of an item',
  #6185);
#6185 = NEXT_ASSEMBLY_USAGE_OCCURRENCE('240','','',#6071,#5191,$);
#6186 = CONTEXT_DEPENDENT_SHAPE_REPRESENTATION(#6187,#6189);
#6187 = ( REPRESENTATION_RELATIONSHIP('','',#5196,#6076) 
REPRESENTATION_RELATIONSHIP_WITH_TRANSFORMATION(#6188) 
SHAPE_REPRESENTATION_RELATIONSHIP() );
#6188 = ITEM_DEFINED_TRANSFORMATION('','',#11,#6101);
#6189 = PRODUCT_DEFINITION_SHAPE('Placement','Placement of an item',
  #6190);
#6190 = NEXT_ASSEMBLY_USAGE_OCCURRENCE('241','','',#6071,#5191,$);
#6191 = CONTEXT_DEPENDENT_SHAPE_REPRESENTATION(#6192,#6194);
#6192 = ( REPRESENTATION_RELATIONSHIP('','',#5196,#6076) 
REPRESENTATION_RELATIONSHIP_WITH_TRANSFORMATION(#6193) 
SHAPE_REPRESENTATION_RELATIONSHIP() );
#6193 = ITEM_DEFINED_TRANSFORMATION('','',#11,#6105);
#6194 = PRODUCT_DEFINITION_SHAPE('Placement','Placement of an item',
  #6195);
#6195 = NEXT_ASSEMBLY_USAGE_OCCURRENCE('242','','',#6071,#5191,$);
#6196 = CONTEXT_DEPENDENT_SHAPE_REPRESENTATION(#6197,#6199);
#6197 = ( REPRESENTATION_RELATIONSHIP('','',#5196,#6076) 
REPRESENTATION_RELATIONSHIP_WITH_TRANSFORMATION(#6198) 
SHAPE_REPRESENTATION_RELATIONSHIP() );
#6198 = ITEM_DEFINED_TRANSFORMATION('','',#11,#6109);
#6199 = PRODUCT_DEFINITION_SHAPE('Placement','Placement of an item',
  #6200);
#6200 = NEXT_ASSEMBLY_USAGE_OCCURRENCE('243','','',#6071,#5191,$);
#6201 = CONTEXT_DEPENDENT_SHAPE_REPRESENTATION(#6202,#6204);
#6202 = ( REPRESENTATION_RELATIONSHIP('','',#5196,#6076) 
REPRESENTATION_RELATIONSHIP_WITH_TRANSFORMATION(#6203) 
SHAPE_REPRESENTATION_RELATIONSHIP() );
#6203 = ITEM_DEFINED_TRANSFORMATION('','',#11,#6113);
#6204 = PRODUCT_DEFINITION_SHAPE('Placement','Placement of an item',
  #6205);
#6205 = NEXT_ASSEMBLY_USAGE_OCCURRENCE('244','','',#6071,#5191,$);
#6206 = CONTEXT_DEPENDENT_SHAPE_REPRESENTATION(#6207,#6209);
#6207 = ( REPRESENTATION_RELATIONSHIP('','',#5196,#6076) 
REPRESENTATION_RELATIONSHIP_WITH_TRANSFORMATION(#6208) 
SHAPE_REPRESENTATION_RELATIONSHIP() );
#6208 = ITEM_DEFINED_TRANSFORMATION('','',#11,#6117);
#6209 = PRODUCT_DEFINITION_SHAPE('Placement','Placement of an item',
  #6210);
#6210 = NEXT_ASSEMBLY_USAGE_OCCURRENCE('245','','',#6071,#5191,$);
#6211 = CONTEXT_DEPENDENT_SHAPE_REPRESENTATION(#6212,#6214);
#6212 = ( REPRESENTATION_RELATIONSHIP('','',#5196,#6076) 
REPRESENTATION_RELATIONSHIP_WITH_TRANSFORMATION(#6213) 
SHAPE_REPRESENTATION_RELATIONSHIP() );
#6213 = ITEM_DEFINED_TRANSFORMATION('','',#11,#6121);
#6214 = PRODUCT_DEFINITION_SHAPE('Placement','Placement of an item',
  #6215);
#6215 = NEXT_ASSEMBLY_USAGE_OCCURRENCE('246','','',#6071,#5191,$);
#6216 = CONTEXT_DEPENDENT_SHAPE_REPRESENTATION(#6217,#6219);
#6217 = ( REPRESENTATION_RELATIONSHIP('','',#5196,#6076) 
REPRESENTATION_RELATIONSHIP_WITH_TRANSFORMATION(#6218) 
SHAPE_REPRESENTATION_RELATIONSHIP() );
#6218 = ITEM_DEFINED_TRANSFORMATION('','',#11,#6125);
#6219 = PRODUCT_DEFINITION_SHAPE('Placement','Placement of an item',
  #6220);
#6220 = NEXT_ASSEMBLY_USAGE_OCCURRENCE('247','','',#6071,#5191,$);
#6221 = CONTEXT_DEPENDENT_SHAPE_REPRESENTATION(#6222,#6224);
#6222 = ( REPRESENTATION_RELATIONSHIP('','',#5196,#6076) 
REPRESENTATION_RELATIONSHIP_WITH_TRANSFORMATION(#6223) 
SHAPE_REPRESENTATION_RELATIONSHIP() );
#6223 = ITEM_DEFINED_TRANSFORMATION('','',#11,#6129);
#6224 = PRODUCT_DEFINITION_SHAPE('Placement','Placement of an item',
  #6225);
#6225 = NEXT_ASSEMBLY_USAGE_OCCURRENCE('248','','',#6071,#5191,$);
#6226 = CONTEXT_DEPENDENT_SHAPE_REPRESENTATION(#6227,#6229);
#6227 = ( REPRESENTATION_RELATIONSHIP('','',#5196,#6076) 
REPRESENTATION_RELATIONSHIP_WITH_TRANSFORMATION(#6228) 
SHAPE_REPRESENTATION_RELATIONSHIP() );
#6228 = ITEM_DEFINED_TRANSFORMATION('','',#11,#6133);
#6229 = PRODUCT_DEFINITION_SHAPE('Placement','Placement of an item',
  #6230);
#6230 = NEXT_ASSEMBLY_USAGE_OCCURRENCE('249','','',#6071,#5191,$);
#6231 = CONTEXT_DEPENDENT_SHAPE_REPRESENTATION(#6232,#6234);
#6232 = ( REPRESENTATION_RELATIONSHIP('','',#5196,#6076) 
REPRESENTATION_RELATIONSHIP_WITH_TRANSFORMATION(#6233) 
SHAPE_REPRESENTATION_RELATIONSHIP() );
#6233 = ITEM_DEFINED_TRANSFORMATION('','',#11,#6137);
#6234 = PRODUCT_DEFINITION_SHAPE('Placement','Placement of an item',
  #6235);
#6235 = NEXT_ASSEMBLY_USAGE_OCCURRENCE('250','','',#6071,#5191,$);
#6236 = CONTEXT_DEPENDENT_SHAPE_REPRESENTATION(#6237,#6239);
#6237 = ( REPRESENTATION_RELATIONSHIP('','',#5196,#6076) 
REPRESENTATION_RELATIONSHIP_WITH_TRANSFORMATION(#6238) 
SHAPE_REPRESENTATION_RELATIONSHIP() );
#6238 = ITEM_DEFINED_TRANSFORMATION('','',#11,#6141);
#6239 = PRODUCT_DEFINITION_SHAPE('Placement','Placement of an item',
  #6240);
#6240 = NEXT_ASSEMBLY_USAGE_OCCURRENCE('251','','',#6071,#5191,$);
#6241 = SHAPE_DEFINITION_REPRESENTATION(#6242,#6248);
#6242 = PRODUCT_DEFINITION_SHAPE('','',#6243);
#6243 = PRODUCT_DEFINITION('design','',#6244,#6247);
#6244 = PRODUCT_DEFINITION_FORMATION('','',#6245);
#6245 = PRODUCT('panel_8f_07','panel_8f_07','',(#6246));
#6246 = PRODUCT_CONTEXT('',#2,'mechanical');
#6247 = PRODUCT_DEFINITION_CONTEXT('part definition',#2,'design');
#6248 = SHAPE_REPRESENTATION('',(#11,#6249,#6253,#6257,#6261,#6265,#6269
    ,#6273,#6277,#6281,#6285,#6289,#6293,#6297,#6301,#6305,#6309,#6313),
  #6317);
#6249 = AXIS2_PLACEMENT_3D('',#6250,#6251,#6252);
#6250 = CARTESIAN_POINT('',(0.,0.,0.));
#6251 = DIRECTION('',(0.,0.,1.));
#6252 = DIRECTION('',(1.,0.,-0.));
#6253 = AXIS2_PLACEMENT_3D('',#6254,#6255,#6256);
#6254 = CARTESIAN_POINT('',(15.,20.,0.));
#6255 = DIRECTION('',(0.,0.,1.));
#6256 = DIRECTION('',(1.,0.,-0.));
#6257 = AXIS2_PLACEMENT_3D('',#6258,#6259,#6260);
#6258 = CARTESIAN_POINT('',(33.,20.,0.));
#6259 = DIRECTION('',(0.,0.,1.));
#6260 = DIRECTION('',(1.,0.,-0.));
#6261 = AXIS2_PLACEMENT_3D('',#6262,#6263,#6264);
#6262 = CARTESIAN_POINT('',(15.,40.,0.));
#6263 = DIRECTION('',(0.,0.,1.));
#6264 = DIRECTION('',(1.,0.,-0.));
#6265 = AXIS2_PLACEMENT_3D('',#6266,#6267,#6268);
#6266 = CARTESIAN_POINT('',(33.,40.,0.));
#6267 = DIRECTION('',(0.,0.,1.));
#6268 = DIRECTION('',(1.,0.,-0.));
#6269 = AXIS2_PLACEMENT_3D('',#6270,#6271,#6272);
#6270 = CARTESIAN_POINT('',(15.,60.,0.));
#6271 = DIRECTION('',(0.,0.,1.));
#6272 = DIRECTION('',(1.,0.,-0.));
#6273 = AXIS2_PLACEMENT_3D('',#6274,#6275,#6276);
#6274 = CARTESIAN_POINT('',(33.,60.,0.));
#6275 = DIRECTION('',(0.,0.,1.));
#6276 = DIRECTION('',(1.,0.,-0.));
#6277 = AXIS2_PLACEMENT_3D('',#6278,#6279,#6280);
#6278 = CARTESIAN_POINT('',(15.,80.,0.));
#6279 = DIRECTION('',(0.,0.,1.));
#6280 = DIRECTION('',(1.,0.,-0.));
#6281 = AXIS2_PLACEMENT_3D('',#6282,#6283,#6284);
#6282 = CARTESIAN_POINT('',(33.,80.,0.));
#6283 = DIRECTION('',(0.,0.,1.));
#6284 = DIRECTION('',(1.,0.,-0.));
#6285 = AXIS2_PLACEMENT_3D('',#6286,#6287,#6288);
#6286 = CARTESIAN_POINT('',(15.,100.,0.));
#6287 = DIRECTION('',(0.,0.,1.));
#6288 = DIRECTION('',(1.,0.,-0.));
#6289 = AXIS2_PLACEMENT_3D('',#6290,#6291,#6292);
#6290 = CARTESIAN_POINT('',(33.,100.,0.));
#6291 = DIRECTION('',(0.,0.,1.));
#6292 = DIRECTION('',(1.,0.,-0.));
#6293 = AXIS2_PLACEMENT_3D('',#6294,#6295,#6296);
#6294 = CARTESIAN_POINT('',(15.,120.,0.));
#6295 = DIRECTION('',(0.,0.,1.));
#6296 = DIRECTION('',(1.,0.,-0.));
#6297 = AXIS2_PLACEMENT_3D('',#6298,#6299,#6300);
#6298 = CARTESIAN_POINT('',(33.,120.,0.));
#6299 = DIRECTION('',(0.,0.,1.));
#6300 = DIRECTION('',(1.,0.,-0.));
#6301 = AXIS2_PLACEMENT_3D('',#6302,#6303,#6304);
#6302 = CARTESIAN_POINT('',(15.,140.,0.));
#6303 = DIRECTION('',(0.,0.,1.));
#6304 = DIRECTION('',(1.,0.,-0.));
#6305 = AXIS2_PLACEMENT_3D('',#6306,#6307,#6308);
#6306 = CARTESIAN_POINT('',(33.,140.,0.));
#6307 = DIRECTION('',(0.,0.,1.));
#6308 = DIRECTION('',(1.,0.,-0.));
#6309 = AXIS2_PLACEMENT_3D('',#6310,#6311,#6312);
#6310 = CARTESIAN_POINT('',(15.,160.,0.));
#6311 = DIRECTION('',(0.,0.,1.));
#6312 = DIRECTION('',(1.,0.,-0.));
#6313 = AXIS2_PLACEMENT_3D('',#6314,#6315,#6316);
#6314 = CARTESIAN_POINT('',(33.,160.,0.));
#6315 = DIRECTION('',(0.,0.,1.));
#6316 = DIRECTION('',(1.,0.,-0.));
#6317 = ( GEOMETRIC_REPRESENTATION_CONTEXT(3) 
GLOBAL_UNCERTAINTY_ASSIGNED_CONTEXT((#6321)) 
GLOBAL_UNIT_ASSIGNED_CONTEXT((#6318,#6319,#6320)) REPRESENTATION_CONTEXT
('Context #1','3D Context with UNIT and UNCERTAINTY') );
#6318 = ( LENGTH_UNIT() NAMED_UNIT(*) SI_UNIT(.MILLI.,.METRE.) );
#6319 = ( NAMED_UNIT(*) PLANE_ANGLE_UNIT() SI_UNIT($,.RADIAN.) );
#6320 = ( NAMED_UNIT(*) SI_UNIT($,.STERADIAN.) SOLID_ANGLE_UNIT() );
#6321 = UNCERTAINTY_MEASURE_WITH_UNIT(LENGTH_MEASURE(1.E-07),#6318,
  'distance_accuracy_value','confusion accuracy');
#6322 = CONTEXT_DEPENDENT_SHAPE_REPRESENTATION(#6323,#6325);
#6323 = ( REPRESENTATION_RELATIONSHIP('','',#6248,#10) 
REPRESENTATION_RELATIONSHIP_WITH_TRANSFORMATION(#6324) 
SHAPE_REPRESENTATION_RELATIONSHIP() );
#6324 = ITEM_DEFINED_TRANSFORMATION('','',#11,#39);
#6325 = PRODUCT_DEFINITION_SHAPE('Placement','Placement of an item',
  #6326);
#6326 = NEXT_ASSEMBLY_USAGE_OCCURRENCE('270','','',#5,#6243,$);
#6327 = PRODUCT_RELATED_PRODUCT_CATEGORY('part',$,(#6245));
#6328 = CONTEXT_DEPENDENT_SHAPE_REPRESENTATION(#6329,#6331);
#6329 = ( REPRESENTATION_RELATIONSHIP('','',#155,#6248) 
REPRESENTATION_RELATIONSHIP_WITH_TRANSFORMATION(#6330) 
SHAPE_REPRESENTATION_RELATIONSHIP() );
#6330 = ITEM_DEFINED_TRANSFORMATION('','',#11,#6249);
#6331 = PRODUCT_DEFINITION_SHAPE('Placement','Placement of an item',
  #6332);
#6332 = NEXT_ASSEMBLY_USAGE_OCCURRENCE('253','','',#6243,#150,$);
#6333 = CONTEXT_DEPENDENT_SHAPE_REPRESENTATION(#6334,#6336);
#6334 = ( REPRESENTATION_RELATIONSHIP('','',#5196,#6248) 
REPRESENTATION_RELATIONSHIP_WITH_TRANSFORMATION(#6335) 
SHAPE_REPRESENTATION_RELATIONSHIP() );
#6335 = ITEM_DEFINED_TRANSFORMATION('','',#11,#6253);
#6336 = PRODUCT_DEFINITION_SHAPE('Placement','Placement of an item',
  #6337);
#6337 = NEXT_ASSEMBLY_USAGE_OCCURRENCE('254','','',#6243,#5191,$);
#6338 = CONTEXT_DEPENDENT_SHAPE_REPRESENTATION(#6339,#6341);
#6339 = ( REPRESENTATION_RELATIONSHIP('','',#5196,#6248) 
REPRESENTATION_RELATIONSHIP_WITH_TRANSFORMATION(#6340) 
SHAPE_REPRESENTATION_RELATIONSHIP() );
#6340 = ITEM_DEFINED_TRANSFORMATION('','',#11,#6257);
#6341 = PRODUCT_DEFINITION_SHAPE('Placement','Placement of an item',
  #6342);
#6342 = NEXT_ASSEMBLY_USAGE_OCCURRENCE('255','','',#6243,#5191,$);
#6343 = CONTEXT_DEPENDENT_SHAPE_REPRESENTATION(#6344,#6346);
#6344 = ( REPRESENTATION_RELATIONSHIP('','',#5196,#6248) 
REPRESENTATION_RELATIONSHIP_WITH_TRANSFORMATION(#6345) 
SHAPE_REPRESENTATION_RELATIONSHIP() );
#6345 = ITEM_DEFINED_TRANSFORMATION('','',#11,#6261);
#6346 = PRODUCT_DEFINITION_SHAPE('Placement','Placement of an item',
  #6347);
#6347 = NEXT_ASSEMBLY_USAGE_OCCURRENCE('256','','',#6243,#5191,$);
#6348 = CONTEXT_DEPENDENT_SHAPE_REPRESENTATION(#6349,#6351);
#6349 = ( REPRESENTATION_RELATIONSHIP('','',#5196,#6248) 
REPRESENTATION_RELATIONSHIP_WITH_TRANSFORMATION(#6350) 
SHAPE_REPRESENTATION_RELATIONSHIP() );
#6350 = ITEM_DEFINED_TRANSFORMATION('','',#11,#6265);
#6351 = PRODUCT_DEFINITION_SHAPE('Placement','Placement of an item',
  #6352);
#6352 = NEXT_ASSEMBLY_USAGE_OCCURRENCE('257','','',#6243,#5191,$);
#6353 = CONTEXT_DEPENDENT_SHAPE_REPRESENTATION(#6354,#6356);
#6354 = ( REPRESENTATION_RELATIONSHIP('','',#5196,#6248) 
REPRESENTATION_RELATIONSHIP_WITH_TRANSFORMATION(#6355) 
SHAPE_REPRESENTATION_RELATIONSHIP() );
#6355 = ITEM_DEFINED_TRANSFORMATION('','',#11,#6269);
#6356 = PRODUCT_DEFINITION_SHAPE('Placement','Placement of an item',
  #6357);
#6357 = NEXT_ASSEMBLY_USAGE_OCCURRENCE('258','','',#6243,#5191,$);
#6358 = CONTEXT_DEPENDENT_SHAPE_REPRESENTATION(#6359,#6361);
#6359 = ( REPRESENTATION_RELATIONSHIP('','',#5196,#6248) 
REPRESENTATION_RELATIONSHIP_WITH_TRANSFORMATION(#6360) 
SHAPE_REPRESENTATION_RELATIONSHIP() );
#6360 = ITEM_DEFINED_TRANSFORMATION('','',#11,#6273);
#6361 = PRODUCT_DEFINITION_SHAPE('Placement','Placement of an item',
  #6362);
#6362 = NEXT_ASSEMBLY_USAGE_OCCURRENCE('259','','',#6243,#5191,$);
#6363 = CONTEXT_DEPENDENT_SHAPE_REPRESENTATION(#6364,#6366);
#6364 = ( REPRESENTATION_RELATIONSHIP('','',#5196,#6248) 
REPRESENTATION_RELATIONSHIP_WITH_TRANSFORMATION(#6365) 
SHAPE_REPRESENTATION_RELATIONSHIP() );
#6365 = ITEM_DEFINED_TRANSFORMATION('','',#11,#6277);
#6366 = PRODUCT_DEFINITION_SHAPE('Placement','Placement of an item',
  #6367);
#6367 = NEXT_ASSEMBLY_USAGE_OCCURRENCE('260','','',#6243,#5191,$);
#6368 = CONTEXT_DEPENDENT_SHAPE_REPRESENTATION(#6369,#6371);
#6369 = ( REPRESENTATION_RELATIONSHIP('','',#5196,#6248) 
REPRESENTATION_RELATIONSHIP_WITH_TRANSFORMATION(#6370) 
SHAPE_REPRESENTATION_RELATIONSHIP() );
#6370 = ITEM_DEFINED_TRANSFORMATION('','',#11,#6281);
#6371 = PRODUCT_DEFINITION_SHAPE('Placement','Placement of an item',
  #6372);
#6372 = NEXT_ASSEMBLY_USAGE_OCCURRENCE('261','','',#6243,#5191,$);
#6373 = CONTEXT_DEPENDENT_SHAPE_REPRESENTATION(#6374,#6376);
#6374 = ( REPRESENTATION_RELATIONSHIP('','',#5196,#6248) 
REPRESENTATION_RELATIONSHIP_WITH_TRANSFORMATION(#6375) 
SHAPE_REPRESENTATION_RELATIONSHIP() );
#6375 = ITEM_DEFINED_TRANSFORMATION('','',#11,#6285);
#6376 = PRODUCT_DEFINITION_SHAPE('Placement','Placement of an item',
  #6377);
#6377 = NEXT_ASSEMBLY_USAGE_OCCURRENCE('262','','',#6243,#5191,$);
#6378 = CONTEXT_DEPENDENT_SHAPE_REPRESENTATION(#6379,#6381);
#6379 = ( REPRESENTATION_RELATIONSHIP('','',#5196,#6248) 
REPRESENTATION_RELATIONSHIP_WITH_TRANSFORMATION(#6380) 
SHAPE_REPRESENTATION_RELATIONSHIP() );
#6380 = ITEM_DEFINED_TRANSFORMATION('','',#11,#6289);
#6381 = PRODUCT_DEFINITION_SHAPE('Placement','Placement of an item',
  #6382);
#6382 = NEXT_ASSEMBLY_USAGE_OCCURRENCE('263','','',#6243,#5191,$);
#6383 = CONTEXT_DEPENDENT_SHAPE_REPRESENTATION(#6384,#6386);
#6384 = ( REPRESENTATION_RELATIONSHIP('','',#5196,#6248) 
REPRESENTATION_RELATIONSHIP_WITH_TRANSFORMATION(#6385) 
SHAPE_REPRESENTATION_RELATIONSHIP() );
#6385 = ITEM_DEFINED_TRANSFORMATION('','',#11,#6293);
#6386 = PRODUCT_DEFINITION_SHAPE('Placement','Placement of an item',
  #6387);
#6387 = NEXT_ASSEMBLY_USAGE_OCCURRENCE('264','','',#6243,#5191,$);
#6388 = CONTEXT_DEPENDENT_SHAPE_REPRESENTATION(#6389,#6391);
#6389 = ( REPRESENTATION_RELATIONSHIP('','',#5196,#6248) 
REPRESENTATION_RELATIONSHIP_WITH_TRANSFORMATION(#6390) 
SHAPE_REPRESENTATION_RELATIONSHIP() );
#6390 = ITEM_DEFINED_TRANSFORMATION('','',#11,#6297);
#6391 = PRODUCT_DEFINITION_SHAPE('Placement','Placement of an item',
  #6392);
#6392 = NEXT_ASSEMBLY_USAGE_OCCURRENCE('265','','',#6243,#5191,$);
#6393 = CONTEXT_DEPENDENT_SHAPE_REPRESENTATION(#6394,#6396);
#6394 = ( REPRESENTATION_RELATIONSHIP('','',#5196,#6248) 
REPRESENTATION_RELATIONSHIP_WITH_TRANSFORMATION(#6395) 
SHAPE_REPRESENTATION_RELATIONSHIP() );
#6395 = ITEM_DEFINED_TRANSFORMATION('','',#11,#6301);
#6396 = PRODUCT_DEFINITION_SHAPE('Placement','Placement of an item',
  #6397);
#6397 = NEXT_ASSEMBLY_USAGE_OCCURRENCE('266','','',#6243,#5191,$);
#6398 = CONTEXT_DEPENDENT_SHAPE_REPRESENTATION(#6399,#6401);
#6399 = ( REPRESENTATION_RELATIONSHIP('','',#5196,#6248) 
REPRESENTATION_RELATIONSHIP_WITH_TRANSFORMATION(#6400) 
SHAPE_REPRESENTATION_RELATIONSHIP() );
#6400 = ITEM_DEFINED_TRANSFORMATION('','',#11,#6305);
#6401 = PRODUCT_DEFINITION_SHAPE('Placement','Placement of an item',
  #6402);
#6402 = NEXT_ASSEMBLY_USAGE_OCCURRENCE('267','','',#6243,#5191,$);
#6403 = CONTEXT_DEPENDENT_SHAPE_REPRESENTATION(#6404,#6406);
#6404 = ( REPRESENTATION_RELATIONSHIP('','',#5196,#6248) 
REPRESENTATION_RELATIONSHIP_WITH_TRANSFORMATION(#6405) 
SHAPE_REPRESENTATION_RELATIONSHIP() );
#6405 = ITEM_DEFINED_TRANSFORMATION('','',#11,#6309);
#6406 = PRODUCT_DEFINITION_SHAPE('Placement','Placement of an item',
  #6407);
#6407 = NEXT_ASSEMBLY_USAGE_OCCURRENCE('268','','',#6243,#5191,$);
#6408 = CONTEXT_DEPENDENT_SHAPE_REPRESENTATION(#6409,#6411);
#6409 = ( REPRESENTATION_RELATIONSHIP('','',#5196,#6248) 
REPRESENTATION_RELATIONSHIP_WITH_TRANSFORMATION(#6410) 
SHAPE_REPRESENTATION_RELATIONSHIP() );
#6410 = ITEM_DEFINED_TRANSFORMATION('','',#11,#6313);
#6411 = PRODUCT_DEFINITION_SHAPE('Placement','Placement of an item',
  #6412);
#6412 = NEXT_ASSEMBLY_USAGE_OCCURRENCE('269','','',#6243,#5191,$);
#6413 = SHAPE_DEFINITION_REPRESENTATION(#6414,#6420);
#6414 = PRODUCT_DEFINITION_SHAPE('','',#6415);
#6415 = PRODUCT_DEFINITION('design','',#6416,#6419);
#6416 = PRODUCT_DEFINITION_FORMATION('','',#6417);
#6417 = PRODUCT('panel_8f_08','panel_8f_08','',(#6418));
#6418 = PRODUCT_CONTEXT('',#2,'mechanical');
#6419 = PRODUCT_DEFINITION_CONTEXT('part definition',#2,'design');
#6420 = SHAPE_REPRESENTATION('',(#11,#6421,#6425,#6429,#6433,#6437,#6441
    ,#6445,#6449,#6453,#6457,#6461,#6465,#6469,#6473,#6477,#6481,#6485),
  #6489);
#6421 = AXIS2_PLACEMENT_3D('',#6422,#6423,#6424);
#6422 = CARTESIAN_POINT('',(0.,0.,0.));
#6423 = DIRECTION('',(0.,0.,1.));
#6424 = DIRECTION('',(1.,0.,-0.));
#6425 = AXIS2_PLACEMENT_3D('',#6426,#6427,#6428);
#6426 = CARTESIAN_POINT('',(15.,20.,0.));
#6427 = DIRECTION('',(0.,0.,1.));
#6428 = DIRECTION('',(1.,0.,-0.));
#6429 = AXIS2_PLACEMENT_3D('',#6430,#6431,#6432);
#6430 = CARTESIAN_POINT('',(33.,20.,0.));
#6431 = DIRECTION('',(0.,0.,1.));
#6432 = DIRECTION('',(1.,0.,-0.));
#6433 = AXIS2_PLACEMENT_3D('',#6434,#6435,#6436);
#6434 = CARTESIAN_POINT('',(15.,40.,0.));
#6435 = DIRECTION('',(0.,0.,1.));
#6436 = DIRECTION('',(1.,0.,-0.));
#6437 = AXIS2_PLACEMENT_3D('',#6438,#6439,#6440);
#6438 = CARTESIAN_POINT('',(33.,40.,0.));
#6439 = DIRECTION('',(0.,0.,1.));
#6440 = DIRECTION('',(1.,0.,-0.));
#6441 = AXIS2_PLACEMENT_3D('',#6442,#6443,#6444);
#6442 = CARTESIAN_POINT('',(15.,60.,0.));
#6443 = DIRECTION('',(0.,0.,1.));
#6444 = DIRECTION('',(1.,0.,-0.));
#6445 = AXIS2_PLACEMENT_3D('',#6446,#6447,#6448);
#6446 = CARTESIAN_POINT('',(33.,60.,0.));
#6447 = DIRECTION('',(0.,0.,1.));
#6448 = DIRECTION('',(1.,0.,-0.));
#6449 = AXIS2_PLACEMENT_3D('',#6450,#6451,#6452);
#6450 = CARTESIAN_POINT('',(15.,80.,0.));
#6451 = DIRECTION('',(0.,0.,1.));
#6452 = DIRECTION('',(1.,0.,-0.));
#6453 = AXIS2_PLACEMENT_3D('',#6454,#6455,#6456);
#6454 = CARTESIAN_POINT('',(33.,80.,0.));
#6455 = DIRECTION('',(0.,0.,1.));
#6456 = DIRECTION('',(1.,0.,-0.));
#6457 = AXIS2_PLACEMENT_3D('',#6458,#6459,#6460);
#6458 = CARTESIAN_POINT('',(15.,100.,0.));
#6459 = DIRECTION('',(0.,0.,1.));
#6460 = DIRECTION('',(1.,0.,-0.));
#6461 = AXIS2_PLACEMENT_3D('',#6462,#6463,#6464);
#6462 = CARTESIAN_POINT('',(33.,100.,0.));
#6463 = DIRECTION('',(0.,0.,1.));
#6464 = DIRECTION('',(1.,0.,-0.));
#6465 = AXIS2_PLACEMENT_3D('',#6466,#6467,#6468);
#6466 = CARTESIAN_POINT('',(15.,120.,0.));
#6467 = DIRECTION('',(0.,0.,1.));
#6468 = DIRECTION('',(1.,0.,-0.));
#6469 = AXIS2_PLACEMENT_3D('',#6470,#6471,#6472);
#6470 = CARTESIAN_POINT('',(33.,120.,0.));
#6471 = DIRECTION('',(0.,0.,1.));
#6472 = DIRECTION('',(1.,0.,-0.));
#6473 = AXIS2_PLACEMENT_3D('',#6474,#6475,#6476);
#6474 = CARTESIAN_POINT('',(15.,140.,0.));
#6475 = DIRECTION('',(0.,0.,1.));
#6476 = DIRECTION('',(1.,0.,-0.));
#6477 = AXIS2_PLACEMENT_3D('',#6478,#6479,#6480);
#6478 = CARTESIAN_POINT('',(33.,140.,0.));
#6479 = DIRECTION('',(0.,0.,1.));
#6480 = DIRECTION('',(1.,0.,-0.));
#6481 = AXIS2_PLACEMENT_3D('',#6482,#6483,#6484);
#6482 = CARTESIAN_POINT('',(15.,160.,0.));
#6483 = DIRECTION('',(0.,0.,1.));
#6484 = DIRECTION('',(1.,0.,-0.));
#6485 = AXIS2_PLACEMENT_3D('',#6486,#6487,#6488);
#6486 = CARTESIAN_POINT('',(33.,160.,0.));
#6487 = DIRECTION('',(0.,0.,1.));
#6488 = DIRECTION('',(1.,0.,-0.));
#6489 = ( GEOMETRIC_REPRESENTATION_CONTEXT(3) 
GLOBAL_UNCERTAINTY_ASSIGNED_CONTEXT((#6493)) 
GLOBAL_UNIT_ASSIGNED_CONTEXT((#6490,#6491,#6492)) REPRESENTATION_CONTEXT
('Context #1','3D Context with UNIT and UNCERTAINTY') );
#6490 = ( LENGTH_UNIT() NAMED_UNIT(*) SI_UNIT(.MILLI.,.METRE.) );
#6491 = ( NAMED_UNIT(*) PLANE_ANGLE_UNIT() SI_UNIT($,.RADIAN.) );
#6492 = ( NAMED_UNIT(*) SI_UNIT($,.STERADIAN.) SOLID_ANGLE_UNIT() );
#6493 = UNCERTAINTY_MEASURE_WITH_UNIT(LENGTH_MEASURE(1.E-07),#6490,
  'distance_accuracy_value','confusion accuracy');
#6494 = CONTEXT_DEPENDENT_SHAPE_REPRESENTATION(#6495,#6497);
#6495 = ( REPRESENTATION_RELATIONSHIP('','',#6420,#10) 
REPRESENTATION_RELATIONSHIP_WITH_TRANSFORMATION(#6496) 
SHAPE_REPRESENTATION_RELATIONSHIP() );
#6496 = ITEM_DEFINED_TRANSFORMATION('','',#11,#43);
#6497 = PRODUCT_DEFINITION_SHAPE('Placement','Placement of an item',
  #6498);
#6498 = NEXT_ASSEMBLY_USAGE_OCCURRENCE('288','','',#5,#6415,$);
#6499 = PRODUCT_RELATED_PRODUCT_CATEGORY('part',$,(#6417));
#6500 = CONTEXT_DEPENDENT_SHAPE_REPRESENTATION(#6501,#6503);
#6501 = ( REPRESENTATION_RELATIONSHIP('','',#155,#6420) 
REPRESENTATION_RELATIONSHIP_WITH_TRANSFORMATION(#6502) 
SHAPE_REPRESENTATION_RELATIONSHIP() );
#6502 = ITEM_DEFINED_TRANSFORMATION('','',#11,#6421);
#6503 = PRODUCT_DEFINITION_SHAPE('Placement','Placement of an item',
  #6504);
#6504 = NEXT_ASSEMBLY_USAGE_OCCURRENCE('271','','',#6415,#150,$);
#6505 = CONTEXT_DEPENDENT_SHAPE_REPRESENTATION(#6506,#6508);
#6506 = ( REPRESENTATION_RELATIONSHIP('','',#5196,#6420) 
REPRESENTATION_RELATIONSHIP_WITH_TRANSFORMATION(#6507) 
SHAPE_REPRESENTATION_RELATIONSHIP() );
#6507 = ITEM_DEFINED_TRANSFORMATION('','',#11,#6425);
#6508 = PRODUCT_DEFINITION_SHAPE('Placement','Placement of an item',
  #6509);
#6509 = NEXT_ASSEMBLY_USAGE_OCCURRENCE('272','','',#6415,#5191,$);
#6510 = CONTEXT_DEPENDENT_SHAPE_REPRESENTATION(#6511,#6513);
#6511 = ( REPRESENTATION_RELATIONSHIP('','',#5196,#6420) 
REPRESENTATION_RELATIONSHIP_WITH_TRANSFORMATION(#6512) 
SHAPE_REPRESENTATION_RELATIONSHIP() );
#6512 = ITEM_DEFINED_TRANSFORMATION('','',#11,#6429);
#6513 = PRODUCT_DEFINITION_SHAPE('Placement','Placement of an item',
  #6514);
#6514 = NEXT_ASSEMBLY_USAGE_OCCURRENCE('273','','',#6415,#5191,$);
#6515 = CONTEXT_DEPENDENT_SHAPE_REPRESENTATION(#6516,#6518);
#6516 = ( REPRESENTATION_RELATIONSHIP('','',#5196,#6420) 
REPRESENTATION_RELATIONSHIP_WITH_TRANSFORMATION(#6517) 
SHAPE_REPRESENTATION_RELATIONSHIP() );
#6517 = ITEM_DEFINED_TRANSFORMATION('','',#11,#6433);
#6518 = PRODUCT_DEFINITION_SHAPE('Placement','Placement of an item',
  #6519);
#6519 = NEXT_ASSEMBLY_USAGE_OCCURRENCE('274','','',#6415,#5191,$);
#6520 = CONTEXT_DEPENDENT_SHAPE_REPRESENTATION(#6521,#6523);
#6521 = ( REPRESENTATION_RELATIONSHIP('','',#5196,#6420) 
REPRESENTATION_RELATIONSHIP_WITH_TRANSFORMATION(#6522) 
SHAPE_REPRESENTATION_RELATIONSHIP() );
#6522 = ITEM_DEFINED_TRANSFORMATION('','',#11,#6437);
#6523 = PRODUCT_DEFINITION_SHAPE('Placement','Placement of an item',
  #6524);
#6524 = NEXT_ASSEMBLY_USAGE_OCCURRENCE('275','','',#6415,#5191,$);
#6525 = CONTEXT_DEPENDENT_SHAPE_REPRESENTATION(#6526,#6528);
#6526 = ( REPRESENTATION_RELATIONSHIP('','',#5196,#6420) 
REPRESENTATION_RELATIONSHIP_WITH_TRANSFORMATION(#6527) 
SHAPE_REPRESENTATION_RELATIONSHIP() );
#6527 = ITEM_DEFINED_TRANSFORMATION('','',#11,#6441);
#6528 = PRODUCT_DEFINITION_SHAPE('Placement','Placement of an item',
  #6529);
#6529 = NEXT_ASSEMBLY_USAGE_OCCURRENCE('276','','',#6415,#5191,$);
#6530 = CONTEXT_DEPENDENT_SHAPE_REPRESENTATION(#6531,#6533);
#6531 = ( REPRESENTATION_RELATIONSHIP('','',#5196,#6420) 
REPRESENTATION_RELATIONSHIP_WITH_TRANSFORMATION(#6532) 
SHAPE_REPRESENTATION_RELATIONSHIP() );
#6532 = ITEM_DEFINED_TRANSFORMATION('','',#11,#6445);
#6533 = PRODUCT_DEFINITION_SHAPE('Placement','Placement of an item',
  #6534);
#6534 = NEXT_ASSEMBLY_USAGE_OCCURRENCE('277','','',#6415,#5191,$);
#6535 = CONTEXT_DEPENDENT_SHAPE_REPRESENTATION(#6536,#6538);
#6536 = ( REPRESENTATION_RELATIONSHIP('','',#5196,#6420) 
REPRESENTATION_RELATIONSHIP_WITH_TRANSFORMATION(#6537) 
SHAPE_REPRESENTATION_RELATIONSHIP() );
#6537 = ITEM_DEFINED_TRANSFORMATION('','',#11,#6449);
#6538 = PRODUCT_DEFINITION_SHAPE('Placement','Placement of an item',
  #6539);
#6539 = NEXT_ASSEMBLY_USAGE_OCCURRENCE('278','','',#6415,#5191,$);
#6540 = CONTEXT_DEPENDENT_SHAPE_REPRESENTATION(#6541,#6543);
#6541 = ( REPRESENTATION_RELATIONSHIP('','',#5196,#6420) 
REPRESENTATION_RELATIONSHIP_WITH_TRANSFORMATION(#6542) 
SHAPE_REPRESENTATION_RELATIONSHIP() );
#6542 = ITEM_DEFINED_TRANSFORMATION('','',#11,#6453);
#6543 = PRODUCT_DEFINITION_SHAPE('Placement','Placement of an item',
  #6544);
#6544 = NEXT_ASSEMBLY_USAGE_OCCURRENCE('279','','',#6415,#5191,$);
#6545 = CONTEXT_DEPENDENT_SHAPE_REPRESENTATION(#6546,#6548);
#6546 = ( REPRESENTATION_RELATIONSHIP('','',#5196,#6420) 
REPRESENTATION_RELATIONSHIP_WITH_TRANSFORMATION(#6547) 
SHAPE_REPRESENTATION_RELATIONSHIP() );
#6547 = ITEM_DEFINED_TRANSFORMATION('','',#11,#6457);
#6548 = PRODUCT_DEFINITION_SHAPE('Placement','Placement of an item',
  #6549);
#6549 = NEXT_ASSEMBLY_USAGE_OCCURRENCE('280','','',#6415,#5191,$);
#6550 = CONTEXT_DEPENDENT_SHAPE_REPRESENTATION(#6551,#6553);
#6551 = ( REPRESENTATION_RELATIONSHIP('','',#5196,#6420) 
REPRESENTATION_RELATIONSHIP_WITH_TRANSFORMATION(#6552) 
SHAPE_REPRESENTATION_RELATIONSHIP() );
#6552 = ITEM_DEFINED_TRANSFORMATION('','',#11,#6461);
#6553 = PRODUCT_DEFINITION_SHAPE('Placement','Placement of an item',
  #6554);
#6554 = NEXT_ASSEMBLY_USAGE_OCCURRENCE('281','','',#6415,#5191,$);
#6555 = CONTEXT_DEPENDENT_SHAPE_REPRESENTATION(#6556,#6558);
#6556 = ( REPRESENTATION_RELATIONSHIP('','',#5196,#6420) 
REPRESENTATION_RELATIONSHIP_WITH_TRANSFORMATION(#6557) 
SHAPE_REPRESENTATION_RELATIONSHIP() );
#6557 = ITEM_DEFINED_TRANSFORMATION('','',#11,#6465);
#6558 = PRODUCT_DEFINITION_SHAPE('Placement','Placement of an item',
  #6559);
#6559 = NEXT_ASSEMBLY_USAGE_OCCURRENCE('282','','',#6415,#5191,$);
#6560 = CONTEXT_DEPENDENT_SHAPE_REPRESENTATION(#6561,#6563);
#6561 = ( REPRESENTATION_RELATIONSHIP('','',#5196,#6420) 
REPRESENTATION_RELATIONSHIP_WITH_TRANSFORMATION(#6562) 
SHAPE_REPRESENTATION_RELATIONSHIP() );
#6562 = ITEM_DEFINED_TRANSFORMATION('','',#11,#6469);
#6563 = PRODUCT_DEFINITION_SHAPE('Placement','Placement of an item',
  #6564);
#6564 = NEXT_ASSEMBLY_USAGE_OCCURRENCE('283','','',#6415,#5191,$);
#6565 = CONTEXT_DEPENDENT_SHAPE_REPRESENTATION(#6566,#6568);
#6566 = ( REPRESENTATION_RELATIONSHIP('','',#5196,#6420) 
REPRESENTATION_RELATIONSHIP_WITH_TRANSFORMATION(#6567) 
SHAPE_REPRESENTATION_RELATIONSHIP() );
#6567 = ITEM_DEFINED_TRANSFORMATION('','',#11,#6473);
#6568 = PRODUCT_DEFINITION_SHAPE('Placement','Placement of an item',
  #6569);
#6569 = NEXT_ASSEMBLY_USAGE_OCCURRENCE('284','','',#6415,#5191,$);
#6570 = CONTEXT_DEPENDENT_SHAPE_REPRESENTATION(#6571,#6573);
#6571 = ( REPRESENTATION_RELATIONSHIP('','',#5196,#6420) 
REPRESENTATION_RELATIONSHIP_WITH_TRANSFORMATION(#6572) 
SHAPE_REPRESENTATION_RELATIONSHIP() );
#6572 = ITEM_DEFINED_TRANSFORMATION('','',#11,#6477);
#6573 = PRODUCT_DEFINITION_SHAPE('Placement','Placement of an item',
  #6574);
#6574 = NEXT_ASSEMBLY_USAGE_OCCURRENCE('285','','',#6415,#5191,$);
#6575 = CONTEXT_DEPENDENT_SHAPE_REPRESENTATION(#6576,#6578);
#6576 = ( REPRESENTATION_RELATIONSHIP('','',#5196,#6420) 
REPRESENTATION_RELATIONSHIP_WITH_TRANSFORMATION(#6577) 
SHAPE_REPRESENTATION_RELATIONSHIP() );
#6577 = ITEM_DEFINED_TRANSFORMATION('','',#11,#6481);
#6578 = PRODUCT_DEFINITION_SHAPE('Placement','Placement of an item',
  #6579);
#6579 = NEXT_ASSEMBLY_USAGE_OCCURRENCE('286','','',#6415,#5191,$);
#6580 = CONTEXT_DEPENDENT_SHAPE_REPRESENTATION(#6581,#6583);
#6581 = ( REPRESENTATION_RELATIONSHIP('','',#5196,#6420) 
REPRESENTATION_RELATIONSHIP_WITH_TRANSFORMATION(#6582) 
SHAPE_REPRESENTATION_RELATIONSHIP() );
#6582 = ITEM_DEFINED_TRANSFORMATION('','',#11,#6485);
#6583 = PRODUCT_DEFINITION_SHAPE('Placement','Placement of an item',
  #6584);
#6584 = NEXT_ASSEMBLY_USAGE_OCCURRENCE('287','','',#6415,#5191,$);
#6585 = SHAPE_DEFINITION_REPRESENTATION(#6586,#6592);
#6586 = PRODUCT_DEFINITION_SHAPE('','',#6587);
#6587 = PRODUCT_DEFINITION('design','',#6588,#6591);
#6588 = PRODUCT_DEFINITION_FORMATION('','',#6589);
#6589 = PRODUCT('ring_8f_lower','ring_8f_lower','',(#6590));
#6590 = PRODUCT_CONTEXT('',#2,'mechanical');
#6591 = PRODUCT_DEFINITION_CONTEXT('part definition',#2,'design');
#6592 = ADVANCED_BREP_SHAPE_REPRESENTATION('',(#11,#6593),#10231);
#6593 = MANIFOLD_SOLID_BREP('',#6594);
#6594 = CLOSED_SHELL('',(#6595,#6715,#6791,#6867,#8059,#9036,#9063,#9090
    ,#9117,#9144,#9151,#9198,#9225,#9252,#9259,#9306,#9333,#9360,#9367,
    #9414,#9441,#9468,#9475,#9522,#9549,#9576,#9583,#9630,#9657,#9684,
    #9691,#9738,#9765,#9792,#9819,#9846,#9873,#9900,#9907,#9954,#9981,
    #10008,#10015,#10062,#10089,#10116,#10123,#10170,#10197,#10224));
#6595 = ADVANCED_FACE('',(#6596),#6610,.F.);
#6596 = FACE_BOUND('',#6597,.F.);
#6597 = EDGE_LOOP('',(#6598,#6633,#6661,#6689));
#6598 = ORIENTED_EDGE('',*,*,#6599,.T.);
#6599 = EDGE_CURVE('',#6600,#6602,#6604,.T.);
#6600 = VERTEX_POINT('',#6601);
#6601 = CARTESIAN_POINT('',(102.5,42.456890143242,0.));
#6602 = VERTEX_POINT('',#6603);
#6603 = CARTESIAN_POINT('',(102.5,42.456890143242,8.));
#6604 = SURFACE_CURVE('',#6605,(#6609,#6621),.PCURVE_S1.);
#6605 = LINE('',#6606,#6607);
#6606 = CARTESIAN_POINT('',(102.5,42.456890143242,0.));
#6607 = VECTOR('',#6608,1.);
#6608 = DIRECTION('',(0.,0.,1.));
#6609 = PCURVE('',#6610,#6615);
#6610 = PLANE('',#6611);
#6611 = AXIS2_PLACEMENT_3D('',#6612,#6613,#6614);
#6612 = CARTESIAN_POINT('',(102.5,42.456890143242,0.));
#6613 = DIRECTION('',(-0.707106781187,-0.707106781187,0.));
#6614 = DIRECTION('',(-0.707106781187,0.707106781187,0.));
#6615 = DEFINITIONAL_REPRESENTATION('',(#6616),#6620);
#6616 = LINE('',#6617,#6618);
#6617 = CARTESIAN_POINT('',(0.,0.));
#6618 = VECTOR('',#6619,1.);
#6619 = DIRECTION('',(0.,-1.));
#6620 = ( GEOMETRIC_REPRESENTATION_CONTEXT(2) 
PARAMETRIC_REPRESENTATION_CONTEXT() REPRESENTATION_CONTEXT('2D SPACE',''
  ) );
#6621 = PCURVE('',#6622,#6627);
#6622 = PLANE('',#6623);
#6623 = AXIS2_PLACEMENT_3D('',#6624,#6625,#6626);
#6624 = CARTESIAN_POINT('',(102.5,-42.45689014324,0.));
#6625 = DIRECTION('',(-1.,3.347125676717E-16,0.));
#6626 = DIRECTION('',(3.347125676717E-16,1.,0.));
#6627 = DEFINITIONAL_REPRESENTATION('',(#6628),#6632);
#6628 = LINE('',#6629,#6630);
#6629 = CARTESIAN_POINT('',(84.913780286485,0.));
#6630 = VECTOR('',#6631,1.);
#6631 = DIRECTION('',(0.,-1.));
#6632 = ( GEOMETRIC_REPRESENTATION_CONTEXT(2) 
PARAMETRIC_REPRESENTATION_CONTEXT() REPRESENTATION_CONTEXT('2D SPACE',''
  ) );
#6633 = ORIENTED_EDGE('',*,*,#6634,.T.);
#6634 = EDGE_CURVE('',#6602,#6635,#6637,.T.);
#6635 = VERTEX_POINT('',#6636);
#6636 = CARTESIAN_POINT('',(42.456890143242,102.5,8.));
#6637 = SURFACE_CURVE('',#6638,(#6642,#6649),.PCURVE_S1.);
#6638 = LINE('',#6639,#6640);
#6639 = CARTESIAN_POINT('',(102.5,42.456890143242,8.));
#6640 = VECTOR('',#6641,1.);
#6641 = DIRECTION('',(-0.707106781187,0.707106781187,0.));
#6642 = PCURVE('',#6610,#6643);
#6643 = DEFINITIONAL_REPRESENTATION('',(#6644),#6648);
#6644 = LINE('',#6645,#6646);
#6645 = CARTESIAN_POINT('',(0.,-8.));
#6646 = VECTOR('',#6647,1.);
#6647 = DIRECTION('',(1.,0.));
#6648 = ( GEOMETRIC_REPRESENTATION_CONTEXT(2) 
PARAMETRIC_REPRESENTATION_CONTEXT() REPRESENTATION_CONTEXT('2D SPACE',''
  ) );
#6649 = PCURVE('',#6650,#6655);
#6650 = PLANE('',#6651);
#6651 = AXIS2_PLACEMENT_3D('',#6652,#6653,#6654);
#6652 = CARTESIAN_POINT('',(-1.338850270687E-15,-3.347125676717E-15,8.)
  );
#6653 = DIRECTION('',(0.,0.,1.));
#6654 = DIRECTION('',(1.,0.,-0.));
#6655 = DEFINITIONAL_REPRESENTATION('',(#6656),#6660);
#6656 = LINE('',#6657,#6658);
#6657 = CARTESIAN_POINT('',(102.5,42.456890143242));
#6658 = VECTOR('',#6659,1.);
#6659 = DIRECTION('',(-0.707106781187,0.707106781187));
#6660 = ( GEOMETRIC_REPRESENTATION_CONTEXT(2) 
PARAMETRIC_REPRESENTATION_CONTEXT() REPRESENTATION_CONTEXT('2D SPACE',''
  ) );
#6661 = ORIENTED_EDGE('',*,*,#6662,.F.);
#6662 = EDGE_CURVE('',#6663,#6635,#6665,.T.);
#6663 = VERTEX_POINT('',#6664);
#6664 = CARTESIAN_POINT('',(42.456890143242,102.5,0.));
#6665 = SURFACE_CURVE('',#6666,(#6670,#6677),.PCURVE_S1.);
#6666 = LINE('',#6667,#6668);
#6667 = CARTESIAN_POINT('',(42.456890143242,102.5,0.));
#6668 = VECTOR('',#6669,1.);
#6669 = DIRECTION('',(0.,0.,1.));
#6670 = PCURVE('',#6610,#6671);
#6671 = DEFINITIONAL_REPRESENTATION('',(#6672),#6676);
#6672 = LINE('',#6673,#6674);
#6673 = CARTESIAN_POINT('',(84.913780286484,0.));
#6674 = VECTOR('',#6675,1.);
#6675 = DIRECTION('',(0.,-1.));
#6676 = ( GEOMETRIC_REPRESENTATION_CONTEXT(2) 
PARAMETRIC_REPRESENTATION_CONTEXT() REPRESENTATION_CONTEXT('2D SPACE',''
  ) );
#6677 = PCURVE('',#6678,#6683);
#6678 = PLANE('',#6679);
#6679 = AXIS2_PLACEMENT_3D('',#6680,#6681,#6682);
#6680 = CARTESIAN_POINT('',(42.456890143242,102.5,0.));
#6681 = DIRECTION('',(0.,-1.,0.));
#6682 = DIRECTION('',(-1.,0.,0.));
#6683 = DEFINITIONAL_REPRESENTATION('',(#6684),#6688);
#6684 = LINE('',#6685,#6686);
#6685 = CARTESIAN_POINT('',(0.,-0.));
#6686 = VECTOR('',#6687,1.);
#6687 = DIRECTION('',(0.,-1.));
#6688 = ( GEOMETRIC_REPRESENTATION_CONTEXT(2) 
PARAMETRIC_REPRESENTATION_CONTEXT() REPRESENTATION_CONTEXT('2D SPACE',''
  ) );
#6689 = ORIENTED_EDGE('',*,*,#6690,.F.);
#6690 = EDGE_CURVE('',#6600,#6663,#6691,.T.);
#6691 = SURFACE_CURVE('',#6692,(#6696,#6703),.PCURVE_S1.);
#6692 = LINE('',#6693,#6694);
#6693 = CARTESIAN_POINT('',(102.5,42.456890143242,0.));
#6694 = VECTOR('',#6695,1.);
#6695 = DIRECTION('',(-0.707106781187,0.707106781187,0.));
#6696 = PCURVE('',#6610,#6697);
#6697 = DEFINITIONAL_REPRESENTATION('',(#6698),#6702);
#6698 = LINE('',#6699,#6700);
#6699 = CARTESIAN_POINT('',(0.,0.));
#6700 = VECTOR('',#6701,1.);
#6701 = DIRECTION('',(1.,0.));
#6702 = ( GEOMETRIC_REPRESENTATION_CONTEXT(2) 
PARAMETRIC_REPRESENTATION_CONTEXT() REPRESENTATION_CONTEXT('2D SPACE',''
  ) );
#6703 = PCURVE('',#6704,#6709);
#6704 = PLANE('',#6705);
#6705 = AXIS2_PLACEMENT_3D('',#6706,#6707,#6708);
#6706 = CARTESIAN_POINT('',(-1.338850270687E-15,-3.347125676717E-15,0.)
  );
#6707 = DIRECTION('',(0.,0.,1.));
#6708 = DIRECTION('',(1.,0.,-0.));
#6709 = DEFINITIONAL_REPRESENTATION('',(#6710),#6714);
#6710 = LINE('',#6711,#6712);
#6711 = CARTESIAN_POINT('',(102.5,42.456890143242));
#6712 = VECTOR('',#6713,1.);
#6713 = DIRECTION('',(-0.707106781187,0.707106781187));
#6714 = ( GEOMETRIC_REPRESENTATION_CONTEXT(2) 
PARAMETRIC_REPRESENTATION_CONTEXT() REPRESENTATION_CONTEXT('2D SPACE',''
  ) );
#6715 = ADVANCED_FACE('',(#6716),#6622,.F.);
#6716 = FACE_BOUND('',#6717,.F.);
#6717 = EDGE_LOOP('',(#6718,#6748,#6769,#6770));
#6718 = ORIENTED_EDGE('',*,*,#6719,.T.);
#6719 = EDGE_CURVE('',#6720,#6722,#6724,.T.);
#6720 = VERTEX_POINT('',#6721);
#6721 = CARTESIAN_POINT('',(102.5,-42.45689014324,0.));
#6722 = VERTEX_POINT('',#6723);
#6723 = CARTESIAN_POINT('',(102.5,-42.45689014324,8.));
#6724 = SURFACE_CURVE('',#6725,(#6729,#6736),.PCURVE_S1.);
#6725 = LINE('',#6726,#6727);
#6726 = CARTESIAN_POINT('',(102.5,-42.45689014324,0.));
#6727 = VECTOR('',#6728,1.);
#6728 = DIRECTION('',(0.,0.,1.));
#6729 = PCURVE('',#6622,#6730);
#6730 = DEFINITIONAL_REPRESENTATION('',(#6731),#6735);
#6731 = LINE('',#6732,#6733);
#6732 = CARTESIAN_POINT('',(0.,0.));
#6733 = VECTOR('',#6734,1.);
#6734 = DIRECTION('',(0.,-1.));
#6735 = ( GEOMETRIC_REPRESENTATION_CONTEXT(2) 
PARAMETRIC_REPRESENTATION_CONTEXT() REPRESENTATION_CONTEXT('2D SPACE',''
  ) );
#6736 = PCURVE('',#6737,#6742);
#6737 = PLANE('',#6738);
#6738 = AXIS2_PLACEMENT_3D('',#6739,#6740,#6741);
#6739 = CARTESIAN_POINT('',(42.456890143242,-102.5,0.));
#6740 = DIRECTION('',(-0.707106781187,0.707106781187,0.));
#6741 = DIRECTION('',(0.707106781187,0.707106781187,0.));
#6742 = DEFINITIONAL_REPRESENTATION('',(#6743),#6747);
#6743 = LINE('',#6744,#6745);
#6744 = CARTESIAN_POINT('',(84.913780286484,0.));
#6745 = VECTOR('',#6746,1.);
#6746 = DIRECTION('',(0.,-1.));
#6747 = ( GEOMETRIC_REPRESENTATION_CONTEXT(2) 
PARAMETRIC_REPRESENTATION_CONTEXT() REPRESENTATION_CONTEXT('2D SPACE',''
  ) );
#6748 = ORIENTED_EDGE('',*,*,#6749,.T.);
#6749 = EDGE_CURVE('',#6722,#6602,#6750,.T.);
#6750 = SURFACE_CURVE('',#6751,(#6755,#6762),.PCURVE_S1.);
#6751 = LINE('',#6752,#6753);
#6752 = CARTESIAN_POINT('',(102.5,-42.45689014324,8.));
#6753 = VECTOR('',#6754,1.);
#6754 = DIRECTION('',(3.347125676717E-16,1.,0.));
#6755 = PCURVE('',#6622,#6756);
#6756 = DEFINITIONAL_REPRESENTATION('',(#6757),#6761);
#6757 = LINE('',#6758,#6759);
#6758 = CARTESIAN_POINT('',(0.,-8.));
#6759 = VECTOR('',#6760,1.);
#6760 = DIRECTION('',(1.,0.));
#6761 = ( GEOMETRIC_REPRESENTATION_CONTEXT(2) 
PARAMETRIC_REPRESENTATION_CONTEXT() REPRESENTATION_CONTEXT('2D SPACE',''
  ) );
#6762 = PCURVE('',#6650,#6763);
#6763 = DEFINITIONAL_REPRESENTATION('',(#6764),#6768);
#6764 = LINE('',#6765,#6766);
#6765 = CARTESIAN_POINT('',(102.5,-42.45689014324));
#6766 = VECTOR('',#6767,1.);
#6767 = DIRECTION('',(3.347125676717E-16,1.));
#6768 = ( GEOMETRIC_REPRESENTATION_CONTEXT(2) 
PARAMETRIC_REPRESENTATION_CONTEXT() REPRESENTATION_CONTEXT('2D SPACE',''
  ) );
#6769 = ORIENTED_EDGE('',*,*,#6599,.F.);
#6770 = ORIENTED_EDGE('',*,*,#6771,.F.);
#6771 = EDGE_CURVE('',#6720,#6600,#6772,.T.);
#6772 = SURFACE_CURVE('',#6773,(#6777,#6784),.PCURVE_S1.);
#6773 = LINE('',#6774,#6775);
#6774 = CARTESIAN_POINT('',(102.5,-42.45689014324,0.));
#6775 = VECTOR('',#6776,1.);
#6776 = DIRECTION('',(3.347125676717E-16,1.,0.));
#6777 = PCURVE('',#6622,#6778);
#6778 = DEFINITIONAL_REPRESENTATION('',(#6779),#6783);
#6779 = LINE('',#6780,#6781);
#6780 = CARTESIAN_POINT('',(0.,0.));
#6781 = VECTOR('',#6782,1.);
#6782 = DIRECTION('',(1.,0.));
#6783 = ( GEOMETRIC_REPRESENTATION_CONTEXT(2) 
PARAMETRIC_REPRESENTATION_CONTEXT() REPRESENTATION_CONTEXT('2D SPACE',''
  ) );
#6784 = PCURVE('',#6704,#6785);
#6785 = DEFINITIONAL_REPRESENTATION('',(#6786),#6790);
#6786 = LINE('',#6787,#6788);
#6787 = CARTESIAN_POINT('',(102.5,-42.45689014324));
#6788 = VECTOR('',#6789,1.);
#6789 = DIRECTION('',(3.347125676717E-16,1.));
#6790 = ( GEOMETRIC_REPRESENTATION_CONTEXT(2) 
PARAMETRIC_REPRESENTATION_CONTEXT() REPRESENTATION_CONTEXT('2D SPACE',''
  ) );
#6791 = ADVANCED_FACE('',(#6792),#6678,.F.);
#6792 = FACE_BOUND('',#6793,.F.);
#6793 = EDGE_LOOP('',(#6794,#6795,#6818,#6846));
#6794 = ORIENTED_EDGE('',*,*,#6662,.T.);
#6795 = ORIENTED_EDGE('',*,*,#6796,.T.);
#6796 = EDGE_CURVE('',#6635,#6797,#6799,.T.);
#6797 = VERTEX_POINT('',#6798);
#6798 = CARTESIAN_POINT('',(-42.45689014324,102.5,8.));
#6799 = SURFACE_CURVE('',#6800,(#6804,#6811),.PCURVE_S1.);
#6800 = LINE('',#6801,#6802);
#6801 = CARTESIAN_POINT('',(42.456890143242,102.5,8.));
#6802 = VECTOR('',#6803,1.);
#6803 = DIRECTION('',(-1.,0.,0.));
#6804 = PCURVE('',#6678,#6805);
#6805 = DEFINITIONAL_REPRESENTATION('',(#6806),#6810);
#6806 = LINE('',#6807,#6808);
#6807 = CARTESIAN_POINT('',(0.,-8.));
#6808 = VECTOR('',#6809,1.);
#6809 = DIRECTION('',(1.,0.));
#6810 = ( GEOMETRIC_REPRESENTATION_CONTEXT(2) 
PARAMETRIC_REPRESENTATION_CONTEXT() REPRESENTATION_CONTEXT('2D SPACE',''
  ) );
#6811 = PCURVE('',#6650,#6812);
#6812 = DEFINITIONAL_REPRESENTATION('',(#6813),#6817);
#6813 = LINE('',#6814,#6815);
#6814 = CARTESIAN_POINT('',(42.456890143242,102.5));
#6815 = VECTOR('',#6816,1.);
#6816 = DIRECTION('',(-1.,0.));
#6817 = ( GEOMETRIC_REPRESENTATION_CONTEXT(2) 
PARAMETRIC_REPRESENTATION_CONTEXT() REPRESENTATION_CONTEXT('2D SPACE',''
  ) );
#6818 = ORIENTED_EDGE('',*,*,#6819,.F.);
#6819 = EDGE_CURVE('',#6820,#6797,#6822,.T.);
#6820 = VERTEX_POINT('',#6821);
#6821 = CARTESIAN_POINT('',(-42.45689014324,102.5,0.));
#6822 = SURFACE_CURVE('',#6823,(#6827,#6834),.PCURVE_S1.);
#6823 = LINE('',#6824,#6825);
#6824 = CARTESIAN_POINT('',(-42.45689014324,102.5,0.));
#6825 = VECTOR('',#6826,1.);
#6826 = DIRECTION('',(0.,0.,1.));
#6827 = PCURVE('',#6678,#6828);
#6828 = DEFINITIONAL_REPRESENTATION('',(#6829),#6833);
#6829 = LINE('',#6830,#6831);
#6830 = CARTESIAN_POINT('',(84.913780286484,0.));
#6831 = VECTOR('',#6832,1.);
#6832 = DIRECTION('',(0.,-1.));
#6833 = ( GEOMETRIC_REPRESENTATION_CONTEXT(2) 
PARAMETRIC_REPRESENTATION_CONTEXT() REPRESENTATION_CONTEXT('2D SPACE',''
  ) );
#6834 = PCURVE('',#6835,#6840);
#6835 = PLANE('',#6836);
#6836 = AXIS2_PLACEMENT_3D('',#6837,#6838,#6839);
#6837 = CARTESIAN_POINT('',(-42.45689014324,102.5,0.));
#6838 = DIRECTION('',(0.707106781187,-0.707106781187,0.));
#6839 = DIRECTION('',(-0.707106781187,-0.707106781187,0.));
#6840 = DEFINITIONAL_REPRESENTATION('',(#6841),#6845);
#6841 = LINE('',#6842,#6843);
#6842 = CARTESIAN_POINT('',(0.,0.));
#6843 = VECTOR('',#6844,1.);
#6844 = DIRECTION('',(0.,-1.));
#6845 = ( GEOMETRIC_REPRESENTATION_CONTEXT(2) 
PARAMETRIC_REPRESENTATION_CONTEXT() REPRESENTATION_CONTEXT('2D SPACE',''
  ) );
#6846 = ORIENTED_EDGE('',*,*,#6847,.F.);
#6847 = EDGE_CURVE('',#6663,#6820,#6848,.T.);
#6848 = SURFACE_CURVE('',#6849,(#6853,#6860),.PCURVE_S1.);
#6849 = LINE('',#6850,#6851);
#6850 = CARTESIAN_POINT('',(42.456890143242,102.5,0.));
#6851 = VECTOR('',#6852,1.);
#6852 = DIRECTION('',(-1.,0.,0.));
#6853 = PCURVE('',#6678,#6854);
#6854 = DEFINITIONAL_REPRESENTATION('',(#6855),#6859);
#6855 = LINE('',#6856,#6857);
#6856 = CARTESIAN_POINT('',(0.,-0.));
#6857 = VECTOR('',#6858,1.);
#6858 = DIRECTION('',(1.,0.));
#6859 = ( GEOMETRIC_REPRESENTATION_CONTEXT(2) 
PARAMETRIC_REPRESENTATION_CONTEXT() REPRESENTATION_CONTEXT('2D SPACE',''
  ) );
#6860 = PCURVE('',#6704,#6861);
#6861 = DEFINITIONAL_REPRESENTATION('',(#6862),#6866);
#6862 = LINE('',#6863,#6864);
#6863 = CARTESIAN_POINT('',(42.456890143242,102.5));
#6864 = VECTOR('',#6865,1.);
#6865 = DIRECTION('',(-1.,0.));
#6866 = ( GEOMETRIC_REPRESENTATION_CONTEXT(2) 
PARAMETRIC_REPRESENTATION_CONTEXT() REPRESENTATION_CONTEXT('2D SPACE',''
  ) );
#6867 = ADVANCED_FACE('',(#6868,#7001,#7107,#7213,#7319,#7425,#7531,
    #7741,#7847,#7953),#6704,.F.);
#6868 = FACE_BOUND('',#6869,.F.);
#6869 = EDGE_LOOP('',(#6870,#6871,#6872,#6895,#6923,#6951,#6979,#7000));
#6870 = ORIENTED_EDGE('',*,*,#6690,.T.);
#6871 = ORIENTED_EDGE('',*,*,#6847,.T.);
#6872 = ORIENTED_EDGE('',*,*,#6873,.T.);
#6873 = EDGE_CURVE('',#6820,#6874,#6876,.T.);
#6874 = VERTEX_POINT('',#6875);
#6875 = CARTESIAN_POINT('',(-102.5,42.456890143242,0.));
#6876 = SURFACE_CURVE('',#6877,(#6881,#6888),.PCURVE_S1.);
#6877 = LINE('',#6878,#6879);
#6878 = CARTESIAN_POINT('',(-42.45689014324,102.5,0.));
#6879 = VECTOR('',#6880,1.);
#6880 = DIRECTION('',(-0.707106781187,-0.707106781187,0.));
#6881 = PCURVE('',#6704,#6882);
#6882 = DEFINITIONAL_REPRESENTATION('',(#6883),#6887);
#6883 = LINE('',#6884,#6885);
#6884 = CARTESIAN_POINT('',(-42.45689014324,102.5));
#6885 = VECTOR('',#6886,1.);
#6886 = DIRECTION('',(-0.707106781187,-0.707106781187));
#6887 = ( GEOMETRIC_REPRESENTATION_CONTEXT(2) 
PARAMETRIC_REPRESENTATION_CONTEXT() REPRESENTATION_CONTEXT('2D SPACE',''
  ) );
#6888 = PCURVE('',#6835,#6889);
#6889 = DEFINITIONAL_REPRESENTATION('',(#6890),#6894);
#6890 = LINE('',#6891,#6892);
#6891 = CARTESIAN_POINT('',(0.,0.));
#6892 = VECTOR('',#6893,1.);
#6893 = DIRECTION('',(1.,0.));
#6894 = ( GEOMETRIC_REPRESENTATION_CONTEXT(2) 
PARAMETRIC_REPRESENTATION_CONTEXT() REPRESENTATION_CONTEXT('2D SPACE',''
  ) );
#6895 = ORIENTED_EDGE('',*,*,#6896,.T.);
#6896 = EDGE_CURVE('',#6874,#6897,#6899,.T.);
#6897 = VERTEX_POINT('',#6898);
#6898 = CARTESIAN_POINT('',(-102.5,-42.45689014324,0.));
#6899 = SURFACE_CURVE('',#6900,(#6904,#6911),.PCURVE_S1.);
#6900 = LINE('',#6901,#6902);
#6901 = CARTESIAN_POINT('',(-102.5,42.456890143242,0.));
#6902 = VECTOR('',#6903,1.);
#6903 = DIRECTION('',(-1.673562838359E-16,-1.,0.));
#6904 = PCURVE('',#6704,#6905);
#6905 = DEFINITIONAL_REPRESENTATION('',(#6906),#6910);
#6906 = LINE('',#6907,#6908);
#6907 = CARTESIAN_POINT('',(-102.5,42.456890143242));
#6908 = VECTOR('',#6909,1.);
#6909 = DIRECTION('',(-1.673562838359E-16,-1.));
#6910 = ( GEOMETRIC_REPRESENTATION_CONTEXT(2) 
PARAMETRIC_REPRESENTATION_CONTEXT() REPRESENTATION_CONTEXT('2D SPACE',''
  ) );
#6911 = PCURVE('',#6912,#6917);
#6912 = PLANE('',#6913);
#6913 = AXIS2_PLACEMENT_3D('',#6914,#6915,#6916);
#6914 = CARTESIAN_POINT('',(-102.5,42.456890143242,0.));
#6915 = DIRECTION('',(1.,-1.673562838359E-16,0.));
#6916 = DIRECTION('',(-1.673562838359E-16,-1.,0.));
#6917 = DEFINITIONAL_REPRESENTATION('',(#6918),#6922);
#6918 = LINE('',#6919,#6920);
#6919 = CARTESIAN_POINT('',(0.,0.));
#6920 = VECTOR('',#6921,1.);
#6921 = DIRECTION('',(1.,0.));
#6922 = ( GEOMETRIC_REPRESENTATION_CONTEXT(2) 
PARAMETRIC_REPRESENTATION_CONTEXT() REPRESENTATION_CONTEXT('2D SPACE',''
  ) );
#6923 = ORIENTED_EDGE('',*,*,#6924,.T.);
#6924 = EDGE_CURVE('',#6897,#6925,#6927,.T.);
#6925 = VERTEX_POINT('',#6926);
#6926 = CARTESIAN_POINT('',(-42.45689014324,-102.5,0.));
#6927 = SURFACE_CURVE('',#6928,(#6932,#6939),.PCURVE_S1.);
#6928 = LINE('',#6929,#6930);
#6929 = CARTESIAN_POINT('',(-102.5,-42.45689014324,0.));
#6930 = VECTOR('',#6931,1.);
#6931 = DIRECTION('',(0.707106781187,-0.707106781187,0.));
#6932 = PCURVE('',#6704,#6933);
#6933 = DEFINITIONAL_REPRESENTATION('',(#6934),#6938);
#6934 = LINE('',#6935,#6936);
#6935 = CARTESIAN_POINT('',(-102.5,-42.45689014324));
#6936 = VECTOR('',#6937,1.);
#6937 = DIRECTION('',(0.707106781187,-0.707106781187));
#6938 = ( GEOMETRIC_REPRESENTATION_CONTEXT(2) 
PARAMETRIC_REPRESENTATION_CONTEXT() REPRESENTATION_CONTEXT('2D SPACE',''
  ) );
#6939 = PCURVE('',#6940,#6945);
#6940 = PLANE('',#6941);
#6941 = AXIS2_PLACEMENT_3D('',#6942,#6943,#6944);
#6942 = CARTESIAN_POINT('',(-102.5,-42.45689014324,0.));
#6943 = DIRECTION('',(0.707106781187,0.707106781187,-0.));
#6944 = DIRECTION('',(0.707106781187,-0.707106781187,0.));
#6945 = DEFINITIONAL_REPRESENTATION('',(#6946),#6950);
#6946 = LINE('',#6947,#6948);
#6947 = CARTESIAN_POINT('',(0.,0.));
#6948 = VECTOR('',#6949,1.);
#6949 = DIRECTION('',(1.,0.));
#6950 = ( GEOMETRIC_REPRESENTATION_CONTEXT(2) 
PARAMETRIC_REPRESENTATION_CONTEXT() REPRESENTATION_CONTEXT('2D SPACE',''
  ) );
#6951 = ORIENTED_EDGE('',*,*,#6952,.T.);
#6952 = EDGE_CURVE('',#6925,#6953,#6955,.T.);
#6953 = VERTEX_POINT('',#6954);
#6954 = CARTESIAN_POINT('',(42.456890143242,-102.5,0.));
#6955 = SURFACE_CURVE('',#6956,(#6960,#6967),.PCURVE_S1.);
#6956 = LINE('',#6957,#6958);
#6957 = CARTESIAN_POINT('',(-42.45689014324,-102.5,0.));
#6958 = VECTOR('',#6959,1.);
#6959 = DIRECTION('',(1.,-1.673562838359E-16,0.));
#6960 = PCURVE('',#6704,#6961);
#6961 = DEFINITIONAL_REPRESENTATION('',(#6962),#6966);
#6962 = LINE('',#6963,#6964);
#6963 = CARTESIAN_POINT('',(-42.45689014324,-102.5));
#6964 = VECTOR('',#6965,1.);
#6965 = DIRECTION('',(1.,-1.673562838359E-16));
#6966 = ( GEOMETRIC_REPRESENTATION_CONTEXT(2) 
PARAMETRIC_REPRESENTATION_CONTEXT() REPRESENTATION_CONTEXT('2D SPACE',''
  ) );
#6967 = PCURVE('',#6968,#6973);
#6968 = PLANE('',#6969);
#6969 = AXIS2_PLACEMENT_3D('',#6970,#6971,#6972);
#6970 = CARTESIAN_POINT('',(-42.45689014324,-102.5,0.));
#6971 = DIRECTION('',(1.673562838359E-16,1.,-0.));
#6972 = DIRECTION('',(1.,-1.673562838359E-16,0.));
#6973 = DEFINITIONAL_REPRESENTATION('',(#6974),#6978);
#6974 = LINE('',#6975,#6976);
#6975 = CARTESIAN_POINT('',(0.,0.));
#6976 = VECTOR('',#6977,1.);
#6977 = DIRECTION('',(1.,0.));
#6978 = ( GEOMETRIC_REPRESENTATION_CONTEXT(2) 
PARAMETRIC_REPRESENTATION_CONTEXT() REPRESENTATION_CONTEXT('2D SPACE',''
  ) );
#6979 = ORIENTED_EDGE('',*,*,#6980,.T.);
#6980 = EDGE_CURVE('',#6953,#6720,#6981,.T.);
#6981 = SURFACE_CURVE('',#6982,(#6986,#6993),.PCURVE_S1.);
#6982 = LINE('',#6983,#6984);
#6983 = CARTESIAN_POINT('',(42.456890143242,-102.5,0.));
#6984 = VECTOR('',#6985,1.);
#6985 = DIRECTION('',(0.707106781187,0.707106781187,0.));
#6986 = PCURVE('',#6704,#6987);
#6987 = DEFINITIONAL_REPRESENTATION('',(#6988),#6992);
#6988 = LINE('',#6989,#6990);
#6989 = CARTESIAN_POINT('',(42.456890143242,-102.5));
#6990 = VECTOR('',#6991,1.);
#6991 = DIRECTION('',(0.707106781187,0.707106781187));
#6992 = ( GEOMETRIC_REPRESENTATION_CONTEXT(2) 
PARAMETRIC_REPRESENTATION_CONTEXT() REPRESENTATION_CONTEXT('2D SPACE',''
  ) );
#6993 = PCURVE('',#6737,#6994);
#6994 = DEFINITIONAL_REPRESENTATION('',(#6995),#6999);
#6995 = LINE('',#6996,#6997);
#6996 = CARTESIAN_POINT('',(0.,0.));
#6997 = VECTOR('',#6998,1.);
#6998 = DIRECTION('',(1.,0.));
#6999 = ( GEOMETRIC_REPRESENTATION_CONTEXT(2) 
PARAMETRIC_REPRESENTATION_CONTEXT() REPRESENTATION_CONTEXT('2D SPACE',''
  ) );
#7000 = ORIENTED_EDGE('',*,*,#6771,.T.);
#7001 = FACE_BOUND('',#7002,.F.);
#7002 = EDGE_LOOP('',(#7003,#7031,#7057,#7083));
#7003 = ORIENTED_EDGE('',*,*,#7004,.T.);
#7004 = EDGE_CURVE('',#7005,#7007,#7009,.T.);
#7005 = VERTEX_POINT('',#7006);
#7006 = CARTESIAN_POINT('',(-80.39804102091,-46.03265145524,0.));
#7007 = VERTEX_POINT('',#7008);
#7008 = CARTESIAN_POINT('',(-78.8424061023,-44.47701653663,0.));
#7009 = SURFACE_CURVE('',#7010,(#7014,#7020),.PCURVE_S1.);
#7010 = LINE('',#7011,#7012);
#7011 = CARTESIAN_POINT('',(-48.01255044256,-13.6471608769,0.));
#7012 = VECTOR('',#7013,1.);
#7013 = DIRECTION('',(0.707106781187,0.707106781187,-0.));
#7014 = PCURVE('',#6704,#7015);
#7015 = DEFINITIONAL_REPRESENTATION('',(#7016),#7019);
#7016 = B_SPLINE_CURVE_WITH_KNOTS('',1,(#7017,#7018),.UNSPECIFIED.,.F.,
  .F.,(2,2),(-45.8,-43.6),.PIECEWISE_BEZIER_KNOTS.);
#7017 = CARTESIAN_POINT('',(-80.39804102091,-46.03265145524));
#7018 = CARTESIAN_POINT('',(-78.8424061023,-44.47701653663));
#7019 = ( GEOMETRIC_REPRESENTATION_CONTEXT(2) 
PARAMETRIC_REPRESENTATION_CONTEXT() REPRESENTATION_CONTEXT('2D SPACE',''
  ) );
#7020 = PCURVE('',#7021,#7026);
#7021 = PLANE('',#7022);
#7022 = AXIS2_PLACEMENT_3D('',#7023,#7024,#7025);
#7023 = CARTESIAN_POINT('',(-78.8424061023,-44.47701653663,-0.1));
#7024 = DIRECTION('',(0.707106781187,-0.707106781187,0.));
#7025 = DIRECTION('',(0.,0.,1.));
#7026 = DEFINITIONAL_REPRESENTATION('',(#7027),#7030);
#7027 = B_SPLINE_CURVE_WITH_KNOTS('',1,(#7028,#7029),.UNSPECIFIED.,.F.,
  .F.,(2,2),(-45.8,-43.6),.PIECEWISE_BEZIER_KNOTS.);
#7028 = CARTESIAN_POINT('',(0.1,2.2));
#7029 = CARTESIAN_POINT('',(0.1,0.));
#7030 = ( GEOMETRIC_REPRESENTATION_CONTEXT(2) 
PARAMETRIC_REPRESENTATION_CONTEXT() REPRESENTATION_CONTEXT('2D SPACE',''
  ) );
#7031 = ORIENTED_EDGE('',*,*,#7032,.T.);
#7032 = EDGE_CURVE('',#7007,#7033,#7035,.T.);
#7033 = VERTEX_POINT('',#7034);
#7034 = CARTESIAN_POINT('',(-44.47701653663,-78.8424061023,0.));
#7035 = SURFACE_CURVE('',#7036,(#7040,#7046),.PCURVE_S1.);
#7036 = LINE('',#7037,#7038);
#7037 = CARTESIAN_POINT('',(-70.25105871088,-53.06836392805,0.));
#7038 = VECTOR('',#7039,1.);
#7039 = DIRECTION('',(0.707106781187,-0.707106781187,0.));
#7040 = PCURVE('',#6704,#7041);
#7041 = DEFINITIONAL_REPRESENTATION('',(#7042),#7045);
#7042 = B_SPLINE_CURVE_WITH_KNOTS('',1,(#7043,#7044),.UNSPECIFIED.,.F.,
  .F.,(2,2),(-12.15,36.45),.PIECEWISE_BEZIER_KNOTS.);
#7043 = CARTESIAN_POINT('',(-78.8424061023,-44.47701653663));
#7044 = CARTESIAN_POINT('',(-44.47701653663,-78.8424061023));
#7045 = ( GEOMETRIC_REPRESENTATION_CONTEXT(2) 
PARAMETRIC_REPRESENTATION_CONTEXT() REPRESENTATION_CONTEXT('2D SPACE',''
  ) );
#7046 = PCURVE('',#7047,#7052);
#7047 = PLANE('',#7048);
#7048 = AXIS2_PLACEMENT_3D('',#7049,#7050,#7051);
#7049 = CARTESIAN_POINT('',(-78.8424061023,-44.47701653663,-0.1));
#7050 = DIRECTION('',(-0.707106781187,-0.707106781187,0.));
#7051 = DIRECTION('',(0.,0.,1.));
#7052 = DEFINITIONAL_REPRESENTATION('',(#7053),#7056);
#7053 = B_SPLINE_CURVE_WITH_KNOTS('',1,(#7054,#7055),.UNSPECIFIED.,.F.,
  .F.,(2,2),(-12.15,36.45),.PIECEWISE_BEZIER_KNOTS.);
#7054 = CARTESIAN_POINT('',(0.1,0.));
#7055 = CARTESIAN_POINT('',(0.1,-48.6));
#7056 = ( GEOMETRIC_REPRESENTATION_CONTEXT(2) 
PARAMETRIC_REPRESENTATION_CONTEXT() REPRESENTATION_CONTEXT('2D SPACE',''
  ) );
#7057 = ORIENTED_EDGE('',*,*,#7058,.F.);
#7058 = EDGE_CURVE('',#7059,#7033,#7061,.T.);
#7059 = VERTEX_POINT('',#7060);
#7060 = CARTESIAN_POINT('',(-46.03265145524,-80.39804102091,0.));
#7061 = SURFACE_CURVE('',#7062,(#7066,#7072),.PCURVE_S1.);
#7062 = LINE('',#7063,#7064);
#7063 = CARTESIAN_POINT('',(-13.6471608769,-48.01255044256,0.));
#7064 = VECTOR('',#7065,1.);
#7065 = DIRECTION('',(0.707106781187,0.707106781187,-0.));
#7066 = PCURVE('',#6704,#7067);
#7067 = DEFINITIONAL_REPRESENTATION('',(#7068),#7071);
#7068 = B_SPLINE_CURVE_WITH_KNOTS('',1,(#7069,#7070),.UNSPECIFIED.,.F.,
  .F.,(2,2),(-45.8,-43.6),.PIECEWISE_BEZIER_KNOTS.);
#7069 = CARTESIAN_POINT('',(-46.03265145524,-80.39804102091));
#7070 = CARTESIAN_POINT('',(-44.47701653663,-78.8424061023));
#7071 = ( GEOMETRIC_REPRESENTATION_CONTEXT(2) 
PARAMETRIC_REPRESENTATION_CONTEXT() REPRESENTATION_CONTEXT('2D SPACE',''
  ) );
#7072 = PCURVE('',#7073,#7078);
#7073 = PLANE('',#7074);
#7074 = AXIS2_PLACEMENT_3D('',#7075,#7076,#7077);
#7075 = CARTESIAN_POINT('',(-44.47701653663,-78.8424061023,-0.1));
#7076 = DIRECTION('',(0.707106781187,-0.707106781187,0.));
#7077 = DIRECTION('',(0.,0.,1.));
#7078 = DEFINITIONAL_REPRESENTATION('',(#7079),#7082);
#7079 = B_SPLINE_CURVE_WITH_KNOTS('',1,(#7080,#7081),.UNSPECIFIED.,.F.,
  .F.,(2,2),(-45.8,-43.6),.PIECEWISE_BEZIER_KNOTS.);
#7080 = CARTESIAN_POINT('',(0.1,2.2));
#7081 = CARTESIAN_POINT('',(0.1,0.));
#7082 = ( GEOMETRIC_REPRESENTATION_CONTEXT(2) 
PARAMETRIC_REPRESENTATION_CONTEXT() REPRESENTATION_CONTEXT('2D SPACE',''
  ) );
#7083 = ORIENTED_EDGE('',*,*,#7084,.F.);
#7084 = EDGE_CURVE('',#7005,#7059,#7085,.T.);
#7085 = SURFACE_CURVE('',#7086,(#7090,#7096),.PCURVE_S1.);
#7086 = LINE('',#7087,#7088);
#7087 = CARTESIAN_POINT('',(-71.80669362949,-54.62399884666,0.));
#7088 = VECTOR('',#7089,1.);
#7089 = DIRECTION('',(0.707106781187,-0.707106781187,0.));
#7090 = PCURVE('',#6704,#7091);
#7091 = DEFINITIONAL_REPRESENTATION('',(#7092),#7095);
#7092 = B_SPLINE_CURVE_WITH_KNOTS('',1,(#7093,#7094),.UNSPECIFIED.,.F.,
  .F.,(2,2),(-12.15,36.45),.PIECEWISE_BEZIER_KNOTS.);
#7093 = CARTESIAN_POINT('',(-80.39804102091,-46.03265145524));
#7094 = CARTESIAN_POINT('',(-46.03265145524,-80.39804102091));
#7095 = ( GEOMETRIC_REPRESENTATION_CONTEXT(2) 
PARAMETRIC_REPRESENTATION_CONTEXT() REPRESENTATION_CONTEXT('2D SPACE',''
  ) );
#7096 = PCURVE('',#7097,#7102);
#7097 = PLANE('',#7098);
#7098 = AXIS2_PLACEMENT_3D('',#7099,#7100,#7101);
#7099 = CARTESIAN_POINT('',(-80.39804102091,-46.03265145524,-0.1));
#7100 = DIRECTION('',(-0.707106781187,-0.707106781187,0.));
#7101 = DIRECTION('',(0.,0.,1.));
#7102 = DEFINITIONAL_REPRESENTATION('',(#7103),#7106);
#7103 = B_SPLINE_CURVE_WITH_KNOTS('',1,(#7104,#7105),.UNSPECIFIED.,.F.,
  .F.,(2,2),(-12.15,36.45),.PIECEWISE_BEZIER_KNOTS.);
#7104 = CARTESIAN_POINT('',(0.1,0.));
#7105 = CARTESIAN_POINT('',(0.1,-48.6));
#7106 = ( GEOMETRIC_REPRESENTATION_CONTEXT(2) 
PARAMETRIC_REPRESENTATION_CONTEXT() REPRESENTATION_CONTEXT('2D SPACE',''
  ) );
#7107 = FACE_BOUND('',#7108,.F.);
#7108 = EDGE_LOOP('',(#7109,#7137,#7163,#7189));
#7109 = ORIENTED_EDGE('',*,*,#7110,.T.);
#7110 = EDGE_CURVE('',#7111,#7113,#7115,.T.);
#7111 = VERTEX_POINT('',#7112);
#7112 = CARTESIAN_POINT('',(-24.3,-89.4,0.));
#7113 = VERTEX_POINT('',#7114);
#7114 = CARTESIAN_POINT('',(-24.3,-87.2,0.));
#7115 = SURFACE_CURVE('',#7116,(#7120,#7126),.PCURVE_S1.);
#7116 = LINE('',#7117,#7118);
#7117 = CARTESIAN_POINT('',(-24.3,-43.6,0.));
#7118 = VECTOR('',#7119,1.);
#7119 = DIRECTION('',(2.22044604925E-16,1.,-0.));
#7120 = PCURVE('',#6704,#7121);
#7121 = DEFINITIONAL_REPRESENTATION('',(#7122),#7125);
#7122 = B_SPLINE_CURVE_WITH_KNOTS('',1,(#7123,#7124),.UNSPECIFIED.,.F.,
  .F.,(2,2),(-45.8,-43.6),.PIECEWISE_BEZIER_KNOTS.);
#7123 = CARTESIAN_POINT('',(-24.3,-89.4));
#7124 = CARTESIAN_POINT('',(-24.3,-87.2));
#7125 = ( GEOMETRIC_REPRESENTATION_CONTEXT(2) 
PARAMETRIC_REPRESENTATION_CONTEXT() REPRESENTATION_CONTEXT('2D SPACE',''
  ) );
#7126 = PCURVE('',#7127,#7132);
#7127 = PLANE('',#7128);
#7128 = AXIS2_PLACEMENT_3D('',#7129,#7130,#7131);
#7129 = CARTESIAN_POINT('',(-24.3,-87.2,-0.1));
#7130 = DIRECTION('',(1.,-2.22044604925E-16,0.));
#7131 = DIRECTION('',(0.,0.,1.));
#7132 = DEFINITIONAL_REPRESENTATION('',(#7133),#7136);
#7133 = B_SPLINE_CURVE_WITH_KNOTS('',1,(#7134,#7135),.UNSPECIFIED.,.F.,
  .F.,(2,2),(-45.8,-43.6),.PIECEWISE_BEZIER_KNOTS.);
#7134 = CARTESIAN_POINT('',(0.1,2.2));
#7135 = CARTESIAN_POINT('',(0.1,0.));
#7136 = ( GEOMETRIC_REPRESENTATION_CONTEXT(2) 
PARAMETRIC_REPRESENTATION_CONTEXT() REPRESENTATION_CONTEXT('2D SPACE',''
  ) );
#7137 = ORIENTED_EDGE('',*,*,#7138,.T.);
#7138 = EDGE_CURVE('',#7113,#7139,#7141,.T.);
#7139 = VERTEX_POINT('',#7140);
#7140 = CARTESIAN_POINT('',(24.3,-87.2,0.));
#7141 = SURFACE_CURVE('',#7142,(#7146,#7152),.PCURVE_S1.);
#7142 = LINE('',#7143,#7144);
#7143 = CARTESIAN_POINT('',(-12.15,-87.2,0.));
#7144 = VECTOR('',#7145,1.);
#7145 = DIRECTION('',(1.,-2.22044604925E-16,0.));
#7146 = PCURVE('',#6704,#7147);
#7147 = DEFINITIONAL_REPRESENTATION('',(#7148),#7151);
#7148 = B_SPLINE_CURVE_WITH_KNOTS('',1,(#7149,#7150),.UNSPECIFIED.,.F.,
  .F.,(2,2),(-12.15,36.45),.PIECEWISE_BEZIER_KNOTS.);
#7149 = CARTESIAN_POINT('',(-24.3,-87.2));
#7150 = CARTESIAN_POINT('',(24.3,-87.2));
#7151 = ( GEOMETRIC_REPRESENTATION_CONTEXT(2) 
PARAMETRIC_REPRESENTATION_CONTEXT() REPRESENTATION_CONTEXT('2D SPACE',''
  ) );
#7152 = PCURVE('',#7153,#7158);
#7153 = PLANE('',#7154);
#7154 = AXIS2_PLACEMENT_3D('',#7155,#7156,#7157);
#7155 = CARTESIAN_POINT('',(-24.3,-87.2,-0.1));
#7156 = DIRECTION('',(-2.22044604925E-16,-1.,0.));
#7157 = DIRECTION('',(0.,0.,1.));
#7158 = DEFINITIONAL_REPRESENTATION('',(#7159),#7162);
#7159 = B_SPLINE_CURVE_WITH_KNOTS('',1,(#7160,#7161),.UNSPECIFIED.,.F.,
  .F.,(2,2),(-12.15,36.45),.PIECEWISE_BEZIER_KNOTS.);
#7160 = CARTESIAN_POINT('',(0.1,0.));
#7161 = CARTESIAN_POINT('',(0.1,-48.6));
#7162 = ( GEOMETRIC_REPRESENTATION_CONTEXT(2) 
PARAMETRIC_REPRESENTATION_CONTEXT() REPRESENTATION_CONTEXT('2D SPACE',''
  ) );
#7163 = ORIENTED_EDGE('',*,*,#7164,.F.);
#7164 = EDGE_CURVE('',#7165,#7139,#7167,.T.);
#7165 = VERTEX_POINT('',#7166);
#7166 = CARTESIAN_POINT('',(24.3,-89.4,0.));
#7167 = SURFACE_CURVE('',#7168,(#7172,#7178),.PCURVE_S1.);
#7168 = LINE('',#7169,#7170);
#7169 = CARTESIAN_POINT('',(24.3,-43.6,0.));
#7170 = VECTOR('',#7171,1.);
#7171 = DIRECTION('',(2.22044604925E-16,1.,-0.));
#7172 = PCURVE('',#6704,#7173);
#7173 = DEFINITIONAL_REPRESENTATION('',(#7174),#7177);
#7174 = B_SPLINE_CURVE_WITH_KNOTS('',1,(#7175,#7176),.UNSPECIFIED.,.F.,
  .F.,(2,2),(-45.8,-43.6),.PIECEWISE_BEZIER_KNOTS.);
#7175 = CARTESIAN_POINT('',(24.3,-89.4));
#7176 = CARTESIAN_POINT('',(24.3,-87.2));
#7177 = ( GEOMETRIC_REPRESENTATION_CONTEXT(2) 
PARAMETRIC_REPRESENTATION_CONTEXT() REPRESENTATION_CONTEXT('2D SPACE',''
  ) );
#7178 = PCURVE('',#7179,#7184);
#7179 = PLANE('',#7180);
#7180 = AXIS2_PLACEMENT_3D('',#7181,#7182,#7183);
#7181 = CARTESIAN_POINT('',(24.3,-87.2,-0.1));
#7182 = DIRECTION('',(1.,-2.22044604925E-16,0.));
#7183 = DIRECTION('',(0.,0.,1.));
#7184 = DEFINITIONAL_REPRESENTATION('',(#7185),#7188);
#7185 = B_SPLINE_CURVE_WITH_KNOTS('',1,(#7186,#7187),.UNSPECIFIED.,.F.,
  .F.,(2,2),(-45.8,-43.6),.PIECEWISE_BEZIER_KNOTS.);
#7186 = CARTESIAN_POINT('',(0.1,2.2));
#7187 = CARTESIAN_POINT('',(0.1,0.));
#7188 = ( GEOMETRIC_REPRESENTATION_CONTEXT(2) 
PARAMETRIC_REPRESENTATION_CONTEXT() REPRESENTATION_CONTEXT('2D SPACE',''
  ) );
#7189 = ORIENTED_EDGE('',*,*,#7190,.F.);
#7190 = EDGE_CURVE('',#7111,#7165,#7191,.T.);
#7191 = SURFACE_CURVE('',#7192,(#7196,#7202),.PCURVE_S1.);
#7192 = LINE('',#7193,#7194);
#7193 = CARTESIAN_POINT('',(-12.15,-89.4,0.));
#7194 = VECTOR('',#7195,1.);
#7195 = DIRECTION('',(1.,-2.22044604925E-16,0.));
#7196 = PCURVE('',#6704,#7197);
#7197 = DEFINITIONAL_REPRESENTATION('',(#7198),#7201);
#7198 = B_SPLINE_CURVE_WITH_KNOTS('',1,(#7199,#7200),.UNSPECIFIED.,.F.,
  .F.,(2,2),(-12.15,36.45),.PIECEWISE_BEZIER_KNOTS.);
#7199 = CARTESIAN_POINT('',(-24.3,-89.4));
#7200 = CARTESIAN_POINT('',(24.3,-89.4));
#7201 = ( GEOMETRIC_REPRESENTATION_CONTEXT(2) 
PARAMETRIC_REPRESENTATION_CONTEXT() REPRESENTATION_CONTEXT('2D SPACE',''
  ) );
#7202 = PCURVE('',#7203,#7208);
#7203 = PLANE('',#7204);
#7204 = AXIS2_PLACEMENT_3D('',#7205,#7206,#7207);
#7205 = CARTESIAN_POINT('',(-24.3,-89.4,-0.1));
#7206 = DIRECTION('',(-2.22044604925E-16,-1.,0.));
#7207 = DIRECTION('',(0.,0.,1.));
#7208 = DEFINITIONAL_REPRESENTATION('',(#7209),#7212);
#7209 = B_SPLINE_CURVE_WITH_KNOTS('',1,(#7210,#7211),.UNSPECIFIED.,.F.,
  .F.,(2,2),(-12.15,36.45),.PIECEWISE_BEZIER_KNOTS.);
#7210 = CARTESIAN_POINT('',(0.1,0.));
#7211 = CARTESIAN_POINT('',(0.1,-48.6));
#7212 = ( GEOMETRIC_REPRESENTATION_CONTEXT(2) 
PARAMETRIC_REPRESENTATION_CONTEXT() REPRESENTATION_CONTEXT('2D SPACE',''
  ) );
#7213 = FACE_BOUND('',#7214,.F.);
#7214 = EDGE_LOOP('',(#7215,#7243,#7269,#7295));
#7215 = ORIENTED_EDGE('',*,*,#7216,.T.);
#7216 = EDGE_CURVE('',#7217,#7219,#7221,.T.);
#7217 = VERTEX_POINT('',#7218);
#7218 = CARTESIAN_POINT('',(46.032651455244,-80.39804102091,0.));
#7219 = VERTEX_POINT('',#7220);
#7220 = CARTESIAN_POINT('',(44.477016536634,-78.8424061023,0.));
#7221 = SURFACE_CURVE('',#7222,(#7226,#7232),.PCURVE_S1.);
#7222 = LINE('',#7223,#7224);
#7223 = CARTESIAN_POINT('',(13.6471608769,-48.01255044256,0.));
#7224 = VECTOR('',#7225,1.);
#7225 = DIRECTION('',(-0.707106781187,0.707106781187,0.));
#7226 = PCURVE('',#6704,#7227);
#7227 = DEFINITIONAL_REPRESENTATION('',(#7228),#7231);
#7228 = B_SPLINE_CURVE_WITH_KNOTS('',1,(#7229,#7230),.UNSPECIFIED.,.F.,
  .F.,(2,2),(-45.8,-43.6),.PIECEWISE_BEZIER_KNOTS.);
#7229 = CARTESIAN_POINT('',(46.032651455244,-80.39804102091));
#7230 = CARTESIAN_POINT('',(44.477016536634,-78.8424061023));
#7231 = ( GEOMETRIC_REPRESENTATION_CONTEXT(2) 
PARAMETRIC_REPRESENTATION_CONTEXT() REPRESENTATION_CONTEXT('2D SPACE',''
  ) );
#7232 = PCURVE('',#7233,#7238);
#7233 = PLANE('',#7234);
#7234 = AXIS2_PLACEMENT_3D('',#7235,#7236,#7237);
#7235 = CARTESIAN_POINT('',(44.477016536634,-78.8424061023,-0.1));
#7236 = DIRECTION('',(0.707106781187,0.707106781187,0.));
#7237 = DIRECTION('',(0.,0.,1.));
#7238 = DEFINITIONAL_REPRESENTATION('',(#7239),#7242);
#7239 = B_SPLINE_CURVE_WITH_KNOTS('',1,(#7240,#7241),.UNSPECIFIED.,.F.,
  .F.,(2,2),(-45.8,-43.6),.PIECEWISE_BEZIER_KNOTS.);
#7240 = CARTESIAN_POINT('',(0.1,2.2));
#7241 = CARTESIAN_POINT('',(0.1,0.));
#7242 = ( GEOMETRIC_REPRESENTATION_CONTEXT(2) 
PARAMETRIC_REPRESENTATION_CONTEXT() REPRESENTATION_CONTEXT('2D SPACE',''
  ) );
#7243 = ORIENTED_EDGE('',*,*,#7244,.T.);
#7244 = EDGE_CURVE('',#7219,#7245,#7247,.T.);
#7245 = VERTEX_POINT('',#7246);
#7246 = CARTESIAN_POINT('',(78.8424061023,-44.47701653663,0.));
#7247 = SURFACE_CURVE('',#7248,(#7252,#7258),.PCURVE_S1.);
#7248 = LINE('',#7249,#7250);
#7249 = CARTESIAN_POINT('',(53.06836392805,-70.25105871088,0.));
#7250 = VECTOR('',#7251,1.);
#7251 = DIRECTION('',(0.707106781187,0.707106781187,-0.));
#7252 = PCURVE('',#6704,#7253);
#7253 = DEFINITIONAL_REPRESENTATION('',(#7254),#7257);
#7254 = B_SPLINE_CURVE_WITH_KNOTS('',1,(#7255,#7256),.UNSPECIFIED.,.F.,
  .F.,(2,2),(-12.15,36.45),.PIECEWISE_BEZIER_KNOTS.);
#7255 = CARTESIAN_POINT('',(44.477016536634,-78.8424061023));
#7256 = CARTESIAN_POINT('',(78.8424061023,-44.47701653663));
#7257 = ( GEOMETRIC_REPRESENTATION_CONTEXT(2) 
PARAMETRIC_REPRESENTATION_CONTEXT() REPRESENTATION_CONTEXT('2D SPACE',''
  ) );
#7258 = PCURVE('',#7259,#7264);
#7259 = PLANE('',#7260);
#7260 = AXIS2_PLACEMENT_3D('',#7261,#7262,#7263);
#7261 = CARTESIAN_POINT('',(44.477016536634,-78.8424061023,-0.1));
#7262 = DIRECTION('',(0.707106781187,-0.707106781187,0.));
#7263 = DIRECTION('',(0.,0.,1.));
#7264 = DEFINITIONAL_REPRESENTATION('',(#7265),#7268);
#7265 = B_SPLINE_CURVE_WITH_KNOTS('',1,(#7266,#7267),.UNSPECIFIED.,.F.,
  .F.,(2,2),(-12.15,36.45),.PIECEWISE_BEZIER_KNOTS.);
#7266 = CARTESIAN_POINT('',(0.1,0.));
#7267 = CARTESIAN_POINT('',(0.1,-48.6));
#7268 = ( GEOMETRIC_REPRESENTATION_CONTEXT(2) 
PARAMETRIC_REPRESENTATION_CONTEXT() REPRESENTATION_CONTEXT('2D SPACE',''
  ) );
#7269 = ORIENTED_EDGE('',*,*,#7270,.F.);
#7270 = EDGE_CURVE('',#7271,#7245,#7273,.T.);
#7271 = VERTEX_POINT('',#7272);
#7272 = CARTESIAN_POINT('',(80.39804102091,-46.03265145524,0.));
#7273 = SURFACE_CURVE('',#7274,(#7278,#7284),.PCURVE_S1.);
#7274 = LINE('',#7275,#7276);
#7275 = CARTESIAN_POINT('',(48.012550442567,-13.6471608769,0.));
#7276 = VECTOR('',#7277,1.);
#7277 = DIRECTION('',(-0.707106781187,0.707106781187,0.));
#7278 = PCURVE('',#6704,#7279);
#7279 = DEFINITIONAL_REPRESENTATION('',(#7280),#7283);
#7280 = B_SPLINE_CURVE_WITH_KNOTS('',1,(#7281,#7282),.UNSPECIFIED.,.F.,
  .F.,(2,2),(-45.8,-43.6),.PIECEWISE_BEZIER_KNOTS.);
#7281 = CARTESIAN_POINT('',(80.39804102091,-46.03265145524));
#7282 = CARTESIAN_POINT('',(78.8424061023,-44.47701653663));
#7283 = ( GEOMETRIC_REPRESENTATION_CONTEXT(2) 
PARAMETRIC_REPRESENTATION_CONTEXT() REPRESENTATION_CONTEXT('2D SPACE',''
  ) );
#7284 = PCURVE('',#7285,#7290);
#7285 = PLANE('',#7286);
#7286 = AXIS2_PLACEMENT_3D('',#7287,#7288,#7289);
#7287 = CARTESIAN_POINT('',(78.8424061023,-44.47701653663,-0.1));
#7288 = DIRECTION('',(0.707106781187,0.707106781187,0.));
#7289 = DIRECTION('',(0.,0.,1.));
#7290 = DEFINITIONAL_REPRESENTATION('',(#7291),#7294);
#7291 = B_SPLINE_CURVE_WITH_KNOTS('',1,(#7292,#7293),.UNSPECIFIED.,.F.,
  .F.,(2,2),(-45.8,-43.6),.PIECEWISE_BEZIER_KNOTS.);
#7292 = CARTESIAN_POINT('',(0.1,2.2));
#7293 = CARTESIAN_POINT('',(0.1,0.));
#7294 = ( GEOMETRIC_REPRESENTATION_CONTEXT(2) 
PARAMETRIC_REPRESENTATION_CONTEXT() REPRESENTATION_CONTEXT('2D SPACE',''
  ) );
#7295 = ORIENTED_EDGE('',*,*,#7296,.F.);
#7296 = EDGE_CURVE('',#7217,#7271,#7297,.T.);
#7297 = SURFACE_CURVE('',#7298,(#7302,#7308),.PCURVE_S1.);
#7298 = LINE('',#7299,#7300);
#7299 = CARTESIAN_POINT('',(54.623998846661,-71.80669362949,0.));
#7300 = VECTOR('',#7301,1.);
#7301 = DIRECTION('',(0.707106781187,0.707106781187,-0.));
#7302 = PCURVE('',#6704,#7303);
#7303 = DEFINITIONAL_REPRESENTATION('',(#7304),#7307);
#7304 = B_SPLINE_CURVE_WITH_KNOTS('',1,(#7305,#7306),.UNSPECIFIED.,.F.,
  .F.,(2,2),(-12.15,36.45),.PIECEWISE_BEZIER_KNOTS.);
#7305 = CARTESIAN_POINT('',(46.032651455244,-80.39804102091));
#7306 = CARTESIAN_POINT('',(80.39804102091,-46.03265145524));
#7307 = ( GEOMETRIC_REPRESENTATION_CONTEXT(2) 
PARAMETRIC_REPRESENTATION_CONTEXT() REPRESENTATION_CONTEXT('2D SPACE',''
  ) );
#7308 = PCURVE('',#7309,#7314);
#7309 = PLANE('',#7310);
#7310 = AXIS2_PLACEMENT_3D('',#7311,#7312,#7313);
#7311 = CARTESIAN_POINT('',(46.032651455244,-80.39804102091,-0.1));
#7312 = DIRECTION('',(0.707106781187,-0.707106781187,0.));
#7313 = DIRECTION('',(0.,0.,1.));
#7314 = DEFINITIONAL_REPRESENTATION('',(#7315),#7318);
#7315 = B_SPLINE_CURVE_WITH_KNOTS('',1,(#7316,#7317),.UNSPECIFIED.,.F.,
  .F.,(2,2),(-12.15,36.45),.PIECEWISE_BEZIER_KNOTS.);
#7316 = CARTESIAN_POINT('',(0.1,0.));
#7317 = CARTESIAN_POINT('',(0.1,-48.6));
#7318 = ( GEOMETRIC_REPRESENTATION_CONTEXT(2) 
PARAMETRIC_REPRESENTATION_CONTEXT() REPRESENTATION_CONTEXT('2D SPACE',''
  ) );
#7319 = FACE_BOUND('',#7320,.F.);
#7320 = EDGE_LOOP('',(#7321,#7349,#7375,#7401));
#7321 = ORIENTED_EDGE('',*,*,#7322,.T.);
#7322 = EDGE_CURVE('',#7323,#7325,#7327,.T.);
#7323 = VERTEX_POINT('',#7324);
#7324 = CARTESIAN_POINT('',(-89.4,24.3,0.));
#7325 = VERTEX_POINT('',#7326);
#7326 = CARTESIAN_POINT('',(-87.2,24.3,0.));
#7327 = SURFACE_CURVE('',#7328,(#7332,#7338),.PCURVE_S1.);
#7328 = LINE('',#7329,#7330);
#7329 = CARTESIAN_POINT('',(-43.6,24.3,0.));
#7330 = VECTOR('',#7331,1.);
#7331 = DIRECTION('',(1.,-1.224646799147E-16,0.));
#7332 = PCURVE('',#6704,#7333);
#7333 = DEFINITIONAL_REPRESENTATION('',(#7334),#7337);
#7334 = B_SPLINE_CURVE_WITH_KNOTS('',1,(#7335,#7336),.UNSPECIFIED.,.F.,
  .F.,(2,2),(-45.8,-43.6),.PIECEWISE_BEZIER_KNOTS.);
#7335 = CARTESIAN_POINT('',(-89.4,24.3));
#7336 = CARTESIAN_POINT('',(-87.2,24.3));
#7337 = ( GEOMETRIC_REPRESENTATION_CONTEXT(2) 
PARAMETRIC_REPRESENTATION_CONTEXT() REPRESENTATION_CONTEXT('2D SPACE',''
  ) );
#7338 = PCURVE('',#7339,#7344);
#7339 = PLANE('',#7340);
#7340 = AXIS2_PLACEMENT_3D('',#7341,#7342,#7343);
#7341 = CARTESIAN_POINT('',(-87.2,24.3,-0.1));
#7342 = DIRECTION('',(-1.224646799147E-16,-1.,0.));
#7343 = DIRECTION('',(0.,0.,1.));
#7344 = DEFINITIONAL_REPRESENTATION('',(#7345),#7348);
#7345 = B_SPLINE_CURVE_WITH_KNOTS('',1,(#7346,#7347),.UNSPECIFIED.,.F.,
  .F.,(2,2),(-45.8,-43.6),.PIECEWISE_BEZIER_KNOTS.);
#7346 = CARTESIAN_POINT('',(0.1,2.2));
#7347 = CARTESIAN_POINT('',(0.1,0.));
#7348 = ( GEOMETRIC_REPRESENTATION_CONTEXT(2) 
PARAMETRIC_REPRESENTATION_CONTEXT() REPRESENTATION_CONTEXT('2D SPACE',''
  ) );
#7349 = ORIENTED_EDGE('',*,*,#7350,.T.);
#7350 = EDGE_CURVE('',#7325,#7351,#7353,.T.);
#7351 = VERTEX_POINT('',#7352);
#7352 = CARTESIAN_POINT('',(-87.2,-24.3,0.));
#7353 = SURFACE_CURVE('',#7354,(#7358,#7364),.PCURVE_S1.);
#7354 = LINE('',#7355,#7356);
#7355 = CARTESIAN_POINT('',(-87.2,12.15,0.));
#7356 = VECTOR('',#7357,1.);
#7357 = DIRECTION('',(-1.224646799147E-16,-1.,0.));
#7358 = PCURVE('',#6704,#7359);
#7359 = DEFINITIONAL_REPRESENTATION('',(#7360),#7363);
#7360 = B_SPLINE_CURVE_WITH_KNOTS('',1,(#7361,#7362),.UNSPECIFIED.,.F.,
  .F.,(2,2),(-12.15,36.45),.PIECEWISE_BEZIER_KNOTS.);
#7361 = CARTESIAN_POINT('',(-87.2,24.3));
#7362 = CARTESIAN_POINT('',(-87.2,-24.3));
#7363 = ( GEOMETRIC_REPRESENTATION_CONTEXT(2) 
PARAMETRIC_REPRESENTATION_CONTEXT() REPRESENTATION_CONTEXT('2D SPACE',''
  ) );
#7364 = PCURVE('',#7365,#7370);
#7365 = PLANE('',#7366);
#7366 = AXIS2_PLACEMENT_3D('',#7367,#7368,#7369);
#7367 = CARTESIAN_POINT('',(-87.2,24.3,-0.1));
#7368 = DIRECTION('',(-1.,1.224646799147E-16,0.));
#7369 = DIRECTION('',(0.,0.,1.));
#7370 = DEFINITIONAL_REPRESENTATION('',(#7371),#7374);
#7371 = B_SPLINE_CURVE_WITH_KNOTS('',1,(#7372,#7373),.UNSPECIFIED.,.F.,
  .F.,(2,2),(-12.15,36.45),.PIECEWISE_BEZIER_KNOTS.);
#7372 = CARTESIAN_POINT('',(0.1,0.));
#7373 = CARTESIAN_POINT('',(0.1,-48.6));
#7374 = ( GEOMETRIC_REPRESENTATION_CONTEXT(2) 
PARAMETRIC_REPRESENTATION_CONTEXT() REPRESENTATION_CONTEXT('2D SPACE',''
  ) );
#7375 = ORIENTED_EDGE('',*,*,#7376,.F.);
#7376 = EDGE_CURVE('',#7377,#7351,#7379,.T.);
#7377 = VERTEX_POINT('',#7378);
#7378 = CARTESIAN_POINT('',(-89.4,-24.3,0.));
#7379 = SURFACE_CURVE('',#7380,(#7384,#7390),.PCURVE_S1.);
#7380 = LINE('',#7381,#7382);
#7381 = CARTESIAN_POINT('',(-43.6,-24.3,0.));
#7382 = VECTOR('',#7383,1.);
#7383 = DIRECTION('',(1.,-1.224646799147E-16,0.));
#7384 = PCURVE('',#6704,#7385);
#7385 = DEFINITIONAL_REPRESENTATION('',(#7386),#7389);
#7386 = B_SPLINE_CURVE_WITH_KNOTS('',1,(#7387,#7388),.UNSPECIFIED.,.F.,
  .F.,(2,2),(-45.8,-43.6),.PIECEWISE_BEZIER_KNOTS.);
#7387 = CARTESIAN_POINT('',(-89.4,-24.3));
#7388 = CARTESIAN_POINT('',(-87.2,-24.3));
#7389 = ( GEOMETRIC_REPRESENTATION_CONTEXT(2) 
PARAMETRIC_REPRESENTATION_CONTEXT() REPRESENTATION_CONTEXT('2D SPACE',''
  ) );
#7390 = PCURVE('',#7391,#7396);
#7391 = PLANE('',#7392);
#7392 = AXIS2_PLACEMENT_3D('',#7393,#7394,#7395);
#7393 = CARTESIAN_POINT('',(-87.2,-24.3,-0.1));
#7394 = DIRECTION('',(-1.224646799147E-16,-1.,0.));
#7395 = DIRECTION('',(0.,0.,1.));
#7396 = DEFINITIONAL_REPRESENTATION('',(#7397),#7400);
#7397 = B_SPLINE_CURVE_WITH_KNOTS('',1,(#7398,#7399),.UNSPECIFIED.,.F.,
  .F.,(2,2),(-45.8,-43.6),.PIECEWISE_BEZIER_KNOTS.);
#7398 = CARTESIAN_POINT('',(0.1,2.2));
#7399 = CARTESIAN_POINT('',(0.1,0.));
#7400 = ( GEOMETRIC_REPRESENTATION_CONTEXT(2) 
PARAMETRIC_REPRESENTATION_CONTEXT() REPRESENTATION_CONTEXT('2D SPACE',''
  ) );
#7401 = ORIENTED_EDGE('',*,*,#7402,.F.);
#7402 = EDGE_CURVE('',#7323,#7377,#7403,.T.);
#7403 = SURFACE_CURVE('',#7404,(#7408,#7414),.PCURVE_S1.);
#7404 = LINE('',#7405,#7406);
#7405 = CARTESIAN_POINT('',(-89.4,12.15,0.));
#7406 = VECTOR('',#7407,1.);
#7407 = DIRECTION('',(-1.224646799147E-16,-1.,0.));
#7408 = PCURVE('',#6704,#7409);
#7409 = DEFINITIONAL_REPRESENTATION('',(#7410),#7413);
#7410 = B_SPLINE_CURVE_WITH_KNOTS('',1,(#7411,#7412),.UNSPECIFIED.,.F.,
  .F.,(2,2),(-12.15,36.45),.PIECEWISE_BEZIER_KNOTS.);
#7411 = CARTESIAN_POINT('',(-89.4,24.3));
#7412 = CARTESIAN_POINT('',(-89.4,-24.3));
#7413 = ( GEOMETRIC_REPRESENTATION_CONTEXT(2) 
PARAMETRIC_REPRESENTATION_CONTEXT() REPRESENTATION_CONTEXT('2D SPACE',''
  ) );
#7414 = PCURVE('',#7415,#7420);
#7415 = PLANE('',#7416);
#7416 = AXIS2_PLACEMENT_3D('',#7417,#7418,#7419);
#7417 = CARTESIAN_POINT('',(-89.4,24.3,-0.1));
#7418 = DIRECTION('',(-1.,1.224646799147E-16,0.));
#7419 = DIRECTION('',(0.,0.,1.));
#7420 = DEFINITIONAL_REPRESENTATION('',(#7421),#7424);
#7421 = B_SPLINE_CURVE_WITH_KNOTS('',1,(#7422,#7423),.UNSPECIFIED.,.F.,
  .F.,(2,2),(-12.15,36.45),.PIECEWISE_BEZIER_KNOTS.);
#7422 = CARTESIAN_POINT('',(0.1,0.));
#7423 = CARTESIAN_POINT('',(0.1,-48.6));
#7424 = ( GEOMETRIC_REPRESENTATION_CONTEXT(2) 
PARAMETRIC_REPRESENTATION_CONTEXT() REPRESENTATION_CONTEXT('2D SPACE',''
  ) );
#7425 = FACE_BOUND('',#7426,.F.);
#7426 = EDGE_LOOP('',(#7427,#7455,#7481,#7507));
#7427 = ORIENTED_EDGE('',*,*,#7428,.T.);
#7428 = EDGE_CURVE('',#7429,#7431,#7433,.T.);
#7429 = VERTEX_POINT('',#7430);
#7430 = CARTESIAN_POINT('',(-46.03265145524,80.39804102091,0.));
#7431 = VERTEX_POINT('',#7432);
#7432 = CARTESIAN_POINT('',(-44.47701653663,78.8424061023,0.));
#7433 = SURFACE_CURVE('',#7434,(#7438,#7444),.PCURVE_S1.);
#7434 = LINE('',#7435,#7436);
#7435 = CARTESIAN_POINT('',(-13.6471608769,48.012550442567,0.));
#7436 = VECTOR('',#7437,1.);
#7437 = DIRECTION('',(0.707106781187,-0.707106781187,0.));
#7438 = PCURVE('',#6704,#7439);
#7439 = DEFINITIONAL_REPRESENTATION('',(#7440),#7443);
#7440 = B_SPLINE_CURVE_WITH_KNOTS('',1,(#7441,#7442),.UNSPECIFIED.,.F.,
  .F.,(2,2),(-45.8,-43.6),.PIECEWISE_BEZIER_KNOTS.);
#7441 = CARTESIAN_POINT('',(-46.03265145524,80.39804102091));
#7442 = CARTESIAN_POINT('',(-44.47701653663,78.8424061023));
#7443 = ( GEOMETRIC_REPRESENTATION_CONTEXT(2) 
PARAMETRIC_REPRESENTATION_CONTEXT() REPRESENTATION_CONTEXT('2D SPACE',''
  ) );
#7444 = PCURVE('',#7445,#7450);
#7445 = PLANE('',#7446);
#7446 = AXIS2_PLACEMENT_3D('',#7447,#7448,#7449);
#7447 = CARTESIAN_POINT('',(-44.47701653663,78.8424061023,-0.1));
#7448 = DIRECTION('',(-0.707106781187,-0.707106781187,0.));
#7449 = DIRECTION('',(0.,0.,1.));
#7450 = DEFINITIONAL_REPRESENTATION('',(#7451),#7454);
#7451 = B_SPLINE_CURVE_WITH_KNOTS('',1,(#7452,#7453),.UNSPECIFIED.,.F.,
  .F.,(2,2),(-45.8,-43.6),.PIECEWISE_BEZIER_KNOTS.);
#7452 = CARTESIAN_POINT('',(0.1,2.2));
#7453 = CARTESIAN_POINT('',(0.1,0.));
#7454 = ( GEOMETRIC_REPRESENTATION_CONTEXT(2) 
PARAMETRIC_REPRESENTATION_CONTEXT() REPRESENTATION_CONTEXT('2D SPACE',''
  ) );
#7455 = ORIENTED_EDGE('',*,*,#7456,.T.);
#7456 = EDGE_CURVE('',#7431,#7457,#7459,.T.);
#7457 = VERTEX_POINT('',#7458);
#7458 = CARTESIAN_POINT('',(-78.8424061023,44.477016536634,0.));
#7459 = SURFACE_CURVE('',#7460,(#7464,#7470),.PCURVE_S1.);
#7460 = LINE('',#7461,#7462);
#7461 = CARTESIAN_POINT('',(-53.06836392805,70.251058710884,0.));
#7462 = VECTOR('',#7463,1.);
#7463 = DIRECTION('',(-0.707106781187,-0.707106781187,0.));
#7464 = PCURVE('',#6704,#7465);
#7465 = DEFINITIONAL_REPRESENTATION('',(#7466),#7469);
#7466 = B_SPLINE_CURVE_WITH_KNOTS('',1,(#7467,#7468),.UNSPECIFIED.,.F.,
  .F.,(2,2),(-12.15,36.45),.PIECEWISE_BEZIER_KNOTS.);
#7467 = CARTESIAN_POINT('',(-44.47701653663,78.8424061023));
#7468 = CARTESIAN_POINT('',(-78.8424061023,44.477016536634));
#7469 = ( GEOMETRIC_REPRESENTATION_CONTEXT(2) 
PARAMETRIC_REPRESENTATION_CONTEXT() REPRESENTATION_CONTEXT('2D SPACE',''
  ) );
#7470 = PCURVE('',#7471,#7476);
#7471 = PLANE('',#7472);
#7472 = AXIS2_PLACEMENT_3D('',#7473,#7474,#7475);
#7473 = CARTESIAN_POINT('',(-44.47701653663,78.8424061023,-0.1));
#7474 = DIRECTION('',(-0.707106781187,0.707106781187,0.));
#7475 = DIRECTION('',(0.,0.,1.));
#7476 = DEFINITIONAL_REPRESENTATION('',(#7477),#7480);
#7477 = B_SPLINE_CURVE_WITH_KNOTS('',1,(#7478,#7479),.UNSPECIFIED.,.F.,
  .F.,(2,2),(-12.15,36.45),.PIECEWISE_BEZIER_KNOTS.);
#7478 = CARTESIAN_POINT('',(0.1,0.));
#7479 = CARTESIAN_POINT('',(0.1,-48.6));
#7480 = ( GEOMETRIC_REPRESENTATION_CONTEXT(2) 
PARAMETRIC_REPRESENTATION_CONTEXT() REPRESENTATION_CONTEXT('2D SPACE',''
  ) );
#7481 = ORIENTED_EDGE('',*,*,#7482,.F.);
#7482 = EDGE_CURVE('',#7483,#7457,#7485,.T.);
#7483 = VERTEX_POINT('',#7484);
#7484 = CARTESIAN_POINT('',(-80.39804102091,46.032651455244,0.));
#7485 = SURFACE_CURVE('',#7486,(#7490,#7496),.PCURVE_S1.);
#7486 = LINE('',#7487,#7488);
#7487 = CARTESIAN_POINT('',(-48.01255044256,13.6471608769,0.));
#7488 = VECTOR('',#7489,1.);
#7489 = DIRECTION('',(0.707106781187,-0.707106781187,0.));
#7490 = PCURVE('',#6704,#7491);
#7491 = DEFINITIONAL_REPRESENTATION('',(#7492),#7495);
#7492 = B_SPLINE_CURVE_WITH_KNOTS('',1,(#7493,#7494),.UNSPECIFIED.,.F.,
  .F.,(2,2),(-45.8,-43.6),.PIECEWISE_BEZIER_KNOTS.);
#7493 = CARTESIAN_POINT('',(-80.39804102091,46.032651455244));
#7494 = CARTESIAN_POINT('',(-78.8424061023,44.477016536634));
#7495 = ( GEOMETRIC_REPRESENTATION_CONTEXT(2) 
PARAMETRIC_REPRESENTATION_CONTEXT() REPRESENTATION_CONTEXT('2D SPACE',''
  ) );
#7496 = PCURVE('',#7497,#7502);
#7497 = PLANE('',#7498);
#7498 = AXIS2_PLACEMENT_3D('',#7499,#7500,#7501);
#7499 = CARTESIAN_POINT('',(-78.8424061023,44.477016536634,-0.1));
#7500 = DIRECTION('',(-0.707106781187,-0.707106781187,0.));
#7501 = DIRECTION('',(0.,0.,1.));
#7502 = DEFINITIONAL_REPRESENTATION('',(#7503),#7506);
#7503 = B_SPLINE_CURVE_WITH_KNOTS('',1,(#7504,#7505),.UNSPECIFIED.,.F.,
  .F.,(2,2),(-45.8,-43.6),.PIECEWISE_BEZIER_KNOTS.);
#7504 = CARTESIAN_POINT('',(0.1,2.2));
#7505 = CARTESIAN_POINT('',(0.1,0.));
#7506 = ( GEOMETRIC_REPRESENTATION_CONTEXT(2) 
PARAMETRIC_REPRESENTATION_CONTEXT() REPRESENTATION_CONTEXT('2D SPACE',''
  ) );
#7507 = ORIENTED_EDGE('',*,*,#7508,.F.);
#7508 = EDGE_CURVE('',#7429,#7483,#7509,.T.);
#7509 = SURFACE_CURVE('',#7510,(#7514,#7520),.PCURVE_S1.);
#7510 = LINE('',#7511,#7512);
#7511 = CARTESIAN_POINT('',(-54.62399884666,71.806693629494,0.));
#7512 = VECTOR('',#7513,1.);
#7513 = DIRECTION('',(-0.707106781187,-0.707106781187,0.));
#7514 = PCURVE('',#6704,#7515);
#7515 = DEFINITIONAL_REPRESENTATION('',(#7516),#7519);
#7516 = B_SPLINE_CURVE_WITH_KNOTS('',1,(#7517,#7518),.UNSPECIFIED.,.F.,
  .F.,(2,2),(-12.15,36.45),.PIECEWISE_BEZIER_KNOTS.);
#7517 = CARTESIAN_POINT('',(-46.03265145524,80.39804102091));
#7518 = CARTESIAN_POINT('',(-80.39804102091,46.032651455244));
#7519 = ( GEOMETRIC_REPRESENTATION_CONTEXT(2) 
PARAMETRIC_REPRESENTATION_CONTEXT() REPRESENTATION_CONTEXT('2D SPACE',''
  ) );
#7520 = PCURVE('',#7521,#7526);
#7521 = PLANE('',#7522);
#7522 = AXIS2_PLACEMENT_3D('',#7523,#7524,#7525);
#7523 = CARTESIAN_POINT('',(-46.03265145524,80.39804102091,-0.1));
#7524 = DIRECTION('',(-0.707106781187,0.707106781187,0.));
#7525 = DIRECTION('',(0.,0.,1.));
#7526 = DEFINITIONAL_REPRESENTATION('',(#7527),#7530);
#7527 = B_SPLINE_CURVE_WITH_KNOTS('',1,(#7528,#7529),.UNSPECIFIED.,.F.,
  .F.,(2,2),(-12.15,36.45),.PIECEWISE_BEZIER_KNOTS.);
#7528 = CARTESIAN_POINT('',(0.1,0.));
#7529 = CARTESIAN_POINT('',(0.1,-48.6));
#7530 = ( GEOMETRIC_REPRESENTATION_CONTEXT(2) 
PARAMETRIC_REPRESENTATION_CONTEXT() REPRESENTATION_CONTEXT('2D SPACE',''
  ) );
#7531 = FACE_BOUND('',#7532,.F.);
#7532 = EDGE_LOOP('',(#7533,#7561,#7587,#7613,#7639,#7665,#7691,#7717));
#7533 = ORIENTED_EDGE('',*,*,#7534,.T.);
#7534 = EDGE_CURVE('',#7535,#7537,#7539,.T.);
#7535 = VERTEX_POINT('',#7536);
#7536 = CARTESIAN_POINT('',(-35.4152595829,85.5,0.));
#7537 = VERTEX_POINT('',#7538);
#7538 = CARTESIAN_POINT('',(35.4152595829,85.5,0.));
#7539 = SURFACE_CURVE('',#7540,(#7544,#7550),.PCURVE_S1.);
#7540 = LINE('',#7541,#7542);
#7541 = CARTESIAN_POINT('',(17.70762979145,85.5,0.));
#7542 = VECTOR('',#7543,1.);
#7543 = DIRECTION('',(1.,0.,-0.));
#7544 = PCURVE('',#6704,#7545);
#7545 = DEFINITIONAL_REPRESENTATION('',(#7546),#7549);
#7546 = B_SPLINE_CURVE_WITH_KNOTS('',1,(#7547,#7548),.UNSPECIFIED.,.F.,
  .F.,(2,2),(-53.12288937434,17.70762979145),.PIECEWISE_BEZIER_KNOTS.);
#7547 = CARTESIAN_POINT('',(-35.4152595829,85.5));
#7548 = CARTESIAN_POINT('',(35.4152595829,85.5));
#7549 = ( GEOMETRIC_REPRESENTATION_CONTEXT(2) 
PARAMETRIC_REPRESENTATION_CONTEXT() REPRESENTATION_CONTEXT('2D SPACE',''
  ) );
#7550 = PCURVE('',#7551,#7556);
#7551 = PLANE('',#7552);
#7552 = AXIS2_PLACEMENT_3D('',#7553,#7554,#7555);
#7553 = CARTESIAN_POINT('',(35.4152595829,85.5,-0.1));
#7554 = DIRECTION('',(0.,-1.,0.));
#7555 = DIRECTION('',(-1.,0.,0.));
#7556 = DEFINITIONAL_REPRESENTATION('',(#7557),#7560);
#7557 = B_SPLINE_CURVE_WITH_KNOTS('',1,(#7558,#7559),.UNSPECIFIED.,.F.,
  .F.,(2,2),(-53.12288937434,17.70762979145),.PIECEWISE_BEZIER_KNOTS.);
#7558 = CARTESIAN_POINT('',(70.830519165799,-0.1));
#7559 = CARTESIAN_POINT('',(0.,-0.1));
#7560 = ( GEOMETRIC_REPRESENTATION_CONTEXT(2) 
PARAMETRIC_REPRESENTATION_CONTEXT() REPRESENTATION_CONTEXT('2D SPACE',''
  ) );
#7561 = ORIENTED_EDGE('',*,*,#7562,.T.);
#7562 = EDGE_CURVE('',#7537,#7563,#7565,.T.);
#7563 = VERTEX_POINT('',#7564);
#7564 = CARTESIAN_POINT('',(85.5,35.4152595829,0.));
#7565 = SURFACE_CURVE('',#7566,(#7570,#7576),.PCURVE_S1.);
#7566 = LINE('',#7567,#7568);
#7567 = CARTESIAN_POINT('',(72.978814895725,47.936444687175,0.));
#7568 = VECTOR('',#7569,1.);
#7569 = DIRECTION('',(0.707106781187,-0.707106781187,0.));
#7570 = PCURVE('',#6704,#7571);
#7571 = DEFINITIONAL_REPRESENTATION('',(#7572),#7575);
#7572 = B_SPLINE_CURVE_WITH_KNOTS('',1,(#7573,#7574),.UNSPECIFIED.,.F.,
  .F.,(2,2),(-53.12288937434,17.70762979145),.PIECEWISE_BEZIER_KNOTS.);
#7573 = CARTESIAN_POINT('',(35.4152595829,85.5));
#7574 = CARTESIAN_POINT('',(85.5,35.4152595829));
#7575 = ( GEOMETRIC_REPRESENTATION_CONTEXT(2) 
PARAMETRIC_REPRESENTATION_CONTEXT() REPRESENTATION_CONTEXT('2D SPACE',''
  ) );
#7576 = PCURVE('',#7577,#7582);
#7577 = PLANE('',#7578);
#7578 = AXIS2_PLACEMENT_3D('',#7579,#7580,#7581);
#7579 = CARTESIAN_POINT('',(85.5,35.4152595829,-0.1));
#7580 = DIRECTION('',(-0.707106781187,-0.707106781187,0.));
#7581 = DIRECTION('',(-0.707106781187,0.707106781187,0.));
#7582 = DEFINITIONAL_REPRESENTATION('',(#7583),#7586);
#7583 = B_SPLINE_CURVE_WITH_KNOTS('',1,(#7584,#7585),.UNSPECIFIED.,.F.,
  .F.,(2,2),(-53.12288937434,17.70762979145),.PIECEWISE_BEZIER_KNOTS.);
#7584 = CARTESIAN_POINT('',(70.830519165799,-0.1));
#7585 = CARTESIAN_POINT('',(0.,-0.1));
#7586 = ( GEOMETRIC_REPRESENTATION_CONTEXT(2) 
PARAMETRIC_REPRESENTATION_CONTEXT() REPRESENTATION_CONTEXT('2D SPACE',''
  ) );
#7587 = ORIENTED_EDGE('',*,*,#7588,.T.);
#7588 = EDGE_CURVE('',#7563,#7589,#7591,.T.);
#7589 = VERTEX_POINT('',#7590);
#7590 = CARTESIAN_POINT('',(85.5,-35.4152595829,0.));
#7591 = SURFACE_CURVE('',#7592,(#7596,#7602),.PCURVE_S1.);
#7592 = LINE('',#7593,#7594);
#7593 = CARTESIAN_POINT('',(85.5,-17.70762979145,0.));
#7594 = VECTOR('',#7595,1.);
#7595 = DIRECTION('',(-2.006318022594E-16,-1.,0.));
#7596 = PCURVE('',#6704,#7597);
#7597 = DEFINITIONAL_REPRESENTATION('',(#7598),#7601);
#7598 = B_SPLINE_CURVE_WITH_KNOTS('',1,(#7599,#7600),.UNSPECIFIED.,.F.,
  .F.,(2,2),(-53.12288937434,17.70762979145),.PIECEWISE_BEZIER_KNOTS.);
#7599 = CARTESIAN_POINT('',(85.5,35.4152595829));
#7600 = CARTESIAN_POINT('',(85.5,-35.4152595829));
#7601 = ( GEOMETRIC_REPRESENTATION_CONTEXT(2) 
PARAMETRIC_REPRESENTATION_CONTEXT() REPRESENTATION_CONTEXT('2D SPACE',''
  ) );
#7602 = PCURVE('',#7603,#7608);
#7603 = PLANE('',#7604);
#7604 = AXIS2_PLACEMENT_3D('',#7605,#7606,#7607);
#7605 = CARTESIAN_POINT('',(85.5,-35.4152595829,-0.1));
#7606 = DIRECTION('',(-1.,2.006318022594E-16,0.));
#7607 = DIRECTION('',(2.006318022594E-16,1.,0.));
#7608 = DEFINITIONAL_REPRESENTATION('',(#7609),#7612);
#7609 = B_SPLINE_CURVE_WITH_KNOTS('',1,(#7610,#7611),.UNSPECIFIED.,.F.,
  .F.,(2,2),(-53.12288937434,17.70762979145),.PIECEWISE_BEZIER_KNOTS.);
#7610 = CARTESIAN_POINT('',(70.830519165799,-0.1));
#7611 = CARTESIAN_POINT('',(0.,-0.1));
#7612 = ( GEOMETRIC_REPRESENTATION_CONTEXT(2) 
PARAMETRIC_REPRESENTATION_CONTEXT() REPRESENTATION_CONTEXT('2D SPACE',''
  ) );
#7613 = ORIENTED_EDGE('',*,*,#7614,.T.);
#7614 = EDGE_CURVE('',#7589,#7615,#7617,.T.);
#7615 = VERTEX_POINT('',#7616);
#7616 = CARTESIAN_POINT('',(35.4152595829,-85.5,0.));
#7617 = SURFACE_CURVE('',#7618,(#7622,#7628),.PCURVE_S1.);
#7618 = LINE('',#7619,#7620);
#7619 = CARTESIAN_POINT('',(47.936444687175,-72.97881489572,0.));
#7620 = VECTOR('',#7621,1.);
#7621 = DIRECTION('',(-0.707106781187,-0.707106781187,0.));
#7622 = PCURVE('',#6704,#7623);
#7623 = DEFINITIONAL_REPRESENTATION('',(#7624),#7627);
#7624 = B_SPLINE_CURVE_WITH_KNOTS('',1,(#7625,#7626),.UNSPECIFIED.,.F.,
  .F.,(2,2),(-53.12288937434,17.70762979145),.PIECEWISE_BEZIER_KNOTS.);
#7625 = CARTESIAN_POINT('',(85.5,-35.4152595829));
#7626 = CARTESIAN_POINT('',(35.4152595829,-85.5));
#7627 = ( GEOMETRIC_REPRESENTATION_CONTEXT(2) 
PARAMETRIC_REPRESENTATION_CONTEXT() REPRESENTATION_CONTEXT('2D SPACE',''
  ) );
#7628 = PCURVE('',#7629,#7634);
#7629 = PLANE('',#7630);
#7630 = AXIS2_PLACEMENT_3D('',#7631,#7632,#7633);
#7631 = CARTESIAN_POINT('',(35.4152595829,-85.5,-0.1));
#7632 = DIRECTION('',(-0.707106781187,0.707106781187,0.));
#7633 = DIRECTION('',(0.707106781187,0.707106781187,0.));
#7634 = DEFINITIONAL_REPRESENTATION('',(#7635),#7638);
#7635 = B_SPLINE_CURVE_WITH_KNOTS('',1,(#7636,#7637),.UNSPECIFIED.,.F.,
  .F.,(2,2),(-53.12288937434,17.70762979145),.PIECEWISE_BEZIER_KNOTS.);
#7636 = CARTESIAN_POINT('',(70.830519165799,-0.1));
#7637 = CARTESIAN_POINT('',(0.,-0.1));
#7638 = ( GEOMETRIC_REPRESENTATION_CONTEXT(2) 
PARAMETRIC_REPRESENTATION_CONTEXT() REPRESENTATION_CONTEXT('2D SPACE',''
  ) );
#7639 = ORIENTED_EDGE('',*,*,#7640,.T.);
#7640 = EDGE_CURVE('',#7615,#7641,#7643,.T.);
#7641 = VERTEX_POINT('',#7642);
#7642 = CARTESIAN_POINT('',(-35.4152595829,-85.5,0.));
#7643 = SURFACE_CURVE('',#7644,(#7648,#7654),.PCURVE_S1.);
#7644 = LINE('',#7645,#7646);
#7645 = CARTESIAN_POINT('',(-17.70762979145,-85.5,0.));
#7646 = VECTOR('',#7647,1.);
#7647 = DIRECTION('',(-1.,0.,0.));
#7648 = PCURVE('',#6704,#7649);
#7649 = DEFINITIONAL_REPRESENTATION('',(#7650),#7653);
#7650 = B_SPLINE_CURVE_WITH_KNOTS('',1,(#7651,#7652),.UNSPECIFIED.,.F.,
  .F.,(2,2),(-53.12288937434,17.70762979145),.PIECEWISE_BEZIER_KNOTS.);
#7651 = CARTESIAN_POINT('',(35.4152595829,-85.5));
#7652 = CARTESIAN_POINT('',(-35.4152595829,-85.5));
#7653 = ( GEOMETRIC_REPRESENTATION_CONTEXT(2) 
PARAMETRIC_REPRESENTATION_CONTEXT() REPRESENTATION_CONTEXT('2D SPACE',''
  ) );
#7654 = PCURVE('',#7655,#7660);
#7655 = PLANE('',#7656);
#7656 = AXIS2_PLACEMENT_3D('',#7657,#7658,#7659);
#7657 = CARTESIAN_POINT('',(-35.4152595829,-85.5,-0.1));
#7658 = DIRECTION('',(0.,1.,0.));
#7659 = DIRECTION('',(1.,0.,0.));
#7660 = DEFINITIONAL_REPRESENTATION('',(#7661),#7664);
#7661 = B_SPLINE_CURVE_WITH_KNOTS('',1,(#7662,#7663),.UNSPECIFIED.,.F.,
  .F.,(2,2),(-53.12288937434,17.70762979145),.PIECEWISE_BEZIER_KNOTS.);
#7662 = CARTESIAN_POINT('',(70.830519165799,-0.1));
#7663 = CARTESIAN_POINT('',(0.,-0.1));
#7664 = ( GEOMETRIC_REPRESENTATION_CONTEXT(2) 
PARAMETRIC_REPRESENTATION_CONTEXT() REPRESENTATION_CONTEXT('2D SPACE',''
  ) );
#7665 = ORIENTED_EDGE('',*,*,#7666,.T.);
#7666 = EDGE_CURVE('',#7641,#7667,#7669,.T.);
#7667 = VERTEX_POINT('',#7668);
#7668 = CARTESIAN_POINT('',(-85.5,-35.4152595829,0.));
#7669 = SURFACE_CURVE('',#7670,(#7674,#7680),.PCURVE_S1.);
#7670 = LINE('',#7671,#7672);
#7671 = CARTESIAN_POINT('',(-72.97881489572,-47.93644468717,0.));
#7672 = VECTOR('',#7673,1.);
#7673 = DIRECTION('',(-0.707106781187,0.707106781187,0.));
#7674 = PCURVE('',#6704,#7675);
#7675 = DEFINITIONAL_REPRESENTATION('',(#7676),#7679);
#7676 = B_SPLINE_CURVE_WITH_KNOTS('',1,(#7677,#7678),.UNSPECIFIED.,.F.,
  .F.,(2,2),(-53.12288937434,17.70762979145),.PIECEWISE_BEZIER_KNOTS.);
#7677 = CARTESIAN_POINT('',(-35.4152595829,-85.5));
#7678 = CARTESIAN_POINT('',(-85.5,-35.4152595829));
#7679 = ( GEOMETRIC_REPRESENTATION_CONTEXT(2) 
PARAMETRIC_REPRESENTATION_CONTEXT() REPRESENTATION_CONTEXT('2D SPACE',''
  ) );
#7680 = PCURVE('',#7681,#7686);
#7681 = PLANE('',#7682);
#7682 = AXIS2_PLACEMENT_3D('',#7683,#7684,#7685);
#7683 = CARTESIAN_POINT('',(-85.5,-35.4152595829,-0.1));
#7684 = DIRECTION('',(0.707106781187,0.707106781187,-0.));
#7685 = DIRECTION('',(0.707106781187,-0.707106781187,0.));
#7686 = DEFINITIONAL_REPRESENTATION('',(#7687),#7690);
#7687 = B_SPLINE_CURVE_WITH_KNOTS('',1,(#7688,#7689),.UNSPECIFIED.,.F.,
  .F.,(2,2),(-53.12288937434,17.70762979145),.PIECEWISE_BEZIER_KNOTS.);
#7688 = CARTESIAN_POINT('',(70.830519165799,-0.1));
#7689 = CARTESIAN_POINT('',(0.,-0.1));
#7690 = ( GEOMETRIC_REPRESENTATION_CONTEXT(2) 
PARAMETRIC_REPRESENTATION_CONTEXT() REPRESENTATION_CONTEXT('2D SPACE',''
  ) );
#7691 = ORIENTED_EDGE('',*,*,#7692,.T.);
#7692 = EDGE_CURVE('',#7667,#7693,#7695,.T.);
#7693 = VERTEX_POINT('',#7694);
#7694 = CARTESIAN_POINT('',(-85.5,35.4152595829,0.));
#7695 = SURFACE_CURVE('',#7696,(#7700,#7706),.PCURVE_S1.);
#7696 = LINE('',#7697,#7698);
#7697 = CARTESIAN_POINT('',(-85.5,17.70762979145,0.));
#7698 = VECTOR('',#7699,1.);
#7699 = DIRECTION('',(2.006318022594E-16,1.,-0.));
#7700 = PCURVE('',#6704,#7701);
#7701 = DEFINITIONAL_REPRESENTATION('',(#7702),#7705);
#7702 = B_SPLINE_CURVE_WITH_KNOTS('',1,(#7703,#7704),.UNSPECIFIED.,.F.,
  .F.,(2,2),(-53.12288937434,17.70762979145),.PIECEWISE_BEZIER_KNOTS.);
#7703 = CARTESIAN_POINT('',(-85.5,-35.4152595829));
#7704 = CARTESIAN_POINT('',(-85.5,35.4152595829));
#7705 = ( GEOMETRIC_REPRESENTATION_CONTEXT(2) 
PARAMETRIC_REPRESENTATION_CONTEXT() REPRESENTATION_CONTEXT('2D SPACE',''
  ) );
#7706 = PCURVE('',#7707,#7712);
#7707 = PLANE('',#7708);
#7708 = AXIS2_PLACEMENT_3D('',#7709,#7710,#7711);
#7709 = CARTESIAN_POINT('',(-85.5,35.4152595829,-0.1));
#7710 = DIRECTION('',(1.,-2.006318022594E-16,0.));
#7711 = DIRECTION('',(-2.006318022594E-16,-1.,0.));
#7712 = DEFINITIONAL_REPRESENTATION('',(#7713),#7716);
#7713 = B_SPLINE_CURVE_WITH_KNOTS('',1,(#7714,#7715),.UNSPECIFIED.,.F.,
  .F.,(2,2),(-53.12288937434,17.70762979145),.PIECEWISE_BEZIER_KNOTS.);
#7714 = CARTESIAN_POINT('',(70.830519165799,-0.1));
#7715 = CARTESIAN_POINT('',(0.,-0.1));
#7716 = ( GEOMETRIC_REPRESENTATION_CONTEXT(2) 
PARAMETRIC_REPRESENTATION_CONTEXT() REPRESENTATION_CONTEXT('2D SPACE',''
  ) );
#7717 = ORIENTED_EDGE('',*,*,#7718,.T.);
#7718 = EDGE_CURVE('',#7693,#7535,#7719,.T.);
#7719 = SURFACE_CURVE('',#7720,(#7724,#7730),.PCURVE_S1.);
#7720 = LINE('',#7721,#7722);
#7721 = CARTESIAN_POINT('',(-47.93644468717,72.978814895725,0.));
#7722 = VECTOR('',#7723,1.);
#7723 = DIRECTION('',(0.707106781187,0.707106781187,-0.));
#7724 = PCURVE('',#6704,#7725);
#7725 = DEFINITIONAL_REPRESENTATION('',(#7726),#7729);
#7726 = B_SPLINE_CURVE_WITH_KNOTS('',1,(#7727,#7728),.UNSPECIFIED.,.F.,
  .F.,(2,2),(-53.12288937434,17.70762979145),.PIECEWISE_BEZIER_KNOTS.);
#7727 = CARTESIAN_POINT('',(-85.5,35.4152595829));
#7728 = CARTESIAN_POINT('',(-35.4152595829,85.5));
#7729 = ( GEOMETRIC_REPRESENTATION_CONTEXT(2) 
PARAMETRIC_REPRESENTATION_CONTEXT() REPRESENTATION_CONTEXT('2D SPACE',''
  ) );
#7730 = PCURVE('',#7731,#7736);
#7731 = PLANE('',#7732);
#7732 = AXIS2_PLACEMENT_3D('',#7733,#7734,#7735);
#7733 = CARTESIAN_POINT('',(-35.4152595829,85.5,-0.1));
#7734 = DIRECTION('',(0.707106781187,-0.707106781187,0.));
#7735 = DIRECTION('',(-0.707106781187,-0.707106781187,0.));
#7736 = DEFINITIONAL_REPRESENTATION('',(#7737),#7740);
#7737 = B_SPLINE_CURVE_WITH_KNOTS('',1,(#7738,#7739),.UNSPECIFIED.,.F.,
  .F.,(2,2),(-53.12288937434,17.70762979145),.PIECEWISE_BEZIER_KNOTS.);
#7738 = CARTESIAN_POINT('',(70.830519165799,-0.1));
#7739 = CARTESIAN_POINT('',(0.,-0.1));
#7740 = ( GEOMETRIC_REPRESENTATION_CONTEXT(2) 
PARAMETRIC_REPRESENTATION_CONTEXT() REPRESENTATION_CONTEXT('2D SPACE',''
  ) );
#7741 = FACE_BOUND('',#7742,.F.);
#7742 = EDGE_LOOP('',(#7743,#7771,#7797,#7823));
#7743 = ORIENTED_EDGE('',*,*,#7744,.T.);
#7744 = EDGE_CURVE('',#7745,#7747,#7749,.T.);
#7745 = VERTEX_POINT('',#7746);
#7746 = CARTESIAN_POINT('',(89.4,-24.3,0.));
#7747 = VERTEX_POINT('',#7748);
#7748 = CARTESIAN_POINT('',(87.2,-24.3,0.));
#7749 = SURFACE_CURVE('',#7750,(#7754,#7760),.PCURVE_S1.);
#7750 = LINE('',#7751,#7752);
#7751 = CARTESIAN_POINT('',(43.6,-24.3,0.));
#7752 = VECTOR('',#7753,1.);
#7753 = DIRECTION('',(-1.,0.,0.));
#7754 = PCURVE('',#6704,#7755);
#7755 = DEFINITIONAL_REPRESENTATION('',(#7756),#7759);
#7756 = B_SPLINE_CURVE_WITH_KNOTS('',1,(#7757,#7758),.UNSPECIFIED.,.F.,
  .F.,(2,2),(-45.8,-43.6),.PIECEWISE_BEZIER_KNOTS.);
#7757 = CARTESIAN_POINT('',(89.4,-24.3));
#7758 = CARTESIAN_POINT('',(87.2,-24.3));
#7759 = ( GEOMETRIC_REPRESENTATION_CONTEXT(2) 
PARAMETRIC_REPRESENTATION_CONTEXT() REPRESENTATION_CONTEXT('2D SPACE',''
  ) );
#7760 = PCURVE('',#7761,#7766);
#7761 = PLANE('',#7762);
#7762 = AXIS2_PLACEMENT_3D('',#7763,#7764,#7765);
#7763 = CARTESIAN_POINT('',(87.2,-24.3,-0.1));
#7764 = DIRECTION('',(0.,1.,0.));
#7765 = DIRECTION('',(0.,0.,1.));
#7766 = DEFINITIONAL_REPRESENTATION('',(#7767),#7770);
#7767 = B_SPLINE_CURVE_WITH_KNOTS('',1,(#7768,#7769),.UNSPECIFIED.,.F.,
  .F.,(2,2),(-45.8,-43.6),.PIECEWISE_BEZIER_KNOTS.);
#7768 = CARTESIAN_POINT('',(0.1,2.2));
#7769 = CARTESIAN_POINT('',(0.1,0.));
#7770 = ( GEOMETRIC_REPRESENTATION_CONTEXT(2) 
PARAMETRIC_REPRESENTATION_CONTEXT() REPRESENTATION_CONTEXT('2D SPACE',''
  ) );
#7771 = ORIENTED_EDGE('',*,*,#7772,.T.);
#7772 = EDGE_CURVE('',#7747,#7773,#7775,.T.);
#7773 = VERTEX_POINT('',#7774);
#7774 = CARTESIAN_POINT('',(87.2,24.3,0.));
#7775 = SURFACE_CURVE('',#7776,(#7780,#7786),.PCURVE_S1.);
#7776 = LINE('',#7777,#7778);
#7777 = CARTESIAN_POINT('',(87.2,-12.15,0.));
#7778 = VECTOR('',#7779,1.);
#7779 = DIRECTION('',(0.,1.,0.));
#7780 = PCURVE('',#6704,#7781);
#7781 = DEFINITIONAL_REPRESENTATION('',(#7782),#7785);
#7782 = B_SPLINE_CURVE_WITH_KNOTS('',1,(#7783,#7784),.UNSPECIFIED.,.F.,
  .F.,(2,2),(-12.15,36.45),.PIECEWISE_BEZIER_KNOTS.);
#7783 = CARTESIAN_POINT('',(87.2,-24.3));
#7784 = CARTESIAN_POINT('',(87.2,24.3));
#7785 = ( GEOMETRIC_REPRESENTATION_CONTEXT(2) 
PARAMETRIC_REPRESENTATION_CONTEXT() REPRESENTATION_CONTEXT('2D SPACE',''
  ) );
#7786 = PCURVE('',#7787,#7792);
#7787 = PLANE('',#7788);
#7788 = AXIS2_PLACEMENT_3D('',#7789,#7790,#7791);
#7789 = CARTESIAN_POINT('',(87.2,-24.3,-0.1));
#7790 = DIRECTION('',(1.,0.,0.));
#7791 = DIRECTION('',(0.,0.,1.));
#7792 = DEFINITIONAL_REPRESENTATION('',(#7793),#7796);
#7793 = B_SPLINE_CURVE_WITH_KNOTS('',1,(#7794,#7795),.UNSPECIFIED.,.F.,
  .F.,(2,2),(-12.15,36.45),.PIECEWISE_BEZIER_KNOTS.);
#7794 = CARTESIAN_POINT('',(0.1,0.));
#7795 = CARTESIAN_POINT('',(0.1,-48.6));
#7796 = ( GEOMETRIC_REPRESENTATION_CONTEXT(2) 
PARAMETRIC_REPRESENTATION_CONTEXT() REPRESENTATION_CONTEXT('2D SPACE',''
  ) );
#7797 = ORIENTED_EDGE('',*,*,#7798,.F.);
#7798 = EDGE_CURVE('',#7799,#7773,#7801,.T.);
#7799 = VERTEX_POINT('',#7800);
#7800 = CARTESIAN_POINT('',(89.4,24.3,0.));
#7801 = SURFACE_CURVE('',#7802,(#7806,#7812),.PCURVE_S1.);
#7802 = LINE('',#7803,#7804);
#7803 = CARTESIAN_POINT('',(43.6,24.3,0.));
#7804 = VECTOR('',#7805,1.);
#7805 = DIRECTION('',(-1.,0.,0.));
#7806 = PCURVE('',#6704,#7807);
#7807 = DEFINITIONAL_REPRESENTATION('',(#7808),#7811);
#7808 = B_SPLINE_CURVE_WITH_KNOTS('',1,(#7809,#7810),.UNSPECIFIED.,.F.,
  .F.,(2,2),(-45.8,-43.6),.PIECEWISE_BEZIER_KNOTS.);
#7809 = CARTESIAN_POINT('',(89.4,24.3));
#7810 = CARTESIAN_POINT('',(87.2,24.3));
#7811 = ( GEOMETRIC_REPRESENTATION_CONTEXT(2) 
PARAMETRIC_REPRESENTATION_CONTEXT() REPRESENTATION_CONTEXT('2D SPACE',''
  ) );
#7812 = PCURVE('',#7813,#7818);
#7813 = PLANE('',#7814);
#7814 = AXIS2_PLACEMENT_3D('',#7815,#7816,#7817);
#7815 = CARTESIAN_POINT('',(87.2,24.3,-0.1));
#7816 = DIRECTION('',(0.,1.,0.));
#7817 = DIRECTION('',(0.,0.,1.));
#7818 = DEFINITIONAL_REPRESENTATION('',(#7819),#7822);
#7819 = B_SPLINE_CURVE_WITH_KNOTS('',1,(#7820,#7821),.UNSPECIFIED.,.F.,
  .F.,(2,2),(-45.8,-43.6),.PIECEWISE_BEZIER_KNOTS.);
#7820 = CARTESIAN_POINT('',(0.1,2.2));
#7821 = CARTESIAN_POINT('',(0.1,0.));
#7822 = ( GEOMETRIC_REPRESENTATION_CONTEXT(2) 
PARAMETRIC_REPRESENTATION_CONTEXT() REPRESENTATION_CONTEXT('2D SPACE',''
  ) );
#7823 = ORIENTED_EDGE('',*,*,#7824,.F.);
#7824 = EDGE_CURVE('',#7745,#7799,#7825,.T.);
#7825 = SURFACE_CURVE('',#7826,(#7830,#7836),.PCURVE_S1.);
#7826 = LINE('',#7827,#7828);
#7827 = CARTESIAN_POINT('',(89.4,-12.15,0.));
#7828 = VECTOR('',#7829,1.);
#7829 = DIRECTION('',(0.,1.,0.));
#7830 = PCURVE('',#6704,#7831);
#7831 = DEFINITIONAL_REPRESENTATION('',(#7832),#7835);
#7832 = B_SPLINE_CURVE_WITH_KNOTS('',1,(#7833,#7834),.UNSPECIFIED.,.F.,
  .F.,(2,2),(-12.15,36.45),.PIECEWISE_BEZIER_KNOTS.);
#7833 = CARTESIAN_POINT('',(89.4,-24.3));
#7834 = CARTESIAN_POINT('',(89.4,24.3));
#7835 = ( GEOMETRIC_REPRESENTATION_CONTEXT(2) 
PARAMETRIC_REPRESENTATION_CONTEXT() REPRESENTATION_CONTEXT('2D SPACE',''
  ) );
#7836 = PCURVE('',#7837,#7842);
#7837 = PLANE('',#7838);
#7838 = AXIS2_PLACEMENT_3D('',#7839,#7840,#7841);
#7839 = CARTESIAN_POINT('',(89.4,-24.3,-0.1));
#7840 = DIRECTION('',(1.,0.,0.));
#7841 = DIRECTION('',(0.,0.,1.));
#7842 = DEFINITIONAL_REPRESENTATION('',(#7843),#7846);
#7843 = B_SPLINE_CURVE_WITH_KNOTS('',1,(#7844,#7845),.UNSPECIFIED.,.F.,
  .F.,(2,2),(-12.15,36.45),.PIECEWISE_BEZIER_KNOTS.);
#7844 = CARTESIAN_POINT('',(0.1,0.));
#7845 = CARTESIAN_POINT('',(0.1,-48.6));
#7846 = ( GEOMETRIC_REPRESENTATION_CONTEXT(2) 
PARAMETRIC_REPRESENTATION_CONTEXT() REPRESENTATION_CONTEXT('2D SPACE',''
  ) );
#7847 = FACE_BOUND('',#7848,.F.);
#7848 = EDGE_LOOP('',(#7849,#7877,#7903,#7929));
#7849 = ORIENTED_EDGE('',*,*,#7850,.T.);
#7850 = EDGE_CURVE('',#7851,#7853,#7855,.T.);
#7851 = VERTEX_POINT('',#7852);
#7852 = CARTESIAN_POINT('',(24.3,89.4,0.));
#7853 = VERTEX_POINT('',#7854);
#7854 = CARTESIAN_POINT('',(24.3,87.2,0.));
#7855 = SURFACE_CURVE('',#7856,(#7860,#7866),.PCURVE_S1.);
#7856 = LINE('',#7857,#7858);
#7857 = CARTESIAN_POINT('',(24.3,43.6,0.));
#7858 = VECTOR('',#7859,1.);
#7859 = DIRECTION('',(-1.110223024625E-16,-1.,0.));
#7860 = PCURVE('',#6704,#7861);
#7861 = DEFINITIONAL_REPRESENTATION('',(#7862),#7865);
#7862 = B_SPLINE_CURVE_WITH_KNOTS('',1,(#7863,#7864),.UNSPECIFIED.,.F.,
  .F.,(2,2),(-45.8,-43.6),.PIECEWISE_BEZIER_KNOTS.);
#7863 = CARTESIAN_POINT('',(24.3,89.4));
#7864 = CARTESIAN_POINT('',(24.3,87.2));
#7865 = ( GEOMETRIC_REPRESENTATION_CONTEXT(2) 
PARAMETRIC_REPRESENTATION_CONTEXT() REPRESENTATION_CONTEXT('2D SPACE',''
  ) );
#7866 = PCURVE('',#7867,#7872);
#7867 = PLANE('',#7868);
#7868 = AXIS2_PLACEMENT_3D('',#7869,#7870,#7871);
#7869 = CARTESIAN_POINT('',(24.3,87.2,-0.1));
#7870 = DIRECTION('',(-1.,1.110223024625E-16,0.));
#7871 = DIRECTION('',(0.,0.,1.));
#7872 = DEFINITIONAL_REPRESENTATION('',(#7873),#7876);
#7873 = B_SPLINE_CURVE_WITH_KNOTS('',1,(#7874,#7875),.UNSPECIFIED.,.F.,
  .F.,(2,2),(-45.8,-43.6),.PIECEWISE_BEZIER_KNOTS.);
#7874 = CARTESIAN_POINT('',(0.1,2.2));
#7875 = CARTESIAN_POINT('',(0.1,0.));
#7876 = ( GEOMETRIC_REPRESENTATION_CONTEXT(2) 
PARAMETRIC_REPRESENTATION_CONTEXT() REPRESENTATION_CONTEXT('2D SPACE',''
  ) );
#7877 = ORIENTED_EDGE('',*,*,#7878,.T.);
#7878 = EDGE_CURVE('',#7853,#7879,#7881,.T.);
#7879 = VERTEX_POINT('',#7880);
#7880 = CARTESIAN_POINT('',(-24.3,87.2,0.));
#7881 = SURFACE_CURVE('',#7882,(#7886,#7892),.PCURVE_S1.);
#7882 = LINE('',#7883,#7884);
#7883 = CARTESIAN_POINT('',(12.15,87.2,0.));
#7884 = VECTOR('',#7885,1.);
#7885 = DIRECTION('',(-1.,1.110223024625E-16,0.));
#7886 = PCURVE('',#6704,#7887);
#7887 = DEFINITIONAL_REPRESENTATION('',(#7888),#7891);
#7888 = B_SPLINE_CURVE_WITH_KNOTS('',1,(#7889,#7890),.UNSPECIFIED.,.F.,
  .F.,(2,2),(-12.15,36.45),.PIECEWISE_BEZIER_KNOTS.);
#7889 = CARTESIAN_POINT('',(24.3,87.2));
#7890 = CARTESIAN_POINT('',(-24.3,87.2));
#7891 = ( GEOMETRIC_REPRESENTATION_CONTEXT(2) 
PARAMETRIC_REPRESENTATION_CONTEXT() REPRESENTATION_CONTEXT('2D SPACE',''
  ) );
#7892 = PCURVE('',#7893,#7898);
#7893 = PLANE('',#7894);
#7894 = AXIS2_PLACEMENT_3D('',#7895,#7896,#7897);
#7895 = CARTESIAN_POINT('',(24.3,87.2,-0.1));
#7896 = DIRECTION('',(1.110223024625E-16,1.,0.));
#7897 = DIRECTION('',(0.,0.,1.));
#7898 = DEFINITIONAL_REPRESENTATION('',(#7899),#7902);
#7899 = B_SPLINE_CURVE_WITH_KNOTS('',1,(#7900,#7901),.UNSPECIFIED.,.F.,
  .F.,(2,2),(-12.15,36.45),.PIECEWISE_BEZIER_KNOTS.);
#7900 = CARTESIAN_POINT('',(0.1,0.));
#7901 = CARTESIAN_POINT('',(0.1,-48.6));
#7902 = ( GEOMETRIC_REPRESENTATION_CONTEXT(2) 
PARAMETRIC_REPRESENTATION_CONTEXT() REPRESENTATION_CONTEXT('2D SPACE',''
  ) );
#7903 = ORIENTED_EDGE('',*,*,#7904,.F.);
#7904 = EDGE_CURVE('',#7905,#7879,#7907,.T.);
#7905 = VERTEX_POINT('',#7906);
#7906 = CARTESIAN_POINT('',(-24.3,89.4,0.));
#7907 = SURFACE_CURVE('',#7908,(#7912,#7918),.PCURVE_S1.);
#7908 = LINE('',#7909,#7910);
#7909 = CARTESIAN_POINT('',(-24.3,43.6,0.));
#7910 = VECTOR('',#7911,1.);
#7911 = DIRECTION('',(-1.110223024625E-16,-1.,0.));
#7912 = PCURVE('',#6704,#7913);
#7913 = DEFINITIONAL_REPRESENTATION('',(#7914),#7917);
#7914 = B_SPLINE_CURVE_WITH_KNOTS('',1,(#7915,#7916),.UNSPECIFIED.,.F.,
  .F.,(2,2),(-45.8,-43.6),.PIECEWISE_BEZIER_KNOTS.);
#7915 = CARTESIAN_POINT('',(-24.3,89.4));
#7916 = CARTESIAN_POINT('',(-24.3,87.2));
#7917 = ( GEOMETRIC_REPRESENTATION_CONTEXT(2) 
PARAMETRIC_REPRESENTATION_CONTEXT() REPRESENTATION_CONTEXT('2D SPACE',''
  ) );
#7918 = PCURVE('',#7919,#7924);
#7919 = PLANE('',#7920);
#7920 = AXIS2_PLACEMENT_3D('',#7921,#7922,#7923);
#7921 = CARTESIAN_POINT('',(-24.3,87.2,-0.1));
#7922 = DIRECTION('',(-1.,1.110223024625E-16,0.));
#7923 = DIRECTION('',(0.,0.,1.));
#7924 = DEFINITIONAL_REPRESENTATION('',(#7925),#7928);
#7925 = B_SPLINE_CURVE_WITH_KNOTS('',1,(#7926,#7927),.UNSPECIFIED.,.F.,
  .F.,(2,2),(-45.8,-43.6),.PIECEWISE_BEZIER_KNOTS.);
#7926 = CARTESIAN_POINT('',(0.1,2.2));
#7927 = CARTESIAN_POINT('',(0.1,0.));
#7928 = ( GEOMETRIC_REPRESENTATION_CONTEXT(2) 
PARAMETRIC_REPRESENTATION_CONTEXT() REPRESENTATION_CONTEXT('2D SPACE',''
  ) );
#7929 = ORIENTED_EDGE('',*,*,#7930,.F.);
#7930 = EDGE_CURVE('',#7851,#7905,#7931,.T.);
#7931 = SURFACE_CURVE('',#7932,(#7936,#7942),.PCURVE_S1.);
#7932 = LINE('',#7933,#7934);
#7933 = CARTESIAN_POINT('',(12.15,89.4,0.));
#7934 = VECTOR('',#7935,1.);
#7935 = DIRECTION('',(-1.,1.110223024625E-16,0.));
#7936 = PCURVE('',#6704,#7937);
#7937 = DEFINITIONAL_REPRESENTATION('',(#7938),#7941);
#7938 = B_SPLINE_CURVE_WITH_KNOTS('',1,(#7939,#7940),.UNSPECIFIED.,.F.,
  .F.,(2,2),(-12.15,36.45),.PIECEWISE_BEZIER_KNOTS.);
#7939 = CARTESIAN_POINT('',(24.3,89.4));
#7940 = CARTESIAN_POINT('',(-24.3,89.4));
#7941 = ( GEOMETRIC_REPRESENTATION_CONTEXT(2) 
PARAMETRIC_REPRESENTATION_CONTEXT() REPRESENTATION_CONTEXT('2D SPACE',''
  ) );
#7942 = PCURVE('',#7943,#7948);
#7943 = PLANE('',#7944);
#7944 = AXIS2_PLACEMENT_3D('',#7945,#7946,#7947);
#7945 = CARTESIAN_POINT('',(24.3,89.4,-0.1));
#7946 = DIRECTION('',(1.110223024625E-16,1.,0.));
#7947 = DIRECTION('',(0.,0.,1.));
#7948 = DEFINITIONAL_REPRESENTATION('',(#7949),#7952);
#7949 = B_SPLINE_CURVE_WITH_KNOTS('',1,(#7950,#7951),.UNSPECIFIED.,.F.,
  .F.,(2,2),(-12.15,36.45),.PIECEWISE_BEZIER_KNOTS.);
#7950 = CARTESIAN_POINT('',(0.1,0.));
#7951 = CARTESIAN_POINT('',(0.1,-48.6));
#7952 = ( GEOMETRIC_REPRESENTATION_CONTEXT(2) 
PARAMETRIC_REPRESENTATION_CONTEXT() REPRESENTATION_CONTEXT('2D SPACE',''
  ) );
#7953 = FACE_BOUND('',#7954,.F.);
#7954 = EDGE_LOOP('',(#7955,#7983,#8009,#8035));
#7955 = ORIENTED_EDGE('',*,*,#7956,.T.);
#7956 = EDGE_CURVE('',#7957,#7959,#7961,.T.);
#7957 = VERTEX_POINT('',#7958);
#7958 = CARTESIAN_POINT('',(80.39804102091,46.032651455244,0.));
#7959 = VERTEX_POINT('',#7960);
#7960 = CARTESIAN_POINT('',(78.8424061023,44.477016536634,0.));
#7961 = SURFACE_CURVE('',#7962,(#7966,#7972),.PCURVE_S1.);
#7962 = LINE('',#7963,#7964);
#7963 = CARTESIAN_POINT('',(48.012550442567,13.6471608769,
    1.387778780781E-17));
#7964 = VECTOR('',#7965,1.);
#7965 = DIRECTION('',(-0.707106781187,-0.707106781187,0.));
#7966 = PCURVE('',#6704,#7967);
#7967 = DEFINITIONAL_REPRESENTATION('',(#7968),#7971);
#7968 = B_SPLINE_CURVE_WITH_KNOTS('',1,(#7969,#7970),.UNSPECIFIED.,.F.,
  .F.,(2,2),(-45.8,-43.6),.PIECEWISE_BEZIER_KNOTS.);
#7969 = CARTESIAN_POINT('',(80.39804102091,46.032651455244));
#7970 = CARTESIAN_POINT('',(78.8424061023,44.477016536634));
#7971 = ( GEOMETRIC_REPRESENTATION_CONTEXT(2) 
PARAMETRIC_REPRESENTATION_CONTEXT() REPRESENTATION_CONTEXT('2D SPACE',''
  ) );
#7972 = PCURVE('',#7973,#7978);
#7973 = PLANE('',#7974);
#7974 = AXIS2_PLACEMENT_3D('',#7975,#7976,#7977);
#7975 = CARTESIAN_POINT('',(78.8424061023,44.477016536634,-0.1));
#7976 = DIRECTION('',(-0.707106781187,0.707106781187,0.));
#7977 = DIRECTION('',(0.,0.,1.));
#7978 = DEFINITIONAL_REPRESENTATION('',(#7979),#7982);
#7979 = B_SPLINE_CURVE_WITH_KNOTS('',1,(#7980,#7981),.UNSPECIFIED.,.F.,
  .F.,(2,2),(-45.8,-43.6),.PIECEWISE_BEZIER_KNOTS.);
#7980 = CARTESIAN_POINT('',(0.1,2.2));
#7981 = CARTESIAN_POINT('',(0.1,0.));
#7982 = ( GEOMETRIC_REPRESENTATION_CONTEXT(2) 
PARAMETRIC_REPRESENTATION_CONTEXT() REPRESENTATION_CONTEXT('2D SPACE',''
  ) );
#7983 = ORIENTED_EDGE('',*,*,#7984,.T.);
#7984 = EDGE_CURVE('',#7959,#7985,#7987,.T.);
#7985 = VERTEX_POINT('',#7986);
#7986 = CARTESIAN_POINT('',(44.477016536634,78.8424061023,0.));
#7987 = SURFACE_CURVE('',#7988,(#7992,#7998),.PCURVE_S1.);
#7988 = LINE('',#7989,#7990);
#7989 = CARTESIAN_POINT('',(70.251058710884,53.06836392805,
    1.387778780781E-17));
#7990 = VECTOR('',#7991,1.);
#7991 = DIRECTION('',(-0.707106781187,0.707106781187,0.));
#7992 = PCURVE('',#6704,#7993);
#7993 = DEFINITIONAL_REPRESENTATION('',(#7994),#7997);
#7994 = B_SPLINE_CURVE_WITH_KNOTS('',1,(#7995,#7996),.UNSPECIFIED.,.F.,
  .F.,(2,2),(-12.15,36.45),.PIECEWISE_BEZIER_KNOTS.);
#7995 = CARTESIAN_POINT('',(78.8424061023,44.477016536634));
#7996 = CARTESIAN_POINT('',(44.477016536634,78.8424061023));
#7997 = ( GEOMETRIC_REPRESENTATION_CONTEXT(2) 
PARAMETRIC_REPRESENTATION_CONTEXT() REPRESENTATION_CONTEXT('2D SPACE',''
  ) );
#7998 = PCURVE('',#7999,#8004);
#7999 = PLANE('',#8000);
#8000 = AXIS2_PLACEMENT_3D('',#8001,#8002,#8003);
#8001 = CARTESIAN_POINT('',(78.8424061023,44.477016536634,-0.1));
#8002 = DIRECTION('',(0.707106781187,0.707106781187,0.));
#8003 = DIRECTION('',(0.,0.,1.));
#8004 = DEFINITIONAL_REPRESENTATION('',(#8005),#8008);
#8005 = B_SPLINE_CURVE_WITH_KNOTS('',1,(#8006,#8007),.UNSPECIFIED.,.F.,
  .F.,(2,2),(-12.15,36.45),.PIECEWISE_BEZIER_KNOTS.);
#8006 = CARTESIAN_POINT('',(0.1,0.));
#8007 = CARTESIAN_POINT('',(0.1,-48.6));
#8008 = ( GEOMETRIC_REPRESENTATION_CONTEXT(2) 
PARAMETRIC_REPRESENTATION_CONTEXT() REPRESENTATION_CONTEXT('2D SPACE',''
  ) );
#8009 = ORIENTED_EDGE('',*,*,#8010,.F.);
#8010 = EDGE_CURVE('',#8011,#7985,#8013,.T.);
#8011 = VERTEX_POINT('',#8012);
#8012 = CARTESIAN_POINT('',(46.032651455244,80.39804102091,0.));
#8013 = SURFACE_CURVE('',#8014,(#8018,#8024),.PCURVE_S1.);
#8014 = LINE('',#8015,#8016);
#8015 = CARTESIAN_POINT('',(13.6471608769,48.012550442567,
    1.387778780781E-17));
#8016 = VECTOR('',#8017,1.);
#8017 = DIRECTION('',(-0.707106781187,-0.707106781187,0.));
#8018 = PCURVE('',#6704,#8019);
#8019 = DEFINITIONAL_REPRESENTATION('',(#8020),#8023);
#8020 = B_SPLINE_CURVE_WITH_KNOTS('',1,(#8021,#8022),.UNSPECIFIED.,.F.,
  .F.,(2,2),(-45.8,-43.6),.PIECEWISE_BEZIER_KNOTS.);
#8021 = CARTESIAN_POINT('',(46.032651455244,80.39804102091));
#8022 = CARTESIAN_POINT('',(44.477016536634,78.8424061023));
#8023 = ( GEOMETRIC_REPRESENTATION_CONTEXT(2) 
PARAMETRIC_REPRESENTATION_CONTEXT() REPRESENTATION_CONTEXT('2D SPACE',''
  ) );
#8024 = PCURVE('',#8025,#8030);
#8025 = PLANE('',#8026);
#8026 = AXIS2_PLACEMENT_3D('',#8027,#8028,#8029);
#8027 = CARTESIAN_POINT('',(44.477016536634,78.8424061023,-0.1));
#8028 = DIRECTION('',(-0.707106781187,0.707106781187,0.));
#8029 = DIRECTION('',(0.,0.,1.));
#8030 = DEFINITIONAL_REPRESENTATION('',(#8031),#8034);
#8031 = B_SPLINE_CURVE_WITH_KNOTS('',1,(#8032,#8033),.UNSPECIFIED.,.F.,
  .F.,(2,2),(-45.8,-43.6),.PIECEWISE_BEZIER_KNOTS.);
#8032 = CARTESIAN_POINT('',(0.1,2.2));
#8033 = CARTESIAN_POINT('',(0.1,0.));
#8034 = ( GEOMETRIC_REPRESENTATION_CONTEXT(2) 
PARAMETRIC_REPRESENTATION_CONTEXT() REPRESENTATION_CONTEXT('2D SPACE',''
  ) );
#8035 = ORIENTED_EDGE('',*,*,#8036,.F.);
#8036 = EDGE_CURVE('',#7957,#8011,#8037,.T.);
#8037 = SURFACE_CURVE('',#8038,(#8042,#8048),.PCURVE_S1.);
#8038 = LINE('',#8039,#8040);
#8039 = CARTESIAN_POINT('',(71.806693629494,54.623998846661,
    1.387778780781E-17));
#8040 = VECTOR('',#8041,1.);
#8041 = DIRECTION('',(-0.707106781187,0.707106781187,0.));
#8042 = PCURVE('',#6704,#8043);
#8043 = DEFINITIONAL_REPRESENTATION('',(#8044),#8047);
#8044 = B_SPLINE_CURVE_WITH_KNOTS('',1,(#8045,#8046),.UNSPECIFIED.,.F.,
  .F.,(2,2),(-12.15,36.45),.PIECEWISE_BEZIER_KNOTS.);
#8045 = CARTESIAN_POINT('',(80.39804102091,46.032651455244));
#8046 = CARTESIAN_POINT('',(46.032651455244,80.39804102091));
#8047 = ( GEOMETRIC_REPRESENTATION_CONTEXT(2) 
PARAMETRIC_REPRESENTATION_CONTEXT() REPRESENTATION_CONTEXT('2D SPACE',''
  ) );
#8048 = PCURVE('',#8049,#8054);
#8049 = PLANE('',#8050);
#8050 = AXIS2_PLACEMENT_3D('',#8051,#8052,#8053);
#8051 = CARTESIAN_POINT('',(80.39804102091,46.032651455244,-0.1));
#8052 = DIRECTION('',(0.707106781187,0.707106781187,0.));
#8053 = DIRECTION('',(0.,0.,1.));
#8054 = DEFINITIONAL_REPRESENTATION('',(#8055),#8058);
#8055 = B_SPLINE_CURVE_WITH_KNOTS('',1,(#8056,#8057),.UNSPECIFIED.,.F.,
  .F.,(2,2),(-12.15,36.45),.PIECEWISE_BEZIER_KNOTS.);
#8056 = CARTESIAN_POINT('',(0.1,0.));
#8057 = CARTESIAN_POINT('',(0.1,-48.6));
#8058 = ( GEOMETRIC_REPRESENTATION_CONTEXT(2) 
PARAMETRIC_REPRESENTATION_CONTEXT() REPRESENTATION_CONTEXT('2D SPACE',''
  ) );
#8059 = ADVANCED_FACE('',(#8060,#8178,#8264,#8350,#8436,#8522,#8608,
    #8778,#8864,#8950),#6650,.T.);
#8060 = FACE_BOUND('',#8061,.T.);
#8061 = EDGE_LOOP('',(#8062,#8063,#8064,#8087,#8110,#8133,#8156,#8177));
#8062 = ORIENTED_EDGE('',*,*,#6634,.T.);
#8063 = ORIENTED_EDGE('',*,*,#6796,.T.);
#8064 = ORIENTED_EDGE('',*,*,#8065,.T.);
#8065 = EDGE_CURVE('',#6797,#8066,#8068,.T.);
#8066 = VERTEX_POINT('',#8067);
#8067 = CARTESIAN_POINT('',(-102.5,42.456890143242,8.));
#8068 = SURFACE_CURVE('',#8069,(#8073,#8080),.PCURVE_S1.);
#8069 = LINE('',#8070,#8071);
#8070 = CARTESIAN_POINT('',(-42.45689014324,102.5,8.));
#8071 = VECTOR('',#8072,1.);
#8072 = DIRECTION('',(-0.707106781187,-0.707106781187,0.));
#8073 = PCURVE('',#6650,#8074);
#8074 = DEFINITIONAL_REPRESENTATION('',(#8075),#8079);
#8075 = LINE('',#8076,#8077);
#8076 = CARTESIAN_POINT('',(-42.45689014324,102.5));
#8077 = VECTOR('',#8078,1.);
#8078 = DIRECTION('',(-0.707106781187,-0.707106781187));
#8079 = ( GEOMETRIC_REPRESENTATION_CONTEXT(2) 
PARAMETRIC_REPRESENTATION_CONTEXT() REPRESENTATION_CONTEXT('2D SPACE',''
  ) );
#8080 = PCURVE('',#6835,#8081);
#8081 = DEFINITIONAL_REPRESENTATION('',(#8082),#8086);
#8082 = LINE('',#8083,#8084);
#8083 = CARTESIAN_POINT('',(0.,-8.));
#8084 = VECTOR('',#8085,1.);
#8085 = DIRECTION('',(1.,0.));
#8086 = ( GEOMETRIC_REPRESENTATION_CONTEXT(2) 
PARAMETRIC_REPRESENTATION_CONTEXT() REPRESENTATION_CONTEXT('2D SPACE',''
  ) );
#8087 = ORIENTED_EDGE('',*,*,#8088,.T.);
#8088 = EDGE_CURVE('',#8066,#8089,#8091,.T.);
#8089 = VERTEX_POINT('',#8090);
#8090 = CARTESIAN_POINT('',(-102.5,-42.45689014324,8.));
#8091 = SURFACE_CURVE('',#8092,(#8096,#8103),.PCURVE_S1.);
#8092 = LINE('',#8093,#8094);
#8093 = CARTESIAN_POINT('',(-102.5,42.456890143242,8.));
#8094 = VECTOR('',#8095,1.);
#8095 = DIRECTION('',(-1.673562838359E-16,-1.,0.));
#8096 = PCURVE('',#6650,#8097);
#8097 = DEFINITIONAL_REPRESENTATION('',(#8098),#8102);
#8098 = LINE('',#8099,#8100);
#8099 = CARTESIAN_POINT('',(-102.5,42.456890143242));
#8100 = VECTOR('',#8101,1.);
#8101 = DIRECTION('',(-1.673562838359E-16,-1.));
#8102 = ( GEOMETRIC_REPRESENTATION_CONTEXT(2) 
PARAMETRIC_REPRESENTATION_CONTEXT() REPRESENTATION_CONTEXT('2D SPACE',''
  ) );
#8103 = PCURVE('',#6912,#8104);
#8104 = DEFINITIONAL_REPRESENTATION('',(#8105),#8109);
#8105 = LINE('',#8106,#8107);
#8106 = CARTESIAN_POINT('',(0.,-8.));
#8107 = VECTOR('',#8108,1.);
#8108 = DIRECTION('',(1.,0.));
#8109 = ( GEOMETRIC_REPRESENTATION_CONTEXT(2) 
PARAMETRIC_REPRESENTATION_CONTEXT() REPRESENTATION_CONTEXT('2D SPACE',''
  ) );
#8110 = ORIENTED_EDGE('',*,*,#8111,.T.);
#8111 = EDGE_CURVE('',#8089,#8112,#8114,.T.);
#8112 = VERTEX_POINT('',#8113);
#8113 = CARTESIAN_POINT('',(-42.45689014324,-102.5,8.));
#8114 = SURFACE_CURVE('',#8115,(#8119,#8126),.PCURVE_S1.);
#8115 = LINE('',#8116,#8117);
#8116 = CARTESIAN_POINT('',(-102.5,-42.45689014324,8.));
#8117 = VECTOR('',#8118,1.);
#8118 = DIRECTION('',(0.707106781187,-0.707106781187,0.));
#8119 = PCURVE('',#6650,#8120);
#8120 = DEFINITIONAL_REPRESENTATION('',(#8121),#8125);
#8121 = LINE('',#8122,#8123);
#8122 = CARTESIAN_POINT('',(-102.5,-42.45689014324));
#8123 = VECTOR('',#8124,1.);
#8124 = DIRECTION('',(0.707106781187,-0.707106781187));
#8125 = ( GEOMETRIC_REPRESENTATION_CONTEXT(2) 
PARAMETRIC_REPRESENTATION_CONTEXT() REPRESENTATION_CONTEXT('2D SPACE',''
  ) );
#8126 = PCURVE('',#6940,#8127);
#8127 = DEFINITIONAL_REPRESENTATION('',(#8128),#8132);
#8128 = LINE('',#8129,#8130);
#8129 = CARTESIAN_POINT('',(0.,-8.));
#8130 = VECTOR('',#8131,1.);
#8131 = DIRECTION('',(1.,0.));
#8132 = ( GEOMETRIC_REPRESENTATION_CONTEXT(2) 
PARAMETRIC_REPRESENTATION_CONTEXT() REPRESENTATION_CONTEXT('2D SPACE',''
  ) );
#8133 = ORIENTED_EDGE('',*,*,#8134,.T.);
#8134 = EDGE_CURVE('',#8112,#8135,#8137,.T.);
#8135 = VERTEX_POINT('',#8136);
#8136 = CARTESIAN_POINT('',(42.456890143242,-102.5,8.));
#8137 = SURFACE_CURVE('',#8138,(#8142,#8149),.PCURVE_S1.);
#8138 = LINE('',#8139,#8140);
#8139 = CARTESIAN_POINT('',(-42.45689014324,-102.5,8.));
#8140 = VECTOR('',#8141,1.);
#8141 = DIRECTION('',(1.,-1.673562838359E-16,0.));
#8142 = PCURVE('',#6650,#8143);
#8143 = DEFINITIONAL_REPRESENTATION('',(#8144),#8148);
#8144 = LINE('',#8145,#8146);
#8145 = CARTESIAN_POINT('',(-42.45689014324,-102.5));
#8146 = VECTOR('',#8147,1.);
#8147 = DIRECTION('',(1.,-1.673562838359E-16));
#8148 = ( GEOMETRIC_REPRESENTATION_CONTEXT(2) 
PARAMETRIC_REPRESENTATION_CONTEXT() REPRESENTATION_CONTEXT('2D SPACE',''
  ) );
#8149 = PCURVE('',#6968,#8150);
#8150 = DEFINITIONAL_REPRESENTATION('',(#8151),#8155);
#8151 = LINE('',#8152,#8153);
#8152 = CARTESIAN_POINT('',(0.,-8.));
#8153 = VECTOR('',#8154,1.);
#8154 = DIRECTION('',(1.,0.));
#8155 = ( GEOMETRIC_REPRESENTATION_CONTEXT(2) 
PARAMETRIC_REPRESENTATION_CONTEXT() REPRESENTATION_CONTEXT('2D SPACE',''
  ) );
#8156 = ORIENTED_EDGE('',*,*,#8157,.T.);
#8157 = EDGE_CURVE('',#8135,#6722,#8158,.T.);
#8158 = SURFACE_CURVE('',#8159,(#8163,#8170),.PCURVE_S1.);
#8159 = LINE('',#8160,#8161);
#8160 = CARTESIAN_POINT('',(42.456890143242,-102.5,8.));
#8161 = VECTOR('',#8162,1.);
#8162 = DIRECTION('',(0.707106781187,0.707106781187,0.));
#8163 = PCURVE('',#6650,#8164);
#8164 = DEFINITIONAL_REPRESENTATION('',(#8165),#8169);
#8165 = LINE('',#8166,#8167);
#8166 = CARTESIAN_POINT('',(42.456890143242,-102.5));
#8167 = VECTOR('',#8168,1.);
#8168 = DIRECTION('',(0.707106781187,0.707106781187));
#8169 = ( GEOMETRIC_REPRESENTATION_CONTEXT(2) 
PARAMETRIC_REPRESENTATION_CONTEXT() REPRESENTATION_CONTEXT('2D SPACE',''
  ) );
#8170 = PCURVE('',#6737,#8171);
#8171 = DEFINITIONAL_REPRESENTATION('',(#8172),#8176);
#8172 = LINE('',#8173,#8174);
#8173 = CARTESIAN_POINT('',(0.,-8.));
#8174 = VECTOR('',#8175,1.);
#8175 = DIRECTION('',(1.,0.));
#8176 = ( GEOMETRIC_REPRESENTATION_CONTEXT(2) 
PARAMETRIC_REPRESENTATION_CONTEXT() REPRESENTATION_CONTEXT('2D SPACE',''
  ) );
#8177 = ORIENTED_EDGE('',*,*,#6749,.T.);
#8178 = FACE_BOUND('',#8179,.T.);
#8179 = EDGE_LOOP('',(#8180,#8203,#8224,#8245));
#8180 = ORIENTED_EDGE('',*,*,#8181,.T.);
#8181 = EDGE_CURVE('',#8182,#8184,#8186,.T.);
#8182 = VERTEX_POINT('',#8183);
#8183 = CARTESIAN_POINT('',(-80.39804102091,-46.03265145524,8.));
#8184 = VERTEX_POINT('',#8185);
#8185 = CARTESIAN_POINT('',(-78.8424061023,-44.47701653663,8.));
#8186 = SURFACE_CURVE('',#8187,(#8191,#8197),.PCURVE_S1.);
#8187 = LINE('',#8188,#8189);
#8188 = CARTESIAN_POINT('',(-48.01255044256,-13.6471608769,8.));
#8189 = VECTOR('',#8190,1.);
#8190 = DIRECTION('',(0.707106781187,0.707106781187,-0.));
#8191 = PCURVE('',#6650,#8192);
#8192 = DEFINITIONAL_REPRESENTATION('',(#8193),#8196);
#8193 = B_SPLINE_CURVE_WITH_KNOTS('',1,(#8194,#8195),.UNSPECIFIED.,.F.,
  .F.,(2,2),(-45.8,-43.6),.PIECEWISE_BEZIER_KNOTS.);
#8194 = CARTESIAN_POINT('',(-80.39804102091,-46.03265145524));
#8195 = CARTESIAN_POINT('',(-78.8424061023,-44.47701653663));
#8196 = ( GEOMETRIC_REPRESENTATION_CONTEXT(2) 
PARAMETRIC_REPRESENTATION_CONTEXT() REPRESENTATION_CONTEXT('2D SPACE',''
  ) );
#8197 = PCURVE('',#7021,#8198);
#8198 = DEFINITIONAL_REPRESENTATION('',(#8199),#8202);
#8199 = B_SPLINE_CURVE_WITH_KNOTS('',1,(#8200,#8201),.UNSPECIFIED.,.F.,
  .F.,(2,2),(-45.8,-43.6),.PIECEWISE_BEZIER_KNOTS.);
#8200 = CARTESIAN_POINT('',(8.1,2.2));
#8201 = CARTESIAN_POINT('',(8.1,0.));
#8202 = ( GEOMETRIC_REPRESENTATION_CONTEXT(2) 
PARAMETRIC_REPRESENTATION_CONTEXT() REPRESENTATION_CONTEXT('2D SPACE',''
  ) );
#8203 = ORIENTED_EDGE('',*,*,#8204,.T.);
#8204 = EDGE_CURVE('',#8184,#8205,#8207,.T.);
#8205 = VERTEX_POINT('',#8206);
#8206 = CARTESIAN_POINT('',(-44.47701653663,-78.8424061023,8.));
#8207 = SURFACE_CURVE('',#8208,(#8212,#8218),.PCURVE_S1.);
#8208 = LINE('',#8209,#8210);
#8209 = CARTESIAN_POINT('',(-70.25105871088,-53.06836392805,8.));
#8210 = VECTOR('',#8211,1.);
#8211 = DIRECTION('',(0.707106781187,-0.707106781187,0.));
#8212 = PCURVE('',#6650,#8213);
#8213 = DEFINITIONAL_REPRESENTATION('',(#8214),#8217);
#8214 = B_SPLINE_CURVE_WITH_KNOTS('',1,(#8215,#8216),.UNSPECIFIED.,.F.,
  .F.,(2,2),(-12.15,36.45),.PIECEWISE_BEZIER_KNOTS.);
#8215 = CARTESIAN_POINT('',(-78.8424061023,-44.47701653663));
#8216 = CARTESIAN_POINT('',(-44.47701653663,-78.8424061023));
#8217 = ( GEOMETRIC_REPRESENTATION_CONTEXT(2) 
PARAMETRIC_REPRESENTATION_CONTEXT() REPRESENTATION_CONTEXT('2D SPACE',''
  ) );
#8218 = PCURVE('',#7047,#8219);
#8219 = DEFINITIONAL_REPRESENTATION('',(#8220),#8223);
#8220 = B_SPLINE_CURVE_WITH_KNOTS('',1,(#8221,#8222),.UNSPECIFIED.,.F.,
  .F.,(2,2),(-12.15,36.45),.PIECEWISE_BEZIER_KNOTS.);
#8221 = CARTESIAN_POINT('',(8.1,0.));
#8222 = CARTESIAN_POINT('',(8.1,-48.6));
#8223 = ( GEOMETRIC_REPRESENTATION_CONTEXT(2) 
PARAMETRIC_REPRESENTATION_CONTEXT() REPRESENTATION_CONTEXT('2D SPACE',''
  ) );
#8224 = ORIENTED_EDGE('',*,*,#8225,.F.);
#8225 = EDGE_CURVE('',#8226,#8205,#8228,.T.);
#8226 = VERTEX_POINT('',#8227);
#8227 = CARTESIAN_POINT('',(-46.03265145524,-80.39804102091,8.));
#8228 = SURFACE_CURVE('',#8229,(#8233,#8239),.PCURVE_S1.);
#8229 = LINE('',#8230,#8231);
#8230 = CARTESIAN_POINT('',(-13.6471608769,-48.01255044256,8.));
#8231 = VECTOR('',#8232,1.);
#8232 = DIRECTION('',(0.707106781187,0.707106781187,-0.));
#8233 = PCURVE('',#6650,#8234);
#8234 = DEFINITIONAL_REPRESENTATION('',(#8235),#8238);
#8235 = B_SPLINE_CURVE_WITH_KNOTS('',1,(#8236,#8237),.UNSPECIFIED.,.F.,
  .F.,(2,2),(-45.8,-43.6),.PIECEWISE_BEZIER_KNOTS.);
#8236 = CARTESIAN_POINT('',(-46.03265145524,-80.39804102091));
#8237 = CARTESIAN_POINT('',(-44.47701653663,-78.8424061023));
#8238 = ( GEOMETRIC_REPRESENTATION_CONTEXT(2) 
PARAMETRIC_REPRESENTATION_CONTEXT() REPRESENTATION_CONTEXT('2D SPACE',''
  ) );
#8239 = PCURVE('',#7073,#8240);
#8240 = DEFINITIONAL_REPRESENTATION('',(#8241),#8244);
#8241 = B_SPLINE_CURVE_WITH_KNOTS('',1,(#8242,#8243),.UNSPECIFIED.,.F.,
  .F.,(2,2),(-45.8,-43.6),.PIECEWISE_BEZIER_KNOTS.);
#8242 = CARTESIAN_POINT('',(8.1,2.2));
#8243 = CARTESIAN_POINT('',(8.1,0.));
#8244 = ( GEOMETRIC_REPRESENTATION_CONTEXT(2) 
PARAMETRIC_REPRESENTATION_CONTEXT() REPRESENTATION_CONTEXT('2D SPACE',''
  ) );
#8245 = ORIENTED_EDGE('',*,*,#8246,.F.);
#8246 = EDGE_CURVE('',#8182,#8226,#8247,.T.);
#8247 = SURFACE_CURVE('',#8248,(#8252,#8258),.PCURVE_S1.);
#8248 = LINE('',#8249,#8250);
#8249 = CARTESIAN_POINT('',(-71.80669362949,-54.62399884666,8.));
#8250 = VECTOR('',#8251,1.);
#8251 = DIRECTION('',(0.707106781187,-0.707106781187,0.));
#8252 = PCURVE('',#6650,#8253);
#8253 = DEFINITIONAL_REPRESENTATION('',(#8254),#8257);
#8254 = B_SPLINE_CURVE_WITH_KNOTS('',1,(#8255,#8256),.UNSPECIFIED.,.F.,
  .F.,(2,2),(-12.15,36.45),.PIECEWISE_BEZIER_KNOTS.);
#8255 = CARTESIAN_POINT('',(-80.39804102091,-46.03265145524));
#8256 = CARTESIAN_POINT('',(-46.03265145524,-80.39804102091));
#8257 = ( GEOMETRIC_REPRESENTATION_CONTEXT(2) 
PARAMETRIC_REPRESENTATION_CONTEXT() REPRESENTATION_CONTEXT('2D SPACE',''
  ) );
#8258 = PCURVE('',#7097,#8259);
#8259 = DEFINITIONAL_REPRESENTATION('',(#8260),#8263);
#8260 = B_SPLINE_CURVE_WITH_KNOTS('',1,(#8261,#8262),.UNSPECIFIED.,.F.,
  .F.,(2,2),(-12.15,36.45),.PIECEWISE_BEZIER_KNOTS.);
#8261 = CARTESIAN_POINT('',(8.1,0.));
#8262 = CARTESIAN_POINT('',(8.1,-48.6));
#8263 = ( GEOMETRIC_REPRESENTATION_CONTEXT(2) 
PARAMETRIC_REPRESENTATION_CONTEXT() REPRESENTATION_CONTEXT('2D SPACE',''
  ) );
#8264 = FACE_BOUND('',#8265,.T.);
#8265 = EDGE_LOOP('',(#8266,#8289,#8310,#8331));
#8266 = ORIENTED_EDGE('',*,*,#8267,.T.);
#8267 = EDGE_CURVE('',#8268,#8270,#8272,.T.);
#8268 = VERTEX_POINT('',#8269);
#8269 = CARTESIAN_POINT('',(-24.3,-89.4,8.));
#8270 = VERTEX_POINT('',#8271);
#8271 = CARTESIAN_POINT('',(-24.3,-87.2,8.));
#8272 = SURFACE_CURVE('',#8273,(#8277,#8283),.PCURVE_S1.);
#8273 = LINE('',#8274,#8275);
#8274 = CARTESIAN_POINT('',(-24.3,-43.6,8.));
#8275 = VECTOR('',#8276,1.);
#8276 = DIRECTION('',(2.22044604925E-16,1.,-0.));
#8277 = PCURVE('',#6650,#8278);
#8278 = DEFINITIONAL_REPRESENTATION('',(#8279),#8282);
#8279 = B_SPLINE_CURVE_WITH_KNOTS('',1,(#8280,#8281),.UNSPECIFIED.,.F.,
  .F.,(2,2),(-45.8,-43.6),.PIECEWISE_BEZIER_KNOTS.);
#8280 = CARTESIAN_POINT('',(-24.3,-89.4));
#8281 = CARTESIAN_POINT('',(-24.3,-87.2));
#8282 = ( GEOMETRIC_REPRESENTATION_CONTEXT(2) 
PARAMETRIC_REPRESENTATION_CONTEXT() REPRESENTATION_CONTEXT('2D SPACE',''
  ) );
#8283 = PCURVE('',#7127,#8284);
#8284 = DEFINITIONAL_REPRESENTATION('',(#8285),#8288);
#8285 = B_SPLINE_CURVE_WITH_KNOTS('',1,(#8286,#8287),.UNSPECIFIED.,.F.,
  .F.,(2,2),(-45.8,-43.6),.PIECEWISE_BEZIER_KNOTS.);
#8286 = CARTESIAN_POINT('',(8.1,2.2));
#8287 = CARTESIAN_POINT('',(8.1,0.));
#8288 = ( GEOMETRIC_REPRESENTATION_CONTEXT(2) 
PARAMETRIC_REPRESENTATION_CONTEXT() REPRESENTATION_CONTEXT('2D SPACE',''
  ) );
#8289 = ORIENTED_EDGE('',*,*,#8290,.T.);
#8290 = EDGE_CURVE('',#8270,#8291,#8293,.T.);
#8291 = VERTEX_POINT('',#8292);
#8292 = CARTESIAN_POINT('',(24.3,-87.2,8.));
#8293 = SURFACE_CURVE('',#8294,(#8298,#8304),.PCURVE_S1.);
#8294 = LINE('',#8295,#8296);
#8295 = CARTESIAN_POINT('',(-12.15,-87.2,8.));
#8296 = VECTOR('',#8297,1.);
#8297 = DIRECTION('',(1.,-2.22044604925E-16,0.));
#8298 = PCURVE('',#6650,#8299);
#8299 = DEFINITIONAL_REPRESENTATION('',(#8300),#8303);
#8300 = B_SPLINE_CURVE_WITH_KNOTS('',1,(#8301,#8302),.UNSPECIFIED.,.F.,
  .F.,(2,2),(-12.15,36.45),.PIECEWISE_BEZIER_KNOTS.);
#8301 = CARTESIAN_POINT('',(-24.3,-87.2));
#8302 = CARTESIAN_POINT('',(24.3,-87.2));
#8303 = ( GEOMETRIC_REPRESENTATION_CONTEXT(2) 
PARAMETRIC_REPRESENTATION_CONTEXT() REPRESENTATION_CONTEXT('2D SPACE',''
  ) );
#8304 = PCURVE('',#7153,#8305);
#8305 = DEFINITIONAL_REPRESENTATION('',(#8306),#8309);
#8306 = B_SPLINE_CURVE_WITH_KNOTS('',1,(#8307,#8308),.UNSPECIFIED.,.F.,
  .F.,(2,2),(-12.15,36.45),.PIECEWISE_BEZIER_KNOTS.);
#8307 = CARTESIAN_POINT('',(8.1,0.));
#8308 = CARTESIAN_POINT('',(8.1,-48.6));
#8309 = ( GEOMETRIC_REPRESENTATION_CONTEXT(2) 
PARAMETRIC_REPRESENTATION_CONTEXT() REPRESENTATION_CONTEXT('2D SPACE',''
  ) );
#8310 = ORIENTED_EDGE('',*,*,#8311,.F.);
#8311 = EDGE_CURVE('',#8312,#8291,#8314,.T.);
#8312 = VERTEX_POINT('',#8313);
#8313 = CARTESIAN_POINT('',(24.3,-89.4,8.));
#8314 = SURFACE_CURVE('',#8315,(#8319,#8325),.PCURVE_S1.);
#8315 = LINE('',#8316,#8317);
#8316 = CARTESIAN_POINT('',(24.3,-43.6,8.));
#8317 = VECTOR('',#8318,1.);
#8318 = DIRECTION('',(2.22044604925E-16,1.,-0.));
#8319 = PCURVE('',#6650,#8320);
#8320 = DEFINITIONAL_REPRESENTATION('',(#8321),#8324);
#8321 = B_SPLINE_CURVE_WITH_KNOTS('',1,(#8322,#8323),.UNSPECIFIED.,.F.,
  .F.,(2,2),(-45.8,-43.6),.PIECEWISE_BEZIER_KNOTS.);
#8322 = CARTESIAN_POINT('',(24.3,-89.4));
#8323 = CARTESIAN_POINT('',(24.3,-87.2));
#8324 = ( GEOMETRIC_REPRESENTATION_CONTEXT(2) 
PARAMETRIC_REPRESENTATION_CONTEXT() REPRESENTATION_CONTEXT('2D SPACE',''
  ) );
#8325 = PCURVE('',#7179,#8326);
#8326 = DEFINITIONAL_REPRESENTATION('',(#8327),#8330);
#8327 = B_SPLINE_CURVE_WITH_KNOTS('',1,(#8328,#8329),.UNSPECIFIED.,.F.,
  .F.,(2,2),(-45.8,-43.6),.PIECEWISE_BEZIER_KNOTS.);
#8328 = CARTESIAN_POINT('',(8.1,2.2));
#8329 = CARTESIAN_POINT('',(8.1,0.));
#8330 = ( GEOMETRIC_REPRESENTATION_CONTEXT(2) 
PARAMETRIC_REPRESENTATION_CONTEXT() REPRESENTATION_CONTEXT('2D SPACE',''
  ) );
#8331 = ORIENTED_EDGE('',*,*,#8332,.F.);
#8332 = EDGE_CURVE('',#8268,#8312,#8333,.T.);
#8333 = SURFACE_CURVE('',#8334,(#8338,#8344),.PCURVE_S1.);
#8334 = LINE('',#8335,#8336);
#8335 = CARTESIAN_POINT('',(-12.15,-89.4,8.));
#8336 = VECTOR('',#8337,1.);
#8337 = DIRECTION('',(1.,-2.22044604925E-16,0.));
#8338 = PCURVE('',#6650,#8339);
#8339 = DEFINITIONAL_REPRESENTATION('',(#8340),#8343);
#8340 = B_SPLINE_CURVE_WITH_KNOTS('',1,(#8341,#8342),.UNSPECIFIED.,.F.,
  .F.,(2,2),(-12.15,36.45),.PIECEWISE_BEZIER_KNOTS.);
#8341 = CARTESIAN_POINT('',(-24.3,-89.4));
#8342 = CARTESIAN_POINT('',(24.3,-89.4));
#8343 = ( GEOMETRIC_REPRESENTATION_CONTEXT(2) 
PARAMETRIC_REPRESENTATION_CONTEXT() REPRESENTATION_CONTEXT('2D SPACE',''
  ) );
#8344 = PCURVE('',#7203,#8345);
#8345 = DEFINITIONAL_REPRESENTATION('',(#8346),#8349);
#8346 = B_SPLINE_CURVE_WITH_KNOTS('',1,(#8347,#8348),.UNSPECIFIED.,.F.,
  .F.,(2,2),(-12.15,36.45),.PIECEWISE_BEZIER_KNOTS.);
#8347 = CARTESIAN_POINT('',(8.1,0.));
#8348 = CARTESIAN_POINT('',(8.1,-48.6));
#8349 = ( GEOMETRIC_REPRESENTATION_CONTEXT(2) 
PARAMETRIC_REPRESENTATION_CONTEXT() REPRESENTATION_CONTEXT('2D SPACE',''
  ) );
#8350 = FACE_BOUND('',#8351,.T.);
#8351 = EDGE_LOOP('',(#8352,#8375,#8396,#8417));
#8352 = ORIENTED_EDGE('',*,*,#8353,.T.);
#8353 = EDGE_CURVE('',#8354,#8356,#8358,.T.);
#8354 = VERTEX_POINT('',#8355);
#8355 = CARTESIAN_POINT('',(46.032651455244,-80.39804102091,8.));
#8356 = VERTEX_POINT('',#8357);
#8357 = CARTESIAN_POINT('',(44.477016536634,-78.8424061023,8.));
#8358 = SURFACE_CURVE('',#8359,(#8363,#8369),.PCURVE_S1.);
#8359 = LINE('',#8360,#8361);
#8360 = CARTESIAN_POINT('',(13.6471608769,-48.01255044256,8.));
#8361 = VECTOR('',#8362,1.);
#8362 = DIRECTION('',(-0.707106781187,0.707106781187,0.));
#8363 = PCURVE('',#6650,#8364);
#8364 = DEFINITIONAL_REPRESENTATION('',(#8365),#8368);
#8365 = B_SPLINE_CURVE_WITH_KNOTS('',1,(#8366,#8367),.UNSPECIFIED.,.F.,
  .F.,(2,2),(-45.8,-43.6),.PIECEWISE_BEZIER_KNOTS.);
#8366 = CARTESIAN_POINT('',(46.032651455244,-80.39804102091));
#8367 = CARTESIAN_POINT('',(44.477016536634,-78.8424061023));
#8368 = ( GEOMETRIC_REPRESENTATION_CONTEXT(2) 
PARAMETRIC_REPRESENTATION_CONTEXT() REPRESENTATION_CONTEXT('2D SPACE',''
  ) );
#8369 = PCURVE('',#7233,#8370);
#8370 = DEFINITIONAL_REPRESENTATION('',(#8371),#8374);
#8371 = B_SPLINE_CURVE_WITH_KNOTS('',1,(#8372,#8373),.UNSPECIFIED.,.F.,
  .F.,(2,2),(-45.8,-43.6),.PIECEWISE_BEZIER_KNOTS.);
#8372 = CARTESIAN_POINT('',(8.1,2.2));
#8373 = CARTESIAN_POINT('',(8.1,0.));
#8374 = ( GEOMETRIC_REPRESENTATION_CONTEXT(2) 
PARAMETRIC_REPRESENTATION_CONTEXT() REPRESENTATION_CONTEXT('2D SPACE',''
  ) );
#8375 = ORIENTED_EDGE('',*,*,#8376,.T.);
#8376 = EDGE_CURVE('',#8356,#8377,#8379,.T.);
#8377 = VERTEX_POINT('',#8378);
#8378 = CARTESIAN_POINT('',(78.8424061023,-44.47701653663,8.));
#8379 = SURFACE_CURVE('',#8380,(#8384,#8390),.PCURVE_S1.);
#8380 = LINE('',#8381,#8382);
#8381 = CARTESIAN_POINT('',(53.06836392805,-70.25105871088,8.));
#8382 = VECTOR('',#8383,1.);
#8383 = DIRECTION('',(0.707106781187,0.707106781187,-0.));
#8384 = PCURVE('',#6650,#8385);
#8385 = DEFINITIONAL_REPRESENTATION('',(#8386),#8389);
#8386 = B_SPLINE_CURVE_WITH_KNOTS('',1,(#8387,#8388),.UNSPECIFIED.,.F.,
  .F.,(2,2),(-12.15,36.45),.PIECEWISE_BEZIER_KNOTS.);
#8387 = CARTESIAN_POINT('',(44.477016536634,-78.8424061023));
#8388 = CARTESIAN_POINT('',(78.8424061023,-44.47701653663));
#8389 = ( GEOMETRIC_REPRESENTATION_CONTEXT(2) 
PARAMETRIC_REPRESENTATION_CONTEXT() REPRESENTATION_CONTEXT('2D SPACE',''
  ) );
#8390 = PCURVE('',#7259,#8391);
#8391 = DEFINITIONAL_REPRESENTATION('',(#8392),#8395);
#8392 = B_SPLINE_CURVE_WITH_KNOTS('',1,(#8393,#8394),.UNSPECIFIED.,.F.,
  .F.,(2,2),(-12.15,36.45),.PIECEWISE_BEZIER_KNOTS.);
#8393 = CARTESIAN_POINT('',(8.1,0.));
#8394 = CARTESIAN_POINT('',(8.1,-48.6));
#8395 = ( GEOMETRIC_REPRESENTATION_CONTEXT(2) 
PARAMETRIC_REPRESENTATION_CONTEXT() REPRESENTATION_CONTEXT('2D SPACE',''
  ) );
#8396 = ORIENTED_EDGE('',*,*,#8397,.F.);
#8397 = EDGE_CURVE('',#8398,#8377,#8400,.T.);
#8398 = VERTEX_POINT('',#8399);
#8399 = CARTESIAN_POINT('',(80.39804102091,-46.03265145524,8.));
#8400 = SURFACE_CURVE('',#8401,(#8405,#8411),.PCURVE_S1.);
#8401 = LINE('',#8402,#8403);
#8402 = CARTESIAN_POINT('',(48.012550442567,-13.6471608769,8.));
#8403 = VECTOR('',#8404,1.);
#8404 = DIRECTION('',(-0.707106781187,0.707106781187,0.));
#8405 = PCURVE('',#6650,#8406);
#8406 = DEFINITIONAL_REPRESENTATION('',(#8407),#8410);
#8407 = B_SPLINE_CURVE_WITH_KNOTS('',1,(#8408,#8409),.UNSPECIFIED.,.F.,
  .F.,(2,2),(-45.8,-43.6),.PIECEWISE_BEZIER_KNOTS.);
#8408 = CARTESIAN_POINT('',(80.39804102091,-46.03265145524));
#8409 = CARTESIAN_POINT('',(78.8424061023,-44.47701653663));
#8410 = ( GEOMETRIC_REPRESENTATION_CONTEXT(2) 
PARAMETRIC_REPRESENTATION_CONTEXT() REPRESENTATION_CONTEXT('2D SPACE',''
  ) );
#8411 = PCURVE('',#7285,#8412);
#8412 = DEFINITIONAL_REPRESENTATION('',(#8413),#8416);
#8413 = B_SPLINE_CURVE_WITH_KNOTS('',1,(#8414,#8415),.UNSPECIFIED.,.F.,
  .F.,(2,2),(-45.8,-43.6),.PIECEWISE_BEZIER_KNOTS.);
#8414 = CARTESIAN_POINT('',(8.1,2.2));
#8415 = CARTESIAN_POINT('',(8.1,0.));
#8416 = ( GEOMETRIC_REPRESENTATION_CONTEXT(2) 
PARAMETRIC_REPRESENTATION_CONTEXT() REPRESENTATION_CONTEXT('2D SPACE',''
  ) );
#8417 = ORIENTED_EDGE('',*,*,#8418,.F.);
#8418 = EDGE_CURVE('',#8354,#8398,#8419,.T.);
#8419 = SURFACE_CURVE('',#8420,(#8424,#8430),.PCURVE_S1.);
#8420 = LINE('',#8421,#8422);
#8421 = CARTESIAN_POINT('',(54.623998846661,-71.80669362949,8.));
#8422 = VECTOR('',#8423,1.);
#8423 = DIRECTION('',(0.707106781187,0.707106781187,-0.));
#8424 = PCURVE('',#6650,#8425);
#8425 = DEFINITIONAL_REPRESENTATION('',(#8426),#8429);
#8426 = B_SPLINE_CURVE_WITH_KNOTS('',1,(#8427,#8428),.UNSPECIFIED.,.F.,
  .F.,(2,2),(-12.15,36.45),.PIECEWISE_BEZIER_KNOTS.);
#8427 = CARTESIAN_POINT('',(46.032651455244,-80.39804102091));
#8428 = CARTESIAN_POINT('',(80.39804102091,-46.03265145524));
#8429 = ( GEOMETRIC_REPRESENTATION_CONTEXT(2) 
PARAMETRIC_REPRESENTATION_CONTEXT() REPRESENTATION_CONTEXT('2D SPACE',''
  ) );
#8430 = PCURVE('',#7309,#8431);
#8431 = DEFINITIONAL_REPRESENTATION('',(#8432),#8435);
#8432 = B_SPLINE_CURVE_WITH_KNOTS('',1,(#8433,#8434),.UNSPECIFIED.,.F.,
  .F.,(2,2),(-12.15,36.45),.PIECEWISE_BEZIER_KNOTS.);
#8433 = CARTESIAN_POINT('',(8.1,0.));
#8434 = CARTESIAN_POINT('',(8.1,-48.6));
#8435 = ( GEOMETRIC_REPRESENTATION_CONTEXT(2) 
PARAMETRIC_REPRESENTATION_CONTEXT() REPRESENTATION_CONTEXT('2D SPACE',''
  ) );
#8436 = FACE_BOUND('',#8437,.T.);
#8437 = EDGE_LOOP('',(#8438,#8461,#8482,#8503));
#8438 = ORIENTED_EDGE('',*,*,#8439,.T.);
#8439 = EDGE_CURVE('',#8440,#8442,#8444,.T.);
#8440 = VERTEX_POINT('',#8441);
#8441 = CARTESIAN_POINT('',(-89.4,24.3,8.));
#8442 = VERTEX_POINT('',#8443);
#8443 = CARTESIAN_POINT('',(-87.2,24.3,8.));
#8444 = SURFACE_CURVE('',#8445,(#8449,#8455),.PCURVE_S1.);
#8445 = LINE('',#8446,#8447);
#8446 = CARTESIAN_POINT('',(-43.6,24.3,8.));
#8447 = VECTOR('',#8448,1.);
#8448 = DIRECTION('',(1.,-1.224646799147E-16,0.));
#8449 = PCURVE('',#6650,#8450);
#8450 = DEFINITIONAL_REPRESENTATION('',(#8451),#8454);
#8451 = B_SPLINE_CURVE_WITH_KNOTS('',1,(#8452,#8453),.UNSPECIFIED.,.F.,
  .F.,(2,2),(-45.8,-43.6),.PIECEWISE_BEZIER_KNOTS.);
#8452 = CARTESIAN_POINT('',(-89.4,24.3));
#8453 = CARTESIAN_POINT('',(-87.2,24.3));
#8454 = ( GEOMETRIC_REPRESENTATION_CONTEXT(2) 
PARAMETRIC_REPRESENTATION_CONTEXT() REPRESENTATION_CONTEXT('2D SPACE',''
  ) );
#8455 = PCURVE('',#7339,#8456);
#8456 = DEFINITIONAL_REPRESENTATION('',(#8457),#8460);
#8457 = B_SPLINE_CURVE_WITH_KNOTS('',1,(#8458,#8459),.UNSPECIFIED.,.F.,
  .F.,(2,2),(-45.8,-43.6),.PIECEWISE_BEZIER_KNOTS.);
#8458 = CARTESIAN_POINT('',(8.1,2.2));
#8459 = CARTESIAN_POINT('',(8.1,0.));
#8460 = ( GEOMETRIC_REPRESENTATION_CONTEXT(2) 
PARAMETRIC_REPRESENTATION_CONTEXT() REPRESENTATION_CONTEXT('2D SPACE',''
  ) );
#8461 = ORIENTED_EDGE('',*,*,#8462,.T.);
#8462 = EDGE_CURVE('',#8442,#8463,#8465,.T.);
#8463 = VERTEX_POINT('',#8464);
#8464 = CARTESIAN_POINT('',(-87.2,-24.3,8.));
#8465 = SURFACE_CURVE('',#8466,(#8470,#8476),.PCURVE_S1.);
#8466 = LINE('',#8467,#8468);
#8467 = CARTESIAN_POINT('',(-87.2,12.15,8.));
#8468 = VECTOR('',#8469,1.);
#8469 = DIRECTION('',(-1.224646799147E-16,-1.,0.));
#8470 = PCURVE('',#6650,#8471);
#8471 = DEFINITIONAL_REPRESENTATION('',(#8472),#8475);
#8472 = B_SPLINE_CURVE_WITH_KNOTS('',1,(#8473,#8474),.UNSPECIFIED.,.F.,
  .F.,(2,2),(-12.15,36.45),.PIECEWISE_BEZIER_KNOTS.);
#8473 = CARTESIAN_POINT('',(-87.2,24.3));
#8474 = CARTESIAN_POINT('',(-87.2,-24.3));
#8475 = ( GEOMETRIC_REPRESENTATION_CONTEXT(2) 
PARAMETRIC_REPRESENTATION_CONTEXT() REPRESENTATION_CONTEXT('2D SPACE',''
  ) );
#8476 = PCURVE('',#7365,#8477);
#8477 = DEFINITIONAL_REPRESENTATION('',(#8478),#8481);
#8478 = B_SPLINE_CURVE_WITH_KNOTS('',1,(#8479,#8480),.UNSPECIFIED.,.F.,
  .F.,(2,2),(-12.15,36.45),.PIECEWISE_BEZIER_KNOTS.);
#8479 = CARTESIAN_POINT('',(8.1,0.));
#8480 = CARTESIAN_POINT('',(8.1,-48.6));
#8481 = ( GEOMETRIC_REPRESENTATION_CONTEXT(2) 
PARAMETRIC_REPRESENTATION_CONTEXT() REPRESENTATION_CONTEXT('2D SPACE',''
  ) );
#8482 = ORIENTED_EDGE('',*,*,#8483,.F.);
#8483 = EDGE_CURVE('',#8484,#8463,#8486,.T.);
#8484 = VERTEX_POINT('',#8485);
#8485 = CARTESIAN_POINT('',(-89.4,-24.3,8.));
#8486 = SURFACE_CURVE('',#8487,(#8491,#8497),.PCURVE_S1.);
#8487 = LINE('',#8488,#8489);
#8488 = CARTESIAN_POINT('',(-43.6,-24.3,8.));
#8489 = VECTOR('',#8490,1.);
#8490 = DIRECTION('',(1.,-1.224646799147E-16,0.));
#8491 = PCURVE('',#6650,#8492);
#8492 = DEFINITIONAL_REPRESENTATION('',(#8493),#8496);
#8493 = B_SPLINE_CURVE_WITH_KNOTS('',1,(#8494,#8495),.UNSPECIFIED.,.F.,
  .F.,(2,2),(-45.8,-43.6),.PIECEWISE_BEZIER_KNOTS.);
#8494 = CARTESIAN_POINT('',(-89.4,-24.3));
#8495 = CARTESIAN_POINT('',(-87.2,-24.3));
#8496 = ( GEOMETRIC_REPRESENTATION_CONTEXT(2) 
PARAMETRIC_REPRESENTATION_CONTEXT() REPRESENTATION_CONTEXT('2D SPACE',''
  ) );
#8497 = PCURVE('',#7391,#8498);
#8498 = DEFINITIONAL_REPRESENTATION('',(#8499),#8502);
#8499 = B_SPLINE_CURVE_WITH_KNOTS('',1,(#8500,#8501),.UNSPECIFIED.,.F.,
  .F.,(2,2),(-45.8,-43.6),.PIECEWISE_BEZIER_KNOTS.);
#8500 = CARTESIAN_POINT('',(8.1,2.2));
#8501 = CARTESIAN_POINT('',(8.1,0.));
#8502 = ( GEOMETRIC_REPRESENTATION_CONTEXT(2) 
PARAMETRIC_REPRESENTATION_CONTEXT() REPRESENTATION_CONTEXT('2D SPACE',''
  ) );
#8503 = ORIENTED_EDGE('',*,*,#8504,.F.);
#8504 = EDGE_CURVE('',#8440,#8484,#8505,.T.);
#8505 = SURFACE_CURVE('',#8506,(#8510,#8516),.PCURVE_S1.);
#8506 = LINE('',#8507,#8508);
#8507 = CARTESIAN_POINT('',(-89.4,12.15,8.));
#8508 = VECTOR('',#8509,1.);
#8509 = DIRECTION('',(-1.224646799147E-16,-1.,0.));
#8510 = PCURVE('',#6650,#8511);
#8511 = DEFINITIONAL_REPRESENTATION('',(#8512),#8515);
#8512 = B_SPLINE_CURVE_WITH_KNOTS('',1,(#8513,#8514),.UNSPECIFIED.,.F.,
  .F.,(2,2),(-12.15,36.45),.PIECEWISE_BEZIER_KNOTS.);
#8513 = CARTESIAN_POINT('',(-89.4,24.3));
#8514 = CARTESIAN_POINT('',(-89.4,-24.3));
#8515 = ( GEOMETRIC_REPRESENTATION_CONTEXT(2) 
PARAMETRIC_REPRESENTATION_CONTEXT() REPRESENTATION_CONTEXT('2D SPACE',''
  ) );
#8516 = PCURVE('',#7415,#8517);
#8517 = DEFINITIONAL_REPRESENTATION('',(#8518),#8521);
#8518 = B_SPLINE_CURVE_WITH_KNOTS('',1,(#8519,#8520),.UNSPECIFIED.,.F.,
  .F.,(2,2),(-12.15,36.45),.PIECEWISE_BEZIER_KNOTS.);
#8519 = CARTESIAN_POINT('',(8.1,0.));
#8520 = CARTESIAN_POINT('',(8.1,-48.6));
#8521 = ( GEOMETRIC_REPRESENTATION_CONTEXT(2) 
PARAMETRIC_REPRESENTATION_CONTEXT() REPRESENTATION_CONTEXT('2D SPACE',''
  ) );
#8522 = FACE_BOUND('',#8523,.T.);
#8523 = EDGE_LOOP('',(#8524,#8547,#8568,#8589));
#8524 = ORIENTED_EDGE('',*,*,#8525,.T.);
#8525 = EDGE_CURVE('',#8526,#8528,#8530,.T.);
#8526 = VERTEX_POINT('',#8527);
#8527 = CARTESIAN_POINT('',(-46.03265145524,80.39804102091,8.));
#8528 = VERTEX_POINT('',#8529);
#8529 = CARTESIAN_POINT('',(-44.47701653663,78.8424061023,8.));
#8530 = SURFACE_CURVE('',#8531,(#8535,#8541),.PCURVE_S1.);
#8531 = LINE('',#8532,#8533);
#8532 = CARTESIAN_POINT('',(-13.6471608769,48.012550442567,8.));
#8533 = VECTOR('',#8534,1.);
#8534 = DIRECTION('',(0.707106781187,-0.707106781187,0.));
#8535 = PCURVE('',#6650,#8536);
#8536 = DEFINITIONAL_REPRESENTATION('',(#8537),#8540);
#8537 = B_SPLINE_CURVE_WITH_KNOTS('',1,(#8538,#8539),.UNSPECIFIED.,.F.,
  .F.,(2,2),(-45.8,-43.6),.PIECEWISE_BEZIER_KNOTS.);
#8538 = CARTESIAN_POINT('',(-46.03265145524,80.39804102091));
#8539 = CARTESIAN_POINT('',(-44.47701653663,78.8424061023));
#8540 = ( GEOMETRIC_REPRESENTATION_CONTEXT(2) 
PARAMETRIC_REPRESENTATION_CONTEXT() REPRESENTATION_CONTEXT('2D SPACE',''
  ) );
#8541 = PCURVE('',#7445,#8542);
#8542 = DEFINITIONAL_REPRESENTATION('',(#8543),#8546);
#8543 = B_SPLINE_CURVE_WITH_KNOTS('',1,(#8544,#8545),.UNSPECIFIED.,.F.,
  .F.,(2,2),(-45.8,-43.6),.PIECEWISE_BEZIER_KNOTS.);
#8544 = CARTESIAN_POINT('',(8.1,2.2));
#8545 = CARTESIAN_POINT('',(8.1,0.));
#8546 = ( GEOMETRIC_REPRESENTATION_CONTEXT(2) 
PARAMETRIC_REPRESENTATION_CONTEXT() REPRESENTATION_CONTEXT('2D SPACE',''
  ) );
#8547 = ORIENTED_EDGE('',*,*,#8548,.T.);
#8548 = EDGE_CURVE('',#8528,#8549,#8551,.T.);
#8549 = VERTEX_POINT('',#8550);
#8550 = CARTESIAN_POINT('',(-78.8424061023,44.477016536634,8.));
#8551 = SURFACE_CURVE('',#8552,(#8556,#8562),.PCURVE_S1.);
#8552 = LINE('',#8553,#8554);
#8553 = CARTESIAN_POINT('',(-53.06836392805,70.251058710884,8.));
#8554 = VECTOR('',#8555,1.);
#8555 = DIRECTION('',(-0.707106781187,-0.707106781187,0.));
#8556 = PCURVE('',#6650,#8557);
#8557 = DEFINITIONAL_REPRESENTATION('',(#8558),#8561);
#8558 = B_SPLINE_CURVE_WITH_KNOTS('',1,(#8559,#8560),.UNSPECIFIED.,.F.,
  .F.,(2,2),(-12.15,36.45),.PIECEWISE_BEZIER_KNOTS.);
#8559 = CARTESIAN_POINT('',(-44.47701653663,78.8424061023));
#8560 = CARTESIAN_POINT('',(-78.8424061023,44.477016536634));
#8561 = ( GEOMETRIC_REPRESENTATION_CONTEXT(2) 
PARAMETRIC_REPRESENTATION_CONTEXT() REPRESENTATION_CONTEXT('2D SPACE',''
  ) );
#8562 = PCURVE('',#7471,#8563);
#8563 = DEFINITIONAL_REPRESENTATION('',(#8564),#8567);
#8564 = B_SPLINE_CURVE_WITH_KNOTS('',1,(#8565,#8566),.UNSPECIFIED.,.F.,
  .F.,(2,2),(-12.15,36.45),.PIECEWISE_BEZIER_KNOTS.);
#8565 = CARTESIAN_POINT('',(8.1,0.));
#8566 = CARTESIAN_POINT('',(8.1,-48.6));
#8567 = ( GEOMETRIC_REPRESENTATION_CONTEXT(2) 
PARAMETRIC_REPRESENTATION_CONTEXT() REPRESENTATION_CONTEXT('2D SPACE',''
  ) );
#8568 = ORIENTED_EDGE('',*,*,#8569,.F.);
#8569 = EDGE_CURVE('',#8570,#8549,#8572,.T.);
#8570 = VERTEX_POINT('',#8571);
#8571 = CARTESIAN_POINT('',(-80.39804102091,46.032651455244,8.));
#8572 = SURFACE_CURVE('',#8573,(#8577,#8583),.PCURVE_S1.);
#8573 = LINE('',#8574,#8575);
#8574 = CARTESIAN_POINT('',(-48.01255044256,13.6471608769,8.));
#8575 = VECTOR('',#8576,1.);
#8576 = DIRECTION('',(0.707106781187,-0.707106781187,0.));
#8577 = PCURVE('',#6650,#8578);
#8578 = DEFINITIONAL_REPRESENTATION('',(#8579),#8582);
#8579 = B_SPLINE_CURVE_WITH_KNOTS('',1,(#8580,#8581),.UNSPECIFIED.,.F.,
  .F.,(2,2),(-45.8,-43.6),.PIECEWISE_BEZIER_KNOTS.);
#8580 = CARTESIAN_POINT('',(-80.39804102091,46.032651455244));
#8581 = CARTESIAN_POINT('',(-78.8424061023,44.477016536634));
#8582 = ( GEOMETRIC_REPRESENTATION_CONTEXT(2) 
PARAMETRIC_REPRESENTATION_CONTEXT() REPRESENTATION_CONTEXT('2D SPACE',''
  ) );
#8583 = PCURVE('',#7497,#8584);
#8584 = DEFINITIONAL_REPRESENTATION('',(#8585),#8588);
#8585 = B_SPLINE_CURVE_WITH_KNOTS('',1,(#8586,#8587),.UNSPECIFIED.,.F.,
  .F.,(2,2),(-45.8,-43.6),.PIECEWISE_BEZIER_KNOTS.);
#8586 = CARTESIAN_POINT('',(8.1,2.2));
#8587 = CARTESIAN_POINT('',(8.1,0.));
#8588 = ( GEOMETRIC_REPRESENTATION_CONTEXT(2) 
PARAMETRIC_REPRESENTATION_CONTEXT() REPRESENTATION_CONTEXT('2D SPACE',''
  ) );
#8589 = ORIENTED_EDGE('',*,*,#8590,.F.);
#8590 = EDGE_CURVE('',#8526,#8570,#8591,.T.);
#8591 = SURFACE_CURVE('',#8592,(#8596,#8602),.PCURVE_S1.);
#8592 = LINE('',#8593,#8594);
#8593 = CARTESIAN_POINT('',(-54.62399884666,71.806693629494,8.));
#8594 = VECTOR('',#8595,1.);
#8595 = DIRECTION('',(-0.707106781187,-0.707106781187,0.));
#8596 = PCURVE('',#6650,#8597);
#8597 = DEFINITIONAL_REPRESENTATION('',(#8598),#8601);
#8598 = B_SPLINE_CURVE_WITH_KNOTS('',1,(#8599,#8600),.UNSPECIFIED.,.F.,
  .F.,(2,2),(-12.15,36.45),.PIECEWISE_BEZIER_KNOTS.);
#8599 = CARTESIAN_POINT('',(-46.03265145524,80.39804102091));
#8600 = CARTESIAN_POINT('',(-80.39804102091,46.032651455244));
#8601 = ( GEOMETRIC_REPRESENTATION_CONTEXT(2) 
PARAMETRIC_REPRESENTATION_CONTEXT() REPRESENTATION_CONTEXT('2D SPACE',''
  ) );
#8602 = PCURVE('',#7521,#8603);
#8603 = DEFINITIONAL_REPRESENTATION('',(#8604),#8607);
#8604 = B_SPLINE_CURVE_WITH_KNOTS('',1,(#8605,#8606),.UNSPECIFIED.,.F.,
  .F.,(2,2),(-12.15,36.45),.PIECEWISE_BEZIER_KNOTS.);
#8605 = CARTESIAN_POINT('',(8.1,0.));
#8606 = CARTESIAN_POINT('',(8.1,-48.6));
#8607 = ( GEOMETRIC_REPRESENTATION_CONTEXT(2) 
PARAMETRIC_REPRESENTATION_CONTEXT() REPRESENTATION_CONTEXT('2D SPACE',''
  ) );
#8608 = FACE_BOUND('',#8609,.T.);
#8609 = EDGE_LOOP('',(#8610,#8633,#8654,#8675,#8696,#8717,#8738,#8759));
#8610 = ORIENTED_EDGE('',*,*,#8611,.T.);
#8611 = EDGE_CURVE('',#8612,#8614,#8616,.T.);
#8612 = VERTEX_POINT('',#8613);
#8613 = CARTESIAN_POINT('',(-35.4152595829,85.5,8.));
#8614 = VERTEX_POINT('',#8615);
#8615 = CARTESIAN_POINT('',(35.4152595829,85.5,8.));
#8616 = SURFACE_CURVE('',#8617,(#8621,#8627),.PCURVE_S1.);
#8617 = LINE('',#8618,#8619);
#8618 = CARTESIAN_POINT('',(17.70762979145,85.5,8.));
#8619 = VECTOR('',#8620,1.);
#8620 = DIRECTION('',(1.,0.,-0.));
#8621 = PCURVE('',#6650,#8622);
#8622 = DEFINITIONAL_REPRESENTATION('',(#8623),#8626);
#8623 = B_SPLINE_CURVE_WITH_KNOTS('',1,(#8624,#8625),.UNSPECIFIED.,.F.,
  .F.,(2,2),(-53.12288937434,17.70762979145),.PIECEWISE_BEZIER_KNOTS.);
#8624 = CARTESIAN_POINT('',(-35.4152595829,85.5));
#8625 = CARTESIAN_POINT('',(35.4152595829,85.5));
#8626 = ( GEOMETRIC_REPRESENTATION_CONTEXT(2) 
PARAMETRIC_REPRESENTATION_CONTEXT() REPRESENTATION_CONTEXT('2D SPACE',''
  ) );
#8627 = PCURVE('',#7551,#8628);
#8628 = DEFINITIONAL_REPRESENTATION('',(#8629),#8632);
#8629 = B_SPLINE_CURVE_WITH_KNOTS('',1,(#8630,#8631),.UNSPECIFIED.,.F.,
  .F.,(2,2),(-53.12288937434,17.70762979145),.PIECEWISE_BEZIER_KNOTS.);
#8630 = CARTESIAN_POINT('',(70.830519165799,-8.1));
#8631 = CARTESIAN_POINT('',(0.,-8.1));
#8632 = ( GEOMETRIC_REPRESENTATION_CONTEXT(2) 
PARAMETRIC_REPRESENTATION_CONTEXT() REPRESENTATION_CONTEXT('2D SPACE',''
  ) );
#8633 = ORIENTED_EDGE('',*,*,#8634,.T.);
#8634 = EDGE_CURVE('',#8614,#8635,#8637,.T.);
#8635 = VERTEX_POINT('',#8636);
#8636 = CARTESIAN_POINT('',(85.5,35.4152595829,8.));
#8637 = SURFACE_CURVE('',#8638,(#8642,#8648),.PCURVE_S1.);
#8638 = LINE('',#8639,#8640);
#8639 = CARTESIAN_POINT('',(72.978814895725,47.936444687175,8.));
#8640 = VECTOR('',#8641,1.);
#8641 = DIRECTION('',(0.707106781187,-0.707106781187,0.));
#8642 = PCURVE('',#6650,#8643);
#8643 = DEFINITIONAL_REPRESENTATION('',(#8644),#8647);
#8644 = B_SPLINE_CURVE_WITH_KNOTS('',1,(#8645,#8646),.UNSPECIFIED.,.F.,
  .F.,(2,2),(-53.12288937434,17.70762979145),.PIECEWISE_BEZIER_KNOTS.);
#8645 = CARTESIAN_POINT('',(35.4152595829,85.5));
#8646 = CARTESIAN_POINT('',(85.5,35.4152595829));
#8647 = ( GEOMETRIC_REPRESENTATION_CONTEXT(2) 
PARAMETRIC_REPRESENTATION_CONTEXT() REPRESENTATION_CONTEXT('2D SPACE',''
  ) );
#8648 = PCURVE('',#7577,#8649);
#8649 = DEFINITIONAL_REPRESENTATION('',(#8650),#8653);
#8650 = B_SPLINE_CURVE_WITH_KNOTS('',1,(#8651,#8652),.UNSPECIFIED.,.F.,
  .F.,(2,2),(-53.12288937434,17.70762979145),.PIECEWISE_BEZIER_KNOTS.);
#8651 = CARTESIAN_POINT('',(70.830519165799,-8.1));
#8652 = CARTESIAN_POINT('',(0.,-8.1));
#8653 = ( GEOMETRIC_REPRESENTATION_CONTEXT(2) 
PARAMETRIC_REPRESENTATION_CONTEXT() REPRESENTATION_CONTEXT('2D SPACE',''
  ) );
#8654 = ORIENTED_EDGE('',*,*,#8655,.T.);
#8655 = EDGE_CURVE('',#8635,#8656,#8658,.T.);
#8656 = VERTEX_POINT('',#8657);
#8657 = CARTESIAN_POINT('',(85.5,-35.4152595829,8.));
#8658 = SURFACE_CURVE('',#8659,(#8663,#8669),.PCURVE_S1.);
#8659 = LINE('',#8660,#8661);
#8660 = CARTESIAN_POINT('',(85.5,-17.70762979145,8.));
#8661 = VECTOR('',#8662,1.);
#8662 = DIRECTION('',(-2.006318022594E-16,-1.,0.));
#8663 = PCURVE('',#6650,#8664);
#8664 = DEFINITIONAL_REPRESENTATION('',(#8665),#8668);
#8665 = B_SPLINE_CURVE_WITH_KNOTS('',1,(#8666,#8667),.UNSPECIFIED.,.F.,
  .F.,(2,2),(-53.12288937434,17.70762979145),.PIECEWISE_BEZIER_KNOTS.);
#8666 = CARTESIAN_POINT('',(85.5,35.4152595829));
#8667 = CARTESIAN_POINT('',(85.5,-35.4152595829));
#8668 = ( GEOMETRIC_REPRESENTATION_CONTEXT(2) 
PARAMETRIC_REPRESENTATION_CONTEXT() REPRESENTATION_CONTEXT('2D SPACE',''
  ) );
#8669 = PCURVE('',#7603,#8670);
#8670 = DEFINITIONAL_REPRESENTATION('',(#8671),#8674);
#8671 = B_SPLINE_CURVE_WITH_KNOTS('',1,(#8672,#8673),.UNSPECIFIED.,.F.,
  .F.,(2,2),(-53.12288937434,17.70762979145),.PIECEWISE_BEZIER_KNOTS.);
#8672 = CARTESIAN_POINT('',(70.830519165799,-8.1));
#8673 = CARTESIAN_POINT('',(0.,-8.1));
#8674 = ( GEOMETRIC_REPRESENTATION_CONTEXT(2) 
PARAMETRIC_REPRESENTATION_CONTEXT() REPRESENTATION_CONTEXT('2D SPACE',''
  ) );
#8675 = ORIENTED_EDGE('',*,*,#8676,.T.);
#8676 = EDGE_CURVE('',#8656,#8677,#8679,.T.);
#8677 = VERTEX_POINT('',#8678);
#8678 = CARTESIAN_POINT('',(35.4152595829,-85.5,8.));
#8679 = SURFACE_CURVE('',#8680,(#8684,#8690),.PCURVE_S1.);
#8680 = LINE('',#8681,#8682);
#8681 = CARTESIAN_POINT('',(47.936444687175,-72.97881489572,8.));
#8682 = VECTOR('',#8683,1.);
#8683 = DIRECTION('',(-0.707106781187,-0.707106781187,0.));
#8684 = PCURVE('',#6650,#8685);
#8685 = DEFINITIONAL_REPRESENTATION('',(#8686),#8689);
#8686 = B_SPLINE_CURVE_WITH_KNOTS('',1,(#8687,#8688),.UNSPECIFIED.,.F.,
  .F.,(2,2),(-53.12288937434,17.70762979145),.PIECEWISE_BEZIER_KNOTS.);
#8687 = CARTESIAN_POINT('',(85.5,-35.4152595829));
#8688 = CARTESIAN_POINT('',(35.4152595829,-85.5));
#8689 = ( GEOMETRIC_REPRESENTATION_CONTEXT(2) 
PARAMETRIC_REPRESENTATION_CONTEXT() REPRESENTATION_CONTEXT('2D SPACE',''
  ) );
#8690 = PCURVE('',#7629,#8691);
#8691 = DEFINITIONAL_REPRESENTATION('',(#8692),#8695);
#8692 = B_SPLINE_CURVE_WITH_KNOTS('',1,(#8693,#8694),.UNSPECIFIED.,.F.,
  .F.,(2,2),(-53.12288937434,17.70762979145),.PIECEWISE_BEZIER_KNOTS.);
#8693 = CARTESIAN_POINT('',(70.830519165799,-8.1));
#8694 = CARTESIAN_POINT('',(0.,-8.1));
#8695 = ( GEOMETRIC_REPRESENTATION_CONTEXT(2) 
PARAMETRIC_REPRESENTATION_CONTEXT() REPRESENTATION_CONTEXT('2D SPACE',''
  ) );
#8696 = ORIENTED_EDGE('',*,*,#8697,.T.);
#8697 = EDGE_CURVE('',#8677,#8698,#8700,.T.);
#8698 = VERTEX_POINT('',#8699);
#8699 = CARTESIAN_POINT('',(-35.4152595829,-85.5,8.));
#8700 = SURFACE_CURVE('',#8701,(#8705,#8711),.PCURVE_S1.);
#8701 = LINE('',#8702,#8703);
#8702 = CARTESIAN_POINT('',(-17.70762979145,-85.5,8.));
#8703 = VECTOR('',#8704,1.);
#8704 = DIRECTION('',(-1.,0.,0.));
#8705 = PCURVE('',#6650,#8706);
#8706 = DEFINITIONAL_REPRESENTATION('',(#8707),#8710);
#8707 = B_SPLINE_CURVE_WITH_KNOTS('',1,(#8708,#8709),.UNSPECIFIED.,.F.,
  .F.,(2,2),(-53.12288937434,17.70762979145),.PIECEWISE_BEZIER_KNOTS.);
#8708 = CARTESIAN_POINT('',(35.4152595829,-85.5));
#8709 = CARTESIAN_POINT('',(-35.4152595829,-85.5));
#8710 = ( GEOMETRIC_REPRESENTATION_CONTEXT(2) 
PARAMETRIC_REPRESENTATION_CONTEXT() REPRESENTATION_CONTEXT('2D SPACE',''
  ) );
#8711 = PCURVE('',#7655,#8712);
#8712 = DEFINITIONAL_REPRESENTATION('',(#8713),#8716);
#8713 = B_SPLINE_CURVE_WITH_KNOTS('',1,(#8714,#8715),.UNSPECIFIED.,.F.,
  .F.,(2,2),(-53.12288937434,17.70762979145),.PIECEWISE_BEZIER_KNOTS.);
#8714 = CARTESIAN_POINT('',(70.830519165799,-8.1));
#8715 = CARTESIAN_POINT('',(0.,-8.1));
#8716 = ( GEOMETRIC_REPRESENTATION_CONTEXT(2) 
PARAMETRIC_REPRESENTATION_CONTEXT() REPRESENTATION_CONTEXT('2D SPACE',''
  ) );
#8717 = ORIENTED_EDGE('',*,*,#8718,.T.);
#8718 = EDGE_CURVE('',#8698,#8719,#8721,.T.);
#8719 = VERTEX_POINT('',#8720);
#8720 = CARTESIAN_POINT('',(-85.5,-35.4152595829,8.));
#8721 = SURFACE_CURVE('',#8722,(#8726,#8732),.PCURVE_S1.);
#8722 = LINE('',#8723,#8724);
#8723 = CARTESIAN_POINT('',(-72.97881489572,-47.93644468717,8.));
#8724 = VECTOR('',#8725,1.);
#8725 = DIRECTION('',(-0.707106781187,0.707106781187,0.));
#8726 = PCURVE('',#6650,#8727);
#8727 = DEFINITIONAL_REPRESENTATION('',(#8728),#8731);
#8728 = B_SPLINE_CURVE_WITH_KNOTS('',1,(#8729,#8730),.UNSPECIFIED.,.F.,
  .F.,(2,2),(-53.12288937434,17.70762979145),.PIECEWISE_BEZIER_KNOTS.);
#8729 = CARTESIAN_POINT('',(-35.4152595829,-85.5));
#8730 = CARTESIAN_POINT('',(-85.5,-35.4152595829));
#8731 = ( GEOMETRIC_REPRESENTATION_CONTEXT(2) 
PARAMETRIC_REPRESENTATION_CONTEXT() REPRESENTATION_CONTEXT('2D SPACE',''
  ) );
#8732 = PCURVE('',#7681,#8733);
#8733 = DEFINITIONAL_REPRESENTATION('',(#8734),#8737);
#8734 = B_SPLINE_CURVE_WITH_KNOTS('',1,(#8735,#8736),.UNSPECIFIED.,.F.,
  .F.,(2,2),(-53.12288937434,17.70762979145),.PIECEWISE_BEZIER_KNOTS.);
#8735 = CARTESIAN_POINT('',(70.830519165799,-8.1));
#8736 = CARTESIAN_POINT('',(0.,-8.1));
#8737 = ( GEOMETRIC_REPRESENTATION_CONTEXT(2) 
PARAMETRIC_REPRESENTATION_CONTEXT() REPRESENTATION_CONTEXT('2D SPACE',''
  ) );
#8738 = ORIENTED_EDGE('',*,*,#8739,.T.);
#8739 = EDGE_CURVE('',#8719,#8740,#8742,.T.);
#8740 = VERTEX_POINT('',#8741);
#8741 = CARTESIAN_POINT('',(-85.5,35.4152595829,8.));
#8742 = SURFACE_CURVE('',#8743,(#8747,#8753),.PCURVE_S1.);
#8743 = LINE('',#8744,#8745);
#8744 = CARTESIAN_POINT('',(-85.5,17.70762979145,8.));
#8745 = VECTOR('',#8746,1.);
#8746 = DIRECTION('',(2.006318022594E-16,1.,-0.));
#8747 = PCURVE('',#6650,#8748);
#8748 = DEFINITIONAL_REPRESENTATION('',(#8749),#8752);
#8749 = B_SPLINE_CURVE_WITH_KNOTS('',1,(#8750,#8751),.UNSPECIFIED.,.F.,
  .F.,(2,2),(-53.12288937434,17.70762979145),.PIECEWISE_BEZIER_KNOTS.);
#8750 = CARTESIAN_POINT('',(-85.5,-35.4152595829));
#8751 = CARTESIAN_POINT('',(-85.5,35.4152595829));
#8752 = ( GEOMETRIC_REPRESENTATION_CONTEXT(2) 
PARAMETRIC_REPRESENTATION_CONTEXT() REPRESENTATION_CONTEXT('2D SPACE',''
  ) );
#8753 = PCURVE('',#7707,#8754);
#8754 = DEFINITIONAL_REPRESENTATION('',(#8755),#8758);
#8755 = B_SPLINE_CURVE_WITH_KNOTS('',1,(#8756,#8757),.UNSPECIFIED.,.F.,
  .F.,(2,2),(-53.12288937434,17.70762979145),.PIECEWISE_BEZIER_KNOTS.);
#8756 = CARTESIAN_POINT('',(70.830519165799,-8.1));
#8757 = CARTESIAN_POINT('',(0.,-8.1));
#8758 = ( GEOMETRIC_REPRESENTATION_CONTEXT(2) 
PARAMETRIC_REPRESENTATION_CONTEXT() REPRESENTATION_CONTEXT('2D SPACE',''
  ) );
#8759 = ORIENTED_EDGE('',*,*,#8760,.T.);
#8760 = EDGE_CURVE('',#8740,#8612,#8761,.T.);
#8761 = SURFACE_CURVE('',#8762,(#8766,#8772),.PCURVE_S1.);
#8762 = LINE('',#8763,#8764);
#8763 = CARTESIAN_POINT('',(-47.93644468717,72.978814895725,8.));
#8764 = VECTOR('',#8765,1.);
#8765 = DIRECTION('',(0.707106781187,0.707106781187,-0.));
#8766 = PCURVE('',#6650,#8767);
#8767 = DEFINITIONAL_REPRESENTATION('',(#8768),#8771);
#8768 = B_SPLINE_CURVE_WITH_KNOTS('',1,(#8769,#8770),.UNSPECIFIED.,.F.,
  .F.,(2,2),(-53.12288937434,17.70762979145),.PIECEWISE_BEZIER_KNOTS.);
#8769 = CARTESIAN_POINT('',(-85.5,35.4152595829));
#8770 = CARTESIAN_POINT('',(-35.4152595829,85.5));
#8771 = ( GEOMETRIC_REPRESENTATION_CONTEXT(2) 
PARAMETRIC_REPRESENTATION_CONTEXT() REPRESENTATION_CONTEXT('2D SPACE',''
  ) );
#8772 = PCURVE('',#7731,#8773);
#8773 = DEFINITIONAL_REPRESENTATION('',(#8774),#8777);
#8774 = B_SPLINE_CURVE_WITH_KNOTS('',1,(#8775,#8776),.UNSPECIFIED.,.F.,
  .F.,(2,2),(-53.12288937434,17.70762979145),.PIECEWISE_BEZIER_KNOTS.);
#8775 = CARTESIAN_POINT('',(70.830519165799,-8.1));
#8776 = CARTESIAN_POINT('',(0.,-8.1));
#8777 = ( GEOMETRIC_REPRESENTATION_CONTEXT(2) 
PARAMETRIC_REPRESENTATION_CONTEXT() REPRESENTATION_CONTEXT('2D SPACE',''
  ) );
#8778 = FACE_BOUND('',#8779,.T.);
#8779 = EDGE_LOOP('',(#8780,#8803,#8824,#8845));
#8780 = ORIENTED_EDGE('',*,*,#8781,.T.);
#8781 = EDGE_CURVE('',#8782,#8784,#8786,.T.);
#8782 = VERTEX_POINT('',#8783);
#8783 = CARTESIAN_POINT('',(89.4,-24.3,8.));
#8784 = VERTEX_POINT('',#8785);
#8785 = CARTESIAN_POINT('',(87.2,-24.3,8.));
#8786 = SURFACE_CURVE('',#8787,(#8791,#8797),.PCURVE_S1.);
#8787 = LINE('',#8788,#8789);
#8788 = CARTESIAN_POINT('',(43.6,-24.3,8.));
#8789 = VECTOR('',#8790,1.);
#8790 = DIRECTION('',(-1.,0.,0.));
#8791 = PCURVE('',#6650,#8792);
#8792 = DEFINITIONAL_REPRESENTATION('',(#8793),#8796);
#8793 = B_SPLINE_CURVE_WITH_KNOTS('',1,(#8794,#8795),.UNSPECIFIED.,.F.,
  .F.,(2,2),(-45.8,-43.6),.PIECEWISE_BEZIER_KNOTS.);
#8794 = CARTESIAN_POINT('',(89.4,-24.3));
#8795 = CARTESIAN_POINT('',(87.2,-24.3));
#8796 = ( GEOMETRIC_REPRESENTATION_CONTEXT(2) 
PARAMETRIC_REPRESENTATION_CONTEXT() REPRESENTATION_CONTEXT('2D SPACE',''
  ) );
#8797 = PCURVE('',#7761,#8798);
#8798 = DEFINITIONAL_REPRESENTATION('',(#8799),#8802);
#8799 = B_SPLINE_CURVE_WITH_KNOTS('',1,(#8800,#8801),.UNSPECIFIED.,.F.,
  .F.,(2,2),(-45.8,-43.6),.PIECEWISE_BEZIER_KNOTS.);
#8800 = CARTESIAN_POINT('',(8.1,2.2));
#8801 = CARTESIAN_POINT('',(8.1,0.));
#8802 = ( GEOMETRIC_REPRESENTATION_CONTEXT(2) 
PARAMETRIC_REPRESENTATION_CONTEXT() REPRESENTATION_CONTEXT('2D SPACE',''
  ) );
#8803 = ORIENTED_EDGE('',*,*,#8804,.T.);
#8804 = EDGE_CURVE('',#8784,#8805,#8807,.T.);
#8805 = VERTEX_POINT('',#8806);
#8806 = CARTESIAN_POINT('',(87.2,24.3,8.));
#8807 = SURFACE_CURVE('',#8808,(#8812,#8818),.PCURVE_S1.);
#8808 = LINE('',#8809,#8810);
#8809 = CARTESIAN_POINT('',(87.2,-12.15,8.));
#8810 = VECTOR('',#8811,1.);
#8811 = DIRECTION('',(0.,1.,0.));
#8812 = PCURVE('',#6650,#8813);
#8813 = DEFINITIONAL_REPRESENTATION('',(#8814),#8817);
#8814 = B_SPLINE_CURVE_WITH_KNOTS('',1,(#8815,#8816),.UNSPECIFIED.,.F.,
  .F.,(2,2),(-12.15,36.45),.PIECEWISE_BEZIER_KNOTS.);
#8815 = CARTESIAN_POINT('',(87.2,-24.3));
#8816 = CARTESIAN_POINT('',(87.2,24.3));
#8817 = ( GEOMETRIC_REPRESENTATION_CONTEXT(2) 
PARAMETRIC_REPRESENTATION_CONTEXT() REPRESENTATION_CONTEXT('2D SPACE',''
  ) );
#8818 = PCURVE('',#7787,#8819);
#8819 = DEFINITIONAL_REPRESENTATION('',(#8820),#8823);
#8820 = B_SPLINE_CURVE_WITH_KNOTS('',1,(#8821,#8822),.UNSPECIFIED.,.F.,
  .F.,(2,2),(-12.15,36.45),.PIECEWISE_BEZIER_KNOTS.);
#8821 = CARTESIAN_POINT('',(8.1,0.));
#8822 = CARTESIAN_POINT('',(8.1,-48.6));
#8823 = ( GEOMETRIC_REPRESENTATION_CONTEXT(2) 
PARAMETRIC_REPRESENTATION_CONTEXT() REPRESENTATION_CONTEXT('2D SPACE',''
  ) );
#8824 = ORIENTED_EDGE('',*,*,#8825,.F.);
#8825 = EDGE_CURVE('',#8826,#8805,#8828,.T.);
#8826 = VERTEX_POINT('',#8827);
#8827 = CARTESIAN_POINT('',(89.4,24.3,8.));
#8828 = SURFACE_CURVE('',#8829,(#8833,#8839),.PCURVE_S1.);
#8829 = LINE('',#8830,#8831);
#8830 = CARTESIAN_POINT('',(43.6,24.3,8.));
#8831 = VECTOR('',#8832,1.);
#8832 = DIRECTION('',(-1.,0.,0.));
#8833 = PCURVE('',#6650,#8834);
#8834 = DEFINITIONAL_REPRESENTATION('',(#8835),#8838);
#8835 = B_SPLINE_CURVE_WITH_KNOTS('',1,(#8836,#8837),.UNSPECIFIED.,.F.,
  .F.,(2,2),(-45.8,-43.6),.PIECEWISE_BEZIER_KNOTS.);
#8836 = CARTESIAN_POINT('',(89.4,24.3));
#8837 = CARTESIAN_POINT('',(87.2,24.3));
#8838 = ( GEOMETRIC_REPRESENTATION_CONTEXT(2) 
PARAMETRIC_REPRESENTATION_CONTEXT() REPRESENTATION_CONTEXT('2D SPACE',''
  ) );
#8839 = PCURVE('',#7813,#8840);
#8840 = DEFINITIONAL_REPRESENTATION('',(#8841),#8844);
#8841 = B_SPLINE_CURVE_WITH_KNOTS('',1,(#8842,#8843),.UNSPECIFIED.,.F.,
  .F.,(2,2),(-45.8,-43.6),.PIECEWISE_BEZIER_KNOTS.);
#8842 = CARTESIAN_POINT('',(8.1,2.2));
#8843 = CARTESIAN_POINT('',(8.1,0.));
#8844 = ( GEOMETRIC_REPRESENTATION_CONTEXT(2) 
PARAMETRIC_REPRESENTATION_CONTEXT() REPRESENTATION_CONTEXT('2D SPACE',''
  ) );
#8845 = ORIENTED_EDGE('',*,*,#8846,.F.);
#8846 = EDGE_CURVE('',#8782,#8826,#8847,.T.);
#8847 = SURFACE_CURVE('',#8848,(#8852,#8858),.PCURVE_S1.);
#8848 = LINE('',#8849,#8850);
#8849 = CARTESIAN_POINT('',(89.4,-12.15,8.));
#8850 = VECTOR('',#8851,1.);
#8851 = DIRECTION('',(0.,1.,0.));
#8852 = PCURVE('',#6650,#8853);
#8853 = DEFINITIONAL_REPRESENTATION('',(#8854),#8857);
#8854 = B_SPLINE_CURVE_WITH_KNOTS('',1,(#8855,#8856),.UNSPECIFIED.,.F.,
  .F.,(2,2),(-12.15,36.45),.PIECEWISE_BEZIER_KNOTS.);
#8855 = CARTESIAN_POINT('',(89.4,-24.3));
#8856 = CARTESIAN_POINT('',(89.4,24.3));
#8857 = ( GEOMETRIC_REPRESENTATION_CONTEXT(2) 
PARAMETRIC_REPRESENTATION_CONTEXT() REPRESENTATION_CONTEXT('2D SPACE',''
  ) );
#8858 = PCURVE('',#7837,#8859);
#8859 = DEFINITIONAL_REPRESENTATION('',(#8860),#8863);
#8860 = B_SPLINE_CURVE_WITH_KNOTS('',1,(#8861,#8862),.UNSPECIFIED.,.F.,
  .F.,(2,2),(-12.15,36.45),.PIECEWISE_BEZIER_KNOTS.);
#8861 = CARTESIAN_POINT('',(8.1,0.));
#8862 = CARTESIAN_POINT('',(8.1,-48.6));
#8863 = ( GEOMETRIC_REPRESENTATION_CONTEXT(2) 
PARAMETRIC_REPRESENTATION_CONTEXT() REPRESENTATION_CONTEXT('2D SPACE',''
  ) );
#8864 = FACE_BOUND('',#8865,.T.);
#8865 = EDGE_LOOP('',(#8866,#8889,#8910,#8931));
#8866 = ORIENTED_EDGE('',*,*,#8867,.T.);
#8867 = EDGE_CURVE('',#8868,#8870,#8872,.T.);
#8868 = VERTEX_POINT('',#8869);
#8869 = CARTESIAN_POINT('',(24.3,89.4,8.));
#8870 = VERTEX_POINT('',#8871);
#8871 = CARTESIAN_POINT('',(24.3,87.2,8.));
#8872 = SURFACE_CURVE('',#8873,(#8877,#8883),.PCURVE_S1.);
#8873 = LINE('',#8874,#8875);
#8874 = CARTESIAN_POINT('',(24.3,43.6,8.));
#8875 = VECTOR('',#8876,1.);
#8876 = DIRECTION('',(-1.110223024625E-16,-1.,0.));
#8877 = PCURVE('',#6650,#8878);
#8878 = DEFINITIONAL_REPRESENTATION('',(#8879),#8882);
#8879 = B_SPLINE_CURVE_WITH_KNOTS('',1,(#8880,#8881),.UNSPECIFIED.,.F.,
  .F.,(2,2),(-45.8,-43.6),.PIECEWISE_BEZIER_KNOTS.);
#8880 = CARTESIAN_POINT('',(24.3,89.4));
#8881 = CARTESIAN_POINT('',(24.3,87.2));
#8882 = ( GEOMETRIC_REPRESENTATION_CONTEXT(2) 
PARAMETRIC_REPRESENTATION_CONTEXT() REPRESENTATION_CONTEXT('2D SPACE',''
  ) );
#8883 = PCURVE('',#7867,#8884);
#8884 = DEFINITIONAL_REPRESENTATION('',(#8885),#8888);
#8885 = B_SPLINE_CURVE_WITH_KNOTS('',1,(#8886,#8887),.UNSPECIFIED.,.F.,
  .F.,(2,2),(-45.8,-43.6),.PIECEWISE_BEZIER_KNOTS.);
#8886 = CARTESIAN_POINT('',(8.1,2.2));
#8887 = CARTESIAN_POINT('',(8.1,0.));
#8888 = ( GEOMETRIC_REPRESENTATION_CONTEXT(2) 
PARAMETRIC_REPRESENTATION_CONTEXT() REPRESENTATION_CONTEXT('2D SPACE',''
  ) );
#8889 = ORIENTED_EDGE('',*,*,#8890,.T.);
#8890 = EDGE_CURVE('',#8870,#8891,#8893,.T.);
#8891 = VERTEX_POINT('',#8892);
#8892 = CARTESIAN_POINT('',(-24.3,87.2,8.));
#8893 = SURFACE_CURVE('',#8894,(#8898,#8904),.PCURVE_S1.);
#8894 = LINE('',#8895,#8896);
#8895 = CARTESIAN_POINT('',(12.15,87.2,8.));
#8896 = VECTOR('',#8897,1.);
#8897 = DIRECTION('',(-1.,1.110223024625E-16,0.));
#8898 = PCURVE('',#6650,#8899);
#8899 = DEFINITIONAL_REPRESENTATION('',(#8900),#8903);
#8900 = B_SPLINE_CURVE_WITH_KNOTS('',1,(#8901,#8902),.UNSPECIFIED.,.F.,
  .F.,(2,2),(-12.15,36.45),.PIECEWISE_BEZIER_KNOTS.);
#8901 = CARTESIAN_POINT('',(24.3,87.2));
#8902 = CARTESIAN_POINT('',(-24.3,87.2));
#8903 = ( GEOMETRIC_REPRESENTATION_CONTEXT(2) 
PARAMETRIC_REPRESENTATION_CONTEXT() REPRESENTATION_CONTEXT('2D SPACE',''
  ) );
#8904 = PCURVE('',#7893,#8905);
#8905 = DEFINITIONAL_REPRESENTATION('',(#8906),#8909);
#8906 = B_SPLINE_CURVE_WITH_KNOTS('',1,(#8907,#8908),.UNSPECIFIED.,.F.,
  .F.,(2,2),(-12.15,36.45),.PIECEWISE_BEZIER_KNOTS.);
#8907 = CARTESIAN_POINT('',(8.1,0.));
#8908 = CARTESIAN_POINT('',(8.1,-48.6));
#8909 = ( GEOMETRIC_REPRESENTATION_CONTEXT(2) 
PARAMETRIC_REPRESENTATION_CONTEXT() REPRESENTATION_CONTEXT('2D SPACE',''
  ) );
#8910 = ORIENTED_EDGE('',*,*,#8911,.F.);
#8911 = EDGE_CURVE('',#8912,#8891,#8914,.T.);
#8912 = VERTEX_POINT('',#8913);
#8913 = CARTESIAN_POINT('',(-24.3,89.4,8.));
#8914 = SURFACE_CURVE('',#8915,(#8919,#8925),.PCURVE_S1.);
#8915 = LINE('',#8916,#8917);
#8916 = CARTESIAN_POINT('',(-24.3,43.6,8.));
#8917 = VECTOR('',#8918,1.);
#8918 = DIRECTION('',(-1.110223024625E-16,-1.,0.));
#8919 = PCURVE('',#6650,#8920);
#8920 = DEFINITIONAL_REPRESENTATION('',(#8921),#8924);
#8921 = B_SPLINE_CURVE_WITH_KNOTS('',1,(#8922,#8923),.UNSPECIFIED.,.F.,
  .F.,(2,2),(-45.8,-43.6),.PIECEWISE_BEZIER_KNOTS.);
#8922 = CARTESIAN_POINT('',(-24.3,89.4));
#8923 = CARTESIAN_POINT('',(-24.3,87.2));
#8924 = ( GEOMETRIC_REPRESENTATION_CONTEXT(2) 
PARAMETRIC_REPRESENTATION_CONTEXT() REPRESENTATION_CONTEXT('2D SPACE',''
  ) );
#8925 = PCURVE('',#7919,#8926);
#8926 = DEFINITIONAL_REPRESENTATION('',(#8927),#8930);
#8927 = B_SPLINE_CURVE_WITH_KNOTS('',1,(#8928,#8929),.UNSPECIFIED.,.F.,
  .F.,(2,2),(-45.8,-43.6),.PIECEWISE_BEZIER_KNOTS.);
#8928 = CARTESIAN_POINT('',(8.1,2.2));
#8929 = CARTESIAN_POINT('',(8.1,0.));
#8930 = ( GEOMETRIC_REPRESENTATION_CONTEXT(2) 
PARAMETRIC_REPRESENTATION_CONTEXT() REPRESENTATION_CONTEXT('2D SPACE',''
  ) );
#8931 = ORIENTED_EDGE('',*,*,#8932,.F.);
#8932 = EDGE_CURVE('',#8868,#8912,#8933,.T.);
#8933 = SURFACE_CURVE('',#8934,(#8938,#8944),.PCURVE_S1.);
#8934 = LINE('',#8935,#8936);
#8935 = CARTESIAN_POINT('',(12.15,89.4,8.));
#8936 = VECTOR('',#8937,1.);
#8937 = DIRECTION('',(-1.,1.110223024625E-16,0.));
#8938 = PCURVE('',#6650,#8939);
#8939 = DEFINITIONAL_REPRESENTATION('',(#8940),#8943);
#8940 = B_SPLINE_CURVE_WITH_KNOTS('',1,(#8941,#8942),.UNSPECIFIED.,.F.,
  .F.,(2,2),(-12.15,36.45),.PIECEWISE_BEZIER_KNOTS.);
#8941 = CARTESIAN_POINT('',(24.3,89.4));
#8942 = CARTESIAN_POINT('',(-24.3,89.4));
#8943 = ( GEOMETRIC_REPRESENTATION_CONTEXT(2) 
PARAMETRIC_REPRESENTATION_CONTEXT() REPRESENTATION_CONTEXT('2D SPACE',''
  ) );
#8944 = PCURVE('',#7943,#8945);
#8945 = DEFINITIONAL_REPRESENTATION('',(#8946),#8949);
#8946 = B_SPLINE_CURVE_WITH_KNOTS('',1,(#8947,#8948),.UNSPECIFIED.,.F.,
  .F.,(2,2),(-12.15,36.45),.PIECEWISE_BEZIER_KNOTS.);
#8947 = CARTESIAN_POINT('',(8.1,0.));
#8948 = CARTESIAN_POINT('',(8.1,-48.6));
#8949 = ( GEOMETRIC_REPRESENTATION_CONTEXT(2) 
PARAMETRIC_REPRESENTATION_CONTEXT() REPRESENTATION_CONTEXT('2D SPACE',''
  ) );
#8950 = FACE_BOUND('',#8951,.T.);
#8951 = EDGE_LOOP('',(#8952,#8975,#8996,#9017));
#8952 = ORIENTED_EDGE('',*,*,#8953,.T.);
#8953 = EDGE_CURVE('',#8954,#8956,#8958,.T.);
#8954 = VERTEX_POINT('',#8955);
#8955 = CARTESIAN_POINT('',(80.39804102091,46.032651455244,8.));
#8956 = VERTEX_POINT('',#8957);
#8957 = CARTESIAN_POINT('',(78.8424061023,44.477016536634,8.));
#8958 = SURFACE_CURVE('',#8959,(#8963,#8969),.PCURVE_S1.);
#8959 = LINE('',#8960,#8961);
#8960 = CARTESIAN_POINT('',(48.012550442567,13.6471608769,8.));
#8961 = VECTOR('',#8962,1.);
#8962 = DIRECTION('',(-0.707106781187,-0.707106781187,0.));
#8963 = PCURVE('',#6650,#8964);
#8964 = DEFINITIONAL_REPRESENTATION('',(#8965),#8968);
#8965 = B_SPLINE_CURVE_WITH_KNOTS('',1,(#8966,#8967),.UNSPECIFIED.,.F.,
  .F.,(2,2),(-45.8,-43.6),.PIECEWISE_BEZIER_KNOTS.);
#8966 = CARTESIAN_POINT('',(80.39804102091,46.032651455244));
#8967 = CARTESIAN_POINT('',(78.8424061023,44.477016536634));
#8968 = ( GEOMETRIC_REPRESENTATION_CONTEXT(2) 
PARAMETRIC_REPRESENTATION_CONTEXT() REPRESENTATION_CONTEXT('2D SPACE',''
  ) );
#8969 = PCURVE('',#7973,#8970);
#8970 = DEFINITIONAL_REPRESENTATION('',(#8971),#8974);
#8971 = B_SPLINE_CURVE_WITH_KNOTS('',1,(#8972,#8973),.UNSPECIFIED.,.F.,
  .F.,(2,2),(-45.8,-43.6),.PIECEWISE_BEZIER_KNOTS.);
#8972 = CARTESIAN_POINT('',(8.1,2.2));
#8973 = CARTESIAN_POINT('',(8.1,0.));
#8974 = ( GEOMETRIC_REPRESENTATION_CONTEXT(2) 
PARAMETRIC_REPRESENTATION_CONTEXT() REPRESENTATION_CONTEXT('2D SPACE',''
  ) );
#8975 = ORIENTED_EDGE('',*,*,#8976,.T.);
#8976 = EDGE_CURVE('',#8956,#8977,#8979,.T.);
#8977 = VERTEX_POINT('',#8978);
#8978 = CARTESIAN_POINT('',(44.477016536634,78.8424061023,8.));
#8979 = SURFACE_CURVE('',#8980,(#8984,#8990),.PCURVE_S1.);
#8980 = LINE('',#8981,#8982);
#8981 = CARTESIAN_POINT('',(70.251058710884,53.06836392805,8.));
#8982 = VECTOR('',#8983,1.);
#8983 = DIRECTION('',(-0.707106781187,0.707106781187,0.));
#8984 = PCURVE('',#6650,#8985);
#8985 = DEFINITIONAL_REPRESENTATION('',(#8986),#8989);
#8986 = B_SPLINE_CURVE_WITH_KNOTS('',1,(#8987,#8988),.UNSPECIFIED.,.F.,
  .F.,(2,2),(-12.15,36.45),.PIECEWISE_BEZIER_KNOTS.);
#8987 = CARTESIAN_POINT('',(78.8424061023,44.477016536634));
#8988 = CARTESIAN_POINT('',(44.477016536634,78.8424061023));
#8989 = ( GEOMETRIC_REPRESENTATION_CONTEXT(2) 
PARAMETRIC_REPRESENTATION_CONTEXT() REPRESENTATION_CONTEXT('2D SPACE',''
  ) );
#8990 = PCURVE('',#7999,#8991);
#8991 = DEFINITIONAL_REPRESENTATION('',(#8992),#8995);
#8992 = B_SPLINE_CURVE_WITH_KNOTS('',1,(#8993,#8994),.UNSPECIFIED.,.F.,
  .F.,(2,2),(-12.15,36.45),.PIECEWISE_BEZIER_KNOTS.);
#8993 = CARTESIAN_POINT('',(8.1,0.));
#8994 = CARTESIAN_POINT('',(8.1,-48.6));
#8995 = ( GEOMETRIC_REPRESENTATION_CONTEXT(2) 
PARAMETRIC_REPRESENTATION_CONTEXT() REPRESENTATION_CONTEXT('2D SPACE',''
  ) );
#8996 = ORIENTED_EDGE('',*,*,#8997,.F.);
#8997 = EDGE_CURVE('',#8998,#8977,#9000,.T.);
#8998 = VERTEX_POINT('',#8999);
#8999 = CARTESIAN_POINT('',(46.032651455244,80.39804102091,8.));
#9000 = SURFACE_CURVE('',#9001,(#9005,#9011),.PCURVE_S1.);
#9001 = LINE('',#9002,#9003);
#9002 = CARTESIAN_POINT('',(13.6471608769,48.012550442567,8.));
#9003 = VECTOR('',#9004,1.);
#9004 = DIRECTION('',(-0.707106781187,-0.707106781187,0.));
#9005 = PCURVE('',#6650,#9006);
#9006 = DEFINITIONAL_REPRESENTATION('',(#9007),#9010);
#9007 = B_SPLINE_CURVE_WITH_KNOTS('',1,(#9008,#9009),.UNSPECIFIED.,.F.,
  .F.,(2,2),(-45.8,-43.6),.PIECEWISE_BEZIER_KNOTS.);
#9008 = CARTESIAN_POINT('',(46.032651455244,80.39804102091));
#9009 = CARTESIAN_POINT('',(44.477016536634,78.8424061023));
#9010 = ( GEOMETRIC_REPRESENTATION_CONTEXT(2) 
PARAMETRIC_REPRESENTATION_CONTEXT() REPRESENTATION_CONTEXT('2D SPACE',''
  ) );
#9011 = PCURVE('',#8025,#9012);
#9012 = DEFINITIONAL_REPRESENTATION('',(#9013),#9016);
#9013 = B_SPLINE_CURVE_WITH_KNOTS('',1,(#9014,#9015),.UNSPECIFIED.,.F.,
  .F.,(2,2),(-45.8,-43.6),.PIECEWISE_BEZIER_KNOTS.);
#9014 = CARTESIAN_POINT('',(8.1,2.2));
#9015 = CARTESIAN_POINT('',(8.1,0.));
#9016 = ( GEOMETRIC_REPRESENTATION_CONTEXT(2) 
PARAMETRIC_REPRESENTATION_CONTEXT() REPRESENTATION_CONTEXT('2D SPACE',''
  ) );
#9017 = ORIENTED_EDGE('',*,*,#9018,.F.);
#9018 = EDGE_CURVE('',#8954,#8998,#9019,.T.);
#9019 = SURFACE_CURVE('',#9020,(#9024,#9030),.PCURVE_S1.);
#9020 = LINE('',#9021,#9022);
#9021 = CARTESIAN_POINT('',(71.806693629494,54.623998846661,8.));
#9022 = VECTOR('',#9023,1.);
#9023 = DIRECTION('',(-0.707106781187,0.707106781187,0.));
#9024 = PCURVE('',#6650,#9025);
#9025 = DEFINITIONAL_REPRESENTATION('',(#9026),#9029);
#9026 = B_SPLINE_CURVE_WITH_KNOTS('',1,(#9027,#9028),.UNSPECIFIED.,.F.,
  .F.,(2,2),(-12.15,36.45),.PIECEWISE_BEZIER_KNOTS.);
#9027 = CARTESIAN_POINT('',(80.39804102091,46.032651455244));
#9028 = CARTESIAN_POINT('',(46.032651455244,80.39804102091));
#9029 = ( GEOMETRIC_REPRESENTATION_CONTEXT(2) 
PARAMETRIC_REPRESENTATION_CONTEXT() REPRESENTATION_CONTEXT('2D SPACE',''
  ) );
#9030 = PCURVE('',#8049,#9031);
#9031 = DEFINITIONAL_REPRESENTATION('',(#9032),#9035);
#9032 = B_SPLINE_CURVE_WITH_KNOTS('',1,(#9033,#9034),.UNSPECIFIED.,.F.,
  .F.,(2,2),(-12.15,36.45),.PIECEWISE_BEZIER_KNOTS.);
#9033 = CARTESIAN_POINT('',(8.1,0.));
#9034 = CARTESIAN_POINT('',(8.1,-48.6));
#9035 = ( GEOMETRIC_REPRESENTATION_CONTEXT(2) 
PARAMETRIC_REPRESENTATION_CONTEXT() REPRESENTATION_CONTEXT('2D SPACE',''
  ) );
#9036 = ADVANCED_FACE('',(#9037),#6737,.F.);
#9037 = FACE_BOUND('',#9038,.F.);
#9038 = EDGE_LOOP('',(#9039,#9060,#9061,#9062));
#9039 = ORIENTED_EDGE('',*,*,#9040,.T.);
#9040 = EDGE_CURVE('',#6953,#8135,#9041,.T.);
#9041 = SURFACE_CURVE('',#9042,(#9046,#9053),.PCURVE_S1.);
#9042 = LINE('',#9043,#9044);
#9043 = CARTESIAN_POINT('',(42.456890143242,-102.5,0.));
#9044 = VECTOR('',#9045,1.);
#9045 = DIRECTION('',(0.,0.,1.));
#9046 = PCURVE('',#6737,#9047);
#9047 = DEFINITIONAL_REPRESENTATION('',(#9048),#9052);
#9048 = LINE('',#9049,#9050);
#9049 = CARTESIAN_POINT('',(0.,0.));
#9050 = VECTOR('',#9051,1.);
#9051 = DIRECTION('',(0.,-1.));
#9052 = ( GEOMETRIC_REPRESENTATION_CONTEXT(2) 
PARAMETRIC_REPRESENTATION_CONTEXT() REPRESENTATION_CONTEXT('2D SPACE',''
  ) );
#9053 = PCURVE('',#6968,#9054);
#9054 = DEFINITIONAL_REPRESENTATION('',(#9055),#9059);
#9055 = LINE('',#9056,#9057);
#9056 = CARTESIAN_POINT('',(84.913780286485,0.));
#9057 = VECTOR('',#9058,1.);
#9058 = DIRECTION('',(0.,-1.));
#9059 = ( GEOMETRIC_REPRESENTATION_CONTEXT(2) 
PARAMETRIC_REPRESENTATION_CONTEXT() REPRESENTATION_CONTEXT('2D SPACE',''
  ) );
#9060 = ORIENTED_EDGE('',*,*,#8157,.T.);
#9061 = ORIENTED_EDGE('',*,*,#6719,.F.);
#9062 = ORIENTED_EDGE('',*,*,#6980,.F.);
#9063 = ADVANCED_FACE('',(#9064),#6835,.F.);
#9064 = FACE_BOUND('',#9065,.F.);
#9065 = EDGE_LOOP('',(#9066,#9067,#9068,#9089));
#9066 = ORIENTED_EDGE('',*,*,#6819,.T.);
#9067 = ORIENTED_EDGE('',*,*,#8065,.T.);
#9068 = ORIENTED_EDGE('',*,*,#9069,.F.);
#9069 = EDGE_CURVE('',#6874,#8066,#9070,.T.);
#9070 = SURFACE_CURVE('',#9071,(#9075,#9082),.PCURVE_S1.);
#9071 = LINE('',#9072,#9073);
#9072 = CARTESIAN_POINT('',(-102.5,42.456890143242,0.));
#9073 = VECTOR('',#9074,1.);
#9074 = DIRECTION('',(0.,0.,1.));
#9075 = PCURVE('',#6835,#9076);
#9076 = DEFINITIONAL_REPRESENTATION('',(#9077),#9081);
#9077 = LINE('',#9078,#9079);
#9078 = CARTESIAN_POINT('',(84.913780286484,0.));
#9079 = VECTOR('',#9080,1.);
#9080 = DIRECTION('',(0.,-1.));
#9081 = ( GEOMETRIC_REPRESENTATION_CONTEXT(2) 
PARAMETRIC_REPRESENTATION_CONTEXT() REPRESENTATION_CONTEXT('2D SPACE',''
  ) );
#9082 = PCURVE('',#6912,#9083);
#9083 = DEFINITIONAL_REPRESENTATION('',(#9084),#9088);
#9084 = LINE('',#9085,#9086);
#9085 = CARTESIAN_POINT('',(0.,0.));
#9086 = VECTOR('',#9087,1.);
#9087 = DIRECTION('',(0.,-1.));
#9088 = ( GEOMETRIC_REPRESENTATION_CONTEXT(2) 
PARAMETRIC_REPRESENTATION_CONTEXT() REPRESENTATION_CONTEXT('2D SPACE',''
  ) );
#9089 = ORIENTED_EDGE('',*,*,#6873,.F.);
#9090 = ADVANCED_FACE('',(#9091),#6968,.F.);
#9091 = FACE_BOUND('',#9092,.F.);
#9092 = EDGE_LOOP('',(#9093,#9114,#9115,#9116));
#9093 = ORIENTED_EDGE('',*,*,#9094,.T.);
#9094 = EDGE_CURVE('',#6925,#8112,#9095,.T.);
#9095 = SURFACE_CURVE('',#9096,(#9100,#9107),.PCURVE_S1.);
#9096 = LINE('',#9097,#9098);
#9097 = CARTESIAN_POINT('',(-42.45689014324,-102.5,0.));
#9098 = VECTOR('',#9099,1.);
#9099 = DIRECTION('',(0.,0.,1.));
#9100 = PCURVE('',#6968,#9101);
#9101 = DEFINITIONAL_REPRESENTATION('',(#9102),#9106);
#9102 = LINE('',#9103,#9104);
#9103 = CARTESIAN_POINT('',(0.,0.));
#9104 = VECTOR('',#9105,1.);
#9105 = DIRECTION('',(0.,-1.));
#9106 = ( GEOMETRIC_REPRESENTATION_CONTEXT(2) 
PARAMETRIC_REPRESENTATION_CONTEXT() REPRESENTATION_CONTEXT('2D SPACE',''
  ) );
#9107 = PCURVE('',#6940,#9108);
#9108 = DEFINITIONAL_REPRESENTATION('',(#9109),#9113);
#9109 = LINE('',#9110,#9111);
#9110 = CARTESIAN_POINT('',(84.913780286484,0.));
#9111 = VECTOR('',#9112,1.);
#9112 = DIRECTION('',(0.,-1.));
#9113 = ( GEOMETRIC_REPRESENTATION_CONTEXT(2) 
PARAMETRIC_REPRESENTATION_CONTEXT() REPRESENTATION_CONTEXT('2D SPACE',''
  ) );
#9114 = ORIENTED_EDGE('',*,*,#8134,.T.);
#9115 = ORIENTED_EDGE('',*,*,#9040,.F.);
#9116 = ORIENTED_EDGE('',*,*,#6952,.F.);
#9117 = ADVANCED_FACE('',(#9118),#6912,.F.);
#9118 = FACE_BOUND('',#9119,.F.);
#9119 = EDGE_LOOP('',(#9120,#9121,#9122,#9143));
#9120 = ORIENTED_EDGE('',*,*,#9069,.T.);
#9121 = ORIENTED_EDGE('',*,*,#8088,.T.);
#9122 = ORIENTED_EDGE('',*,*,#9123,.F.);
#9123 = EDGE_CURVE('',#6897,#8089,#9124,.T.);
#9124 = SURFACE_CURVE('',#9125,(#9129,#9136),.PCURVE_S1.);
#9125 = LINE('',#9126,#9127);
#9126 = CARTESIAN_POINT('',(-102.5,-42.45689014324,0.));
#9127 = VECTOR('',#9128,1.);
#9128 = DIRECTION('',(0.,0.,1.));
#9129 = PCURVE('',#6912,#9130);
#9130 = DEFINITIONAL_REPRESENTATION('',(#9131),#9135);
#9131 = LINE('',#9132,#9133);
#9132 = CARTESIAN_POINT('',(84.913780286484,0.));
#9133 = VECTOR('',#9134,1.);
#9134 = DIRECTION('',(0.,-1.));
#9135 = ( GEOMETRIC_REPRESENTATION_CONTEXT(2) 
PARAMETRIC_REPRESENTATION_CONTEXT() REPRESENTATION_CONTEXT('2D SPACE',''
  ) );
#9136 = PCURVE('',#6940,#9137);
#9137 = DEFINITIONAL_REPRESENTATION('',(#9138),#9142);
#9138 = LINE('',#9139,#9140);
#9139 = CARTESIAN_POINT('',(0.,0.));
#9140 = VECTOR('',#9141,1.);
#9141 = DIRECTION('',(0.,-1.));
#9142 = ( GEOMETRIC_REPRESENTATION_CONTEXT(2) 
PARAMETRIC_REPRESENTATION_CONTEXT() REPRESENTATION_CONTEXT('2D SPACE',''
  ) );
#9143 = ORIENTED_EDGE('',*,*,#6896,.F.);
#9144 = ADVANCED_FACE('',(#9145),#6940,.F.);
#9145 = FACE_BOUND('',#9146,.F.);
#9146 = EDGE_LOOP('',(#9147,#9148,#9149,#9150));
#9147 = ORIENTED_EDGE('',*,*,#9123,.T.);
#9148 = ORIENTED_EDGE('',*,*,#8111,.T.);
#9149 = ORIENTED_EDGE('',*,*,#9094,.F.);
#9150 = ORIENTED_EDGE('',*,*,#6924,.F.);
#9151 = ADVANCED_FACE('',(#9152),#7021,.T.);
#9152 = FACE_BOUND('',#9153,.T.);
#9153 = EDGE_LOOP('',(#9154,#9175,#9176,#9197));
#9154 = ORIENTED_EDGE('',*,*,#9155,.F.);
#9155 = EDGE_CURVE('',#7005,#8182,#9156,.T.);
#9156 = SURFACE_CURVE('',#9157,(#9161,#9168),.PCURVE_S1.);
#9157 = LINE('',#9158,#9159);
#9158 = CARTESIAN_POINT('',(-80.39804102091,-46.03265145524,-0.1));
#9159 = VECTOR('',#9160,1.);
#9160 = DIRECTION('',(0.,0.,1.));
#9161 = PCURVE('',#7021,#9162);
#9162 = DEFINITIONAL_REPRESENTATION('',(#9163),#9167);
#9163 = LINE('',#9164,#9165);
#9164 = CARTESIAN_POINT('',(0.,2.2));
#9165 = VECTOR('',#9166,1.);
#9166 = DIRECTION('',(1.,0.));
#9167 = ( GEOMETRIC_REPRESENTATION_CONTEXT(2) 
PARAMETRIC_REPRESENTATION_CONTEXT() REPRESENTATION_CONTEXT('2D SPACE',''
  ) );
#9168 = PCURVE('',#7097,#9169);
#9169 = DEFINITIONAL_REPRESENTATION('',(#9170),#9174);
#9170 = LINE('',#9171,#9172);
#9171 = CARTESIAN_POINT('',(0.,0.));
#9172 = VECTOR('',#9173,1.);
#9173 = DIRECTION('',(1.,0.));
#9174 = ( GEOMETRIC_REPRESENTATION_CONTEXT(2) 
PARAMETRIC_REPRESENTATION_CONTEXT() REPRESENTATION_CONTEXT('2D SPACE',''
  ) );
#9175 = ORIENTED_EDGE('',*,*,#7004,.T.);
#9176 = ORIENTED_EDGE('',*,*,#9177,.T.);
#9177 = EDGE_CURVE('',#7007,#8184,#9178,.T.);
#9178 = SURFACE_CURVE('',#9179,(#9183,#9190),.PCURVE_S1.);
#9179 = LINE('',#9180,#9181);
#9180 = CARTESIAN_POINT('',(-78.8424061023,-44.47701653663,-0.1));
#9181 = VECTOR('',#9182,1.);
#9182 = DIRECTION('',(0.,0.,1.));
#9183 = PCURVE('',#7021,#9184);
#9184 = DEFINITIONAL_REPRESENTATION('',(#9185),#9189);
#9185 = LINE('',#9186,#9187);
#9186 = CARTESIAN_POINT('',(0.,0.));
#9187 = VECTOR('',#9188,1.);
#9188 = DIRECTION('',(1.,0.));
#9189 = ( GEOMETRIC_REPRESENTATION_CONTEXT(2) 
PARAMETRIC_REPRESENTATION_CONTEXT() REPRESENTATION_CONTEXT('2D SPACE',''
  ) );
#9190 = PCURVE('',#7047,#9191);
#9191 = DEFINITIONAL_REPRESENTATION('',(#9192),#9196);
#9192 = LINE('',#9193,#9194);
#9193 = CARTESIAN_POINT('',(0.,0.));
#9194 = VECTOR('',#9195,1.);
#9195 = DIRECTION('',(1.,0.));
#9196 = ( GEOMETRIC_REPRESENTATION_CONTEXT(2) 
PARAMETRIC_REPRESENTATION_CONTEXT() REPRESENTATION_CONTEXT('2D SPACE',''
  ) );
#9197 = ORIENTED_EDGE('',*,*,#8181,.F.);
#9198 = ADVANCED_FACE('',(#9199),#7097,.F.);
#9199 = FACE_BOUND('',#9200,.F.);
#9200 = EDGE_LOOP('',(#9201,#9202,#9203,#9224));
#9201 = ORIENTED_EDGE('',*,*,#9155,.F.);
#9202 = ORIENTED_EDGE('',*,*,#7084,.T.);
#9203 = ORIENTED_EDGE('',*,*,#9204,.T.);
#9204 = EDGE_CURVE('',#7059,#8226,#9205,.T.);
#9205 = SURFACE_CURVE('',#9206,(#9210,#9217),.PCURVE_S1.);
#9206 = LINE('',#9207,#9208);
#9207 = CARTESIAN_POINT('',(-46.03265145524,-80.39804102091,-0.1));
#9208 = VECTOR('',#9209,1.);
#9209 = DIRECTION('',(0.,0.,1.));
#9210 = PCURVE('',#7097,#9211);
#9211 = DEFINITIONAL_REPRESENTATION('',(#9212),#9216);
#9212 = LINE('',#9213,#9214);
#9213 = CARTESIAN_POINT('',(0.,-48.6));
#9214 = VECTOR('',#9215,1.);
#9215 = DIRECTION('',(1.,0.));
#9216 = ( GEOMETRIC_REPRESENTATION_CONTEXT(2) 
PARAMETRIC_REPRESENTATION_CONTEXT() REPRESENTATION_CONTEXT('2D SPACE',''
  ) );
#9217 = PCURVE('',#7073,#9218);
#9218 = DEFINITIONAL_REPRESENTATION('',(#9219),#9223);
#9219 = LINE('',#9220,#9221);
#9220 = CARTESIAN_POINT('',(0.,2.2));
#9221 = VECTOR('',#9222,1.);
#9222 = DIRECTION('',(1.,0.));
#9223 = ( GEOMETRIC_REPRESENTATION_CONTEXT(2) 
PARAMETRIC_REPRESENTATION_CONTEXT() REPRESENTATION_CONTEXT('2D SPACE',''
  ) );
#9224 = ORIENTED_EDGE('',*,*,#8246,.F.);
#9225 = ADVANCED_FACE('',(#9226),#7047,.T.);
#9226 = FACE_BOUND('',#9227,.T.);
#9227 = EDGE_LOOP('',(#9228,#9229,#9230,#9251));
#9228 = ORIENTED_EDGE('',*,*,#9177,.F.);
#9229 = ORIENTED_EDGE('',*,*,#7032,.T.);
#9230 = ORIENTED_EDGE('',*,*,#9231,.T.);
#9231 = EDGE_CURVE('',#7033,#8205,#9232,.T.);
#9232 = SURFACE_CURVE('',#9233,(#9237,#9244),.PCURVE_S1.);
#9233 = LINE('',#9234,#9235);
#9234 = CARTESIAN_POINT('',(-44.47701653663,-78.8424061023,-0.1));
#9235 = VECTOR('',#9236,1.);
#9236 = DIRECTION('',(0.,0.,1.));
#9237 = PCURVE('',#7047,#9238);
#9238 = DEFINITIONAL_REPRESENTATION('',(#9239),#9243);
#9239 = LINE('',#9240,#9241);
#9240 = CARTESIAN_POINT('',(0.,-48.6));
#9241 = VECTOR('',#9242,1.);
#9242 = DIRECTION('',(1.,0.));
#9243 = ( GEOMETRIC_REPRESENTATION_CONTEXT(2) 
PARAMETRIC_REPRESENTATION_CONTEXT() REPRESENTATION_CONTEXT('2D SPACE',''
  ) );
#9244 = PCURVE('',#7073,#9245);
#9245 = DEFINITIONAL_REPRESENTATION('',(#9246),#9250);
#9246 = LINE('',#9247,#9248);
#9247 = CARTESIAN_POINT('',(0.,0.));
#9248 = VECTOR('',#9249,1.);
#9249 = DIRECTION('',(1.,0.));
#9250 = ( GEOMETRIC_REPRESENTATION_CONTEXT(2) 
PARAMETRIC_REPRESENTATION_CONTEXT() REPRESENTATION_CONTEXT('2D SPACE',''
  ) );
#9251 = ORIENTED_EDGE('',*,*,#8204,.F.);
#9252 = ADVANCED_FACE('',(#9253),#7073,.F.);
#9253 = FACE_BOUND('',#9254,.F.);
#9254 = EDGE_LOOP('',(#9255,#9256,#9257,#9258));
#9255 = ORIENTED_EDGE('',*,*,#9204,.F.);
#9256 = ORIENTED_EDGE('',*,*,#7058,.T.);
#9257 = ORIENTED_EDGE('',*,*,#9231,.T.);
#9258 = ORIENTED_EDGE('',*,*,#8225,.F.);
#9259 = ADVANCED_FACE('',(#9260),#7127,.T.);
#9260 = FACE_BOUND('',#9261,.T.);
#9261 = EDGE_LOOP('',(#9262,#9283,#9284,#9305));
#9262 = ORIENTED_EDGE('',*,*,#9263,.F.);
#9263 = EDGE_CURVE('',#7111,#8268,#9264,.T.);
#9264 = SURFACE_CURVE('',#9265,(#9269,#9276),.PCURVE_S1.);
#9265 = LINE('',#9266,#9267);
#9266 = CARTESIAN_POINT('',(-24.3,-89.4,-0.1));
#9267 = VECTOR('',#9268,1.);
#9268 = DIRECTION('',(0.,0.,1.));
#9269 = PCURVE('',#7127,#9270);
#9270 = DEFINITIONAL_REPRESENTATION('',(#9271),#9275);
#9271 = LINE('',#9272,#9273);
#9272 = CARTESIAN_POINT('',(0.,2.2));
#9273 = VECTOR('',#9274,1.);
#9274 = DIRECTION('',(1.,0.));
#9275 = ( GEOMETRIC_REPRESENTATION_CONTEXT(2) 
PARAMETRIC_REPRESENTATION_CONTEXT() REPRESENTATION_CONTEXT('2D SPACE',''
  ) );
#9276 = PCURVE('',#7203,#9277);
#9277 = DEFINITIONAL_REPRESENTATION('',(#9278),#9282);
#9278 = LINE('',#9279,#9280);
#9279 = CARTESIAN_POINT('',(0.,0.));
#9280 = VECTOR('',#9281,1.);
#9281 = DIRECTION('',(1.,0.));
#9282 = ( GEOMETRIC_REPRESENTATION_CONTEXT(2) 
PARAMETRIC_REPRESENTATION_CONTEXT() REPRESENTATION_CONTEXT('2D SPACE',''
  ) );
#9283 = ORIENTED_EDGE('',*,*,#7110,.T.);
#9284 = ORIENTED_EDGE('',*,*,#9285,.T.);
#9285 = EDGE_CURVE('',#7113,#8270,#9286,.T.);
#9286 = SURFACE_CURVE('',#9287,(#9291,#9298),.PCURVE_S1.);
#9287 = LINE('',#9288,#9289);
#9288 = CARTESIAN_POINT('',(-24.3,-87.2,-0.1));
#9289 = VECTOR('',#9290,1.);
#9290 = DIRECTION('',(0.,0.,1.));
#9291 = PCURVE('',#7127,#9292);
#9292 = DEFINITIONAL_REPRESENTATION('',(#9293),#9297);
#9293 = LINE('',#9294,#9295);
#9294 = CARTESIAN_POINT('',(0.,0.));
#9295 = VECTOR('',#9296,1.);
#9296 = DIRECTION('',(1.,0.));
#9297 = ( GEOMETRIC_REPRESENTATION_CONTEXT(2) 
PARAMETRIC_REPRESENTATION_CONTEXT() REPRESENTATION_CONTEXT('2D SPACE',''
  ) );
#9298 = PCURVE('',#7153,#9299);
#9299 = DEFINITIONAL_REPRESENTATION('',(#9300),#9304);
#9300 = LINE('',#9301,#9302);
#9301 = CARTESIAN_POINT('',(0.,0.));
#9302 = VECTOR('',#9303,1.);
#9303 = DIRECTION('',(1.,0.));
#9304 = ( GEOMETRIC_REPRESENTATION_CONTEXT(2) 
PARAMETRIC_REPRESENTATION_CONTEXT() REPRESENTATION_CONTEXT('2D SPACE',''
  ) );
#9305 = ORIENTED_EDGE('',*,*,#8267,.F.);
#9306 = ADVANCED_FACE('',(#9307),#7203,.F.);
#9307 = FACE_BOUND('',#9308,.F.);
#9308 = EDGE_LOOP('',(#9309,#9310,#9311,#9332));
#9309 = ORIENTED_EDGE('',*,*,#9263,.F.);
#9310 = ORIENTED_EDGE('',*,*,#7190,.T.);
#9311 = ORIENTED_EDGE('',*,*,#9312,.T.);
#9312 = EDGE_CURVE('',#7165,#8312,#9313,.T.);
#9313 = SURFACE_CURVE('',#9314,(#9318,#9325),.PCURVE_S1.);
#9314 = LINE('',#9315,#9316);
#9315 = CARTESIAN_POINT('',(24.3,-89.4,-0.1));
#9316 = VECTOR('',#9317,1.);
#9317 = DIRECTION('',(0.,0.,1.));
#9318 = PCURVE('',#7203,#9319);
#9319 = DEFINITIONAL_REPRESENTATION('',(#9320),#9324);
#9320 = LINE('',#9321,#9322);
#9321 = CARTESIAN_POINT('',(0.,-48.6));
#9322 = VECTOR('',#9323,1.);
#9323 = DIRECTION('',(1.,0.));
#9324 = ( GEOMETRIC_REPRESENTATION_CONTEXT(2) 
PARAMETRIC_REPRESENTATION_CONTEXT() REPRESENTATION_CONTEXT('2D SPACE',''
  ) );
#9325 = PCURVE('',#7179,#9326);
#9326 = DEFINITIONAL_REPRESENTATION('',(#9327),#9331);
#9327 = LINE('',#9328,#9329);
#9328 = CARTESIAN_POINT('',(0.,2.2));
#9329 = VECTOR('',#9330,1.);
#9330 = DIRECTION('',(1.,0.));
#9331 = ( GEOMETRIC_REPRESENTATION_CONTEXT(2) 
PARAMETRIC_REPRESENTATION_CONTEXT() REPRESENTATION_CONTEXT('2D SPACE',''
  ) );
#9332 = ORIENTED_EDGE('',*,*,#8332,.F.);
#9333 = ADVANCED_FACE('',(#9334),#7153,.T.);
#9334 = FACE_BOUND('',#9335,.T.);
#9335 = EDGE_LOOP('',(#9336,#9337,#9338,#9359));
#9336 = ORIENTED_EDGE('',*,*,#9285,.F.);
#9337 = ORIENTED_EDGE('',*,*,#7138,.T.);
#9338 = ORIENTED_EDGE('',*,*,#9339,.T.);
#9339 = EDGE_CURVE('',#7139,#8291,#9340,.T.);
#9340 = SURFACE_CURVE('',#9341,(#9345,#9352),.PCURVE_S1.);
#9341 = LINE('',#9342,#9343);
#9342 = CARTESIAN_POINT('',(24.3,-87.2,-0.1));
#9343 = VECTOR('',#9344,1.);
#9344 = DIRECTION('',(0.,0.,1.));
#9345 = PCURVE('',#7153,#9346);
#9346 = DEFINITIONAL_REPRESENTATION('',(#9347),#9351);
#9347 = LINE('',#9348,#9349);
#9348 = CARTESIAN_POINT('',(0.,-48.6));
#9349 = VECTOR('',#9350,1.);
#9350 = DIRECTION('',(1.,0.));
#9351 = ( GEOMETRIC_REPRESENTATION_CONTEXT(2) 
PARAMETRIC_REPRESENTATION_CONTEXT() REPRESENTATION_CONTEXT('2D SPACE',''
  ) );
#9352 = PCURVE('',#7179,#9353);
#9353 = DEFINITIONAL_REPRESENTATION('',(#9354),#9358);
#9354 = LINE('',#9355,#9356);
#9355 = CARTESIAN_POINT('',(0.,0.));
#9356 = VECTOR('',#9357,1.);
#9357 = DIRECTION('',(1.,0.));
#9358 = ( GEOMETRIC_REPRESENTATION_CONTEXT(2) 
PARAMETRIC_REPRESENTATION_CONTEXT() REPRESENTATION_CONTEXT('2D SPACE',''
  ) );
#9359 = ORIENTED_EDGE('',*,*,#8290,.F.);
#9360 = ADVANCED_FACE('',(#9361),#7179,.F.);
#9361 = FACE_BOUND('',#9362,.F.);
#9362 = EDGE_LOOP('',(#9363,#9364,#9365,#9366));
#9363 = ORIENTED_EDGE('',*,*,#9312,.F.);
#9364 = ORIENTED_EDGE('',*,*,#7164,.T.);
#9365 = ORIENTED_EDGE('',*,*,#9339,.T.);
#9366 = ORIENTED_EDGE('',*,*,#8311,.F.);
#9367 = ADVANCED_FACE('',(#9368),#7233,.T.);
#9368 = FACE_BOUND('',#9369,.T.);
#9369 = EDGE_LOOP('',(#9370,#9391,#9392,#9413));
#9370 = ORIENTED_EDGE('',*,*,#9371,.F.);
#9371 = EDGE_CURVE('',#7217,#8354,#9372,.T.);
#9372 = SURFACE_CURVE('',#9373,(#9377,#9384),.PCURVE_S1.);
#9373 = LINE('',#9374,#9375);
#9374 = CARTESIAN_POINT('',(46.032651455244,-80.39804102091,-0.1));
#9375 = VECTOR('',#9376,1.);
#9376 = DIRECTION('',(0.,0.,1.));
#9377 = PCURVE('',#7233,#9378);
#9378 = DEFINITIONAL_REPRESENTATION('',(#9379),#9383);
#9379 = LINE('',#9380,#9381);
#9380 = CARTESIAN_POINT('',(0.,2.2));
#9381 = VECTOR('',#9382,1.);
#9382 = DIRECTION('',(1.,0.));
#9383 = ( GEOMETRIC_REPRESENTATION_CONTEXT(2) 
PARAMETRIC_REPRESENTATION_CONTEXT() REPRESENTATION_CONTEXT('2D SPACE',''
  ) );
#9384 = PCURVE('',#7309,#9385);
#9385 = DEFINITIONAL_REPRESENTATION('',(#9386),#9390);
#9386 = LINE('',#9387,#9388);
#9387 = CARTESIAN_POINT('',(0.,0.));
#9388 = VECTOR('',#9389,1.);
#9389 = DIRECTION('',(1.,0.));
#9390 = ( GEOMETRIC_REPRESENTATION_CONTEXT(2) 
PARAMETRIC_REPRESENTATION_CONTEXT() REPRESENTATION_CONTEXT('2D SPACE',''
  ) );
#9391 = ORIENTED_EDGE('',*,*,#7216,.T.);
#9392 = ORIENTED_EDGE('',*,*,#9393,.T.);
#9393 = EDGE_CURVE('',#7219,#8356,#9394,.T.);
#9394 = SURFACE_CURVE('',#9395,(#9399,#9406),.PCURVE_S1.);
#9395 = LINE('',#9396,#9397);
#9396 = CARTESIAN_POINT('',(44.477016536634,-78.8424061023,-0.1));
#9397 = VECTOR('',#9398,1.);
#9398 = DIRECTION('',(0.,0.,1.));
#9399 = PCURVE('',#7233,#9400);
#9400 = DEFINITIONAL_REPRESENTATION('',(#9401),#9405);
#9401 = LINE('',#9402,#9403);
#9402 = CARTESIAN_POINT('',(0.,0.));
#9403 = VECTOR('',#9404,1.);
#9404 = DIRECTION('',(1.,0.));
#9405 = ( GEOMETRIC_REPRESENTATION_CONTEXT(2) 
PARAMETRIC_REPRESENTATION_CONTEXT() REPRESENTATION_CONTEXT('2D SPACE',''
  ) );
#9406 = PCURVE('',#7259,#9407);
#9407 = DEFINITIONAL_REPRESENTATION('',(#9408),#9412);
#9408 = LINE('',#9409,#9410);
#9409 = CARTESIAN_POINT('',(0.,0.));
#9410 = VECTOR('',#9411,1.);
#9411 = DIRECTION('',(1.,0.));
#9412 = ( GEOMETRIC_REPRESENTATION_CONTEXT(2) 
PARAMETRIC_REPRESENTATION_CONTEXT() REPRESENTATION_CONTEXT('2D SPACE',''
  ) );
#9413 = ORIENTED_EDGE('',*,*,#8353,.F.);
#9414 = ADVANCED_FACE('',(#9415),#7309,.F.);
#9415 = FACE_BOUND('',#9416,.F.);
#9416 = EDGE_LOOP('',(#9417,#9418,#9419,#9440));
#9417 = ORIENTED_EDGE('',*,*,#9371,.F.);
#9418 = ORIENTED_EDGE('',*,*,#7296,.T.);
#9419 = ORIENTED_EDGE('',*,*,#9420,.T.);
#9420 = EDGE_CURVE('',#7271,#8398,#9421,.T.);
#9421 = SURFACE_CURVE('',#9422,(#9426,#9433),.PCURVE_S1.);
#9422 = LINE('',#9423,#9424);
#9423 = CARTESIAN_POINT('',(80.39804102091,-46.03265145524,-0.1));
#9424 = VECTOR('',#9425,1.);
#9425 = DIRECTION('',(0.,0.,1.));
#9426 = PCURVE('',#7309,#9427);
#9427 = DEFINITIONAL_REPRESENTATION('',(#9428),#9432);
#9428 = LINE('',#9429,#9430);
#9429 = CARTESIAN_POINT('',(0.,-48.6));
#9430 = VECTOR('',#9431,1.);
#9431 = DIRECTION('',(1.,0.));
#9432 = ( GEOMETRIC_REPRESENTATION_CONTEXT(2) 
PARAMETRIC_REPRESENTATION_CONTEXT() REPRESENTATION_CONTEXT('2D SPACE',''
  ) );
#9433 = PCURVE('',#7285,#9434);
#9434 = DEFINITIONAL_REPRESENTATION('',(#9435),#9439);
#9435 = LINE('',#9436,#9437);
#9436 = CARTESIAN_POINT('',(0.,2.2));
#9437 = VECTOR('',#9438,1.);
#9438 = DIRECTION('',(1.,0.));
#9439 = ( GEOMETRIC_REPRESENTATION_CONTEXT(2) 
PARAMETRIC_REPRESENTATION_CONTEXT() REPRESENTATION_CONTEXT('2D SPACE',''
  ) );
#9440 = ORIENTED_EDGE('',*,*,#8418,.F.);
#9441 = ADVANCED_FACE('',(#9442),#7285,.F.);
#9442 = FACE_BOUND('',#9443,.F.);
#9443 = EDGE_LOOP('',(#9444,#9445,#9446,#9467));
#9444 = ORIENTED_EDGE('',*,*,#9420,.F.);
#9445 = ORIENTED_EDGE('',*,*,#7270,.T.);
#9446 = ORIENTED_EDGE('',*,*,#9447,.T.);
#9447 = EDGE_CURVE('',#7245,#8377,#9448,.T.);
#9448 = SURFACE_CURVE('',#9449,(#9453,#9460),.PCURVE_S1.);
#9449 = LINE('',#9450,#9451);
#9450 = CARTESIAN_POINT('',(78.8424061023,-44.47701653663,-0.1));
#9451 = VECTOR('',#9452,1.);
#9452 = DIRECTION('',(0.,0.,1.));
#9453 = PCURVE('',#7285,#9454);
#9454 = DEFINITIONAL_REPRESENTATION('',(#9455),#9459);
#9455 = LINE('',#9456,#9457);
#9456 = CARTESIAN_POINT('',(0.,0.));
#9457 = VECTOR('',#9458,1.);
#9458 = DIRECTION('',(1.,0.));
#9459 = ( GEOMETRIC_REPRESENTATION_CONTEXT(2) 
PARAMETRIC_REPRESENTATION_CONTEXT() REPRESENTATION_CONTEXT('2D SPACE',''
  ) );
#9460 = PCURVE('',#7259,#9461);
#9461 = DEFINITIONAL_REPRESENTATION('',(#9462),#9466);
#9462 = LINE('',#9463,#9464);
#9463 = CARTESIAN_POINT('',(0.,-48.6));
#9464 = VECTOR('',#9465,1.);
#9465 = DIRECTION('',(1.,0.));
#9466 = ( GEOMETRIC_REPRESENTATION_CONTEXT(2) 
PARAMETRIC_REPRESENTATION_CONTEXT() REPRESENTATION_CONTEXT('2D SPACE',''
  ) );
#9467 = ORIENTED_EDGE('',*,*,#8397,.F.);
#9468 = ADVANCED_FACE('',(#9469),#7259,.T.);
#9469 = FACE_BOUND('',#9470,.T.);
#9470 = EDGE_LOOP('',(#9471,#9472,#9473,#9474));
#9471 = ORIENTED_EDGE('',*,*,#9393,.F.);
#9472 = ORIENTED_EDGE('',*,*,#7244,.T.);
#9473 = ORIENTED_EDGE('',*,*,#9447,.T.);
#9474 = ORIENTED_EDGE('',*,*,#8376,.F.);
#9475 = ADVANCED_FACE('',(#9476),#7339,.T.);
#9476 = FACE_BOUND('',#9477,.T.);
#9477 = EDGE_LOOP('',(#9478,#9499,#9500,#9521));
#9478 = ORIENTED_EDGE('',*,*,#9479,.F.);
#9479 = EDGE_CURVE('',#7323,#8440,#9480,.T.);
#9480 = SURFACE_CURVE('',#9481,(#9485,#9492),.PCURVE_S1.);
#9481 = LINE('',#9482,#9483);
#9482 = CARTESIAN_POINT('',(-89.4,24.3,-0.1));
#9483 = VECTOR('',#9484,1.);
#9484 = DIRECTION('',(0.,0.,1.));
#9485 = PCURVE('',#7339,#9486);
#9486 = DEFINITIONAL_REPRESENTATION('',(#9487),#9491);
#9487 = LINE('',#9488,#9489);
#9488 = CARTESIAN_POINT('',(0.,2.2));
#9489 = VECTOR('',#9490,1.);
#9490 = DIRECTION('',(1.,0.));
#9491 = ( GEOMETRIC_REPRESENTATION_CONTEXT(2) 
PARAMETRIC_REPRESENTATION_CONTEXT() REPRESENTATION_CONTEXT('2D SPACE',''
  ) );
#9492 = PCURVE('',#7415,#9493);
#9493 = DEFINITIONAL_REPRESENTATION('',(#9494),#9498);
#9494 = LINE('',#9495,#9496);
#9495 = CARTESIAN_POINT('',(0.,0.));
#9496 = VECTOR('',#9497,1.);
#9497 = DIRECTION('',(1.,0.));
#9498 = ( GEOMETRIC_REPRESENTATION_CONTEXT(2) 
PARAMETRIC_REPRESENTATION_CONTEXT() REPRESENTATION_CONTEXT('2D SPACE',''
  ) );
#9499 = ORIENTED_EDGE('',*,*,#7322,.T.);
#9500 = ORIENTED_EDGE('',*,*,#9501,.T.);
#9501 = EDGE_CURVE('',#7325,#8442,#9502,.T.);
#9502 = SURFACE_CURVE('',#9503,(#9507,#9514),.PCURVE_S1.);
#9503 = LINE('',#9504,#9505);
#9504 = CARTESIAN_POINT('',(-87.2,24.3,-0.1));
#9505 = VECTOR('',#9506,1.);
#9506 = DIRECTION('',(0.,0.,1.));
#9507 = PCURVE('',#7339,#9508);
#9508 = DEFINITIONAL_REPRESENTATION('',(#9509),#9513);
#9509 = LINE('',#9510,#9511);
#9510 = CARTESIAN_POINT('',(0.,0.));
#9511 = VECTOR('',#9512,1.);
#9512 = DIRECTION('',(1.,0.));
#9513 = ( GEOMETRIC_REPRESENTATION_CONTEXT(2) 
PARAMETRIC_REPRESENTATION_CONTEXT() REPRESENTATION_CONTEXT('2D SPACE',''
  ) );
#9514 = PCURVE('',#7365,#9515);
#9515 = DEFINITIONAL_REPRESENTATION('',(#9516),#9520);
#9516 = LINE('',#9517,#9518);
#9517 = CARTESIAN_POINT('',(0.,0.));
#9518 = VECTOR('',#9519,1.);
#9519 = DIRECTION('',(1.,0.));
#9520 = ( GEOMETRIC_REPRESENTATION_CONTEXT(2) 
PARAMETRIC_REPRESENTATION_CONTEXT() REPRESENTATION_CONTEXT('2D SPACE',''
  ) );
#9521 = ORIENTED_EDGE('',*,*,#8439,.F.);
#9522 = ADVANCED_FACE('',(#9523),#7415,.F.);
#9523 = FACE_BOUND('',#9524,.F.);
#9524 = EDGE_LOOP('',(#9525,#9526,#9527,#9548));
#9525 = ORIENTED_EDGE('',*,*,#9479,.F.);
#9526 = ORIENTED_EDGE('',*,*,#7402,.T.);
#9527 = ORIENTED_EDGE('',*,*,#9528,.T.);
#9528 = EDGE_CURVE('',#7377,#8484,#9529,.T.);
#9529 = SURFACE_CURVE('',#9530,(#9534,#9541),.PCURVE_S1.);
#9530 = LINE('',#9531,#9532);
#9531 = CARTESIAN_POINT('',(-89.4,-24.3,-0.1));
#9532 = VECTOR('',#9533,1.);
#9533 = DIRECTION('',(0.,0.,1.));
#9534 = PCURVE('',#7415,#9535);
#9535 = DEFINITIONAL_REPRESENTATION('',(#9536),#9540);
#9536 = LINE('',#9537,#9538);
#9537 = CARTESIAN_POINT('',(0.,-48.6));
#9538 = VECTOR('',#9539,1.);
#9539 = DIRECTION('',(1.,0.));
#9540 = ( GEOMETRIC_REPRESENTATION_CONTEXT(2) 
PARAMETRIC_REPRESENTATION_CONTEXT() REPRESENTATION_CONTEXT('2D SPACE',''
  ) );
#9541 = PCURVE('',#7391,#9542);
#9542 = DEFINITIONAL_REPRESENTATION('',(#9543),#9547);
#9543 = LINE('',#9544,#9545);
#9544 = CARTESIAN_POINT('',(0.,2.2));
#9545 = VECTOR('',#9546,1.);
#9546 = DIRECTION('',(1.,0.));
#9547 = ( GEOMETRIC_REPRESENTATION_CONTEXT(2) 
PARAMETRIC_REPRESENTATION_CONTEXT() REPRESENTATION_CONTEXT('2D SPACE',''
  ) );
#9548 = ORIENTED_EDGE('',*,*,#8504,.F.);
#9549 = ADVANCED_FACE('',(#9550),#7365,.T.);
#9550 = FACE_BOUND('',#9551,.T.);
#9551 = EDGE_LOOP('',(#9552,#9553,#9554,#9575));
#9552 = ORIENTED_EDGE('',*,*,#9501,.F.);
#9553 = ORIENTED_EDGE('',*,*,#7350,.T.);
#9554 = ORIENTED_EDGE('',*,*,#9555,.T.);
#9555 = EDGE_CURVE('',#7351,#8463,#9556,.T.);
#9556 = SURFACE_CURVE('',#9557,(#9561,#9568),.PCURVE_S1.);
#9557 = LINE('',#9558,#9559);
#9558 = CARTESIAN_POINT('',(-87.2,-24.3,-0.1));
#9559 = VECTOR('',#9560,1.);
#9560 = DIRECTION('',(0.,0.,1.));
#9561 = PCURVE('',#7365,#9562);
#9562 = DEFINITIONAL_REPRESENTATION('',(#9563),#9567);
#9563 = LINE('',#9564,#9565);
#9564 = CARTESIAN_POINT('',(0.,-48.6));
#9565 = VECTOR('',#9566,1.);
#9566 = DIRECTION('',(1.,0.));
#9567 = ( GEOMETRIC_REPRESENTATION_CONTEXT(2) 
PARAMETRIC_REPRESENTATION_CONTEXT() REPRESENTATION_CONTEXT('2D SPACE',''
  ) );
#9568 = PCURVE('',#7391,#9569);
#9569 = DEFINITIONAL_REPRESENTATION('',(#9570),#9574);
#9570 = LINE('',#9571,#9572);
#9571 = CARTESIAN_POINT('',(0.,0.));
#9572 = VECTOR('',#9573,1.);
#9573 = DIRECTION('',(1.,0.));
#9574 = ( GEOMETRIC_REPRESENTATION_CONTEXT(2) 
PARAMETRIC_REPRESENTATION_CONTEXT() REPRESENTATION_CONTEXT('2D SPACE',''
  ) );
#9575 = ORIENTED_EDGE('',*,*,#8462,.F.);
#9576 = ADVANCED_FACE('',(#9577),#7391,.F.);
#9577 = FACE_BOUND('',#9578,.F.);
#9578 = EDGE_LOOP('',(#9579,#9580,#9581,#9582));
#9579 = ORIENTED_EDGE('',*,*,#9528,.F.);
#9580 = ORIENTED_EDGE('',*,*,#7376,.T.);
#9581 = ORIENTED_EDGE('',*,*,#9555,.T.);
#9582 = ORIENTED_EDGE('',*,*,#8483,.F.);
#9583 = ADVANCED_FACE('',(#9584),#7445,.T.);
#9584 = FACE_BOUND('',#9585,.T.);
#9585 = EDGE_LOOP('',(#9586,#9607,#9608,#9629));
#9586 = ORIENTED_EDGE('',*,*,#9587,.F.);
#9587 = EDGE_CURVE('',#7429,#8526,#9588,.T.);
#9588 = SURFACE_CURVE('',#9589,(#9593,#9600),.PCURVE_S1.);
#9589 = LINE('',#9590,#9591);
#9590 = CARTESIAN_POINT('',(-46.03265145524,80.39804102091,-0.1));
#9591 = VECTOR('',#9592,1.);
#9592 = DIRECTION('',(0.,0.,1.));
#9593 = PCURVE('',#7445,#9594);
#9594 = DEFINITIONAL_REPRESENTATION('',(#9595),#9599);
#9595 = LINE('',#9596,#9597);
#9596 = CARTESIAN_POINT('',(0.,2.2));
#9597 = VECTOR('',#9598,1.);
#9598 = DIRECTION('',(1.,0.));
#9599 = ( GEOMETRIC_REPRESENTATION_CONTEXT(2) 
PARAMETRIC_REPRESENTATION_CONTEXT() REPRESENTATION_CONTEXT('2D SPACE',''
  ) );
#9600 = PCURVE('',#7521,#9601);
#9601 = DEFINITIONAL_REPRESENTATION('',(#9602),#9606);
#9602 = LINE('',#9603,#9604);
#9603 = CARTESIAN_POINT('',(0.,0.));
#9604 = VECTOR('',#9605,1.);
#9605 = DIRECTION('',(1.,0.));
#9606 = ( GEOMETRIC_REPRESENTATION_CONTEXT(2) 
PARAMETRIC_REPRESENTATION_CONTEXT() REPRESENTATION_CONTEXT('2D SPACE',''
  ) );
#9607 = ORIENTED_EDGE('',*,*,#7428,.T.);
#9608 = ORIENTED_EDGE('',*,*,#9609,.T.);
#9609 = EDGE_CURVE('',#7431,#8528,#9610,.T.);
#9610 = SURFACE_CURVE('',#9611,(#9615,#9622),.PCURVE_S1.);
#9611 = LINE('',#9612,#9613);
#9612 = CARTESIAN_POINT('',(-44.47701653663,78.8424061023,-0.1));
#9613 = VECTOR('',#9614,1.);
#9614 = DIRECTION('',(0.,0.,1.));
#9615 = PCURVE('',#7445,#9616);
#9616 = DEFINITIONAL_REPRESENTATION('',(#9617),#9621);
#9617 = LINE('',#9618,#9619);
#9618 = CARTESIAN_POINT('',(0.,0.));
#9619 = VECTOR('',#9620,1.);
#9620 = DIRECTION('',(1.,0.));
#9621 = ( GEOMETRIC_REPRESENTATION_CONTEXT(2) 
PARAMETRIC_REPRESENTATION_CONTEXT() REPRESENTATION_CONTEXT('2D SPACE',''
  ) );
#9622 = PCURVE('',#7471,#9623);
#9623 = DEFINITIONAL_REPRESENTATION('',(#9624),#9628);
#9624 = LINE('',#9625,#9626);
#9625 = CARTESIAN_POINT('',(0.,0.));
#9626 = VECTOR('',#9627,1.);
#9627 = DIRECTION('',(1.,0.));
#9628 = ( GEOMETRIC_REPRESENTATION_CONTEXT(2) 
PARAMETRIC_REPRESENTATION_CONTEXT() REPRESENTATION_CONTEXT('2D SPACE',''
  ) );
#9629 = ORIENTED_EDGE('',*,*,#8525,.F.);
#9630 = ADVANCED_FACE('',(#9631),#7521,.F.);
#9631 = FACE_BOUND('',#9632,.F.);
#9632 = EDGE_LOOP('',(#9633,#9634,#9635,#9656));
#9633 = ORIENTED_EDGE('',*,*,#9587,.F.);
#9634 = ORIENTED_EDGE('',*,*,#7508,.T.);
#9635 = ORIENTED_EDGE('',*,*,#9636,.T.);
#9636 = EDGE_CURVE('',#7483,#8570,#9637,.T.);
#9637 = SURFACE_CURVE('',#9638,(#9642,#9649),.PCURVE_S1.);
#9638 = LINE('',#9639,#9640);
#9639 = CARTESIAN_POINT('',(-80.39804102091,46.032651455244,-0.1));
#9640 = VECTOR('',#9641,1.);
#9641 = DIRECTION('',(0.,0.,1.));
#9642 = PCURVE('',#7521,#9643);
#9643 = DEFINITIONAL_REPRESENTATION('',(#9644),#9648);
#9644 = LINE('',#9645,#9646);
#9645 = CARTESIAN_POINT('',(0.,-48.6));
#9646 = VECTOR('',#9647,1.);
#9647 = DIRECTION('',(1.,0.));
#9648 = ( GEOMETRIC_REPRESENTATION_CONTEXT(2) 
PARAMETRIC_REPRESENTATION_CONTEXT() REPRESENTATION_CONTEXT('2D SPACE',''
  ) );
#9649 = PCURVE('',#7497,#9650);
#9650 = DEFINITIONAL_REPRESENTATION('',(#9651),#9655);
#9651 = LINE('',#9652,#9653);
#9652 = CARTESIAN_POINT('',(0.,2.2));
#9653 = VECTOR('',#9654,1.);
#9654 = DIRECTION('',(1.,0.));
#9655 = ( GEOMETRIC_REPRESENTATION_CONTEXT(2) 
PARAMETRIC_REPRESENTATION_CONTEXT() REPRESENTATION_CONTEXT('2D SPACE',''
  ) );
#9656 = ORIENTED_EDGE('',*,*,#8590,.F.);
#9657 = ADVANCED_FACE('',(#9658),#7471,.T.);
#9658 = FACE_BOUND('',#9659,.T.);
#9659 = EDGE_LOOP('',(#9660,#9661,#9662,#9683));
#9660 = ORIENTED_EDGE('',*,*,#9609,.F.);
#9661 = ORIENTED_EDGE('',*,*,#7456,.T.);
#9662 = ORIENTED_EDGE('',*,*,#9663,.T.);
#9663 = EDGE_CURVE('',#7457,#8549,#9664,.T.);
#9664 = SURFACE_CURVE('',#9665,(#9669,#9676),.PCURVE_S1.);
#9665 = LINE('',#9666,#9667);
#9666 = CARTESIAN_POINT('',(-78.8424061023,44.477016536634,-0.1));
#9667 = VECTOR('',#9668,1.);
#9668 = DIRECTION('',(0.,0.,1.));
#9669 = PCURVE('',#7471,#9670);
#9670 = DEFINITIONAL_REPRESENTATION('',(#9671),#9675);
#9671 = LINE('',#9672,#9673);
#9672 = CARTESIAN_POINT('',(0.,-48.6));
#9673 = VECTOR('',#9674,1.);
#9674 = DIRECTION('',(1.,0.));
#9675 = ( GEOMETRIC_REPRESENTATION_CONTEXT(2) 
PARAMETRIC_REPRESENTATION_CONTEXT() REPRESENTATION_CONTEXT('2D SPACE',''
  ) );
#9676 = PCURVE('',#7497,#9677);
#9677 = DEFINITIONAL_REPRESENTATION('',(#9678),#9682);
#9678 = LINE('',#9679,#9680);
#9679 = CARTESIAN_POINT('',(0.,0.));
#9680 = VECTOR('',#9681,1.);
#9681 = DIRECTION('',(1.,0.));
#9682 = ( GEOMETRIC_REPRESENTATION_CONTEXT(2) 
PARAMETRIC_REPRESENTATION_CONTEXT() REPRESENTATION_CONTEXT('2D SPACE',''
  ) );
#9683 = ORIENTED_EDGE('',*,*,#8548,.F.);
#9684 = ADVANCED_FACE('',(#9685),#7497,.F.);
#9685 = FACE_BOUND('',#9686,.F.);
#9686 = EDGE_LOOP('',(#9687,#9688,#9689,#9690));
#9687 = ORIENTED_EDGE('',*,*,#9636,.F.);
#9688 = ORIENTED_EDGE('',*,*,#7482,.T.);
#9689 = ORIENTED_EDGE('',*,*,#9663,.T.);
#9690 = ORIENTED_EDGE('',*,*,#8569,.F.);
#9691 = ADVANCED_FACE('',(#9692),#7551,.T.);
#9692 = FACE_BOUND('',#9693,.T.);
#9693 = EDGE_LOOP('',(#9694,#9695,#9716,#9717));
#9694 = ORIENTED_EDGE('',*,*,#7534,.T.);
#9695 = ORIENTED_EDGE('',*,*,#9696,.T.);
#9696 = EDGE_CURVE('',#7537,#8614,#9697,.T.);
#9697 = SURFACE_CURVE('',#9698,(#9702,#9709),.PCURVE_S1.);
#9698 = LINE('',#9699,#9700);
#9699 = CARTESIAN_POINT('',(35.4152595829,85.5,-0.1));
#9700 = VECTOR('',#9701,1.);
#9701 = DIRECTION('',(0.,0.,1.));
#9702 = PCURVE('',#7551,#9703);
#9703 = DEFINITIONAL_REPRESENTATION('',(#9704),#9708);
#9704 = LINE('',#9705,#9706);
#9705 = CARTESIAN_POINT('',(0.,-0.));
#9706 = VECTOR('',#9707,1.);
#9707 = DIRECTION('',(0.,-1.));
#9708 = ( GEOMETRIC_REPRESENTATION_CONTEXT(2) 
PARAMETRIC_REPRESENTATION_CONTEXT() REPRESENTATION_CONTEXT('2D SPACE',''
  ) );
#9709 = PCURVE('',#7577,#9710);
#9710 = DEFINITIONAL_REPRESENTATION('',(#9711),#9715);
#9711 = LINE('',#9712,#9713);
#9712 = CARTESIAN_POINT('',(70.830519165799,0.));
#9713 = VECTOR('',#9714,1.);
#9714 = DIRECTION('',(0.,-1.));
#9715 = ( GEOMETRIC_REPRESENTATION_CONTEXT(2) 
PARAMETRIC_REPRESENTATION_CONTEXT() REPRESENTATION_CONTEXT('2D SPACE',''
  ) );
#9716 = ORIENTED_EDGE('',*,*,#8611,.F.);
#9717 = ORIENTED_EDGE('',*,*,#9718,.F.);
#9718 = EDGE_CURVE('',#7535,#8612,#9719,.T.);
#9719 = SURFACE_CURVE('',#9720,(#9724,#9731),.PCURVE_S1.);
#9720 = LINE('',#9721,#9722);
#9721 = CARTESIAN_POINT('',(-35.4152595829,85.5,-0.1));
#9722 = VECTOR('',#9723,1.);
#9723 = DIRECTION('',(0.,0.,1.));
#9724 = PCURVE('',#7551,#9725);
#9725 = DEFINITIONAL_REPRESENTATION('',(#9726),#9730);
#9726 = LINE('',#9727,#9728);
#9727 = CARTESIAN_POINT('',(70.830519165799,0.));
#9728 = VECTOR('',#9729,1.);
#9729 = DIRECTION('',(0.,-1.));
#9730 = ( GEOMETRIC_REPRESENTATION_CONTEXT(2) 
PARAMETRIC_REPRESENTATION_CONTEXT() REPRESENTATION_CONTEXT('2D SPACE',''
  ) );
#9731 = PCURVE('',#7731,#9732);
#9732 = DEFINITIONAL_REPRESENTATION('',(#9733),#9737);
#9733 = LINE('',#9734,#9735);
#9734 = CARTESIAN_POINT('',(0.,0.));
#9735 = VECTOR('',#9736,1.);
#9736 = DIRECTION('',(0.,-1.));
#9737 = ( GEOMETRIC_REPRESENTATION_CONTEXT(2) 
PARAMETRIC_REPRESENTATION_CONTEXT() REPRESENTATION_CONTEXT('2D SPACE',''
  ) );
#9738 = ADVANCED_FACE('',(#9739),#7731,.T.);
#9739 = FACE_BOUND('',#9740,.T.);
#9740 = EDGE_LOOP('',(#9741,#9742,#9743,#9744));
#9741 = ORIENTED_EDGE('',*,*,#7718,.T.);
#9742 = ORIENTED_EDGE('',*,*,#9718,.T.);
#9743 = ORIENTED_EDGE('',*,*,#8760,.F.);
#9744 = ORIENTED_EDGE('',*,*,#9745,.F.);
#9745 = EDGE_CURVE('',#7693,#8740,#9746,.T.);
#9746 = SURFACE_CURVE('',#9747,(#9751,#9758),.PCURVE_S1.);
#9747 = LINE('',#9748,#9749);
#9748 = CARTESIAN_POINT('',(-85.5,35.4152595829,-0.1));
#9749 = VECTOR('',#9750,1.);
#9750 = DIRECTION('',(0.,0.,1.));
#9751 = PCURVE('',#7731,#9752);
#9752 = DEFINITIONAL_REPRESENTATION('',(#9753),#9757);
#9753 = LINE('',#9754,#9755);
#9754 = CARTESIAN_POINT('',(70.830519165799,0.));
#9755 = VECTOR('',#9756,1.);
#9756 = DIRECTION('',(0.,-1.));
#9757 = ( GEOMETRIC_REPRESENTATION_CONTEXT(2) 
PARAMETRIC_REPRESENTATION_CONTEXT() REPRESENTATION_CONTEXT('2D SPACE',''
  ) );
#9758 = PCURVE('',#7707,#9759);
#9759 = DEFINITIONAL_REPRESENTATION('',(#9760),#9764);
#9760 = LINE('',#9761,#9762);
#9761 = CARTESIAN_POINT('',(0.,0.));
#9762 = VECTOR('',#9763,1.);
#9763 = DIRECTION('',(0.,-1.));
#9764 = ( GEOMETRIC_REPRESENTATION_CONTEXT(2) 
PARAMETRIC_REPRESENTATION_CONTEXT() REPRESENTATION_CONTEXT('2D SPACE',''
  ) );
#9765 = ADVANCED_FACE('',(#9766),#7577,.T.);
#9766 = FACE_BOUND('',#9767,.T.);
#9767 = EDGE_LOOP('',(#9768,#9769,#9790,#9791));
#9768 = ORIENTED_EDGE('',*,*,#7562,.T.);
#9769 = ORIENTED_EDGE('',*,*,#9770,.T.);
#9770 = EDGE_CURVE('',#7563,#8635,#9771,.T.);
#9771 = SURFACE_CURVE('',#9772,(#9776,#9783),.PCURVE_S1.);
#9772 = LINE('',#9773,#9774);
#9773 = CARTESIAN_POINT('',(85.5,35.4152595829,-0.1));
#9774 = VECTOR('',#9775,1.);
#9775 = DIRECTION('',(0.,0.,1.));
#9776 = PCURVE('',#7577,#9777);
#9777 = DEFINITIONAL_REPRESENTATION('',(#9778),#9782);
#9778 = LINE('',#9779,#9780);
#9779 = CARTESIAN_POINT('',(0.,0.));
#9780 = VECTOR('',#9781,1.);
#9781 = DIRECTION('',(0.,-1.));
#9782 = ( GEOMETRIC_REPRESENTATION_CONTEXT(2) 
PARAMETRIC_REPRESENTATION_CONTEXT() REPRESENTATION_CONTEXT('2D SPACE',''
  ) );
#9783 = PCURVE('',#7603,#9784);
#9784 = DEFINITIONAL_REPRESENTATION('',(#9785),#9789);
#9785 = LINE('',#9786,#9787);
#9786 = CARTESIAN_POINT('',(70.830519165799,0.));
#9787 = VECTOR('',#9788,1.);
#9788 = DIRECTION('',(0.,-1.));
#9789 = ( GEOMETRIC_REPRESENTATION_CONTEXT(2) 
PARAMETRIC_REPRESENTATION_CONTEXT() REPRESENTATION_CONTEXT('2D SPACE',''
  ) );
#9790 = ORIENTED_EDGE('',*,*,#8634,.F.);
#9791 = ORIENTED_EDGE('',*,*,#9696,.F.);
#9792 = ADVANCED_FACE('',(#9793),#7707,.T.);
#9793 = FACE_BOUND('',#9794,.T.);
#9794 = EDGE_LOOP('',(#9795,#9796,#9797,#9798));
#9795 = ORIENTED_EDGE('',*,*,#7692,.T.);
#9796 = ORIENTED_EDGE('',*,*,#9745,.T.);
#9797 = ORIENTED_EDGE('',*,*,#8739,.F.);
#9798 = ORIENTED_EDGE('',*,*,#9799,.F.);
#9799 = EDGE_CURVE('',#7667,#8719,#9800,.T.);
#9800 = SURFACE_CURVE('',#9801,(#9805,#9812),.PCURVE_S1.);
#9801 = LINE('',#9802,#9803);
#9802 = CARTESIAN_POINT('',(-85.5,-35.4152595829,-0.1));
#9803 = VECTOR('',#9804,1.);
#9804 = DIRECTION('',(0.,0.,1.));
#9805 = PCURVE('',#7707,#9806);
#9806 = DEFINITIONAL_REPRESENTATION('',(#9807),#9811);
#9807 = LINE('',#9808,#9809);
#9808 = CARTESIAN_POINT('',(70.830519165799,0.));
#9809 = VECTOR('',#9810,1.);
#9810 = DIRECTION('',(0.,-1.));
#9811 = ( GEOMETRIC_REPRESENTATION_CONTEXT(2) 
PARAMETRIC_REPRESENTATION_CONTEXT() REPRESENTATION_CONTEXT('2D SPACE',''
  ) );
#9812 = PCURVE('',#7681,#9813);
#9813 = DEFINITIONAL_REPRESENTATION('',(#9814),#9818);
#9814 = LINE('',#9815,#9816);
#9815 = CARTESIAN_POINT('',(0.,0.));
#9816 = VECTOR('',#9817,1.);
#9817 = DIRECTION('',(0.,-1.));
#9818 = ( GEOMETRIC_REPRESENTATION_CONTEXT(2) 
PARAMETRIC_REPRESENTATION_CONTEXT() REPRESENTATION_CONTEXT('2D SPACE',''
  ) );
#9819 = ADVANCED_FACE('',(#9820),#7603,.T.);
#9820 = FACE_BOUND('',#9821,.T.);
#9821 = EDGE_LOOP('',(#9822,#9823,#9844,#9845));
#9822 = ORIENTED_EDGE('',*,*,#7588,.T.);
#9823 = ORIENTED_EDGE('',*,*,#9824,.T.);
#9824 = EDGE_CURVE('',#7589,#8656,#9825,.T.);
#9825 = SURFACE_CURVE('',#9826,(#9830,#9837),.PCURVE_S1.);
#9826 = LINE('',#9827,#9828);
#9827 = CARTESIAN_POINT('',(85.5,-35.4152595829,-0.1));
#9828 = VECTOR('',#9829,1.);
#9829 = DIRECTION('',(0.,0.,1.));
#9830 = PCURVE('',#7603,#9831);
#9831 = DEFINITIONAL_REPRESENTATION('',(#9832),#9836);
#9832 = LINE('',#9833,#9834);
#9833 = CARTESIAN_POINT('',(0.,0.));
#9834 = VECTOR('',#9835,1.);
#9835 = DIRECTION('',(0.,-1.));
#9836 = ( GEOMETRIC_REPRESENTATION_CONTEXT(2) 
PARAMETRIC_REPRESENTATION_CONTEXT() REPRESENTATION_CONTEXT('2D SPACE',''
  ) );
#9837 = PCURVE('',#7629,#9838);
#9838 = DEFINITIONAL_REPRESENTATION('',(#9839),#9843);
#9839 = LINE('',#9840,#9841);
#9840 = CARTESIAN_POINT('',(70.830519165799,0.));
#9841 = VECTOR('',#9842,1.);
#9842 = DIRECTION('',(0.,-1.));
#9843 = ( GEOMETRIC_REPRESENTATION_CONTEXT(2) 
PARAMETRIC_REPRESENTATION_CONTEXT() REPRESENTATION_CONTEXT('2D SPACE',''
  ) );
#9844 = ORIENTED_EDGE('',*,*,#8655,.F.);
#9845 = ORIENTED_EDGE('',*,*,#9770,.F.);
#9846 = ADVANCED_FACE('',(#9847),#7681,.T.);
#9847 = FACE_BOUND('',#9848,.T.);
#9848 = EDGE_LOOP('',(#9849,#9850,#9851,#9852));
#9849 = ORIENTED_EDGE('',*,*,#7666,.T.);
#9850 = ORIENTED_EDGE('',*,*,#9799,.T.);
#9851 = ORIENTED_EDGE('',*,*,#8718,.F.);
#9852 = ORIENTED_EDGE('',*,*,#9853,.F.);
#9853 = EDGE_CURVE('',#7641,#8698,#9854,.T.);
#9854 = SURFACE_CURVE('',#9855,(#9859,#9866),.PCURVE_S1.);
#9855 = LINE('',#9856,#9857);
#9856 = CARTESIAN_POINT('',(-35.4152595829,-85.5,-0.1));
#9857 = VECTOR('',#9858,1.);
#9858 = DIRECTION('',(0.,0.,1.));
#9859 = PCURVE('',#7681,#9860);
#9860 = DEFINITIONAL_REPRESENTATION('',(#9861),#9865);
#9861 = LINE('',#9862,#9863);
#9862 = CARTESIAN_POINT('',(70.830519165799,0.));
#9863 = VECTOR('',#9864,1.);
#9864 = DIRECTION('',(0.,-1.));
#9865 = ( GEOMETRIC_REPRESENTATION_CONTEXT(2) 
PARAMETRIC_REPRESENTATION_CONTEXT() REPRESENTATION_CONTEXT('2D SPACE',''
  ) );
#9866 = PCURVE('',#7655,#9867);
#9867 = DEFINITIONAL_REPRESENTATION('',(#9868),#9872);
#9868 = LINE('',#9869,#9870);
#9869 = CARTESIAN_POINT('',(0.,0.));
#9870 = VECTOR('',#9871,1.);
#9871 = DIRECTION('',(0.,-1.));
#9872 = ( GEOMETRIC_REPRESENTATION_CONTEXT(2) 
PARAMETRIC_REPRESENTATION_CONTEXT() REPRESENTATION_CONTEXT('2D SPACE',''
  ) );
#9873 = ADVANCED_FACE('',(#9874),#7629,.T.);
#9874 = FACE_BOUND('',#9875,.T.);
#9875 = EDGE_LOOP('',(#9876,#9877,#9898,#9899));
#9876 = ORIENTED_EDGE('',*,*,#7614,.T.);
#9877 = ORIENTED_EDGE('',*,*,#9878,.T.);
#9878 = EDGE_CURVE('',#7615,#8677,#9879,.T.);
#9879 = SURFACE_CURVE('',#9880,(#9884,#9891),.PCURVE_S1.);
#9880 = LINE('',#9881,#9882);
#9881 = CARTESIAN_POINT('',(35.4152595829,-85.5,-0.1));
#9882 = VECTOR('',#9883,1.);
#9883 = DIRECTION('',(0.,0.,1.));
#9884 = PCURVE('',#7629,#9885);
#9885 = DEFINITIONAL_REPRESENTATION('',(#9886),#9890);
#9886 = LINE('',#9887,#9888);
#9887 = CARTESIAN_POINT('',(0.,0.));
#9888 = VECTOR('',#9889,1.);
#9889 = DIRECTION('',(0.,-1.));
#9890 = ( GEOMETRIC_REPRESENTATION_CONTEXT(2) 
PARAMETRIC_REPRESENTATION_CONTEXT() REPRESENTATION_CONTEXT('2D SPACE',''
  ) );
#9891 = PCURVE('',#7655,#9892);
#9892 = DEFINITIONAL_REPRESENTATION('',(#9893),#9897);
#9893 = LINE('',#9894,#9895);
#9894 = CARTESIAN_POINT('',(70.830519165799,0.));
#9895 = VECTOR('',#9896,1.);
#9896 = DIRECTION('',(0.,-1.));
#9897 = ( GEOMETRIC_REPRESENTATION_CONTEXT(2) 
PARAMETRIC_REPRESENTATION_CONTEXT() REPRESENTATION_CONTEXT('2D SPACE',''
  ) );
#9898 = ORIENTED_EDGE('',*,*,#8676,.F.);
#9899 = ORIENTED_EDGE('',*,*,#9824,.F.);
#9900 = ADVANCED_FACE('',(#9901),#7655,.T.);
#9901 = FACE_BOUND('',#9902,.T.);
#9902 = EDGE_LOOP('',(#9903,#9904,#9905,#9906));
#9903 = ORIENTED_EDGE('',*,*,#7640,.T.);
#9904 = ORIENTED_EDGE('',*,*,#9853,.T.);
#9905 = ORIENTED_EDGE('',*,*,#8697,.F.);
#9906 = ORIENTED_EDGE('',*,*,#9878,.F.);
#9907 = ADVANCED_FACE('',(#9908),#7761,.T.);
#9908 = FACE_BOUND('',#9909,.T.);
#9909 = EDGE_LOOP('',(#9910,#9931,#9932,#9953));
#9910 = ORIENTED_EDGE('',*,*,#9911,.F.);
#9911 = EDGE_CURVE('',#7745,#8782,#9912,.T.);
#9912 = SURFACE_CURVE('',#9913,(#9917,#9924),.PCURVE_S1.);
#9913 = LINE('',#9914,#9915);
#9914 = CARTESIAN_POINT('',(89.4,-24.3,-0.1));
#9915 = VECTOR('',#9916,1.);
#9916 = DIRECTION('',(0.,0.,1.));
#9917 = PCURVE('',#7761,#9918);
#9918 = DEFINITIONAL_REPRESENTATION('',(#9919),#9923);
#9919 = LINE('',#9920,#9921);
#9920 = CARTESIAN_POINT('',(0.,2.2));
#9921 = VECTOR('',#9922,1.);
#9922 = DIRECTION('',(1.,0.));
#9923 = ( GEOMETRIC_REPRESENTATION_CONTEXT(2) 
PARAMETRIC_REPRESENTATION_CONTEXT() REPRESENTATION_CONTEXT('2D SPACE',''
  ) );
#9924 = PCURVE('',#7837,#9925);
#9925 = DEFINITIONAL_REPRESENTATION('',(#9926),#9930);
#9926 = LINE('',#9927,#9928);
#9927 = CARTESIAN_POINT('',(0.,0.));
#9928 = VECTOR('',#9929,1.);
#9929 = DIRECTION('',(1.,0.));
#9930 = ( GEOMETRIC_REPRESENTATION_CONTEXT(2) 
PARAMETRIC_REPRESENTATION_CONTEXT() REPRESENTATION_CONTEXT('2D SPACE',''
  ) );
#9931 = ORIENTED_EDGE('',*,*,#7744,.T.);
#9932 = ORIENTED_EDGE('',*,*,#9933,.T.);
#9933 = EDGE_CURVE('',#7747,#8784,#9934,.T.);
#9934 = SURFACE_CURVE('',#9935,(#9939,#9946),.PCURVE_S1.);
#9935 = LINE('',#9936,#9937);
#9936 = CARTESIAN_POINT('',(87.2,-24.3,-0.1));
#9937 = VECTOR('',#9938,1.);
#9938 = DIRECTION('',(0.,0.,1.));
#9939 = PCURVE('',#7761,#9940);
#9940 = DEFINITIONAL_REPRESENTATION('',(#9941),#9945);
#9941 = LINE('',#9942,#9943);
#9942 = CARTESIAN_POINT('',(0.,0.));
#9943 = VECTOR('',#9944,1.);
#9944 = DIRECTION('',(1.,0.));
#9945 = ( GEOMETRIC_REPRESENTATION_CONTEXT(2) 
PARAMETRIC_REPRESENTATION_CONTEXT() REPRESENTATION_CONTEXT('2D SPACE',''
  ) );
#9946 = PCURVE('',#7787,#9947);
#9947 = DEFINITIONAL_REPRESENTATION('',(#9948),#9952);
#9948 = LINE('',#9949,#9950);
#9949 = CARTESIAN_POINT('',(0.,0.));
#9950 = VECTOR('',#9951,1.);
#9951 = DIRECTION('',(1.,0.));
#9952 = ( GEOMETRIC_REPRESENTATION_CONTEXT(2) 
PARAMETRIC_REPRESENTATION_CONTEXT() REPRESENTATION_CONTEXT('2D SPACE',''
  ) );
#9953 = ORIENTED_EDGE('',*,*,#8781,.F.);
#9954 = ADVANCED_FACE('',(#9955),#7837,.F.);
#9955 = FACE_BOUND('',#9956,.F.);
#9956 = EDGE_LOOP('',(#9957,#9958,#9959,#9980));
#9957 = ORIENTED_EDGE('',*,*,#9911,.F.);
#9958 = ORIENTED_EDGE('',*,*,#7824,.T.);
#9959 = ORIENTED_EDGE('',*,*,#9960,.T.);
#9960 = EDGE_CURVE('',#7799,#8826,#9961,.T.);
#9961 = SURFACE_CURVE('',#9962,(#9966,#9973),.PCURVE_S1.);
#9962 = LINE('',#9963,#9964);
#9963 = CARTESIAN_POINT('',(89.4,24.3,-0.1));
#9964 = VECTOR('',#9965,1.);
#9965 = DIRECTION('',(0.,0.,1.));
#9966 = PCURVE('',#7837,#9967);
#9967 = DEFINITIONAL_REPRESENTATION('',(#9968),#9972);
#9968 = LINE('',#9969,#9970);
#9969 = CARTESIAN_POINT('',(0.,-48.6));
#9970 = VECTOR('',#9971,1.);
#9971 = DIRECTION('',(1.,0.));
#9972 = ( GEOMETRIC_REPRESENTATION_CONTEXT(2) 
PARAMETRIC_REPRESENTATION_CONTEXT() REPRESENTATION_CONTEXT('2D SPACE',''
  ) );
#9973 = PCURVE('',#7813,#9974);
#9974 = DEFINITIONAL_REPRESENTATION('',(#9975),#9979);
#9975 = LINE('',#9976,#9977);
#9976 = CARTESIAN_POINT('',(0.,2.2));
#9977 = VECTOR('',#9978,1.);
#9978 = DIRECTION('',(1.,0.));
#9979 = ( GEOMETRIC_REPRESENTATION_CONTEXT(2) 
PARAMETRIC_REPRESENTATION_CONTEXT() REPRESENTATION_CONTEXT('2D SPACE',''
  ) );
#9980 = ORIENTED_EDGE('',*,*,#8846,.F.);
#9981 = ADVANCED_FACE('',(#9982),#7787,.T.);
#9982 = FACE_BOUND('',#9983,.T.);
#9983 = EDGE_LOOP('',(#9984,#9985,#9986,#10007));
#9984 = ORIENTED_EDGE('',*,*,#9933,.F.);
#9985 = ORIENTED_EDGE('',*,*,#7772,.T.);
#9986 = ORIENTED_EDGE('',*,*,#9987,.T.);
#9987 = EDGE_CURVE('',#7773,#8805,#9988,.T.);
#9988 = SURFACE_CURVE('',#9989,(#9993,#10000),.PCURVE_S1.);
#9989 = LINE('',#9990,#9991);
#9990 = CARTESIAN_POINT('',(87.2,24.3,-0.1));
#9991 = VECTOR('',#9992,1.);
#9992 = DIRECTION('',(0.,0.,1.));
#9993 = PCURVE('',#7787,#9994);
#9994 = DEFINITIONAL_REPRESENTATION('',(#9995),#9999);
#9995 = LINE('',#9996,#9997);
#9996 = CARTESIAN_POINT('',(0.,-48.6));
#9997 = VECTOR('',#9998,1.);
#9998 = DIRECTION('',(1.,0.));
#9999 = ( GEOMETRIC_REPRESENTATION_CONTEXT(2) 
PARAMETRIC_REPRESENTATION_CONTEXT() REPRESENTATION_CONTEXT('2D SPACE',''
  ) );
#10000 = PCURVE('',#7813,#10001);
#10001 = DEFINITIONAL_REPRESENTATION('',(#10002),#10006);
#10002 = LINE('',#10003,#10004);
#10003 = CARTESIAN_POINT('',(0.,0.));
#10004 = VECTOR('',#10005,1.);
#10005 = DIRECTION('',(1.,0.));
#10006 = ( GEOMETRIC_REPRESENTATION_CONTEXT(2) 
PARAMETRIC_REPRESENTATION_CONTEXT() REPRESENTATION_CONTEXT('2D SPACE',''
  ) );
#10007 = ORIENTED_EDGE('',*,*,#8804,.F.);
#10008 = ADVANCED_FACE('',(#10009),#7813,.F.);
#10009 = FACE_BOUND('',#10010,.F.);
#10010 = EDGE_LOOP('',(#10011,#10012,#10013,#10014));
#10011 = ORIENTED_EDGE('',*,*,#9960,.F.);
#10012 = ORIENTED_EDGE('',*,*,#7798,.T.);
#10013 = ORIENTED_EDGE('',*,*,#9987,.T.);
#10014 = ORIENTED_EDGE('',*,*,#8825,.F.);
#10015 = ADVANCED_FACE('',(#10016),#7867,.T.);
#10016 = FACE_BOUND('',#10017,.T.);
#10017 = EDGE_LOOP('',(#10018,#10039,#10040,#10061));
#10018 = ORIENTED_EDGE('',*,*,#10019,.F.);
#10019 = EDGE_CURVE('',#7851,#8868,#10020,.T.);
#10020 = SURFACE_CURVE('',#10021,(#10025,#10032),.PCURVE_S1.);
#10021 = LINE('',#10022,#10023);
#10022 = CARTESIAN_POINT('',(24.3,89.4,-0.1));
#10023 = VECTOR('',#10024,1.);
#10024 = DIRECTION('',(0.,0.,1.));
#10025 = PCURVE('',#7867,#10026);
#10026 = DEFINITIONAL_REPRESENTATION('',(#10027),#10031);
#10027 = LINE('',#10028,#10029);
#10028 = CARTESIAN_POINT('',(0.,2.2));
#10029 = VECTOR('',#10030,1.);
#10030 = DIRECTION('',(1.,0.));
#10031 = ( GEOMETRIC_REPRESENTATION_CONTEXT(2) 
PARAMETRIC_REPRESENTATION_CONTEXT() REPRESENTATION_CONTEXT('2D SPACE',''
  ) );
#10032 = PCURVE('',#7943,#10033);
#10033 = DEFINITIONAL_REPRESENTATION('',(#10034),#10038);
#10034 = LINE('',#10035,#10036);
#10035 = CARTESIAN_POINT('',(0.,0.));
#10036 = VECTOR('',#10037,1.);
#10037 = DIRECTION('',(1.,0.));
#10038 = ( GEOMETRIC_REPRESENTATION_CONTEXT(2) 
PARAMETRIC_REPRESENTATION_CONTEXT() REPRESENTATION_CONTEXT('2D SPACE',''
  ) );
#10039 = ORIENTED_EDGE('',*,*,#7850,.T.);
#10040 = ORIENTED_EDGE('',*,*,#10041,.T.);
#10041 = EDGE_CURVE('',#7853,#8870,#10042,.T.);
#10042 = SURFACE_CURVE('',#10043,(#10047,#10054),.PCURVE_S1.);
#10043 = LINE('',#10044,#10045);
#10044 = CARTESIAN_POINT('',(24.3,87.2,-0.1));
#10045 = VECTOR('',#10046,1.);
#10046 = DIRECTION('',(0.,0.,1.));
#10047 = PCURVE('',#7867,#10048);
#10048 = DEFINITIONAL_REPRESENTATION('',(#10049),#10053);
#10049 = LINE('',#10050,#10051);
#10050 = CARTESIAN_POINT('',(0.,0.));
#10051 = VECTOR('',#10052,1.);
#10052 = DIRECTION('',(1.,0.));
#10053 = ( GEOMETRIC_REPRESENTATION_CONTEXT(2) 
PARAMETRIC_REPRESENTATION_CONTEXT() REPRESENTATION_CONTEXT('2D SPACE',''
  ) );
#10054 = PCURVE('',#7893,#10055);
#10055 = DEFINITIONAL_REPRESENTATION('',(#10056),#10060);
#10056 = LINE('',#10057,#10058);
#10057 = CARTESIAN_POINT('',(0.,0.));
#10058 = VECTOR('',#10059,1.);
#10059 = DIRECTION('',(1.,0.));
#10060 = ( GEOMETRIC_REPRESENTATION_CONTEXT(2) 
PARAMETRIC_REPRESENTATION_CONTEXT() REPRESENTATION_CONTEXT('2D SPACE',''
  ) );
#10061 = ORIENTED_EDGE('',*,*,#8867,.F.);
#10062 = ADVANCED_FACE('',(#10063),#7943,.F.);
#10063 = FACE_BOUND('',#10064,.F.);
#10064 = EDGE_LOOP('',(#10065,#10066,#10067,#10088));
#10065 = ORIENTED_EDGE('',*,*,#10019,.F.);
#10066 = ORIENTED_EDGE('',*,*,#7930,.T.);
#10067 = ORIENTED_EDGE('',*,*,#10068,.T.);
#10068 = EDGE_CURVE('',#7905,#8912,#10069,.T.);
#10069 = SURFACE_CURVE('',#10070,(#10074,#10081),.PCURVE_S1.);
#10070 = LINE('',#10071,#10072);
#10071 = CARTESIAN_POINT('',(-24.3,89.4,-0.1));
#10072 = VECTOR('',#10073,1.);
#10073 = DIRECTION('',(0.,0.,1.));
#10074 = PCURVE('',#7943,#10075);
#10075 = DEFINITIONAL_REPRESENTATION('',(#10076),#10080);
#10076 = LINE('',#10077,#10078);
#10077 = CARTESIAN_POINT('',(0.,-48.6));
#10078 = VECTOR('',#10079,1.);
#10079 = DIRECTION('',(1.,0.));
#10080 = ( GEOMETRIC_REPRESENTATION_CONTEXT(2) 
PARAMETRIC_REPRESENTATION_CONTEXT() REPRESENTATION_CONTEXT('2D SPACE',''
  ) );
#10081 = PCURVE('',#7919,#10082);
#10082 = DEFINITIONAL_REPRESENTATION('',(#10083),#10087);
#10083 = LINE('',#10084,#10085);
#10084 = CARTESIAN_POINT('',(0.,2.2));
#10085 = VECTOR('',#10086,1.);
#10086 = DIRECTION('',(1.,0.));
#10087 = ( GEOMETRIC_REPRESENTATION_CONTEXT(2) 
PARAMETRIC_REPRESENTATION_CONTEXT() REPRESENTATION_CONTEXT('2D SPACE',''
  ) );
#10088 = ORIENTED_EDGE('',*,*,#8932,.F.);
#10089 = ADVANCED_FACE('',(#10090),#7893,.T.);
#10090 = FACE_BOUND('',#10091,.T.);
#10091 = EDGE_LOOP('',(#10092,#10093,#10094,#10115));
#10092 = ORIENTED_EDGE('',*,*,#10041,.F.);
#10093 = ORIENTED_EDGE('',*,*,#7878,.T.);
#10094 = ORIENTED_EDGE('',*,*,#10095,.T.);
#10095 = EDGE_CURVE('',#7879,#8891,#10096,.T.);
#10096 = SURFACE_CURVE('',#10097,(#10101,#10108),.PCURVE_S1.);
#10097 = LINE('',#10098,#10099);
#10098 = CARTESIAN_POINT('',(-24.3,87.2,-0.1));
#10099 = VECTOR('',#10100,1.);
#10100 = DIRECTION('',(0.,0.,1.));
#10101 = PCURVE('',#7893,#10102);
#10102 = DEFINITIONAL_REPRESENTATION('',(#10103),#10107);
#10103 = LINE('',#10104,#10105);
#10104 = CARTESIAN_POINT('',(0.,-48.6));
#10105 = VECTOR('',#10106,1.);
#10106 = DIRECTION('',(1.,0.));
#10107 = ( GEOMETRIC_REPRESENTATION_CONTEXT(2) 
PARAMETRIC_REPRESENTATION_CONTEXT() REPRESENTATION_CONTEXT('2D SPACE',''
  ) );
#10108 = PCURVE('',#7919,#10109);
#10109 = DEFINITIONAL_REPRESENTATION('',(#10110),#10114);
#10110 = LINE('',#10111,#10112);
#10111 = CARTESIAN_POINT('',(0.,0.));
#10112 = VECTOR('',#10113,1.);
#10113 = DIRECTION('',(1.,0.));
#10114 = ( GEOMETRIC_REPRESENTATION_CONTEXT(2) 
PARAMETRIC_REPRESENTATION_CONTEXT() REPRESENTATION_CONTEXT('2D SPACE',''
  ) );
#10115 = ORIENTED_EDGE('',*,*,#8890,.F.);
#10116 = ADVANCED_FACE('',(#10117),#7919,.F.);
#10117 = FACE_BOUND('',#10118,.F.);
#10118 = EDGE_LOOP('',(#10119,#10120,#10121,#10122));
#10119 = ORIENTED_EDGE('',*,*,#10068,.F.);
#10120 = ORIENTED_EDGE('',*,*,#7904,.T.);
#10121 = ORIENTED_EDGE('',*,*,#10095,.T.);
#10122 = ORIENTED_EDGE('',*,*,#8911,.F.);
#10123 = ADVANCED_FACE('',(#10124),#7973,.T.);
#10124 = FACE_BOUND('',#10125,.T.);
#10125 = EDGE_LOOP('',(#10126,#10147,#10148,#10169));
#10126 = ORIENTED_EDGE('',*,*,#10127,.F.);
#10127 = EDGE_CURVE('',#7957,#8954,#10128,.T.);
#10128 = SURFACE_CURVE('',#10129,(#10133,#10140),.PCURVE_S1.);
#10129 = LINE('',#10130,#10131);
#10130 = CARTESIAN_POINT('',(80.39804102091,46.032651455244,-0.1));
#10131 = VECTOR('',#10132,1.);
#10132 = DIRECTION('',(0.,0.,1.));
#10133 = PCURVE('',#7973,#10134);
#10134 = DEFINITIONAL_REPRESENTATION('',(#10135),#10139);
#10135 = LINE('',#10136,#10137);
#10136 = CARTESIAN_POINT('',(0.,2.2));
#10137 = VECTOR('',#10138,1.);
#10138 = DIRECTION('',(1.,0.));
#10139 = ( GEOMETRIC_REPRESENTATION_CONTEXT(2) 
PARAMETRIC_REPRESENTATION_CONTEXT() REPRESENTATION_CONTEXT('2D SPACE',''
  ) );
#10140 = PCURVE('',#8049,#10141);
#10141 = DEFINITIONAL_REPRESENTATION('',(#10142),#10146);
#10142 = LINE('',#10143,#10144);
#10143 = CARTESIAN_POINT('',(0.,0.));
#10144 = VECTOR('',#10145,1.);
#10145 = DIRECTION('',(1.,0.));
#10146 = ( GEOMETRIC_REPRESENTATION_CONTEXT(2) 
PARAMETRIC_REPRESENTATION_CONTEXT() REPRESENTATION_CONTEXT('2D SPACE',''
  ) );
#10147 = ORIENTED_EDGE('',*,*,#7956,.T.);
#10148 = ORIENTED_EDGE('',*,*,#10149,.T.);
#10149 = EDGE_CURVE('',#7959,#8956,#10150,.T.);
#10150 = SURFACE_CURVE('',#10151,(#10155,#10162),.PCURVE_S1.);
#10151 = LINE('',#10152,#10153);
#10152 = CARTESIAN_POINT('',(78.8424061023,44.477016536634,-0.1));
#10153 = VECTOR('',#10154,1.);
#10154 = DIRECTION('',(0.,0.,1.));
#10155 = PCURVE('',#7973,#10156);
#10156 = DEFINITIONAL_REPRESENTATION('',(#10157),#10161);
#10157 = LINE('',#10158,#10159);
#10158 = CARTESIAN_POINT('',(0.,0.));
#10159 = VECTOR('',#10160,1.);
#10160 = DIRECTION('',(1.,0.));
#10161 = ( GEOMETRIC_REPRESENTATION_CONTEXT(2) 
PARAMETRIC_REPRESENTATION_CONTEXT() REPRESENTATION_CONTEXT('2D SPACE',''
  ) );
#10162 = PCURVE('',#7999,#10163);
#10163 = DEFINITIONAL_REPRESENTATION('',(#10164),#10168);
#10164 = LINE('',#10165,#10166);
#10165 = CARTESIAN_POINT('',(0.,0.));
#10166 = VECTOR('',#10167,1.);
#10167 = DIRECTION('',(1.,0.));
#10168 = ( GEOMETRIC_REPRESENTATION_CONTEXT(2) 
PARAMETRIC_REPRESENTATION_CONTEXT() REPRESENTATION_CONTEXT('2D SPACE',''
  ) );
#10169 = ORIENTED_EDGE('',*,*,#8953,.F.);
#10170 = ADVANCED_FACE('',(#10171),#8049,.F.);
#10171 = FACE_BOUND('',#10172,.F.);
#10172 = EDGE_LOOP('',(#10173,#10174,#10175,#10196));
#10173 = ORIENTED_EDGE('',*,*,#10127,.F.);
#10174 = ORIENTED_EDGE('',*,*,#8036,.T.);
#10175 = ORIENTED_EDGE('',*,*,#10176,.T.);
#10176 = EDGE_CURVE('',#8011,#8998,#10177,.T.);
#10177 = SURFACE_CURVE('',#10178,(#10182,#10189),.PCURVE_S1.);
#10178 = LINE('',#10179,#10180);
#10179 = CARTESIAN_POINT('',(46.032651455244,80.39804102091,-0.1));
#10180 = VECTOR('',#10181,1.);
#10181 = DIRECTION('',(0.,0.,1.));
#10182 = PCURVE('',#8049,#10183);
#10183 = DEFINITIONAL_REPRESENTATION('',(#10184),#10188);
#10184 = LINE('',#10185,#10186);
#10185 = CARTESIAN_POINT('',(0.,-48.6));
#10186 = VECTOR('',#10187,1.);
#10187 = DIRECTION('',(1.,0.));
#10188 = ( GEOMETRIC_REPRESENTATION_CONTEXT(2) 
PARAMETRIC_REPRESENTATION_CONTEXT() REPRESENTATION_CONTEXT('2D SPACE',''
  ) );
#10189 = PCURVE('',#8025,#10190);
#10190 = DEFINITIONAL_REPRESENTATION('',(#10191),#10195);
#10191 = LINE('',#10192,#10193);
#10192 = CARTESIAN_POINT('',(0.,2.2));
#10193 = VECTOR('',#10194,1.);
#10194 = DIRECTION('',(1.,0.));
#10195 = ( GEOMETRIC_REPRESENTATION_CONTEXT(2) 
PARAMETRIC_REPRESENTATION_CONTEXT() REPRESENTATION_CONTEXT('2D SPACE',''
  ) );
#10196 = ORIENTED_EDGE('',*,*,#9018,.F.);
#10197 = ADVANCED_FACE('',(#10198),#7999,.T.);
#10198 = FACE_BOUND('',#10199,.T.);
#10199 = EDGE_LOOP('',(#10200,#10201,#10202,#10223));
#10200 = ORIENTED_EDGE('',*,*,#10149,.F.);
#10201 = ORIENTED_EDGE('',*,*,#7984,.T.);
#10202 = ORIENTED_EDGE('',*,*,#10203,.T.);
#10203 = EDGE_CURVE('',#7985,#8977,#10204,.T.);
#10204 = SURFACE_CURVE('',#10205,(#10209,#10216),.PCURVE_S1.);
#10205 = LINE('',#10206,#10207);
#10206 = CARTESIAN_POINT('',(44.477016536634,78.8424061023,-0.1));
#10207 = VECTOR('',#10208,1.);
#10208 = DIRECTION('',(0.,0.,1.));
#10209 = PCURVE('',#7999,#10210);
#10210 = DEFINITIONAL_REPRESENTATION('',(#10211),#10215);
#10211 = LINE('',#10212,#10213);
#10212 = CARTESIAN_POINT('',(0.,-48.6));
#10213 = VECTOR('',#10214,1.);
#10214 = DIRECTION('',(1.,0.));
#10215 = ( GEOMETRIC_REPRESENTATION_CONTEXT(2) 
PARAMETRIC_REPRESENTATION_CONTEXT() REPRESENTATION_CONTEXT('2D SPACE',''
  ) );
#10216 = PCURVE('',#8025,#10217);
#10217 = DEFINITIONAL_REPRESENTATION('',(#10218),#10222);
#10218 = LINE('',#10219,#10220);
#10219 = CARTESIAN_POINT('',(0.,0.));
#10220 = VECTOR('',#10221,1.);
#10221 = DIRECTION('',(1.,0.));
#10222 = ( GEOMETRIC_REPRESENTATION_CONTEXT(2) 
PARAMETRIC_REPRESENTATION_CONTEXT() REPRESENTATION_CONTEXT('2D SPACE',''
  ) );
#10223 = ORIENTED_EDGE('',*,*,#8976,.F.);
#10224 = ADVANCED_FACE('',(#10225),#8025,.F.);
#10225 = FACE_BOUND('',#10226,.F.);
#10226 = EDGE_LOOP('',(#10227,#10228,#10229,#10230));
#10227 = ORIENTED_EDGE('',*,*,#10176,.F.);
#10228 = ORIENTED_EDGE('',*,*,#8010,.T.);
#10229 = ORIENTED_EDGE('',*,*,#10203,.T.);
#10230 = ORIENTED_EDGE('',*,*,#8997,.F.);
#10231 = ( GEOMETRIC_REPRESENTATION_CONTEXT(3) 
GLOBAL_UNCERTAINTY_ASSIGNED_CONTEXT((#10235)) 
GLOBAL_UNIT_ASSIGNED_CONTEXT((#10232,#10233,#10234)) 
REPRESENTATION_CONTEXT('Context #1',
  '3D Context with UNIT and UNCERTAINTY') );
#10232 = ( LENGTH_UNIT() NAMED_UNIT(*) SI_UNIT(.MILLI.,.METRE.) );
#10233 = ( NAMED_UNIT(*) PLANE_ANGLE_UNIT() SI_UNIT($,.RADIAN.) );
#10234 = ( NAMED_UNIT(*) SI_UNIT($,.STERADIAN.) SOLID_ANGLE_UNIT() );
#10235 = UNCERTAINTY_MEASURE_WITH_UNIT(LENGTH_MEASURE(2.E-07),#10232,
  'distance_accuracy_value','confusion accuracy');
#10236 = CONTEXT_DEPENDENT_SHAPE_REPRESENTATION(#10237,#10239);
#10237 = ( REPRESENTATION_RELATIONSHIP('','',#6592,#10) 
REPRESENTATION_RELATIONSHIP_WITH_TRANSFORMATION(#10238) 
SHAPE_REPRESENTATION_RELATIONSHIP() );
#10238 = ITEM_DEFINED_TRANSFORMATION('','',#11,#47);
#10239 = PRODUCT_DEFINITION_SHAPE('Placement','Placement of an item',
  #10240);
#10240 = NEXT_ASSEMBLY_USAGE_OCCURRENCE('289','ring_8f_lower','',#5,
  #6587,$);
#10241 = PRODUCT_RELATED_PRODUCT_CATEGORY('part',$,(#6589));
#10242 = CONTEXT_DEPENDENT_SHAPE_REPRESENTATION(#10243,#10245);
#10243 = ( REPRESENTATION_RELATIONSHIP('','',#6592,#10) 
REPRESENTATION_RELATIONSHIP_WITH_TRANSFORMATION(#10244) 
SHAPE_REPRESENTATION_RELATIONSHIP() );
#10244 = ITEM_DEFINED_TRANSFORMATION('','',#11,#51);
#10245 = PRODUCT_DEFINITION_SHAPE('Placement','Placement of an item',
  #10246);
#10246 = NEXT_ASSEMBLY_USAGE_OCCURRENCE('290','ring_8f_upper','',#5,
  #6587,$);
#10247 = MECHANICAL_DESIGN_GEOMETRIC_PRESENTATION_REPRESENTATION('',(
    #10248),#5178);
#10248 = STYLED_ITEM('color',(#10249),#156);
#10249 = PRESENTATION_STYLE_ASSIGNMENT((#10250));
#10250 = SURFACE_STYLE_USAGE(.BOTH.,#10251);
#10251 = SURFACE_SIDE_STYLE('',(#10252));
#10252 = SURFACE_STYLE_FILL_AREA(#10253);
#10253 = FILL_AREA_STYLE('',(#10254));
#10254 = FILL_AREA_STYLE_COLOUR('',#10255);
#10255 = COLOUR_RGB('',3.999999888241E-02,0.350000000377,0.1599999992);
#10256 = MECHANICAL_DESIGN_GEOMETRIC_PRESENTATION_REPRESENTATION('',(
    #10257),#5295);
#10257 = STYLED_ITEM('color',(#10258),#5197);
#10258 = PRESENTATION_STYLE_ASSIGNMENT((#10259));
#10259 = SURFACE_STYLE_USAGE(.BOTH.,#10260);
#10260 = SURFACE_SIDE_STYLE('',(#10261));
#10261 = SURFACE_STYLE_FILL_AREA(#10262);
#10262 = FILL_AREA_STYLE('',(#10263));
#10263 = FILL_AREA_STYLE_COLOUR('',#10264);
#10264 = COLOUR_RGB('',0.679999990811,0.690000002877,0.709999997415);
#10265 = MECHANICAL_DESIGN_GEOMETRIC_PRESENTATION_REPRESENTATION('',(
    #10266),#10231);
#10266 = STYLED_ITEM('color',(#10267),#6593);
#10267 = PRESENTATION_STYLE_ASSIGNMENT((#10268));
#10268 = SURFACE_STYLE_USAGE(.BOTH.,#10269);
#10269 = SURFACE_SIDE_STYLE('',(#10270));
#10270 = SURFACE_STYLE_FILL_AREA(#10271);
#10271 = FILL_AREA_STYLE('',(#10272));
#10272 = FILL_AREA_STYLE_COLOUR('',#10273);
#10273 = COLOUR_RGB('',0.319999999843,0.339999993741,0.369999997777);
ENDSEC;
END-ISO-10303-21;
