ISO-10303-21;
HEADER;
FILE_DESCRIPTION(('Open CASCADE Model'),'2;1');
FILE_NAME('Open CASCADE Shape Model','2026-10-06T14:52:15',('Author'),(
    'Open CASCADE'),'Open CASCADE STEP processor 7.9','Open CASCADE 7.9'
  ,'Unknown');
FILE_SCHEMA(('AUTOMOTIVE_DESIGN { 1 0 10303 214 1 1 1 1 }'));
ENDSEC;
DATA;
#1 = APPLICATION_PROTOCOL_DEFINITION('international standard',
  'automotive_design',2000,#2);
#2 = APPLICATION_CONTEXT(
  'core data for automotive mechanical design processes');
#3 = SHAPE_DEFINITION_REPRESENTATION(#4,#10);
#4 = PRODUCT_DEFINITION_SHAPE('','',#5);
#5 = PRODUCT_DEFINITION('design','',#6,#9);
#6 = PRODUCT_DEFINITION_FORMATION('','',#7);
#7 = PRODUCT('panel32_r2','panel32_r2','',(#8));
#8 = PRODUCT_CONTEXT('',#2,'mechanical');
#9 = PRODUCT_DEFINITION_CONTEXT('part definition',#2,'design');
#10 = SHAPE_REPRESENTATION('',(#11,#15,#19,#23,#27,#31,#35,#39,#43,#47,
    #51,#55,#59,#63,#67,#71,#75,#79,#83,#87,#91,#95,#99,#103,#107,#111,
    #115,#119,#123,#127,#131,#135,#139,#143,#147,#151,#155,#159,#163,
    #167,#171,#175,#179,#183,#187,#191,#195,#199,#203,#207,#211,#215,
    #219,#223,#227,#231,#235,#239,#243,#247,#251,#255,#259,#263,#267,
    #271,#275,#279,#283,#287,#291,#295,#299,#303,#307,#311,#315,#319,
    #323,#327,#331,#335,#339,#343,#347,#351,#355,#359,#363,#367,#371,
    #375,#379,#383,#387,#391,#395,#399,#403,#407,#411,#415,#419,#423,
    #427,#431,#435,#439,#443,#447,#451,#455,#459,#463,#467,#471,#475,
    #479,#483,#487,#491,#495,#499,#503,#507,#511,#515,#519,#523,#527,
    #531,#535,#539,#543,#547,#551,#555,#559,#563,#567,#571,#575,#579,
    #583,#587,#591,#595,#599,#603,#607),#611);
#11 = AXIS2_PLACEMENT_3D('',#12,#13,#14);
#12 = CARTESIAN_POINT('',(0.,0.,0.));
#13 = DIRECTION('',(0.,0.,1.));
#14 = DIRECTION('',(1.,0.,-0.));
#15 = AXIS2_PLACEMENT_3D('',#16,#17,#18);
#16 = CARTESIAN_POINT('',(0.,0.,0.));
#17 = DIRECTION('',(0.,0.,1.));
#18 = DIRECTION('',(1.,0.,0.));
#19 = AXIS2_PLACEMENT_3D('',#20,#21,#22);
#20 = CARTESIAN_POINT('',(29.,41.,1.6));
#21 = DIRECTION('',(0.,0.,1.));
#22 = DIRECTION('',(1.,0.,0.));
#23 = AXIS2_PLACEMENT_3D('',#24,#25,#26);
#24 = CARTESIAN_POINT('',(28.,152.,1.6));
#25 = DIRECTION('',(0.,0.,1.));
#26 = DIRECTION('',(1.,0.,0.));
#27 = AXIS2_PLACEMENT_3D('',#28,#29,#30);
#28 = CARTESIAN_POINT('',(28.,48.,1.6));
#29 = DIRECTION('',(0.,0.,1.));
#30 = DIRECTION('',(1.,0.,0.));
#31 = AXIS2_PLACEMENT_3D('',#32,#33,#34);
#32 = CARTESIAN_POINT('',(28.,68.,1.6));
#33 = DIRECTION('',(0.,0.,1.));
#34 = DIRECTION('',(1.,0.,0.));
#35 = AXIS2_PLACEMENT_3D('',#36,#37,#38);
#36 = CARTESIAN_POINT('',(28.,88.,1.6));
#37 = DIRECTION('',(0.,0.,1.));
#38 = DIRECTION('',(1.,0.,0.));
#39 = AXIS2_PLACEMENT_3D('',#40,#41,#42);
#40 = CARTESIAN_POINT('',(28.,108.,1.6));
#41 = DIRECTION('',(0.,0.,1.));
#42 = DIRECTION('',(1.,0.,0.));
#43 = AXIS2_PLACEMENT_3D('',#44,#45,#46);
#44 = CARTESIAN_POINT('',(28.,128.,1.6));
#45 = DIRECTION('',(0.,0.,1.));
#46 = DIRECTION('',(1.,0.,0.));
#47 = AXIS2_PLACEMENT_3D('',#48,#49,#50);
#48 = CARTESIAN_POINT('',(28.,148.,1.6));
#49 = DIRECTION('',(0.,0.,1.));
#50 = DIRECTION('',(1.,0.,0.));
#51 = AXIS2_PLACEMENT_3D('',#52,#53,#54);
#52 = CARTESIAN_POINT('',(28.,168.,1.6));
#53 = DIRECTION('',(0.,0.,1.));
#54 = DIRECTION('',(1.,0.,0.));
#55 = AXIS2_PLACEMENT_3D('',#56,#57,#58);
#56 = CARTESIAN_POINT('',(28.,188.,1.6));
#57 = DIRECTION('',(0.,0.,1.));
#58 = DIRECTION('',(1.,0.,0.));
#59 = AXIS2_PLACEMENT_3D('',#60,#61,#62);
#60 = CARTESIAN_POINT('',(36.25,29.,1.6));
#61 = DIRECTION('',(0.,0.,1.));
#62 = DIRECTION('',(1.,0.,0.));
#63 = AXIS2_PLACEMENT_3D('',#64,#65,#66);
#64 = CARTESIAN_POINT('',(29.,61.,1.6));
#65 = DIRECTION('',(0.,0.,1.));
#66 = DIRECTION('',(1.,0.,0.));
#67 = AXIS2_PLACEMENT_3D('',#68,#69,#70);
#68 = CARTESIAN_POINT('',(15.,32.,1.6));
#69 = DIRECTION('',(0.,0.,1.));
#70 = DIRECTION('',(1.,0.,0.));
#71 = AXIS2_PLACEMENT_3D('',#72,#73,#74);
#72 = CARTESIAN_POINT('',(69.,41.,1.6));
#73 = DIRECTION('',(0.,0.,1.));
#74 = DIRECTION('',(1.,0.,0.));
#75 = AXIS2_PLACEMENT_3D('',#76,#77,#78);
#76 = CARTESIAN_POINT('',(69.,61.,1.6));
#77 = DIRECTION('',(0.,0.,1.));
#78 = DIRECTION('',(1.,0.,0.));
#79 = AXIS2_PLACEMENT_3D('',#80,#81,#82);
#80 = CARTESIAN_POINT('',(69.,81.,1.6));
#81 = DIRECTION('',(0.,0.,1.));
#82 = DIRECTION('',(1.,0.,0.));
#83 = AXIS2_PLACEMENT_3D('',#84,#85,#86);
#84 = CARTESIAN_POINT('',(69.,101.,1.6));
#85 = DIRECTION('',(0.,0.,1.));
#86 = DIRECTION('',(1.,0.,0.));
#87 = AXIS2_PLACEMENT_3D('',#88,#89,#90);
#88 = CARTESIAN_POINT('',(69.,121.,1.6));
#89 = DIRECTION('',(0.,0.,1.));
#90 = DIRECTION('',(1.,0.,0.));
#91 = AXIS2_PLACEMENT_3D('',#92,#93,#94);
#92 = CARTESIAN_POINT('',(69.,141.,1.6));
#93 = DIRECTION('',(0.,0.,1.));
#94 = DIRECTION('',(1.,0.,0.));
#95 = AXIS2_PLACEMENT_3D('',#96,#97,#98);
#96 = CARTESIAN_POINT('',(69.,161.,1.6));
#97 = DIRECTION('',(0.,0.,1.));
#98 = DIRECTION('',(1.,0.,0.));
#99 = AXIS2_PLACEMENT_3D('',#100,#101,#102);
#100 = CARTESIAN_POINT('',(69.,181.,1.6));
#101 = DIRECTION('',(0.,0.,1.));
#102 = DIRECTION('',(1.,0.,0.));
#103 = AXIS2_PLACEMENT_3D('',#104,#105,#106);
#104 = CARTESIAN_POINT('',(68.,72.,1.6));
#105 = DIRECTION('',(0.,0.,1.));
#106 = DIRECTION('',(1.,0.,0.));
#107 = AXIS2_PLACEMENT_3D('',#108,#109,#110);
#108 = CARTESIAN_POINT('',(29.,81.,1.6));
#109 = DIRECTION('',(0.,0.,1.));
#110 = DIRECTION('',(1.,0.,0.));
#111 = AXIS2_PLACEMENT_3D('',#112,#113,#114);
#112 = CARTESIAN_POINT('',(68.,152.,1.6));
#113 = DIRECTION('',(0.,0.,1.));
#114 = DIRECTION('',(1.,0.,0.));
#115 = AXIS2_PLACEMENT_3D('',#116,#117,#118);
#116 = CARTESIAN_POINT('',(68.,48.,1.6));
#117 = DIRECTION('',(0.,0.,1.));
#118 = DIRECTION('',(1.,0.,0.));
#119 = AXIS2_PLACEMENT_3D('',#120,#121,#122);
#120 = CARTESIAN_POINT('',(68.,68.,1.6));
#121 = DIRECTION('',(0.,0.,1.));
#122 = DIRECTION('',(1.,0.,0.));
#123 = AXIS2_PLACEMENT_3D('',#124,#125,#126);
#124 = CARTESIAN_POINT('',(68.,88.,1.6));
#125 = DIRECTION('',(0.,0.,1.));
#126 = DIRECTION('',(1.,0.,0.));
#127 = AXIS2_PLACEMENT_3D('',#128,#129,#130);
#128 = CARTESIAN_POINT('',(68.,108.,1.6));
#129 = DIRECTION('',(0.,0.,1.));
#130 = DIRECTION('',(1.,0.,0.));
#131 = AXIS2_PLACEMENT_3D('',#132,#133,#134);
#132 = CARTESIAN_POINT('',(68.,128.,1.6));
#133 = DIRECTION('',(0.,0.,1.));
#134 = DIRECTION('',(1.,0.,0.));
#135 = AXIS2_PLACEMENT_3D('',#136,#137,#138);
#136 = CARTESIAN_POINT('',(68.,148.,1.6));
#137 = DIRECTION('',(0.,0.,1.));
#138 = DIRECTION('',(1.,0.,0.));
#139 = AXIS2_PLACEMENT_3D('',#140,#141,#142);
#140 = CARTESIAN_POINT('',(68.,168.,1.6));
#141 = DIRECTION('',(0.,0.,1.));
#142 = DIRECTION('',(1.,0.,0.));
#143 = AXIS2_PLACEMENT_3D('',#144,#145,#146);
#144 = CARTESIAN_POINT('',(68.,188.,1.6));
#145 = DIRECTION('',(0.,0.,1.));
#146 = DIRECTION('',(1.,0.,0.));
#147 = AXIS2_PLACEMENT_3D('',#148,#149,#150);
#148 = CARTESIAN_POINT('',(76.25,29.,1.6));
#149 = DIRECTION('',(0.,0.,1.));
#150 = DIRECTION('',(1.,0.,0.));
#151 = AXIS2_PLACEMENT_3D('',#152,#153,#154);
#152 = CARTESIAN_POINT('',(29.,101.,1.6));
#153 = DIRECTION('',(0.,0.,1.));
#154 = DIRECTION('',(1.,0.,0.));
#155 = AXIS2_PLACEMENT_3D('',#156,#157,#158);
#156 = CARTESIAN_POINT('',(55.,32.,1.6));
#157 = DIRECTION('',(0.,0.,1.));
#158 = DIRECTION('',(1.,0.,0.));
#159 = AXIS2_PLACEMENT_3D('',#160,#161,#162);
#160 = CARTESIAN_POINT('',(29.,121.,1.6));
#161 = DIRECTION('',(0.,0.,1.));
#162 = DIRECTION('',(1.,0.,0.));
#163 = AXIS2_PLACEMENT_3D('',#164,#165,#166);
#164 = CARTESIAN_POINT('',(29.,141.,1.6));
#165 = DIRECTION('',(0.,0.,1.));
#166 = DIRECTION('',(1.,0.,0.));
#167 = AXIS2_PLACEMENT_3D('',#168,#169,#170);
#168 = CARTESIAN_POINT('',(29.,161.,1.6));
#169 = DIRECTION('',(0.,0.,1.));
#170 = DIRECTION('',(1.,0.,0.));
#171 = AXIS2_PLACEMENT_3D('',#172,#173,#174);
#172 = CARTESIAN_POINT('',(29.,181.,1.6));
#173 = DIRECTION('',(0.,0.,1.));
#174 = DIRECTION('',(1.,0.,0.));
#175 = AXIS2_PLACEMENT_3D('',#176,#177,#178);
#176 = CARTESIAN_POINT('',(28.,72.,1.6));
#177 = DIRECTION('',(0.,0.,1.));
#178 = DIRECTION('',(1.,0.,0.));
#179 = AXIS2_PLACEMENT_3D('',#180,#181,#182);
#180 = CARTESIAN_POINT('',(22.,196.27,1.6));
#181 = DIRECTION('',(0.,-0.,1.));
#182 = DIRECTION('',(1.110223024625E-16,1.,0.));
#183 = AXIS2_PLACEMENT_3D('',#184,#185,#186);
#184 = CARTESIAN_POINT('',(62.,196.27,1.6));
#185 = DIRECTION('',(0.,-0.,1.));
#186 = DIRECTION('',(1.110223024625E-16,1.,0.));
#187 = AXIS2_PLACEMENT_3D('',#188,#189,#190);
#188 = CARTESIAN_POINT('',(22.,28.,1.6));
#189 = DIRECTION('',(-0.,0.,1.));
#190 = DIRECTION('',(1.110223024625E-16,-1.,0.));
#191 = AXIS2_PLACEMENT_3D('',#192,#193,#194);
#192 = CARTESIAN_POINT('',(61.999999,28.,1.6));
#193 = DIRECTION('',(-0.,0.,1.));
#194 = DIRECTION('',(1.110223024625E-16,-1.,0.));
#195 = AXIS2_PLACEMENT_3D('',#196,#197,#198);
#196 = CARTESIAN_POINT('',(39.,192.,1.6));
#197 = DIRECTION('',(0.,0.,1.));
#198 = DIRECTION('',(1.,0.,0.));
#199 = AXIS2_PLACEMENT_3D('',#200,#201,#202);
#200 = CARTESIAN_POINT('',(79.,192.,1.6));
#201 = DIRECTION('',(0.,0.,1.));
#202 = DIRECTION('',(1.,0.,0.));
#203 = AXIS2_PLACEMENT_3D('',#204,#205,#206);
#204 = CARTESIAN_POINT('',(15.,40.,1.6));
#205 = DIRECTION('',(0.,0.,1.));
#206 = DIRECTION('',(1.,0.,0.));
#207 = AXIS2_PLACEMENT_3D('',#208,#209,#210);
#208 = CARTESIAN_POINT('',(15.,130.,1.6));
#209 = DIRECTION('',(0.,0.,1.));
#210 = DIRECTION('',(1.,0.,0.));
#211 = AXIS2_PLACEMENT_3D('',#212,#213,#214);
#212 = CARTESIAN_POINT('',(15.,140.,1.6));
#213 = DIRECTION('',(0.,0.,1.));
#214 = DIRECTION('',(1.,0.,0.));
#215 = AXIS2_PLACEMENT_3D('',#216,#217,#218);
#216 = CARTESIAN_POINT('',(15.,150.,1.6));
#217 = DIRECTION('',(0.,0.,1.));
#218 = DIRECTION('',(1.,0.,0.));
#219 = AXIS2_PLACEMENT_3D('',#220,#221,#222);
#220 = CARTESIAN_POINT('',(15.,160.,1.6));
#221 = DIRECTION('',(0.,0.,1.));
#222 = DIRECTION('',(1.,0.,0.));
#223 = AXIS2_PLACEMENT_3D('',#224,#225,#226);
#224 = CARTESIAN_POINT('',(15.,170.,1.6));
#225 = DIRECTION('',(0.,0.,1.));
#226 = DIRECTION('',(1.,0.,0.));
#227 = AXIS2_PLACEMENT_3D('',#228,#229,#230);
#228 = CARTESIAN_POINT('',(15.,180.,1.6));
#229 = DIRECTION('',(0.,0.,1.));
#230 = DIRECTION('',(1.,0.,0.));
#231 = AXIS2_PLACEMENT_3D('',#232,#233,#234);
#232 = CARTESIAN_POINT('',(15.,190.,1.6));
#233 = DIRECTION('',(0.,0.,1.));
#234 = DIRECTION('',(1.,0.,0.));
#235 = AXIS2_PLACEMENT_3D('',#236,#237,#238);
#236 = CARTESIAN_POINT('',(39.,186.,1.6));
#237 = DIRECTION('',(0.,0.,1.));
#238 = DIRECTION('',(1.,0.,0.));
#239 = AXIS2_PLACEMENT_3D('',#240,#241,#242);
#240 = CARTESIAN_POINT('',(39.,198.,1.6));
#241 = DIRECTION('',(0.,0.,1.));
#242 = DIRECTION('',(1.,0.,0.));
#243 = AXIS2_PLACEMENT_3D('',#244,#245,#246);
#244 = CARTESIAN_POINT('',(39.,179.,1.6));
#245 = DIRECTION('',(0.,0.,1.));
#246 = DIRECTION('',(1.,0.,0.));
#247 = AXIS2_PLACEMENT_3D('',#248,#249,#250);
#248 = CARTESIAN_POINT('',(15.,50.,1.6));
#249 = DIRECTION('',(0.,0.,1.));
#250 = DIRECTION('',(1.,0.,0.));
#251 = AXIS2_PLACEMENT_3D('',#252,#253,#254);
#252 = CARTESIAN_POINT('',(5.,193.,1.6));
#253 = DIRECTION('',(0.,0.,1.));
#254 = DIRECTION('',(1.,0.,0.));
#255 = AXIS2_PLACEMENT_3D('',#256,#257,#258);
#256 = CARTESIAN_POINT('',(5.,199.,1.6));
#257 = DIRECTION('',(0.,0.,1.));
#258 = DIRECTION('',(1.,0.,0.));
#259 = AXIS2_PLACEMENT_3D('',#260,#261,#262);
#260 = CARTESIAN_POINT('',(5.,173.,1.6));
#261 = DIRECTION('',(0.,0.,1.));
#262 = DIRECTION('',(1.,0.,0.));
#263 = AXIS2_PLACEMENT_3D('',#264,#265,#266);
#264 = CARTESIAN_POINT('',(5.,180.,1.6));
#265 = DIRECTION('',(0.,0.,1.));
#266 = DIRECTION('',(1.,0.,0.));
#267 = AXIS2_PLACEMENT_3D('',#268,#269,#270);
#268 = CARTESIAN_POINT('',(5.,186.,1.6));
#269 = DIRECTION('',(0.,0.,1.));
#270 = DIRECTION('',(1.,0.,0.));
#271 = AXIS2_PLACEMENT_3D('',#272,#273,#274);
#272 = CARTESIAN_POINT('',(5.,166.,1.6));
#273 = DIRECTION('',(0.,0.,1.));
#274 = DIRECTION('',(1.,0.,0.));
#275 = AXIS2_PLACEMENT_3D('',#276,#277,#278);
#276 = CARTESIAN_POINT('',(55.,40.,1.6));
#277 = DIRECTION('',(0.,0.,1.));
#278 = DIRECTION('',(1.,0.,0.));
#279 = AXIS2_PLACEMENT_3D('',#280,#281,#282);
#280 = CARTESIAN_POINT('',(55.,50.,1.6));
#281 = DIRECTION('',(0.,0.,1.));
#282 = DIRECTION('',(1.,0.,0.));
#283 = AXIS2_PLACEMENT_3D('',#284,#285,#286);
#284 = CARTESIAN_POINT('',(55.,60.,1.6));
#285 = DIRECTION('',(0.,0.,1.));
#286 = DIRECTION('',(1.,0.,0.));
#287 = AXIS2_PLACEMENT_3D('',#288,#289,#290);
#288 = CARTESIAN_POINT('',(55.,70.,1.6));
#289 = DIRECTION('',(0.,0.,1.));
#290 = DIRECTION('',(1.,0.,0.));
#291 = AXIS2_PLACEMENT_3D('',#292,#293,#294);
#292 = CARTESIAN_POINT('',(15.,60.,1.6));
#293 = DIRECTION('',(0.,0.,1.));
#294 = DIRECTION('',(1.,0.,0.));
#295 = AXIS2_PLACEMENT_3D('',#296,#297,#298);
#296 = CARTESIAN_POINT('',(55.,80.,1.6));
#297 = DIRECTION('',(0.,0.,1.));
#298 = DIRECTION('',(1.,0.,0.));
#299 = AXIS2_PLACEMENT_3D('',#300,#301,#302);
#300 = CARTESIAN_POINT('',(55.,90.,1.6));
#301 = DIRECTION('',(0.,0.,1.));
#302 = DIRECTION('',(1.,0.,0.));
#303 = AXIS2_PLACEMENT_3D('',#304,#305,#306);
#304 = CARTESIAN_POINT('',(55.,100.,1.6));
#305 = DIRECTION('',(0.,0.,1.));
#306 = DIRECTION('',(1.,0.,0.));
#307 = AXIS2_PLACEMENT_3D('',#308,#309,#310);
#308 = CARTESIAN_POINT('',(55.,110.,1.6));
#309 = DIRECTION('',(0.,0.,1.));
#310 = DIRECTION('',(1.,0.,0.));
#311 = AXIS2_PLACEMENT_3D('',#312,#313,#314);
#312 = CARTESIAN_POINT('',(55.,120.,1.6));
#313 = DIRECTION('',(0.,0.,1.));
#314 = DIRECTION('',(1.,0.,0.));
#315 = AXIS2_PLACEMENT_3D('',#316,#317,#318);
#316 = CARTESIAN_POINT('',(55.,130.,1.6));
#317 = DIRECTION('',(0.,0.,1.));
#318 = DIRECTION('',(1.,0.,0.));
#319 = AXIS2_PLACEMENT_3D('',#320,#321,#322);
#320 = CARTESIAN_POINT('',(55.,140.,1.6));
#321 = DIRECTION('',(0.,0.,1.));
#322 = DIRECTION('',(1.,0.,0.));
#323 = AXIS2_PLACEMENT_3D('',#324,#325,#326);
#324 = CARTESIAN_POINT('',(55.,150.,1.6));
#325 = DIRECTION('',(0.,0.,1.));
#326 = DIRECTION('',(1.,0.,0.));
#327 = AXIS2_PLACEMENT_3D('',#328,#329,#330);
#328 = CARTESIAN_POINT('',(55.,160.,1.6));
#329 = DIRECTION('',(0.,0.,1.));
#330 = DIRECTION('',(1.,0.,0.));
#331 = AXIS2_PLACEMENT_3D('',#332,#333,#334);
#332 = CARTESIAN_POINT('',(55.,170.,1.6));
#333 = DIRECTION('',(0.,0.,1.));
#334 = DIRECTION('',(1.,0.,0.));
#335 = AXIS2_PLACEMENT_3D('',#336,#337,#338);
#336 = CARTESIAN_POINT('',(15.,70.,1.6));
#337 = DIRECTION('',(0.,0.,1.));
#338 = DIRECTION('',(1.,0.,0.));
#339 = AXIS2_PLACEMENT_3D('',#340,#341,#342);
#340 = CARTESIAN_POINT('',(55.,180.,1.6));
#341 = DIRECTION('',(0.,0.,1.));
#342 = DIRECTION('',(1.,0.,0.));
#343 = AXIS2_PLACEMENT_3D('',#344,#345,#346);
#344 = CARTESIAN_POINT('',(55.,190.,1.6));
#345 = DIRECTION('',(0.,0.,1.));
#346 = DIRECTION('',(1.,0.,0.));
#347 = AXIS2_PLACEMENT_3D('',#348,#349,#350);
#348 = CARTESIAN_POINT('',(79.,186.,1.6));
#349 = DIRECTION('',(0.,0.,1.));
#350 = DIRECTION('',(1.,0.,0.));
#351 = AXIS2_PLACEMENT_3D('',#352,#353,#354);
#352 = CARTESIAN_POINT('',(79.,198.,1.6));
#353 = DIRECTION('',(0.,0.,1.));
#354 = DIRECTION('',(1.,0.,0.));
#355 = AXIS2_PLACEMENT_3D('',#356,#357,#358);
#356 = CARTESIAN_POINT('',(79.,179.,1.6));
#357 = DIRECTION('',(0.,0.,1.));
#358 = DIRECTION('',(1.,0.,0.));
#359 = AXIS2_PLACEMENT_3D('',#360,#361,#362);
#360 = CARTESIAN_POINT('',(45.,193.,1.6));
#361 = DIRECTION('',(0.,0.,1.));
#362 = DIRECTION('',(1.,0.,0.));
#363 = AXIS2_PLACEMENT_3D('',#364,#365,#366);
#364 = CARTESIAN_POINT('',(45.,199.,1.6));
#365 = DIRECTION('',(0.,0.,1.));
#366 = DIRECTION('',(1.,0.,0.));
#367 = AXIS2_PLACEMENT_3D('',#368,#369,#370);
#368 = CARTESIAN_POINT('',(45.,173.,1.6));
#369 = DIRECTION('',(0.,0.,1.));
#370 = DIRECTION('',(1.,0.,0.));
#371 = AXIS2_PLACEMENT_3D('',#372,#373,#374);
#372 = CARTESIAN_POINT('',(45.,180.,1.6));
#373 = DIRECTION('',(0.,0.,1.));
#374 = DIRECTION('',(1.,0.,0.));
#375 = AXIS2_PLACEMENT_3D('',#376,#377,#378);
#376 = CARTESIAN_POINT('',(45.,186.,1.6));
#377 = DIRECTION('',(0.,0.,1.));
#378 = DIRECTION('',(1.,0.,0.));
#379 = AXIS2_PLACEMENT_3D('',#380,#381,#382);
#380 = CARTESIAN_POINT('',(15.,80.,1.6));
#381 = DIRECTION('',(0.,0.,1.));
#382 = DIRECTION('',(1.,0.,0.));
#383 = AXIS2_PLACEMENT_3D('',#384,#385,#386);
#384 = CARTESIAN_POINT('',(45.,166.,1.6));
#385 = DIRECTION('',(0.,0.,1.));
#386 = DIRECTION('',(1.,0.,0.));
#387 = AXIS2_PLACEMENT_3D('',#388,#389,#390);
#388 = CARTESIAN_POINT('',(15.,90.,1.6));
#389 = DIRECTION('',(0.,0.,1.));
#390 = DIRECTION('',(1.,0.,0.));
#391 = AXIS2_PLACEMENT_3D('',#392,#393,#394);
#392 = CARTESIAN_POINT('',(15.,100.,1.6));
#393 = DIRECTION('',(0.,0.,1.));
#394 = DIRECTION('',(1.,0.,0.));
#395 = AXIS2_PLACEMENT_3D('',#396,#397,#398);
#396 = CARTESIAN_POINT('',(15.,110.,1.6));
#397 = DIRECTION('',(0.,0.,1.));
#398 = DIRECTION('',(1.,0.,0.));
#399 = AXIS2_PLACEMENT_3D('',#400,#401,#402);
#400 = CARTESIAN_POINT('',(15.,120.,1.6));
#401 = DIRECTION('',(0.,0.,1.));
#402 = DIRECTION('',(1.,0.,0.));
#403 = AXIS2_PLACEMENT_3D('',#404,#405,#406);
#404 = CARTESIAN_POINT('',(13.,42.,0.));
#405 = DIRECTION('',(0.,0.,1.));
#406 = DIRECTION('',(1.,0.,0.));
#407 = AXIS2_PLACEMENT_3D('',#408,#409,#410);
#408 = CARTESIAN_POINT('',(31.,82.,0.));
#409 = DIRECTION('',(0.,0.,1.));
#410 = DIRECTION('',(1.,0.,0.));
#411 = AXIS2_PLACEMENT_3D('',#412,#413,#414);
#412 = CARTESIAN_POINT('',(53.,82.,0.));
#413 = DIRECTION('',(0.,0.,1.));
#414 = DIRECTION('',(1.,0.,0.));
#415 = AXIS2_PLACEMENT_3D('',#416,#417,#418);
#416 = CARTESIAN_POINT('',(71.,82.,0.));
#417 = DIRECTION('',(0.,0.,1.));
#418 = DIRECTION('',(1.,0.,0.));
#419 = AXIS2_PLACEMENT_3D('',#420,#421,#422);
#420 = CARTESIAN_POINT('',(13.,102.,0.));
#421 = DIRECTION('',(0.,0.,1.));
#422 = DIRECTION('',(1.,0.,0.));
#423 = AXIS2_PLACEMENT_3D('',#424,#425,#426);
#424 = CARTESIAN_POINT('',(31.,102.,0.));
#425 = DIRECTION('',(0.,0.,1.));
#426 = DIRECTION('',(1.,0.,0.));
#427 = AXIS2_PLACEMENT_3D('',#428,#429,#430);
#428 = CARTESIAN_POINT('',(53.,102.,0.));
#429 = DIRECTION('',(0.,0.,1.));
#430 = DIRECTION('',(1.,0.,0.));
#431 = AXIS2_PLACEMENT_3D('',#432,#433,#434);
#432 = CARTESIAN_POINT('',(71.,102.,0.));
#433 = DIRECTION('',(0.,0.,1.));
#434 = DIRECTION('',(1.,0.,0.));
#435 = AXIS2_PLACEMENT_3D('',#436,#437,#438);
#436 = CARTESIAN_POINT('',(13.,122.,0.));
#437 = DIRECTION('',(0.,0.,1.));
#438 = DIRECTION('',(1.,0.,0.));
#439 = AXIS2_PLACEMENT_3D('',#440,#441,#442);
#440 = CARTESIAN_POINT('',(31.,122.,0.));
#441 = DIRECTION('',(0.,0.,1.));
#442 = DIRECTION('',(1.,0.,0.));
#443 = AXIS2_PLACEMENT_3D('',#444,#445,#446);
#444 = CARTESIAN_POINT('',(53.,122.,0.));
#445 = DIRECTION('',(0.,0.,1.));
#446 = DIRECTION('',(1.,0.,0.));
#447 = AXIS2_PLACEMENT_3D('',#448,#449,#450);
#448 = CARTESIAN_POINT('',(31.,42.,0.));
#449 = DIRECTION('',(0.,0.,1.));
#450 = DIRECTION('',(1.,0.,0.));
#451 = AXIS2_PLACEMENT_3D('',#452,#453,#454);
#452 = CARTESIAN_POINT('',(71.,122.,0.));
#453 = DIRECTION('',(0.,0.,1.));
#454 = DIRECTION('',(1.,0.,0.));
#455 = AXIS2_PLACEMENT_3D('',#456,#457,#458);
#456 = CARTESIAN_POINT('',(13.,142.,0.));
#457 = DIRECTION('',(0.,0.,1.));
#458 = DIRECTION('',(1.,0.,0.));
#459 = AXIS2_PLACEMENT_3D('',#460,#461,#462);
#460 = CARTESIAN_POINT('',(31.,142.,0.));
#461 = DIRECTION('',(0.,0.,1.));
#462 = DIRECTION('',(1.,0.,0.));
#463 = AXIS2_PLACEMENT_3D('',#464,#465,#466);
#464 = CARTESIAN_POINT('',(53.,142.,0.));
#465 = DIRECTION('',(0.,0.,1.));
#466 = DIRECTION('',(1.,0.,0.));
#467 = AXIS2_PLACEMENT_3D('',#468,#469,#470);
#468 = CARTESIAN_POINT('',(71.,142.,0.));
#469 = DIRECTION('',(0.,0.,1.));
#470 = DIRECTION('',(1.,0.,0.));
#471 = AXIS2_PLACEMENT_3D('',#472,#473,#474);
#472 = CARTESIAN_POINT('',(13.,162.,0.));
#473 = DIRECTION('',(0.,0.,1.));
#474 = DIRECTION('',(1.,0.,0.));
#475 = AXIS2_PLACEMENT_3D('',#476,#477,#478);
#476 = CARTESIAN_POINT('',(31.,162.,0.));
#477 = DIRECTION('',(0.,0.,1.));
#478 = DIRECTION('',(1.,0.,0.));
#479 = AXIS2_PLACEMENT_3D('',#480,#481,#482);
#480 = CARTESIAN_POINT('',(53.,162.,0.));
#481 = DIRECTION('',(0.,0.,1.));
#482 = DIRECTION('',(1.,0.,0.));
#483 = AXIS2_PLACEMENT_3D('',#484,#485,#486);
#484 = CARTESIAN_POINT('',(71.,162.,0.));
#485 = DIRECTION('',(0.,0.,1.));
#486 = DIRECTION('',(1.,0.,0.));
#487 = AXIS2_PLACEMENT_3D('',#488,#489,#490);
#488 = CARTESIAN_POINT('',(13.,182.,0.));
#489 = DIRECTION('',(0.,0.,1.));
#490 = DIRECTION('',(1.,0.,0.));
#491 = AXIS2_PLACEMENT_3D('',#492,#493,#494);
#492 = CARTESIAN_POINT('',(53.,42.,0.));
#493 = DIRECTION('',(0.,0.,1.));
#494 = DIRECTION('',(1.,0.,0.));
#495 = AXIS2_PLACEMENT_3D('',#496,#497,#498);
#496 = CARTESIAN_POINT('',(31.,182.,0.));
#497 = DIRECTION('',(0.,0.,1.));
#498 = DIRECTION('',(1.,0.,0.));
#499 = AXIS2_PLACEMENT_3D('',#500,#501,#502);
#500 = CARTESIAN_POINT('',(53.,182.,0.));
#501 = DIRECTION('',(0.,0.,1.));
#502 = DIRECTION('',(1.,0.,0.));
#503 = AXIS2_PLACEMENT_3D('',#504,#505,#506);
#504 = CARTESIAN_POINT('',(71.,182.,0.));
#505 = DIRECTION('',(0.,0.,1.));
#506 = DIRECTION('',(1.,0.,0.));
#507 = AXIS2_PLACEMENT_3D('',#508,#509,#510);
#508 = CARTESIAN_POINT('',(71.,42.,0.));
#509 = DIRECTION('',(0.,0.,1.));
#510 = DIRECTION('',(1.,0.,0.));
#511 = AXIS2_PLACEMENT_3D('',#512,#513,#514);
#512 = CARTESIAN_POINT('',(13.,62.,0.));
#513 = DIRECTION('',(0.,0.,1.));
#514 = DIRECTION('',(1.,0.,0.));
#515 = AXIS2_PLACEMENT_3D('',#516,#517,#518);
#516 = CARTESIAN_POINT('',(31.,62.,0.));
#517 = DIRECTION('',(0.,0.,1.));
#518 = DIRECTION('',(1.,0.,0.));
#519 = AXIS2_PLACEMENT_3D('',#520,#521,#522);
#520 = CARTESIAN_POINT('',(53.,62.,0.));
#521 = DIRECTION('',(0.,0.,1.));
#522 = DIRECTION('',(1.,0.,0.));
#523 = AXIS2_PLACEMENT_3D('',#524,#525,#526);
#524 = CARTESIAN_POINT('',(71.,62.,0.));
#525 = DIRECTION('',(0.,0.,1.));
#526 = DIRECTION('',(1.,0.,0.));
#527 = AXIS2_PLACEMENT_3D('',#528,#529,#530);
#528 = CARTESIAN_POINT('',(13.,82.,0.));
#529 = DIRECTION('',(0.,0.,1.));
#530 = DIRECTION('',(1.,0.,0.));
#531 = AXIS2_PLACEMENT_3D('',#532,#533,#534);
#532 = CARTESIAN_POINT('',(22.,72.,1.6));
#533 = DIRECTION('',(0.,0.,1.));
#534 = DIRECTION('',(1.,0.,0.));
#535 = AXIS2_PLACEMENT_3D('',#536,#537,#538);
#536 = CARTESIAN_POINT('',(22.,142.,1.6));
#537 = DIRECTION('',(0.,0.,1.));
#538 = DIRECTION('',(1.,0.,0.));
#539 = AXIS2_PLACEMENT_3D('',#540,#541,#542);
#540 = CARTESIAN_POINT('',(22.,162.,1.6));
#541 = DIRECTION('',(0.,0.,1.));
#542 = DIRECTION('',(1.,0.,0.));
#543 = AXIS2_PLACEMENT_3D('',#544,#545,#546);
#544 = CARTESIAN_POINT('',(22.,182.,1.6));
#545 = DIRECTION('',(0.,0.,1.));
#546 = DIRECTION('',(1.,0.,0.));
#547 = AXIS2_PLACEMENT_3D('',#548,#549,#550);
#548 = CARTESIAN_POINT('',(62.,42.,1.6));
#549 = DIRECTION('',(0.,0.,1.));
#550 = DIRECTION('',(1.,0.,0.));
#551 = AXIS2_PLACEMENT_3D('',#552,#553,#554);
#552 = CARTESIAN_POINT('',(62.,62.,1.6));
#553 = DIRECTION('',(0.,0.,1.));
#554 = DIRECTION('',(1.,0.,0.));
#555 = AXIS2_PLACEMENT_3D('',#556,#557,#558);
#556 = CARTESIAN_POINT('',(62.,82.,1.6));
#557 = DIRECTION('',(0.,0.,1.));
#558 = DIRECTION('',(1.,0.,0.));
#559 = AXIS2_PLACEMENT_3D('',#560,#561,#562);
#560 = CARTESIAN_POINT('',(62.,102.,1.6));
#561 = DIRECTION('',(0.,0.,1.));
#562 = DIRECTION('',(1.,0.,0.));
#563 = AXIS2_PLACEMENT_3D('',#564,#565,#566);
#564 = CARTESIAN_POINT('',(62.,122.,1.6));
#565 = DIRECTION('',(0.,0.,1.));
#566 = DIRECTION('',(1.,0.,0.));
#567 = AXIS2_PLACEMENT_3D('',#568,#569,#570);
#568 = CARTESIAN_POINT('',(62.,142.,1.6));
#569 = DIRECTION('',(0.,0.,1.));
#570 = DIRECTION('',(1.,0.,0.));
#571 = AXIS2_PLACEMENT_3D('',#572,#573,#574);
#572 = CARTESIAN_POINT('',(62.,162.,1.6));
#573 = DIRECTION('',(0.,0.,1.));
#574 = DIRECTION('',(1.,0.,0.));
#575 = AXIS2_PLACEMENT_3D('',#576,#577,#578);
#576 = CARTESIAN_POINT('',(22.,152.,1.6));
#577 = DIRECTION('',(0.,0.,1.));
#578 = DIRECTION('',(1.,0.,0.));
#579 = AXIS2_PLACEMENT_3D('',#580,#581,#582);
#580 = CARTESIAN_POINT('',(62.,182.,1.6));
#581 = DIRECTION('',(0.,0.,1.));
#582 = DIRECTION('',(1.,0.,0.));
#583 = AXIS2_PLACEMENT_3D('',#584,#585,#586);
#584 = CARTESIAN_POINT('',(62.,72.,1.6));
#585 = DIRECTION('',(0.,0.,1.));
#586 = DIRECTION('',(1.,0.,0.));
#587 = AXIS2_PLACEMENT_3D('',#588,#589,#590);
#588 = CARTESIAN_POINT('',(62.,152.,1.6));
#589 = DIRECTION('',(0.,0.,1.));
#590 = DIRECTION('',(1.,0.,0.));
#591 = AXIS2_PLACEMENT_3D('',#592,#593,#594);
#592 = CARTESIAN_POINT('',(22.,42.,1.6));
#593 = DIRECTION('',(0.,0.,1.));
#594 = DIRECTION('',(1.,0.,0.));
#595 = AXIS2_PLACEMENT_3D('',#596,#597,#598);
#596 = CARTESIAN_POINT('',(22.,62.,1.6));
#597 = DIRECTION('',(0.,0.,1.));
#598 = DIRECTION('',(1.,0.,0.));
#599 = AXIS2_PLACEMENT_3D('',#600,#601,#602);
#600 = CARTESIAN_POINT('',(22.,82.,1.6));
#601 = DIRECTION('',(0.,0.,1.));
#602 = DIRECTION('',(1.,0.,0.));
#603 = AXIS2_PLACEMENT_3D('',#604,#605,#606);
#604 = CARTESIAN_POINT('',(22.,102.,1.6));
#605 = DIRECTION('',(0.,0.,1.));
#606 = DIRECTION('',(1.,0.,0.));
#607 = AXIS2_PLACEMENT_3D('',#608,#609,#610);
#608 = CARTESIAN_POINT('',(22.,122.,1.6));
#609 = DIRECTION('',(0.,0.,1.));
#610 = DIRECTION('',(1.,0.,0.));
#611 = ( GEOMETRIC_REPRESENTATION_CONTEXT(3) 
GLOBAL_UNCERTAINTY_ASSIGNED_CONTEXT((#615)) GLOBAL_UNIT_ASSIGNED_CONTEXT
((#612,#613,#614)) REPRESENTATION_CONTEXT('Context #1',
  '3D Context with UNIT and UNCERTAINTY') );
#612 = ( LENGTH_UNIT() NAMED_UNIT(*) SI_UNIT(.MILLI.,.METRE.) );
#613 = ( NAMED_UNIT(*) PLANE_ANGLE_UNIT() SI_UNIT($,.RADIAN.) );
#614 = ( NAMED_UNIT(*) SI_UNIT($,.STERADIAN.) SOLID_ANGLE_UNIT() );
#615 = UNCERTAINTY_MEASURE_WITH_UNIT(LENGTH_MEASURE(1.E-07),#612,
  'distance_accuracy_value','confusion accuracy');
#616 = PRODUCT_RELATED_PRODUCT_CATEGORY('part',$,(#7));
#617 = SHAPE_DEFINITION_REPRESENTATION(#618,#624);
#618 = PRODUCT_DEFINITION_SHAPE('','',#619);
#619 = PRODUCT_DEFINITION('design','',#620,#623);
#620 = PRODUCT_DEFINITION_FORMATION('','',#621);
#621 = PRODUCT('PCB','PCB','',(#622));
#622 = PRODUCT_CONTEXT('',#2,'mechanical');
#623 = PRODUCT_DEFINITION_CONTEXT('part definition',#2,'design');
#624 = ADVANCED_BREP_SHAPE_REPRESENTATION('',(#11,#625),#9971);
#625 = MANIFOLD_SOLID_BREP('',#626);
#626 = CLOSED_SHELL('',(#627,#747,#823,#4302,#4351,#7318,#7325,#7352,
    #7379,#7406,#7433,#7460,#7487,#7514,#7541,#7568,#7595,#7622,#7649,
    #7676,#7703,#7730,#7757,#7784,#7811,#7838,#7865,#7892,#7919,#7946,
    #7973,#8000,#8027,#8054,#8081,#8108,#8135,#8162,#8189,#8216,#8243,
    #8270,#8297,#8324,#8351,#8378,#8405,#8432,#8459,#8486,#8513,#8540,
    #8567,#8594,#8621,#8648,#8675,#8702,#8729,#8756,#8783,#8810,#8837,
    #8864,#8891,#8918,#8945,#8972,#8999,#9026,#9053,#9080,#9107,#9134,
    #9161,#9188,#9215,#9242,#9269,#9296,#9323,#9350,#9377,#9404,#9431,
    #9458,#9485,#9512,#9539,#9566,#9593,#9620,#9647,#9674,#9701,#9728,
    #9755,#9782,#9809,#9836,#9863,#9890,#9917,#9944));
#627 = ADVANCED_FACE('',(#628),#642,.F.);
#628 = FACE_BOUND('',#629,.F.);
#629 = EDGE_LOOP('',(#630,#665,#693,#721));
#630 = ORIENTED_EDGE('',*,*,#631,.F.);
#631 = EDGE_CURVE('',#632,#634,#636,.T.);
#632 = VERTEX_POINT('',#633);
#633 = CARTESIAN_POINT('',(0.,0.,0.));
#634 = VERTEX_POINT('',#635);
#635 = CARTESIAN_POINT('',(0.,0.,1.6));
#636 = SURFACE_CURVE('',#637,(#641,#653),.PCURVE_S1.);
#637 = LINE('',#638,#639);
#638 = CARTESIAN_POINT('',(0.,0.,0.));
#639 = VECTOR('',#640,1.);
#640 = DIRECTION('',(0.,0.,1.));
#641 = PCURVE('',#642,#647);
#642 = PLANE('',#643);
#643 = AXIS2_PLACEMENT_3D('',#644,#645,#646);
#644 = CARTESIAN_POINT('',(0.,0.,0.));
#645 = DIRECTION('',(1.,0.,0.));
#646 = DIRECTION('',(0.,0.,1.));
#647 = DEFINITIONAL_REPRESENTATION('',(#648),#652);
#648 = LINE('',#649,#650);
#649 = CARTESIAN_POINT('',(0.,0.));
#650 = VECTOR('',#651,1.);
#651 = DIRECTION('',(1.,0.));
#652 = ( GEOMETRIC_REPRESENTATION_CONTEXT(2) 
PARAMETRIC_REPRESENTATION_CONTEXT() REPRESENTATION_CONTEXT('2D SPACE',''
  ) );
#653 = PCURVE('',#654,#659);
#654 = PLANE('',#655);
#655 = AXIS2_PLACEMENT_3D('',#656,#657,#658);
#656 = CARTESIAN_POINT('',(0.,0.,0.));
#657 = DIRECTION('',(0.,1.,0.));
#658 = DIRECTION('',(0.,-0.,1.));
#659 = DEFINITIONAL_REPRESENTATION('',(#660),#664);
#660 = LINE('',#661,#662);
#661 = CARTESIAN_POINT('',(0.,0.));
#662 = VECTOR('',#663,1.);
#663 = DIRECTION('',(1.,0.));
#664 = ( GEOMETRIC_REPRESENTATION_CONTEXT(2) 
PARAMETRIC_REPRESENTATION_CONTEXT() REPRESENTATION_CONTEXT('2D SPACE',''
  ) );
#665 = ORIENTED_EDGE('',*,*,#666,.T.);
#666 = EDGE_CURVE('',#632,#667,#669,.T.);
#667 = VERTEX_POINT('',#668);
#668 = CARTESIAN_POINT('',(0.,224.,0.));
#669 = SURFACE_CURVE('',#670,(#674,#681),.PCURVE_S1.);
#670 = LINE('',#671,#672);
#671 = CARTESIAN_POINT('',(0.,0.,0.));
#672 = VECTOR('',#673,1.);
#673 = DIRECTION('',(0.,1.,0.));
#674 = PCURVE('',#642,#675);
#675 = DEFINITIONAL_REPRESENTATION('',(#676),#680);
#676 = LINE('',#677,#678);
#677 = CARTESIAN_POINT('',(0.,0.));
#678 = VECTOR('',#679,1.);
#679 = DIRECTION('',(0.,-1.));
#680 = ( GEOMETRIC_REPRESENTATION_CONTEXT(2) 
PARAMETRIC_REPRESENTATION_CONTEXT() REPRESENTATION_CONTEXT('2D SPACE',''
  ) );
#681 = PCURVE('',#682,#687);
#682 = PLANE('',#683);
#683 = AXIS2_PLACEMENT_3D('',#684,#685,#686);
#684 = CARTESIAN_POINT('',(0.,0.,0.));
#685 = DIRECTION('',(0.,0.,1.));
#686 = DIRECTION('',(1.,0.,-0.));
#687 = DEFINITIONAL_REPRESENTATION('',(#688),#692);
#688 = LINE('',#689,#690);
#689 = CARTESIAN_POINT('',(0.,0.));
#690 = VECTOR('',#691,1.);
#691 = DIRECTION('',(0.,1.));
#692 = ( GEOMETRIC_REPRESENTATION_CONTEXT(2) 
PARAMETRIC_REPRESENTATION_CONTEXT() REPRESENTATION_CONTEXT('2D SPACE',''
  ) );
#693 = ORIENTED_EDGE('',*,*,#694,.T.);
#694 = EDGE_CURVE('',#667,#695,#697,.T.);
#695 = VERTEX_POINT('',#696);
#696 = CARTESIAN_POINT('',(0.,224.,1.6));
#697 = SURFACE_CURVE('',#698,(#702,#709),.PCURVE_S1.);
#698 = LINE('',#699,#700);
#699 = CARTESIAN_POINT('',(0.,224.,0.));
#700 = VECTOR('',#701,1.);
#701 = DIRECTION('',(0.,0.,1.));
#702 = PCURVE('',#642,#703);
#703 = DEFINITIONAL_REPRESENTATION('',(#704),#708);
#704 = LINE('',#705,#706);
#705 = CARTESIAN_POINT('',(0.,-224.));
#706 = VECTOR('',#707,1.);
#707 = DIRECTION('',(1.,0.));
#708 = ( GEOMETRIC_REPRESENTATION_CONTEXT(2) 
PARAMETRIC_REPRESENTATION_CONTEXT() REPRESENTATION_CONTEXT('2D SPACE',''
  ) );
#709 = PCURVE('',#710,#715);
#710 = PLANE('',#711);
#711 = AXIS2_PLACEMENT_3D('',#712,#713,#714);
#712 = CARTESIAN_POINT('',(0.,224.,0.));
#713 = DIRECTION('',(0.,1.,0.));
#714 = DIRECTION('',(0.,-0.,1.));
#715 = DEFINITIONAL_REPRESENTATION('',(#716),#720);
#716 = LINE('',#717,#718);
#717 = CARTESIAN_POINT('',(0.,0.));
#718 = VECTOR('',#719,1.);
#719 = DIRECTION('',(1.,0.));
#720 = ( GEOMETRIC_REPRESENTATION_CONTEXT(2) 
PARAMETRIC_REPRESENTATION_CONTEXT() REPRESENTATION_CONTEXT('2D SPACE',''
  ) );
#721 = ORIENTED_EDGE('',*,*,#722,.F.);
#722 = EDGE_CURVE('',#634,#695,#723,.T.);
#723 = SURFACE_CURVE('',#724,(#728,#735),.PCURVE_S1.);
#724 = LINE('',#725,#726);
#725 = CARTESIAN_POINT('',(0.,0.,1.6));
#726 = VECTOR('',#727,1.);
#727 = DIRECTION('',(0.,1.,0.));
#728 = PCURVE('',#642,#729);
#729 = DEFINITIONAL_REPRESENTATION('',(#730),#734);
#730 = LINE('',#731,#732);
#731 = CARTESIAN_POINT('',(1.6,0.));
#732 = VECTOR('',#733,1.);
#733 = DIRECTION('',(0.,-1.));
#734 = ( GEOMETRIC_REPRESENTATION_CONTEXT(2) 
PARAMETRIC_REPRESENTATION_CONTEXT() REPRESENTATION_CONTEXT('2D SPACE',''
  ) );
#735 = PCURVE('',#736,#741);
#736 = PLANE('',#737);
#737 = AXIS2_PLACEMENT_3D('',#738,#739,#740);
#738 = CARTESIAN_POINT('',(0.,0.,1.6));
#739 = DIRECTION('',(0.,0.,1.));
#740 = DIRECTION('',(1.,0.,-0.));
#741 = DEFINITIONAL_REPRESENTATION('',(#742),#746);
#742 = LINE('',#743,#744);
#743 = CARTESIAN_POINT('',(0.,0.));
#744 = VECTOR('',#745,1.);
#745 = DIRECTION('',(0.,1.));
#746 = ( GEOMETRIC_REPRESENTATION_CONTEXT(2) 
PARAMETRIC_REPRESENTATION_CONTEXT() REPRESENTATION_CONTEXT('2D SPACE',''
  ) );
#747 = ADVANCED_FACE('',(#748),#654,.F.);
#748 = FACE_BOUND('',#749,.F.);
#749 = EDGE_LOOP('',(#750,#773,#774,#797));
#750 = ORIENTED_EDGE('',*,*,#751,.F.);
#751 = EDGE_CURVE('',#632,#752,#754,.T.);
#752 = VERTEX_POINT('',#753);
#753 = CARTESIAN_POINT('',(84.,0.,0.));
#754 = SURFACE_CURVE('',#755,(#759,#766),.PCURVE_S1.);
#755 = LINE('',#756,#757);
#756 = CARTESIAN_POINT('',(0.,0.,0.));
#757 = VECTOR('',#758,1.);
#758 = DIRECTION('',(1.,0.,0.));
#759 = PCURVE('',#654,#760);
#760 = DEFINITIONAL_REPRESENTATION('',(#761),#765);
#761 = LINE('',#762,#763);
#762 = CARTESIAN_POINT('',(0.,0.));
#763 = VECTOR('',#764,1.);
#764 = DIRECTION('',(0.,1.));
#765 = ( GEOMETRIC_REPRESENTATION_CONTEXT(2) 
PARAMETRIC_REPRESENTATION_CONTEXT() REPRESENTATION_CONTEXT('2D SPACE',''
  ) );
#766 = PCURVE('',#682,#767);
#767 = DEFINITIONAL_REPRESENTATION('',(#768),#772);
#768 = LINE('',#769,#770);
#769 = CARTESIAN_POINT('',(0.,0.));
#770 = VECTOR('',#771,1.);
#771 = DIRECTION('',(1.,0.));
#772 = ( GEOMETRIC_REPRESENTATION_CONTEXT(2) 
PARAMETRIC_REPRESENTATION_CONTEXT() REPRESENTATION_CONTEXT('2D SPACE',''
  ) );
#773 = ORIENTED_EDGE('',*,*,#631,.T.);
#774 = ORIENTED_EDGE('',*,*,#775,.T.);
#775 = EDGE_CURVE('',#634,#776,#778,.T.);
#776 = VERTEX_POINT('',#777);
#777 = CARTESIAN_POINT('',(84.,0.,1.6));
#778 = SURFACE_CURVE('',#779,(#783,#790),.PCURVE_S1.);
#779 = LINE('',#780,#781);
#780 = CARTESIAN_POINT('',(0.,0.,1.6));
#781 = VECTOR('',#782,1.);
#782 = DIRECTION('',(1.,0.,0.));
#783 = PCURVE('',#654,#784);
#784 = DEFINITIONAL_REPRESENTATION('',(#785),#789);
#785 = LINE('',#786,#787);
#786 = CARTESIAN_POINT('',(1.6,0.));
#787 = VECTOR('',#788,1.);
#788 = DIRECTION('',(0.,1.));
#789 = ( GEOMETRIC_REPRESENTATION_CONTEXT(2) 
PARAMETRIC_REPRESENTATION_CONTEXT() REPRESENTATION_CONTEXT('2D SPACE',''
  ) );
#790 = PCURVE('',#736,#791);
#791 = DEFINITIONAL_REPRESENTATION('',(#792),#796);
#792 = LINE('',#793,#794);
#793 = CARTESIAN_POINT('',(0.,0.));
#794 = VECTOR('',#795,1.);
#795 = DIRECTION('',(1.,0.));
#796 = ( GEOMETRIC_REPRESENTATION_CONTEXT(2) 
PARAMETRIC_REPRESENTATION_CONTEXT() REPRESENTATION_CONTEXT('2D SPACE',''
  ) );
#797 = ORIENTED_EDGE('',*,*,#798,.F.);
#798 = EDGE_CURVE('',#752,#776,#799,.T.);
#799 = SURFACE_CURVE('',#800,(#804,#811),.PCURVE_S1.);
#800 = LINE('',#801,#802);
#801 = CARTESIAN_POINT('',(84.,0.,0.));
#802 = VECTOR('',#803,1.);
#803 = DIRECTION('',(0.,0.,1.));
#804 = PCURVE('',#654,#805);
#805 = DEFINITIONAL_REPRESENTATION('',(#806),#810);
#806 = LINE('',#807,#808);
#807 = CARTESIAN_POINT('',(0.,84.));
#808 = VECTOR('',#809,1.);
#809 = DIRECTION('',(1.,0.));
#810 = ( GEOMETRIC_REPRESENTATION_CONTEXT(2) 
PARAMETRIC_REPRESENTATION_CONTEXT() REPRESENTATION_CONTEXT('2D SPACE',''
  ) );
#811 = PCURVE('',#812,#817);
#812 = PLANE('',#813);
#813 = AXIS2_PLACEMENT_3D('',#814,#815,#816);
#814 = CARTESIAN_POINT('',(84.,0.,0.));
#815 = DIRECTION('',(1.,0.,0.));
#816 = DIRECTION('',(0.,0.,1.));
#817 = DEFINITIONAL_REPRESENTATION('',(#818),#822);
#818 = LINE('',#819,#820);
#819 = CARTESIAN_POINT('',(0.,0.));
#820 = VECTOR('',#821,1.);
#821 = DIRECTION('',(1.,0.));
#822 = ( GEOMETRIC_REPRESENTATION_CONTEXT(2) 
PARAMETRIC_REPRESENTATION_CONTEXT() REPRESENTATION_CONTEXT('2D SPACE',''
  ) );
#823 = ADVANCED_FACE('',(#824,#872,#907,#942,#977,#1012,#1047,#1082,
    #1117,#1152,#1187,#1222,#1257,#1292,#1327,#1362,#1397,#1432,#1467,
    #1502,#1537,#1572,#1607,#1642,#1677,#1712,#1747,#1782,#1817,#1852,
    #1887,#1922,#1957,#1992,#2027,#2062,#2097,#2132,#2167,#2202,#2237,
    #2272,#2307,#2342,#2377,#2412,#2447,#2482,#2517,#2552,#2587,#2622,
    #2657,#2692,#2727,#2762,#2797,#2832,#2867,#2902,#2937,#2972,#3007,
    #3042,#3077,#3112,#3147,#3182,#3217,#3252,#3287,#3322,#3357,#3392,
    #3427,#3462,#3497,#3532,#3567,#3602,#3637,#3672,#3707,#3742,#3777,
    #3812,#3847,#3882,#3917,#3952,#3987,#4022,#4057,#4092,#4127,#4162,
    #4197,#4232,#4267),#736,.T.);
#824 = FACE_BOUND('',#825,.T.);
#825 = EDGE_LOOP('',(#826,#827,#828,#851));
#826 = ORIENTED_EDGE('',*,*,#722,.F.);
#827 = ORIENTED_EDGE('',*,*,#775,.T.);
#828 = ORIENTED_EDGE('',*,*,#829,.T.);
#829 = EDGE_CURVE('',#776,#830,#832,.T.);
#830 = VERTEX_POINT('',#831);
#831 = CARTESIAN_POINT('',(84.,224.,1.6));
#832 = SURFACE_CURVE('',#833,(#837,#844),.PCURVE_S1.);
#833 = LINE('',#834,#835);
#834 = CARTESIAN_POINT('',(84.,0.,1.6));
#835 = VECTOR('',#836,1.);
#836 = DIRECTION('',(0.,1.,0.));
#837 = PCURVE('',#736,#838);
#838 = DEFINITIONAL_REPRESENTATION('',(#839),#843);
#839 = LINE('',#840,#841);
#840 = CARTESIAN_POINT('',(84.,0.));
#841 = VECTOR('',#842,1.);
#842 = DIRECTION('',(0.,1.));
#843 = ( GEOMETRIC_REPRESENTATION_CONTEXT(2) 
PARAMETRIC_REPRESENTATION_CONTEXT() REPRESENTATION_CONTEXT('2D SPACE',''
  ) );
#844 = PCURVE('',#812,#845);
#845 = DEFINITIONAL_REPRESENTATION('',(#846),#850);
#846 = LINE('',#847,#848);
#847 = CARTESIAN_POINT('',(1.6,0.));
#848 = VECTOR('',#849,1.);
#849 = DIRECTION('',(0.,-1.));
#850 = ( GEOMETRIC_REPRESENTATION_CONTEXT(2) 
PARAMETRIC_REPRESENTATION_CONTEXT() REPRESENTATION_CONTEXT('2D SPACE',''
  ) );
#851 = ORIENTED_EDGE('',*,*,#852,.F.);
#852 = EDGE_CURVE('',#695,#830,#853,.T.);
#853 = SURFACE_CURVE('',#854,(#858,#865),.PCURVE_S1.);
#854 = LINE('',#855,#856);
#855 = CARTESIAN_POINT('',(0.,224.,1.6));
#856 = VECTOR('',#857,1.);
#857 = DIRECTION('',(1.,0.,0.));
#858 = PCURVE('',#736,#859);
#859 = DEFINITIONAL_REPRESENTATION('',(#860),#864);
#860 = LINE('',#861,#862);
#861 = CARTESIAN_POINT('',(0.,224.));
#862 = VECTOR('',#863,1.);
#863 = DIRECTION('',(1.,0.));
#864 = ( GEOMETRIC_REPRESENTATION_CONTEXT(2) 
PARAMETRIC_REPRESENTATION_CONTEXT() REPRESENTATION_CONTEXT('2D SPACE',''
  ) );
#865 = PCURVE('',#710,#866);
#866 = DEFINITIONAL_REPRESENTATION('',(#867),#871);
#867 = LINE('',#868,#869);
#868 = CARTESIAN_POINT('',(1.6,0.));
#869 = VECTOR('',#870,1.);
#870 = DIRECTION('',(0.,1.));
#871 = ( GEOMETRIC_REPRESENTATION_CONTEXT(2) 
PARAMETRIC_REPRESENTATION_CONTEXT() REPRESENTATION_CONTEXT('2D SPACE',''
  ) );
#872 = FACE_BOUND('',#873,.T.);
#873 = EDGE_LOOP('',(#874));
#874 = ORIENTED_EDGE('',*,*,#875,.T.);
#875 = EDGE_CURVE('',#876,#876,#878,.T.);
#876 = VERTEX_POINT('',#877);
#877 = CARTESIAN_POINT('',(7.6,11.,1.6));
#878 = SURFACE_CURVE('',#879,(#884,#895),.PCURVE_S1.);
#879 = CIRCLE('',#880,1.6);
#880 = AXIS2_PLACEMENT_3D('',#881,#882,#883);
#881 = CARTESIAN_POINT('',(6.,11.,1.6));
#882 = DIRECTION('',(0.,0.,-1.));
#883 = DIRECTION('',(1.,0.,0.));
#884 = PCURVE('',#736,#885);
#885 = DEFINITIONAL_REPRESENTATION('',(#886),#894);
#886 = ( BOUNDED_CURVE() B_SPLINE_CURVE(2,(#887,#888,#889,#890,#891,#892
,#893),.UNSPECIFIED.,.T.,.F.) B_SPLINE_CURVE_WITH_KNOTS((1,2,2,2,2,1),(
    -2.094395102393,0.,2.094395102393,4.188790204786,6.28318530718,
8.377580409573),.UNSPECIFIED.) CURVE() GEOMETRIC_REPRESENTATION_ITEM() 
RATIONAL_B_SPLINE_CURVE((1.,0.5,1.,0.5,1.,0.5,1.)) REPRESENTATION_ITEM(
  '') );
#887 = CARTESIAN_POINT('',(7.6,11.));
#888 = CARTESIAN_POINT('',(7.6,8.22871870789));
#889 = CARTESIAN_POINT('',(5.2,9.614359353945));
#890 = CARTESIAN_POINT('',(2.8,11.));
#891 = CARTESIAN_POINT('',(5.2,12.385640646055));
#892 = CARTESIAN_POINT('',(7.6,13.77128129211));
#893 = CARTESIAN_POINT('',(7.6,11.));
#894 = ( GEOMETRIC_REPRESENTATION_CONTEXT(2) 
PARAMETRIC_REPRESENTATION_CONTEXT() REPRESENTATION_CONTEXT('2D SPACE',''
  ) );
#895 = PCURVE('',#896,#901);
#896 = CYLINDRICAL_SURFACE('',#897,1.6);
#897 = AXIS2_PLACEMENT_3D('',#898,#899,#900);
#898 = CARTESIAN_POINT('',(6.,11.,-0.1));
#899 = DIRECTION('',(-0.,-0.,-1.));
#900 = DIRECTION('',(1.,0.,0.));
#901 = DEFINITIONAL_REPRESENTATION('',(#902),#906);
#902 = LINE('',#903,#904);
#903 = CARTESIAN_POINT('',(-4.138911435803E-13,-1.7));
#904 = VECTOR('',#905,1.);
#905 = DIRECTION('',(1.,-0.));
#906 = ( GEOMETRIC_REPRESENTATION_CONTEXT(2) 
PARAMETRIC_REPRESENTATION_CONTEXT() REPRESENTATION_CONTEXT('2D SPACE',''
  ) );
#907 = FACE_BOUND('',#908,.T.);
#908 = EDGE_LOOP('',(#909));
#909 = ORIENTED_EDGE('',*,*,#910,.T.);
#910 = EDGE_CURVE('',#911,#911,#913,.T.);
#911 = VERTEX_POINT('',#912);
#912 = CARTESIAN_POINT('',(19.96,28.,1.6));
#913 = SURFACE_CURVE('',#914,(#919,#930),.PCURVE_S1.);
#914 = CIRCLE('',#915,0.5);
#915 = AXIS2_PLACEMENT_3D('',#916,#917,#918);
#916 = CARTESIAN_POINT('',(19.46,28.,1.6));
#917 = DIRECTION('',(0.,0.,-1.));
#918 = DIRECTION('',(1.,0.,0.));
#919 = PCURVE('',#736,#920);
#920 = DEFINITIONAL_REPRESENTATION('',(#921),#929);
#921 = ( BOUNDED_CURVE() B_SPLINE_CURVE(2,(#922,#923,#924,#925,#926,#927
,#928),.UNSPECIFIED.,.T.,.F.) B_SPLINE_CURVE_WITH_KNOTS((1,2,2,2,2,1),(
    -2.094395102393,0.,2.094395102393,4.188790204786,6.28318530718,
8.377580409573),.UNSPECIFIED.) CURVE() GEOMETRIC_REPRESENTATION_ITEM() 
RATIONAL_B_SPLINE_CURVE((1.,0.5,1.,0.5,1.,0.5,1.)) REPRESENTATION_ITEM(
  '') );
#922 = CARTESIAN_POINT('',(19.96,28.));
#923 = CARTESIAN_POINT('',(19.96,27.133974596216));
#924 = CARTESIAN_POINT('',(19.21,27.566987298108));
#925 = CARTESIAN_POINT('',(18.46,28.));
#926 = CARTESIAN_POINT('',(19.21,28.433012701892));
#927 = CARTESIAN_POINT('',(19.96,28.866025403784));
#928 = CARTESIAN_POINT('',(19.96,28.));
#929 = ( GEOMETRIC_REPRESENTATION_CONTEXT(2) 
PARAMETRIC_REPRESENTATION_CONTEXT() REPRESENTATION_CONTEXT('2D SPACE',''
  ) );
#930 = PCURVE('',#931,#936);
#931 = CYLINDRICAL_SURFACE('',#932,0.5);
#932 = AXIS2_PLACEMENT_3D('',#933,#934,#935);
#933 = CARTESIAN_POINT('',(19.46,28.,-0.1));
#934 = DIRECTION('',(-0.,-0.,-1.));
#935 = DIRECTION('',(1.,0.,0.));
#936 = DEFINITIONAL_REPRESENTATION('',(#937),#941);
#937 = LINE('',#938,#939);
#938 = CARTESIAN_POINT('',(-4.138911435803E-13,-1.7));
#939 = VECTOR('',#940,1.);
#940 = DIRECTION('',(1.,-0.));
#941 = ( GEOMETRIC_REPRESENTATION_CONTEXT(2) 
PARAMETRIC_REPRESENTATION_CONTEXT() REPRESENTATION_CONTEXT('2D SPACE',''
  ) );
#942 = FACE_BOUND('',#943,.T.);
#943 = EDGE_LOOP('',(#944));
#944 = ORIENTED_EDGE('',*,*,#945,.T.);
#945 = EDGE_CURVE('',#946,#946,#948,.T.);
#946 = VERTEX_POINT('',#947);
#947 = CARTESIAN_POINT('',(22.5,28.,1.6));
#948 = SURFACE_CURVE('',#949,(#954,#965),.PCURVE_S1.);
#949 = CIRCLE('',#950,0.5);
#950 = AXIS2_PLACEMENT_3D('',#951,#952,#953);
#951 = CARTESIAN_POINT('',(22.,28.,1.6));
#952 = DIRECTION('',(0.,0.,-1.));
#953 = DIRECTION('',(1.,0.,0.));
#954 = PCURVE('',#736,#955);
#955 = DEFINITIONAL_REPRESENTATION('',(#956),#964);
#956 = ( BOUNDED_CURVE() B_SPLINE_CURVE(2,(#957,#958,#959,#960,#961,#962
,#963),.UNSPECIFIED.,.T.,.F.) B_SPLINE_CURVE_WITH_KNOTS((1,2,2,2,2,1),(
    -2.094395102393,0.,2.094395102393,4.188790204786,6.28318530718,
8.377580409573),.UNSPECIFIED.) CURVE() GEOMETRIC_REPRESENTATION_ITEM() 
RATIONAL_B_SPLINE_CURVE((1.,0.5,1.,0.5,1.,0.5,1.)) REPRESENTATION_ITEM(
  '') );
#957 = CARTESIAN_POINT('',(22.5,28.));
#958 = CARTESIAN_POINT('',(22.5,27.133974596216));
#959 = CARTESIAN_POINT('',(21.75,27.566987298108));
#960 = CARTESIAN_POINT('',(21.,28.));
#961 = CARTESIAN_POINT('',(21.75,28.433012701892));
#962 = CARTESIAN_POINT('',(22.5,28.866025403784));
#963 = CARTESIAN_POINT('',(22.5,28.));
#964 = ( GEOMETRIC_REPRESENTATION_CONTEXT(2) 
PARAMETRIC_REPRESENTATION_CONTEXT() REPRESENTATION_CONTEXT('2D SPACE',''
  ) );
#965 = PCURVE('',#966,#971);
#966 = CYLINDRICAL_SURFACE('',#967,0.5);
#967 = AXIS2_PLACEMENT_3D('',#968,#969,#970);
#968 = CARTESIAN_POINT('',(22.,28.,-0.1));
#969 = DIRECTION('',(-0.,-0.,-1.));
#970 = DIRECTION('',(1.,0.,0.));
#971 = DEFINITIONAL_REPRESENTATION('',(#972),#976);
#972 = LINE('',#973,#974);
#973 = CARTESIAN_POINT('',(-4.138911435803E-13,-1.7));
#974 = VECTOR('',#975,1.);
#975 = DIRECTION('',(1.,-0.));
#976 = ( GEOMETRIC_REPRESENTATION_CONTEXT(2) 
PARAMETRIC_REPRESENTATION_CONTEXT() REPRESENTATION_CONTEXT('2D SPACE',''
  ) );
#977 = FACE_BOUND('',#978,.T.);
#978 = EDGE_LOOP('',(#979));
#979 = ORIENTED_EDGE('',*,*,#980,.T.);
#980 = EDGE_CURVE('',#981,#981,#983,.T.);
#981 = VERTEX_POINT('',#982);
#982 = CARTESIAN_POINT('',(13.75,37.,1.6));
#983 = SURFACE_CURVE('',#984,(#989,#1000),.PCURVE_S1.);
#984 = CIRCLE('',#985,0.75);
#985 = AXIS2_PLACEMENT_3D('',#986,#987,#988);
#986 = CARTESIAN_POINT('',(13.,37.,1.6));
#987 = DIRECTION('',(0.,0.,-1.));
#988 = DIRECTION('',(1.,0.,0.));
#989 = PCURVE('',#736,#990);
#990 = DEFINITIONAL_REPRESENTATION('',(#991),#999);
#991 = ( BOUNDED_CURVE() B_SPLINE_CURVE(2,(#992,#993,#994,#995,#996,#997
,#998),.UNSPECIFIED.,.T.,.F.) B_SPLINE_CURVE_WITH_KNOTS((1,2,2,2,2,1),(
    -2.094395102393,0.,2.094395102393,4.188790204786,6.28318530718,
8.377580409573),.UNSPECIFIED.) CURVE() GEOMETRIC_REPRESENTATION_ITEM() 
RATIONAL_B_SPLINE_CURVE((1.,0.5,1.,0.5,1.,0.5,1.)) REPRESENTATION_ITEM(
  '') );
#992 = CARTESIAN_POINT('',(13.75,37.));
#993 = CARTESIAN_POINT('',(13.75,35.700961894323));
#994 = CARTESIAN_POINT('',(12.625,36.350480947162));
#995 = CARTESIAN_POINT('',(11.5,37.));
#996 = CARTESIAN_POINT('',(12.625,37.649519052838));
#997 = CARTESIAN_POINT('',(13.75,38.299038105677));
#998 = CARTESIAN_POINT('',(13.75,37.));
#999 = ( GEOMETRIC_REPRESENTATION_CONTEXT(2) 
PARAMETRIC_REPRESENTATION_CONTEXT() REPRESENTATION_CONTEXT('2D SPACE',''
  ) );
#1000 = PCURVE('',#1001,#1006);
#1001 = CYLINDRICAL_SURFACE('',#1002,0.75);
#1002 = AXIS2_PLACEMENT_3D('',#1003,#1004,#1005);
#1003 = CARTESIAN_POINT('',(13.,37.,-0.1));
#1004 = DIRECTION('',(-0.,-0.,-1.));
#1005 = DIRECTION('',(1.,0.,0.));
#1006 = DEFINITIONAL_REPRESENTATION('',(#1007),#1011);
#1007 = LINE('',#1008,#1009);
#1008 = CARTESIAN_POINT('',(-4.138911435803E-13,-1.7));
#1009 = VECTOR('',#1010,1.);
#1010 = DIRECTION('',(1.,-0.));
#1011 = ( GEOMETRIC_REPRESENTATION_CONTEXT(2) 
PARAMETRIC_REPRESENTATION_CONTEXT() REPRESENTATION_CONTEXT('2D SPACE',''
  ) );
#1012 = FACE_BOUND('',#1013,.T.);
#1013 = EDGE_LOOP('',(#1014));
#1014 = ORIENTED_EDGE('',*,*,#1015,.T.);
#1015 = EDGE_CURVE('',#1016,#1016,#1018,.T.);
#1016 = VERTEX_POINT('',#1017);
#1017 = CARTESIAN_POINT('',(13.75,47.,1.6));
#1018 = SURFACE_CURVE('',#1019,(#1024,#1035),.PCURVE_S1.);
#1019 = CIRCLE('',#1020,0.75);
#1020 = AXIS2_PLACEMENT_3D('',#1021,#1022,#1023);
#1021 = CARTESIAN_POINT('',(13.,47.,1.6));
#1022 = DIRECTION('',(0.,0.,-1.));
#1023 = DIRECTION('',(1.,0.,0.));
#1024 = PCURVE('',#736,#1025);
#1025 = DEFINITIONAL_REPRESENTATION('',(#1026),#1034);
#1026 = ( BOUNDED_CURVE() B_SPLINE_CURVE(2,(#1027,#1028,#1029,#1030,
#1031,#1032,#1033),.UNSPECIFIED.,.T.,.F.) B_SPLINE_CURVE_WITH_KNOTS((1,2
    ,2,2,2,1),(-2.094395102393,0.,2.094395102393,4.188790204786,
6.28318530718,8.377580409573),.UNSPECIFIED.) CURVE() 
GEOMETRIC_REPRESENTATION_ITEM() RATIONAL_B_SPLINE_CURVE((1.,0.5,1.,0.5,
1.,0.5,1.)) REPRESENTATION_ITEM('') );
#1027 = CARTESIAN_POINT('',(13.75,47.));
#1028 = CARTESIAN_POINT('',(13.75,45.700961894323));
#1029 = CARTESIAN_POINT('',(12.625,46.350480947162));
#1030 = CARTESIAN_POINT('',(11.5,47.));
#1031 = CARTESIAN_POINT('',(12.625,47.649519052838));
#1032 = CARTESIAN_POINT('',(13.75,48.299038105677));
#1033 = CARTESIAN_POINT('',(13.75,47.));
#1034 = ( GEOMETRIC_REPRESENTATION_CONTEXT(2) 
PARAMETRIC_REPRESENTATION_CONTEXT() REPRESENTATION_CONTEXT('2D SPACE',''
  ) );
#1035 = PCURVE('',#1036,#1041);
#1036 = CYLINDRICAL_SURFACE('',#1037,0.75);
#1037 = AXIS2_PLACEMENT_3D('',#1038,#1039,#1040);
#1038 = CARTESIAN_POINT('',(13.,47.,-0.1));
#1039 = DIRECTION('',(-0.,-0.,-1.));
#1040 = DIRECTION('',(1.,0.,0.));
#1041 = DEFINITIONAL_REPRESENTATION('',(#1042),#1046);
#1042 = LINE('',#1043,#1044);
#1043 = CARTESIAN_POINT('',(-4.138911435803E-13,-1.7));
#1044 = VECTOR('',#1045,1.);
#1045 = DIRECTION('',(1.,-0.));
#1046 = ( GEOMETRIC_REPRESENTATION_CONTEXT(2) 
PARAMETRIC_REPRESENTATION_CONTEXT() REPRESENTATION_CONTEXT('2D SPACE',''
  ) );
#1047 = FACE_BOUND('',#1048,.T.);
#1048 = EDGE_LOOP('',(#1049));
#1049 = ORIENTED_EDGE('',*,*,#1050,.T.);
#1050 = EDGE_CURVE('',#1051,#1051,#1053,.T.);
#1051 = VERTEX_POINT('',#1052);
#1052 = CARTESIAN_POINT('',(13.75,57.,1.6));
#1053 = SURFACE_CURVE('',#1054,(#1059,#1070),.PCURVE_S1.);
#1054 = CIRCLE('',#1055,0.75);
#1055 = AXIS2_PLACEMENT_3D('',#1056,#1057,#1058);
#1056 = CARTESIAN_POINT('',(13.,57.,1.6));
#1057 = DIRECTION('',(0.,0.,-1.));
#1058 = DIRECTION('',(1.,0.,0.));
#1059 = PCURVE('',#736,#1060);
#1060 = DEFINITIONAL_REPRESENTATION('',(#1061),#1069);
#1061 = ( BOUNDED_CURVE() B_SPLINE_CURVE(2,(#1062,#1063,#1064,#1065,
#1066,#1067,#1068),.UNSPECIFIED.,.T.,.F.) B_SPLINE_CURVE_WITH_KNOTS((1,2
    ,2,2,2,1),(-2.094395102393,0.,2.094395102393,4.188790204786,
6.28318530718,8.377580409573),.UNSPECIFIED.) CURVE() 
GEOMETRIC_REPRESENTATION_ITEM() RATIONAL_B_SPLINE_CURVE((1.,0.5,1.,0.5,
1.,0.5,1.)) REPRESENTATION_ITEM('') );
#1062 = CARTESIAN_POINT('',(13.75,57.));
#1063 = CARTESIAN_POINT('',(13.75,55.700961894323));
#1064 = CARTESIAN_POINT('',(12.625,56.350480947162));
#1065 = CARTESIAN_POINT('',(11.5,57.));
#1066 = CARTESIAN_POINT('',(12.625,57.649519052838));
#1067 = CARTESIAN_POINT('',(13.75,58.299038105677));
#1068 = CARTESIAN_POINT('',(13.75,57.));
#1069 = ( GEOMETRIC_REPRESENTATION_CONTEXT(2) 
PARAMETRIC_REPRESENTATION_CONTEXT() REPRESENTATION_CONTEXT('2D SPACE',''
  ) );
#1070 = PCURVE('',#1071,#1076);
#1071 = CYLINDRICAL_SURFACE('',#1072,0.75);
#1072 = AXIS2_PLACEMENT_3D('',#1073,#1074,#1075);
#1073 = CARTESIAN_POINT('',(13.,57.,-0.1));
#1074 = DIRECTION('',(-0.,-0.,-1.));
#1075 = DIRECTION('',(1.,0.,0.));
#1076 = DEFINITIONAL_REPRESENTATION('',(#1077),#1081);
#1077 = LINE('',#1078,#1079);
#1078 = CARTESIAN_POINT('',(-4.138911435803E-13,-1.7));
#1079 = VECTOR('',#1080,1.);
#1080 = DIRECTION('',(1.,-0.));
#1081 = ( GEOMETRIC_REPRESENTATION_CONTEXT(2) 
PARAMETRIC_REPRESENTATION_CONTEXT() REPRESENTATION_CONTEXT('2D SPACE',''
  ) );
#1082 = FACE_BOUND('',#1083,.T.);
#1083 = EDGE_LOOP('',(#1084));
#1084 = ORIENTED_EDGE('',*,*,#1085,.T.);
#1085 = EDGE_CURVE('',#1086,#1086,#1088,.T.);
#1086 = VERTEX_POINT('',#1087);
#1087 = CARTESIAN_POINT('',(25.04,28.,1.6));
#1088 = SURFACE_CURVE('',#1089,(#1094,#1105),.PCURVE_S1.);
#1089 = CIRCLE('',#1090,0.5);
#1090 = AXIS2_PLACEMENT_3D('',#1091,#1092,#1093);
#1091 = CARTESIAN_POINT('',(24.54,28.,1.6));
#1092 = DIRECTION('',(0.,0.,-1.));
#1093 = DIRECTION('',(1.,0.,0.));
#1094 = PCURVE('',#736,#1095);
#1095 = DEFINITIONAL_REPRESENTATION('',(#1096),#1104);
#1096 = ( BOUNDED_CURVE() B_SPLINE_CURVE(2,(#1097,#1098,#1099,#1100,
#1101,#1102,#1103),.UNSPECIFIED.,.T.,.F.) B_SPLINE_CURVE_WITH_KNOTS((1,2
    ,2,2,2,1),(-2.094395102393,0.,2.094395102393,4.188790204786,
6.28318530718,8.377580409573),.UNSPECIFIED.) CURVE() 
GEOMETRIC_REPRESENTATION_ITEM() RATIONAL_B_SPLINE_CURVE((1.,0.5,1.,0.5,
1.,0.5,1.)) REPRESENTATION_ITEM('') );
#1097 = CARTESIAN_POINT('',(25.04,28.));
#1098 = CARTESIAN_POINT('',(25.04,27.133974596216));
#1099 = CARTESIAN_POINT('',(24.29,27.566987298108));
#1100 = CARTESIAN_POINT('',(23.54,28.));
#1101 = CARTESIAN_POINT('',(24.29,28.433012701892));
#1102 = CARTESIAN_POINT('',(25.04,28.866025403784));
#1103 = CARTESIAN_POINT('',(25.04,28.));
#1104 = ( GEOMETRIC_REPRESENTATION_CONTEXT(2) 
PARAMETRIC_REPRESENTATION_CONTEXT() REPRESENTATION_CONTEXT('2D SPACE',''
  ) );
#1105 = PCURVE('',#1106,#1111);
#1106 = CYLINDRICAL_SURFACE('',#1107,0.5);
#1107 = AXIS2_PLACEMENT_3D('',#1108,#1109,#1110);
#1108 = CARTESIAN_POINT('',(24.54,28.,-0.1));
#1109 = DIRECTION('',(-0.,-0.,-1.));
#1110 = DIRECTION('',(1.,0.,0.));
#1111 = DEFINITIONAL_REPRESENTATION('',(#1112),#1116);
#1112 = LINE('',#1113,#1114);
#1113 = CARTESIAN_POINT('',(-4.138911435803E-13,-1.7));
#1114 = VECTOR('',#1115,1.);
#1115 = DIRECTION('',(1.,-0.));
#1116 = ( GEOMETRIC_REPRESENTATION_CONTEXT(2) 
PARAMETRIC_REPRESENTATION_CONTEXT() REPRESENTATION_CONTEXT('2D SPACE',''
  ) );
#1117 = FACE_BOUND('',#1118,.T.);
#1118 = EDGE_LOOP('',(#1119));
#1119 = ORIENTED_EDGE('',*,*,#1120,.T.);
#1120 = EDGE_CURVE('',#1121,#1121,#1123,.T.);
#1121 = VERTEX_POINT('',#1122);
#1122 = CARTESIAN_POINT('',(35.4,29.,1.6));
#1123 = SURFACE_CURVE('',#1124,(#1129,#1140),.PCURVE_S1.);
#1124 = CIRCLE('',#1125,0.4);
#1125 = AXIS2_PLACEMENT_3D('',#1126,#1127,#1128);
#1126 = CARTESIAN_POINT('',(35.,29.,1.6));
#1127 = DIRECTION('',(0.,0.,-1.));
#1128 = DIRECTION('',(1.,0.,0.));
#1129 = PCURVE('',#736,#1130);
#1130 = DEFINITIONAL_REPRESENTATION('',(#1131),#1139);
#1131 = ( BOUNDED_CURVE() B_SPLINE_CURVE(2,(#1132,#1133,#1134,#1135,
#1136,#1137,#1138),.UNSPECIFIED.,.T.,.F.) B_SPLINE_CURVE_WITH_KNOTS((1,2
    ,2,2,2,1),(-2.094395102393,0.,2.094395102393,4.188790204786,
6.28318530718,8.377580409573),.UNSPECIFIED.) CURVE() 
GEOMETRIC_REPRESENTATION_ITEM() RATIONAL_B_SPLINE_CURVE((1.,0.5,1.,0.5,
1.,0.5,1.)) REPRESENTATION_ITEM('') );
#1132 = CARTESIAN_POINT('',(35.4,29.));
#1133 = CARTESIAN_POINT('',(35.4,28.307179676972));
#1134 = CARTESIAN_POINT('',(34.8,28.653589838486));
#1135 = CARTESIAN_POINT('',(34.2,29.));
#1136 = CARTESIAN_POINT('',(34.8,29.346410161514));
#1137 = CARTESIAN_POINT('',(35.4,29.692820323028));
#1138 = CARTESIAN_POINT('',(35.4,29.));
#1139 = ( GEOMETRIC_REPRESENTATION_CONTEXT(2) 
PARAMETRIC_REPRESENTATION_CONTEXT() REPRESENTATION_CONTEXT('2D SPACE',''
  ) );
#1140 = PCURVE('',#1141,#1146);
#1141 = CYLINDRICAL_SURFACE('',#1142,0.4);
#1142 = AXIS2_PLACEMENT_3D('',#1143,#1144,#1145);
#1143 = CARTESIAN_POINT('',(35.,29.,-0.1));
#1144 = DIRECTION('',(-0.,-0.,-1.));
#1145 = DIRECTION('',(1.,0.,0.));
#1146 = DEFINITIONAL_REPRESENTATION('',(#1147),#1151);
#1147 = LINE('',#1148,#1149);
#1148 = CARTESIAN_POINT('',(-4.138911435803E-13,-1.7));
#1149 = VECTOR('',#1150,1.);
#1150 = DIRECTION('',(1.,-0.));
#1151 = ( GEOMETRIC_REPRESENTATION_CONTEXT(2) 
PARAMETRIC_REPRESENTATION_CONTEXT() REPRESENTATION_CONTEXT('2D SPACE',''
  ) );
#1152 = FACE_BOUND('',#1153,.T.);
#1153 = EDGE_LOOP('',(#1154));
#1154 = ORIENTED_EDGE('',*,*,#1155,.T.);
#1155 = EDGE_CURVE('',#1156,#1156,#1158,.T.);
#1156 = VERTEX_POINT('',#1157);
#1157 = CARTESIAN_POINT('',(37.9,29.,1.6));
#1158 = SURFACE_CURVE('',#1159,(#1164,#1175),.PCURVE_S1.);
#1159 = CIRCLE('',#1160,0.4);
#1160 = AXIS2_PLACEMENT_3D('',#1161,#1162,#1163);
#1161 = CARTESIAN_POINT('',(37.5,29.,1.6));
#1162 = DIRECTION('',(0.,0.,-1.));
#1163 = DIRECTION('',(1.,0.,0.));
#1164 = PCURVE('',#736,#1165);
#1165 = DEFINITIONAL_REPRESENTATION('',(#1166),#1174);
#1166 = ( BOUNDED_CURVE() B_SPLINE_CURVE(2,(#1167,#1168,#1169,#1170,
#1171,#1172,#1173),.UNSPECIFIED.,.T.,.F.) B_SPLINE_CURVE_WITH_KNOTS((1,2
    ,2,2,2,1),(-2.094395102393,0.,2.094395102393,4.188790204786,
6.28318530718,8.377580409573),.UNSPECIFIED.) CURVE() 
GEOMETRIC_REPRESENTATION_ITEM() RATIONAL_B_SPLINE_CURVE((1.,0.5,1.,0.5,
1.,0.5,1.)) REPRESENTATION_ITEM('') );
#1167 = CARTESIAN_POINT('',(37.9,29.));
#1168 = CARTESIAN_POINT('',(37.9,28.307179676972));
#1169 = CARTESIAN_POINT('',(37.3,28.653589838486));
#1170 = CARTESIAN_POINT('',(36.7,29.));
#1171 = CARTESIAN_POINT('',(37.3,29.346410161514));
#1172 = CARTESIAN_POINT('',(37.9,29.692820323028));
#1173 = CARTESIAN_POINT('',(37.9,29.));
#1174 = ( GEOMETRIC_REPRESENTATION_CONTEXT(2) 
PARAMETRIC_REPRESENTATION_CONTEXT() REPRESENTATION_CONTEXT('2D SPACE',''
  ) );
#1175 = PCURVE('',#1176,#1181);
#1176 = CYLINDRICAL_SURFACE('',#1177,0.4);
#1177 = AXIS2_PLACEMENT_3D('',#1178,#1179,#1180);
#1178 = CARTESIAN_POINT('',(37.5,29.,-0.1));
#1179 = DIRECTION('',(-0.,-0.,-1.));
#1180 = DIRECTION('',(1.,0.,0.));
#1181 = DEFINITIONAL_REPRESENTATION('',(#1182),#1186);
#1182 = LINE('',#1183,#1184);
#1183 = CARTESIAN_POINT('',(-4.138911435803E-13,-1.7));
#1184 = VECTOR('',#1185,1.);
#1185 = DIRECTION('',(1.,-0.));
#1186 = ( GEOMETRIC_REPRESENTATION_CONTEXT(2) 
PARAMETRIC_REPRESENTATION_CONTEXT() REPRESENTATION_CONTEXT('2D SPACE',''
  ) );
#1187 = FACE_BOUND('',#1188,.T.);
#1188 = EDGE_LOOP('',(#1189));
#1189 = ORIENTED_EDGE('',*,*,#1190,.T.);
#1190 = EDGE_CURVE('',#1191,#1191,#1193,.T.);
#1191 = VERTEX_POINT('',#1192);
#1192 = CARTESIAN_POINT('',(31.75,37.,1.6));
#1193 = SURFACE_CURVE('',#1194,(#1199,#1210),.PCURVE_S1.);
#1194 = CIRCLE('',#1195,0.75);
#1195 = AXIS2_PLACEMENT_3D('',#1196,#1197,#1198);
#1196 = CARTESIAN_POINT('',(31.,37.,1.6));
#1197 = DIRECTION('',(0.,0.,-1.));
#1198 = DIRECTION('',(1.,0.,0.));
#1199 = PCURVE('',#736,#1200);
#1200 = DEFINITIONAL_REPRESENTATION('',(#1201),#1209);
#1201 = ( BOUNDED_CURVE() B_SPLINE_CURVE(2,(#1202,#1203,#1204,#1205,
#1206,#1207,#1208),.UNSPECIFIED.,.T.,.F.) B_SPLINE_CURVE_WITH_KNOTS((1,2
    ,2,2,2,1),(-2.094395102393,0.,2.094395102393,4.188790204786,
6.28318530718,8.377580409573),.UNSPECIFIED.) CURVE() 
GEOMETRIC_REPRESENTATION_ITEM() RATIONAL_B_SPLINE_CURVE((1.,0.5,1.,0.5,
1.,0.5,1.)) REPRESENTATION_ITEM('') );
#1202 = CARTESIAN_POINT('',(31.75,37.));
#1203 = CARTESIAN_POINT('',(31.75,35.700961894323));
#1204 = CARTESIAN_POINT('',(30.625,36.350480947162));
#1205 = CARTESIAN_POINT('',(29.5,37.));
#1206 = CARTESIAN_POINT('',(30.625,37.649519052838));
#1207 = CARTESIAN_POINT('',(31.75,38.299038105677));
#1208 = CARTESIAN_POINT('',(31.75,37.));
#1209 = ( GEOMETRIC_REPRESENTATION_CONTEXT(2) 
PARAMETRIC_REPRESENTATION_CONTEXT() REPRESENTATION_CONTEXT('2D SPACE',''
  ) );
#1210 = PCURVE('',#1211,#1216);
#1211 = CYLINDRICAL_SURFACE('',#1212,0.75);
#1212 = AXIS2_PLACEMENT_3D('',#1213,#1214,#1215);
#1213 = CARTESIAN_POINT('',(31.,37.,-0.1));
#1214 = DIRECTION('',(-0.,-0.,-1.));
#1215 = DIRECTION('',(1.,0.,0.));
#1216 = DEFINITIONAL_REPRESENTATION('',(#1217),#1221);
#1217 = LINE('',#1218,#1219);
#1218 = CARTESIAN_POINT('',(-4.138911435803E-13,-1.7));
#1219 = VECTOR('',#1220,1.);
#1220 = DIRECTION('',(1.,-0.));
#1221 = ( GEOMETRIC_REPRESENTATION_CONTEXT(2) 
PARAMETRIC_REPRESENTATION_CONTEXT() REPRESENTATION_CONTEXT('2D SPACE',''
  ) );
#1222 = FACE_BOUND('',#1223,.T.);
#1223 = EDGE_LOOP('',(#1224));
#1224 = ORIENTED_EDGE('',*,*,#1225,.T.);
#1225 = EDGE_CURVE('',#1226,#1226,#1228,.T.);
#1226 = VERTEX_POINT('',#1227);
#1227 = CARTESIAN_POINT('',(31.75,47.,1.6));
#1228 = SURFACE_CURVE('',#1229,(#1234,#1245),.PCURVE_S1.);
#1229 = CIRCLE('',#1230,0.75);
#1230 = AXIS2_PLACEMENT_3D('',#1231,#1232,#1233);
#1231 = CARTESIAN_POINT('',(31.,47.,1.6));
#1232 = DIRECTION('',(0.,0.,-1.));
#1233 = DIRECTION('',(1.,0.,0.));
#1234 = PCURVE('',#736,#1235);
#1235 = DEFINITIONAL_REPRESENTATION('',(#1236),#1244);
#1236 = ( BOUNDED_CURVE() B_SPLINE_CURVE(2,(#1237,#1238,#1239,#1240,
#1241,#1242,#1243),.UNSPECIFIED.,.T.,.F.) B_SPLINE_CURVE_WITH_KNOTS((1,2
    ,2,2,2,1),(-2.094395102393,0.,2.094395102393,4.188790204786,
6.28318530718,8.377580409573),.UNSPECIFIED.) CURVE() 
GEOMETRIC_REPRESENTATION_ITEM() RATIONAL_B_SPLINE_CURVE((1.,0.5,1.,0.5,
1.,0.5,1.)) REPRESENTATION_ITEM('') );
#1237 = CARTESIAN_POINT('',(31.75,47.));
#1238 = CARTESIAN_POINT('',(31.75,45.700961894323));
#1239 = CARTESIAN_POINT('',(30.625,46.350480947162));
#1240 = CARTESIAN_POINT('',(29.5,47.));
#1241 = CARTESIAN_POINT('',(30.625,47.649519052838));
#1242 = CARTESIAN_POINT('',(31.75,48.299038105677));
#1243 = CARTESIAN_POINT('',(31.75,47.));
#1244 = ( GEOMETRIC_REPRESENTATION_CONTEXT(2) 
PARAMETRIC_REPRESENTATION_CONTEXT() REPRESENTATION_CONTEXT('2D SPACE',''
  ) );
#1245 = PCURVE('',#1246,#1251);
#1246 = CYLINDRICAL_SURFACE('',#1247,0.75);
#1247 = AXIS2_PLACEMENT_3D('',#1248,#1249,#1250);
#1248 = CARTESIAN_POINT('',(31.,47.,-0.1));
#1249 = DIRECTION('',(-0.,-0.,-1.));
#1250 = DIRECTION('',(1.,0.,0.));
#1251 = DEFINITIONAL_REPRESENTATION('',(#1252),#1256);
#1252 = LINE('',#1253,#1254);
#1253 = CARTESIAN_POINT('',(-4.138911435803E-13,-1.7));
#1254 = VECTOR('',#1255,1.);
#1255 = DIRECTION('',(1.,-0.));
#1256 = ( GEOMETRIC_REPRESENTATION_CONTEXT(2) 
PARAMETRIC_REPRESENTATION_CONTEXT() REPRESENTATION_CONTEXT('2D SPACE',''
  ) );
#1257 = FACE_BOUND('',#1258,.T.);
#1258 = EDGE_LOOP('',(#1259));
#1259 = ORIENTED_EDGE('',*,*,#1260,.T.);
#1260 = EDGE_CURVE('',#1261,#1261,#1263,.T.);
#1261 = VERTEX_POINT('',#1262);
#1262 = CARTESIAN_POINT('',(31.75,57.,1.6));
#1263 = SURFACE_CURVE('',#1264,(#1269,#1280),.PCURVE_S1.);
#1264 = CIRCLE('',#1265,0.75);
#1265 = AXIS2_PLACEMENT_3D('',#1266,#1267,#1268);
#1266 = CARTESIAN_POINT('',(31.,57.,1.6));
#1267 = DIRECTION('',(0.,0.,-1.));
#1268 = DIRECTION('',(1.,0.,0.));
#1269 = PCURVE('',#736,#1270);
#1270 = DEFINITIONAL_REPRESENTATION('',(#1271),#1279);
#1271 = ( BOUNDED_CURVE() B_SPLINE_CURVE(2,(#1272,#1273,#1274,#1275,
#1276,#1277,#1278),.UNSPECIFIED.,.T.,.F.) B_SPLINE_CURVE_WITH_KNOTS((1,2
    ,2,2,2,1),(-2.094395102393,0.,2.094395102393,4.188790204786,
6.28318530718,8.377580409573),.UNSPECIFIED.) CURVE() 
GEOMETRIC_REPRESENTATION_ITEM() RATIONAL_B_SPLINE_CURVE((1.,0.5,1.,0.5,
1.,0.5,1.)) REPRESENTATION_ITEM('') );
#1272 = CARTESIAN_POINT('',(31.75,57.));
#1273 = CARTESIAN_POINT('',(31.75,55.700961894323));
#1274 = CARTESIAN_POINT('',(30.625,56.350480947162));
#1275 = CARTESIAN_POINT('',(29.5,57.));
#1276 = CARTESIAN_POINT('',(30.625,57.649519052838));
#1277 = CARTESIAN_POINT('',(31.75,58.299038105677));
#1278 = CARTESIAN_POINT('',(31.75,57.));
#1279 = ( GEOMETRIC_REPRESENTATION_CONTEXT(2) 
PARAMETRIC_REPRESENTATION_CONTEXT() REPRESENTATION_CONTEXT('2D SPACE',''
  ) );
#1280 = PCURVE('',#1281,#1286);
#1281 = CYLINDRICAL_SURFACE('',#1282,0.75);
#1282 = AXIS2_PLACEMENT_3D('',#1283,#1284,#1285);
#1283 = CARTESIAN_POINT('',(31.,57.,-0.1));
#1284 = DIRECTION('',(-0.,-0.,-1.));
#1285 = DIRECTION('',(1.,0.,0.));
#1286 = DEFINITIONAL_REPRESENTATION('',(#1287),#1291);
#1287 = LINE('',#1288,#1289);
#1288 = CARTESIAN_POINT('',(-4.138911435803E-13,-1.7));
#1289 = VECTOR('',#1290,1.);
#1290 = DIRECTION('',(1.,-0.));
#1291 = ( GEOMETRIC_REPRESENTATION_CONTEXT(2) 
PARAMETRIC_REPRESENTATION_CONTEXT() REPRESENTATION_CONTEXT('2D SPACE',''
  ) );
#1292 = FACE_BOUND('',#1293,.T.);
#1293 = EDGE_LOOP('',(#1294));
#1294 = ORIENTED_EDGE('',*,*,#1295,.T.);
#1295 = EDGE_CURVE('',#1296,#1296,#1298,.T.);
#1296 = VERTEX_POINT('',#1297);
#1297 = CARTESIAN_POINT('',(13.75,67.,1.6));
#1298 = SURFACE_CURVE('',#1299,(#1304,#1315),.PCURVE_S1.);
#1299 = CIRCLE('',#1300,0.75);
#1300 = AXIS2_PLACEMENT_3D('',#1301,#1302,#1303);
#1301 = CARTESIAN_POINT('',(13.,67.,1.6));
#1302 = DIRECTION('',(0.,0.,-1.));
#1303 = DIRECTION('',(1.,0.,0.));
#1304 = PCURVE('',#736,#1305);
#1305 = DEFINITIONAL_REPRESENTATION('',(#1306),#1314);
#1306 = ( BOUNDED_CURVE() B_SPLINE_CURVE(2,(#1307,#1308,#1309,#1310,
#1311,#1312,#1313),.UNSPECIFIED.,.T.,.F.) B_SPLINE_CURVE_WITH_KNOTS((1,2
    ,2,2,2,1),(-2.094395102393,0.,2.094395102393,4.188790204786,
6.28318530718,8.377580409573),.UNSPECIFIED.) CURVE() 
GEOMETRIC_REPRESENTATION_ITEM() RATIONAL_B_SPLINE_CURVE((1.,0.5,1.,0.5,
1.,0.5,1.)) REPRESENTATION_ITEM('') );
#1307 = CARTESIAN_POINT('',(13.75,67.));
#1308 = CARTESIAN_POINT('',(13.75,65.700961894323));
#1309 = CARTESIAN_POINT('',(12.625,66.350480947162));
#1310 = CARTESIAN_POINT('',(11.5,67.));
#1311 = CARTESIAN_POINT('',(12.625,67.649519052838));
#1312 = CARTESIAN_POINT('',(13.75,68.299038105677));
#1313 = CARTESIAN_POINT('',(13.75,67.));
#1314 = ( GEOMETRIC_REPRESENTATION_CONTEXT(2) 
PARAMETRIC_REPRESENTATION_CONTEXT() REPRESENTATION_CONTEXT('2D SPACE',''
  ) );
#1315 = PCURVE('',#1316,#1321);
#1316 = CYLINDRICAL_SURFACE('',#1317,0.75);
#1317 = AXIS2_PLACEMENT_3D('',#1318,#1319,#1320);
#1318 = CARTESIAN_POINT('',(13.,67.,-0.1));
#1319 = DIRECTION('',(-0.,-0.,-1.));
#1320 = DIRECTION('',(1.,0.,0.));
#1321 = DEFINITIONAL_REPRESENTATION('',(#1322),#1326);
#1322 = LINE('',#1323,#1324);
#1323 = CARTESIAN_POINT('',(-4.138911435803E-13,-1.7));
#1324 = VECTOR('',#1325,1.);
#1325 = DIRECTION('',(1.,-0.));
#1326 = ( GEOMETRIC_REPRESENTATION_CONTEXT(2) 
PARAMETRIC_REPRESENTATION_CONTEXT() REPRESENTATION_CONTEXT('2D SPACE',''
  ) );
#1327 = FACE_BOUND('',#1328,.T.);
#1328 = EDGE_LOOP('',(#1329));
#1329 = ORIENTED_EDGE('',*,*,#1330,.T.);
#1330 = EDGE_CURVE('',#1331,#1331,#1333,.T.);
#1331 = VERTEX_POINT('',#1332);
#1332 = CARTESIAN_POINT('',(13.75,77.,1.6));
#1333 = SURFACE_CURVE('',#1334,(#1339,#1350),.PCURVE_S1.);
#1334 = CIRCLE('',#1335,0.75);
#1335 = AXIS2_PLACEMENT_3D('',#1336,#1337,#1338);
#1336 = CARTESIAN_POINT('',(13.,77.,1.6));
#1337 = DIRECTION('',(0.,0.,-1.));
#1338 = DIRECTION('',(1.,0.,0.));
#1339 = PCURVE('',#736,#1340);
#1340 = DEFINITIONAL_REPRESENTATION('',(#1341),#1349);
#1341 = ( BOUNDED_CURVE() B_SPLINE_CURVE(2,(#1342,#1343,#1344,#1345,
#1346,#1347,#1348),.UNSPECIFIED.,.T.,.F.) B_SPLINE_CURVE_WITH_KNOTS((1,2
    ,2,2,2,1),(-2.094395102393,0.,2.094395102393,4.188790204786,
6.28318530718,8.377580409573),.UNSPECIFIED.) CURVE() 
GEOMETRIC_REPRESENTATION_ITEM() RATIONAL_B_SPLINE_CURVE((1.,0.5,1.,0.5,
1.,0.5,1.)) REPRESENTATION_ITEM('') );
#1342 = CARTESIAN_POINT('',(13.75,77.));
#1343 = CARTESIAN_POINT('',(13.75,75.700961894323));
#1344 = CARTESIAN_POINT('',(12.625,76.350480947162));
#1345 = CARTESIAN_POINT('',(11.5,77.));
#1346 = CARTESIAN_POINT('',(12.625,77.649519052838));
#1347 = CARTESIAN_POINT('',(13.75,78.299038105677));
#1348 = CARTESIAN_POINT('',(13.75,77.));
#1349 = ( GEOMETRIC_REPRESENTATION_CONTEXT(2) 
PARAMETRIC_REPRESENTATION_CONTEXT() REPRESENTATION_CONTEXT('2D SPACE',''
  ) );
#1350 = PCURVE('',#1351,#1356);
#1351 = CYLINDRICAL_SURFACE('',#1352,0.75);
#1352 = AXIS2_PLACEMENT_3D('',#1353,#1354,#1355);
#1353 = CARTESIAN_POINT('',(13.,77.,-0.1));
#1354 = DIRECTION('',(-0.,-0.,-1.));
#1355 = DIRECTION('',(1.,0.,0.));
#1356 = DEFINITIONAL_REPRESENTATION('',(#1357),#1361);
#1357 = LINE('',#1358,#1359);
#1358 = CARTESIAN_POINT('',(-4.138911435803E-13,-1.7));
#1359 = VECTOR('',#1360,1.);
#1360 = DIRECTION('',(1.,-0.));
#1361 = ( GEOMETRIC_REPRESENTATION_CONTEXT(2) 
PARAMETRIC_REPRESENTATION_CONTEXT() REPRESENTATION_CONTEXT('2D SPACE',''
  ) );
#1362 = FACE_BOUND('',#1363,.T.);
#1363 = EDGE_LOOP('',(#1364));
#1364 = ORIENTED_EDGE('',*,*,#1365,.T.);
#1365 = EDGE_CURVE('',#1366,#1366,#1368,.T.);
#1366 = VERTEX_POINT('',#1367);
#1367 = CARTESIAN_POINT('',(13.75,87.,1.6));
#1368 = SURFACE_CURVE('',#1369,(#1374,#1385),.PCURVE_S1.);
#1369 = CIRCLE('',#1370,0.75);
#1370 = AXIS2_PLACEMENT_3D('',#1371,#1372,#1373);
#1371 = CARTESIAN_POINT('',(13.,87.,1.6));
#1372 = DIRECTION('',(0.,0.,-1.));
#1373 = DIRECTION('',(1.,0.,0.));
#1374 = PCURVE('',#736,#1375);
#1375 = DEFINITIONAL_REPRESENTATION('',(#1376),#1384);
#1376 = ( BOUNDED_CURVE() B_SPLINE_CURVE(2,(#1377,#1378,#1379,#1380,
#1381,#1382,#1383),.UNSPECIFIED.,.T.,.F.) B_SPLINE_CURVE_WITH_KNOTS((1,2
    ,2,2,2,1),(-2.094395102393,0.,2.094395102393,4.188790204786,
6.28318530718,8.377580409573),.UNSPECIFIED.) CURVE() 
GEOMETRIC_REPRESENTATION_ITEM() RATIONAL_B_SPLINE_CURVE((1.,0.5,1.,0.5,
1.,0.5,1.)) REPRESENTATION_ITEM('') );
#1377 = CARTESIAN_POINT('',(13.75,87.));
#1378 = CARTESIAN_POINT('',(13.75,85.700961894323));
#1379 = CARTESIAN_POINT('',(12.625,86.350480947162));
#1380 = CARTESIAN_POINT('',(11.5,87.));
#1381 = CARTESIAN_POINT('',(12.625,87.649519052838));
#1382 = CARTESIAN_POINT('',(13.75,88.299038105677));
#1383 = CARTESIAN_POINT('',(13.75,87.));
#1384 = ( GEOMETRIC_REPRESENTATION_CONTEXT(2) 
PARAMETRIC_REPRESENTATION_CONTEXT() REPRESENTATION_CONTEXT('2D SPACE',''
  ) );
#1385 = PCURVE('',#1386,#1391);
#1386 = CYLINDRICAL_SURFACE('',#1387,0.75);
#1387 = AXIS2_PLACEMENT_3D('',#1388,#1389,#1390);
#1388 = CARTESIAN_POINT('',(13.,87.,-0.1));
#1389 = DIRECTION('',(-0.,-0.,-1.));
#1390 = DIRECTION('',(1.,0.,0.));
#1391 = DEFINITIONAL_REPRESENTATION('',(#1392),#1396);
#1392 = LINE('',#1393,#1394);
#1393 = CARTESIAN_POINT('',(-4.138911435803E-13,-1.7));
#1394 = VECTOR('',#1395,1.);
#1395 = DIRECTION('',(1.,-0.));
#1396 = ( GEOMETRIC_REPRESENTATION_CONTEXT(2) 
PARAMETRIC_REPRESENTATION_CONTEXT() REPRESENTATION_CONTEXT('2D SPACE',''
  ) );
#1397 = FACE_BOUND('',#1398,.T.);
#1398 = EDGE_LOOP('',(#1399));
#1399 = ORIENTED_EDGE('',*,*,#1400,.T.);
#1400 = EDGE_CURVE('',#1401,#1401,#1403,.T.);
#1401 = VERTEX_POINT('',#1402);
#1402 = CARTESIAN_POINT('',(13.75,97.,1.6));
#1403 = SURFACE_CURVE('',#1404,(#1409,#1420),.PCURVE_S1.);
#1404 = CIRCLE('',#1405,0.75);
#1405 = AXIS2_PLACEMENT_3D('',#1406,#1407,#1408);
#1406 = CARTESIAN_POINT('',(13.,97.,1.6));
#1407 = DIRECTION('',(0.,0.,-1.));
#1408 = DIRECTION('',(1.,0.,0.));
#1409 = PCURVE('',#736,#1410);
#1410 = DEFINITIONAL_REPRESENTATION('',(#1411),#1419);
#1411 = ( BOUNDED_CURVE() B_SPLINE_CURVE(2,(#1412,#1413,#1414,#1415,
#1416,#1417,#1418),.UNSPECIFIED.,.T.,.F.) B_SPLINE_CURVE_WITH_KNOTS((1,2
    ,2,2,2,1),(-2.094395102393,0.,2.094395102393,4.188790204786,
6.28318530718,8.377580409573),.UNSPECIFIED.) CURVE() 
GEOMETRIC_REPRESENTATION_ITEM() RATIONAL_B_SPLINE_CURVE((1.,0.5,1.,0.5,
1.,0.5,1.)) REPRESENTATION_ITEM('') );
#1412 = CARTESIAN_POINT('',(13.75,97.));
#1413 = CARTESIAN_POINT('',(13.75,95.700961894323));
#1414 = CARTESIAN_POINT('',(12.625,96.350480947162));
#1415 = CARTESIAN_POINT('',(11.5,97.));
#1416 = CARTESIAN_POINT('',(12.625,97.649519052838));
#1417 = CARTESIAN_POINT('',(13.75,98.299038105677));
#1418 = CARTESIAN_POINT('',(13.75,97.));
#1419 = ( GEOMETRIC_REPRESENTATION_CONTEXT(2) 
PARAMETRIC_REPRESENTATION_CONTEXT() REPRESENTATION_CONTEXT('2D SPACE',''
  ) );
#1420 = PCURVE('',#1421,#1426);
#1421 = CYLINDRICAL_SURFACE('',#1422,0.75);
#1422 = AXIS2_PLACEMENT_3D('',#1423,#1424,#1425);
#1423 = CARTESIAN_POINT('',(13.,97.,-0.1));
#1424 = DIRECTION('',(-0.,-0.,-1.));
#1425 = DIRECTION('',(1.,0.,0.));
#1426 = DEFINITIONAL_REPRESENTATION('',(#1427),#1431);
#1427 = LINE('',#1428,#1429);
#1428 = CARTESIAN_POINT('',(-4.138911435803E-13,-1.7));
#1429 = VECTOR('',#1430,1.);
#1430 = DIRECTION('',(1.,-0.));
#1431 = ( GEOMETRIC_REPRESENTATION_CONTEXT(2) 
PARAMETRIC_REPRESENTATION_CONTEXT() REPRESENTATION_CONTEXT('2D SPACE',''
  ) );
#1432 = FACE_BOUND('',#1433,.T.);
#1433 = EDGE_LOOP('',(#1434));
#1434 = ORIENTED_EDGE('',*,*,#1435,.T.);
#1435 = EDGE_CURVE('',#1436,#1436,#1438,.T.);
#1436 = VERTEX_POINT('',#1437);
#1437 = CARTESIAN_POINT('',(13.75,107.,1.6));
#1438 = SURFACE_CURVE('',#1439,(#1444,#1455),.PCURVE_S1.);
#1439 = CIRCLE('',#1440,0.75);
#1440 = AXIS2_PLACEMENT_3D('',#1441,#1442,#1443);
#1441 = CARTESIAN_POINT('',(13.,107.,1.6));
#1442 = DIRECTION('',(0.,0.,-1.));
#1443 = DIRECTION('',(1.,0.,0.));
#1444 = PCURVE('',#736,#1445);
#1445 = DEFINITIONAL_REPRESENTATION('',(#1446),#1454);
#1446 = ( BOUNDED_CURVE() B_SPLINE_CURVE(2,(#1447,#1448,#1449,#1450,
#1451,#1452,#1453),.UNSPECIFIED.,.T.,.F.) B_SPLINE_CURVE_WITH_KNOTS((1,2
    ,2,2,2,1),(-2.094395102393,0.,2.094395102393,4.188790204786,
6.28318530718,8.377580409573),.UNSPECIFIED.) CURVE() 
GEOMETRIC_REPRESENTATION_ITEM() RATIONAL_B_SPLINE_CURVE((1.,0.5,1.,0.5,
1.,0.5,1.)) REPRESENTATION_ITEM('') );
#1447 = CARTESIAN_POINT('',(13.75,107.));
#1448 = CARTESIAN_POINT('',(13.75,105.70096189432));
#1449 = CARTESIAN_POINT('',(12.625,106.35048094716));
#1450 = CARTESIAN_POINT('',(11.5,107.));
#1451 = CARTESIAN_POINT('',(12.625,107.64951905283));
#1452 = CARTESIAN_POINT('',(13.75,108.29903810567));
#1453 = CARTESIAN_POINT('',(13.75,107.));
#1454 = ( GEOMETRIC_REPRESENTATION_CONTEXT(2) 
PARAMETRIC_REPRESENTATION_CONTEXT() REPRESENTATION_CONTEXT('2D SPACE',''
  ) );
#1455 = PCURVE('',#1456,#1461);
#1456 = CYLINDRICAL_SURFACE('',#1457,0.75);
#1457 = AXIS2_PLACEMENT_3D('',#1458,#1459,#1460);
#1458 = CARTESIAN_POINT('',(13.,107.,-0.1));
#1459 = DIRECTION('',(-0.,-0.,-1.));
#1460 = DIRECTION('',(1.,0.,0.));
#1461 = DEFINITIONAL_REPRESENTATION('',(#1462),#1466);
#1462 = LINE('',#1463,#1464);
#1463 = CARTESIAN_POINT('',(-4.138911435803E-13,-1.7));
#1464 = VECTOR('',#1465,1.);
#1465 = DIRECTION('',(1.,-0.));
#1466 = ( GEOMETRIC_REPRESENTATION_CONTEXT(2) 
PARAMETRIC_REPRESENTATION_CONTEXT() REPRESENTATION_CONTEXT('2D SPACE',''
  ) );
#1467 = FACE_BOUND('',#1468,.T.);
#1468 = EDGE_LOOP('',(#1469));
#1469 = ORIENTED_EDGE('',*,*,#1470,.T.);
#1470 = EDGE_CURVE('',#1471,#1471,#1473,.T.);
#1471 = VERTEX_POINT('',#1472);
#1472 = CARTESIAN_POINT('',(31.75,67.,1.6));
#1473 = SURFACE_CURVE('',#1474,(#1479,#1490),.PCURVE_S1.);
#1474 = CIRCLE('',#1475,0.75);
#1475 = AXIS2_PLACEMENT_3D('',#1476,#1477,#1478);
#1476 = CARTESIAN_POINT('',(31.,67.,1.6));
#1477 = DIRECTION('',(0.,0.,-1.));
#1478 = DIRECTION('',(1.,0.,0.));
#1479 = PCURVE('',#736,#1480);
#1480 = DEFINITIONAL_REPRESENTATION('',(#1481),#1489);
#1481 = ( BOUNDED_CURVE() B_SPLINE_CURVE(2,(#1482,#1483,#1484,#1485,
#1486,#1487,#1488),.UNSPECIFIED.,.T.,.F.) B_SPLINE_CURVE_WITH_KNOTS((1,2
    ,2,2,2,1),(-2.094395102393,0.,2.094395102393,4.188790204786,
6.28318530718,8.377580409573),.UNSPECIFIED.) CURVE() 
GEOMETRIC_REPRESENTATION_ITEM() RATIONAL_B_SPLINE_CURVE((1.,0.5,1.,0.5,
1.,0.5,1.)) REPRESENTATION_ITEM('') );
#1482 = CARTESIAN_POINT('',(31.75,67.));
#1483 = CARTESIAN_POINT('',(31.75,65.700961894323));
#1484 = CARTESIAN_POINT('',(30.625,66.350480947162));
#1485 = CARTESIAN_POINT('',(29.5,67.));
#1486 = CARTESIAN_POINT('',(30.625,67.649519052838));
#1487 = CARTESIAN_POINT('',(31.75,68.299038105677));
#1488 = CARTESIAN_POINT('',(31.75,67.));
#1489 = ( GEOMETRIC_REPRESENTATION_CONTEXT(2) 
PARAMETRIC_REPRESENTATION_CONTEXT() REPRESENTATION_CONTEXT('2D SPACE',''
  ) );
#1490 = PCURVE('',#1491,#1496);
#1491 = CYLINDRICAL_SURFACE('',#1492,0.75);
#1492 = AXIS2_PLACEMENT_3D('',#1493,#1494,#1495);
#1493 = CARTESIAN_POINT('',(31.,67.,-0.1));
#1494 = DIRECTION('',(-0.,-0.,-1.));
#1495 = DIRECTION('',(1.,0.,0.));
#1496 = DEFINITIONAL_REPRESENTATION('',(#1497),#1501);
#1497 = LINE('',#1498,#1499);
#1498 = CARTESIAN_POINT('',(-4.138911435803E-13,-1.7));
#1499 = VECTOR('',#1500,1.);
#1500 = DIRECTION('',(1.,-0.));
#1501 = ( GEOMETRIC_REPRESENTATION_CONTEXT(2) 
PARAMETRIC_REPRESENTATION_CONTEXT() REPRESENTATION_CONTEXT('2D SPACE',''
  ) );
#1502 = FACE_BOUND('',#1503,.T.);
#1503 = EDGE_LOOP('',(#1504));
#1504 = ORIENTED_EDGE('',*,*,#1505,.T.);
#1505 = EDGE_CURVE('',#1506,#1506,#1508,.T.);
#1506 = VERTEX_POINT('',#1507);
#1507 = CARTESIAN_POINT('',(31.75,77.,1.6));
#1508 = SURFACE_CURVE('',#1509,(#1514,#1525),.PCURVE_S1.);
#1509 = CIRCLE('',#1510,0.75);
#1510 = AXIS2_PLACEMENT_3D('',#1511,#1512,#1513);
#1511 = CARTESIAN_POINT('',(31.,77.,1.6));
#1512 = DIRECTION('',(0.,0.,-1.));
#1513 = DIRECTION('',(1.,0.,0.));
#1514 = PCURVE('',#736,#1515);
#1515 = DEFINITIONAL_REPRESENTATION('',(#1516),#1524);
#1516 = ( BOUNDED_CURVE() B_SPLINE_CURVE(2,(#1517,#1518,#1519,#1520,
#1521,#1522,#1523),.UNSPECIFIED.,.T.,.F.) B_SPLINE_CURVE_WITH_KNOTS((1,2
    ,2,2,2,1),(-2.094395102393,0.,2.094395102393,4.188790204786,
6.28318530718,8.377580409573),.UNSPECIFIED.) CURVE() 
GEOMETRIC_REPRESENTATION_ITEM() RATIONAL_B_SPLINE_CURVE((1.,0.5,1.,0.5,
1.,0.5,1.)) REPRESENTATION_ITEM('') );
#1517 = CARTESIAN_POINT('',(31.75,77.));
#1518 = CARTESIAN_POINT('',(31.75,75.700961894323));
#1519 = CARTESIAN_POINT('',(30.625,76.350480947162));
#1520 = CARTESIAN_POINT('',(29.5,77.));
#1521 = CARTESIAN_POINT('',(30.625,77.649519052838));
#1522 = CARTESIAN_POINT('',(31.75,78.299038105677));
#1523 = CARTESIAN_POINT('',(31.75,77.));
#1524 = ( GEOMETRIC_REPRESENTATION_CONTEXT(2) 
PARAMETRIC_REPRESENTATION_CONTEXT() REPRESENTATION_CONTEXT('2D SPACE',''
  ) );
#1525 = PCURVE('',#1526,#1531);
#1526 = CYLINDRICAL_SURFACE('',#1527,0.75);
#1527 = AXIS2_PLACEMENT_3D('',#1528,#1529,#1530);
#1528 = CARTESIAN_POINT('',(31.,77.,-0.1));
#1529 = DIRECTION('',(-0.,-0.,-1.));
#1530 = DIRECTION('',(1.,0.,0.));
#1531 = DEFINITIONAL_REPRESENTATION('',(#1532),#1536);
#1532 = LINE('',#1533,#1534);
#1533 = CARTESIAN_POINT('',(-4.138911435803E-13,-1.7));
#1534 = VECTOR('',#1535,1.);
#1535 = DIRECTION('',(1.,-0.));
#1536 = ( GEOMETRIC_REPRESENTATION_CONTEXT(2) 
PARAMETRIC_REPRESENTATION_CONTEXT() REPRESENTATION_CONTEXT('2D SPACE',''
  ) );
#1537 = FACE_BOUND('',#1538,.T.);
#1538 = EDGE_LOOP('',(#1539));
#1539 = ORIENTED_EDGE('',*,*,#1540,.T.);
#1540 = EDGE_CURVE('',#1541,#1541,#1543,.T.);
#1541 = VERTEX_POINT('',#1542);
#1542 = CARTESIAN_POINT('',(31.75,87.,1.6));
#1543 = SURFACE_CURVE('',#1544,(#1549,#1560),.PCURVE_S1.);
#1544 = CIRCLE('',#1545,0.75);
#1545 = AXIS2_PLACEMENT_3D('',#1546,#1547,#1548);
#1546 = CARTESIAN_POINT('',(31.,87.,1.6));
#1547 = DIRECTION('',(0.,0.,-1.));
#1548 = DIRECTION('',(1.,0.,0.));
#1549 = PCURVE('',#736,#1550);
#1550 = DEFINITIONAL_REPRESENTATION('',(#1551),#1559);
#1551 = ( BOUNDED_CURVE() B_SPLINE_CURVE(2,(#1552,#1553,#1554,#1555,
#1556,#1557,#1558),.UNSPECIFIED.,.T.,.F.) B_SPLINE_CURVE_WITH_KNOTS((1,2
    ,2,2,2,1),(-2.094395102393,0.,2.094395102393,4.188790204786,
6.28318530718,8.377580409573),.UNSPECIFIED.) CURVE() 
GEOMETRIC_REPRESENTATION_ITEM() RATIONAL_B_SPLINE_CURVE((1.,0.5,1.,0.5,
1.,0.5,1.)) REPRESENTATION_ITEM('') );
#1552 = CARTESIAN_POINT('',(31.75,87.));
#1553 = CARTESIAN_POINT('',(31.75,85.700961894323));
#1554 = CARTESIAN_POINT('',(30.625,86.350480947162));
#1555 = CARTESIAN_POINT('',(29.5,87.));
#1556 = CARTESIAN_POINT('',(30.625,87.649519052838));
#1557 = CARTESIAN_POINT('',(31.75,88.299038105677));
#1558 = CARTESIAN_POINT('',(31.75,87.));
#1559 = ( GEOMETRIC_REPRESENTATION_CONTEXT(2) 
PARAMETRIC_REPRESENTATION_CONTEXT() REPRESENTATION_CONTEXT('2D SPACE',''
  ) );
#1560 = PCURVE('',#1561,#1566);
#1561 = CYLINDRICAL_SURFACE('',#1562,0.75);
#1562 = AXIS2_PLACEMENT_3D('',#1563,#1564,#1565);
#1563 = CARTESIAN_POINT('',(31.,87.,-0.1));
#1564 = DIRECTION('',(-0.,-0.,-1.));
#1565 = DIRECTION('',(1.,0.,0.));
#1566 = DEFINITIONAL_REPRESENTATION('',(#1567),#1571);
#1567 = LINE('',#1568,#1569);
#1568 = CARTESIAN_POINT('',(-4.138911435803E-13,-1.7));
#1569 = VECTOR('',#1570,1.);
#1570 = DIRECTION('',(1.,-0.));
#1571 = ( GEOMETRIC_REPRESENTATION_CONTEXT(2) 
PARAMETRIC_REPRESENTATION_CONTEXT() REPRESENTATION_CONTEXT('2D SPACE',''
  ) );
#1572 = FACE_BOUND('',#1573,.T.);
#1573 = EDGE_LOOP('',(#1574));
#1574 = ORIENTED_EDGE('',*,*,#1575,.T.);
#1575 = EDGE_CURVE('',#1576,#1576,#1578,.T.);
#1576 = VERTEX_POINT('',#1577);
#1577 = CARTESIAN_POINT('',(31.75,97.,1.6));
#1578 = SURFACE_CURVE('',#1579,(#1584,#1595),.PCURVE_S1.);
#1579 = CIRCLE('',#1580,0.75);
#1580 = AXIS2_PLACEMENT_3D('',#1581,#1582,#1583);
#1581 = CARTESIAN_POINT('',(31.,97.,1.6));
#1582 = DIRECTION('',(0.,0.,-1.));
#1583 = DIRECTION('',(1.,0.,0.));
#1584 = PCURVE('',#736,#1585);
#1585 = DEFINITIONAL_REPRESENTATION('',(#1586),#1594);
#1586 = ( BOUNDED_CURVE() B_SPLINE_CURVE(2,(#1587,#1588,#1589,#1590,
#1591,#1592,#1593),.UNSPECIFIED.,.T.,.F.) B_SPLINE_CURVE_WITH_KNOTS((1,2
    ,2,2,2,1),(-2.094395102393,0.,2.094395102393,4.188790204786,
6.28318530718,8.377580409573),.UNSPECIFIED.) CURVE() 
GEOMETRIC_REPRESENTATION_ITEM() RATIONAL_B_SPLINE_CURVE((1.,0.5,1.,0.5,
1.,0.5,1.)) REPRESENTATION_ITEM('') );
#1587 = CARTESIAN_POINT('',(31.75,97.));
#1588 = CARTESIAN_POINT('',(31.75,95.700961894323));
#1589 = CARTESIAN_POINT('',(30.625,96.350480947162));
#1590 = CARTESIAN_POINT('',(29.5,97.));
#1591 = CARTESIAN_POINT('',(30.625,97.649519052838));
#1592 = CARTESIAN_POINT('',(31.75,98.299038105677));
#1593 = CARTESIAN_POINT('',(31.75,97.));
#1594 = ( GEOMETRIC_REPRESENTATION_CONTEXT(2) 
PARAMETRIC_REPRESENTATION_CONTEXT() REPRESENTATION_CONTEXT('2D SPACE',''
  ) );
#1595 = PCURVE('',#1596,#1601);
#1596 = CYLINDRICAL_SURFACE('',#1597,0.75);
#1597 = AXIS2_PLACEMENT_3D('',#1598,#1599,#1600);
#1598 = CARTESIAN_POINT('',(31.,97.,-0.1));
#1599 = DIRECTION('',(-0.,-0.,-1.));
#1600 = DIRECTION('',(1.,0.,0.));
#1601 = DEFINITIONAL_REPRESENTATION('',(#1602),#1606);
#1602 = LINE('',#1603,#1604);
#1603 = CARTESIAN_POINT('',(-4.138911435803E-13,-1.7));
#1604 = VECTOR('',#1605,1.);
#1605 = DIRECTION('',(1.,-0.));
#1606 = ( GEOMETRIC_REPRESENTATION_CONTEXT(2) 
PARAMETRIC_REPRESENTATION_CONTEXT() REPRESENTATION_CONTEXT('2D SPACE',''
  ) );
#1607 = FACE_BOUND('',#1608,.T.);
#1608 = EDGE_LOOP('',(#1609));
#1609 = ORIENTED_EDGE('',*,*,#1610,.T.);
#1610 = EDGE_CURVE('',#1611,#1611,#1613,.T.);
#1611 = VERTEX_POINT('',#1612);
#1612 = CARTESIAN_POINT('',(31.75,107.,1.6));
#1613 = SURFACE_CURVE('',#1614,(#1619,#1630),.PCURVE_S1.);
#1614 = CIRCLE('',#1615,0.75);
#1615 = AXIS2_PLACEMENT_3D('',#1616,#1617,#1618);
#1616 = CARTESIAN_POINT('',(31.,107.,1.6));
#1617 = DIRECTION('',(0.,0.,-1.));
#1618 = DIRECTION('',(1.,0.,0.));
#1619 = PCURVE('',#736,#1620);
#1620 = DEFINITIONAL_REPRESENTATION('',(#1621),#1629);
#1621 = ( BOUNDED_CURVE() B_SPLINE_CURVE(2,(#1622,#1623,#1624,#1625,
#1626,#1627,#1628),.UNSPECIFIED.,.T.,.F.) B_SPLINE_CURVE_WITH_KNOTS((1,2
    ,2,2,2,1),(-2.094395102393,0.,2.094395102393,4.188790204786,
6.28318530718,8.377580409573),.UNSPECIFIED.) CURVE() 
GEOMETRIC_REPRESENTATION_ITEM() RATIONAL_B_SPLINE_CURVE((1.,0.5,1.,0.5,
1.,0.5,1.)) REPRESENTATION_ITEM('') );
#1622 = CARTESIAN_POINT('',(31.75,107.));
#1623 = CARTESIAN_POINT('',(31.75,105.70096189432));
#1624 = CARTESIAN_POINT('',(30.625,106.35048094716));
#1625 = CARTESIAN_POINT('',(29.5,107.));
#1626 = CARTESIAN_POINT('',(30.625,107.64951905283));
#1627 = CARTESIAN_POINT('',(31.75,108.29903810567));
#1628 = CARTESIAN_POINT('',(31.75,107.));
#1629 = ( GEOMETRIC_REPRESENTATION_CONTEXT(2) 
PARAMETRIC_REPRESENTATION_CONTEXT() REPRESENTATION_CONTEXT('2D SPACE',''
  ) );
#1630 = PCURVE('',#1631,#1636);
#1631 = CYLINDRICAL_SURFACE('',#1632,0.75);
#1632 = AXIS2_PLACEMENT_3D('',#1633,#1634,#1635);
#1633 = CARTESIAN_POINT('',(31.,107.,-0.1));
#1634 = DIRECTION('',(-0.,-0.,-1.));
#1635 = DIRECTION('',(1.,0.,0.));
#1636 = DEFINITIONAL_REPRESENTATION('',(#1637),#1641);
#1637 = LINE('',#1638,#1639);
#1638 = CARTESIAN_POINT('',(-4.138911435803E-13,-1.7));
#1639 = VECTOR('',#1640,1.);
#1640 = DIRECTION('',(1.,-0.));
#1641 = ( GEOMETRIC_REPRESENTATION_CONTEXT(2) 
PARAMETRIC_REPRESENTATION_CONTEXT() REPRESENTATION_CONTEXT('2D SPACE',''
  ) );
#1642 = FACE_BOUND('',#1643,.T.);
#1643 = EDGE_LOOP('',(#1644));
#1644 = ORIENTED_EDGE('',*,*,#1645,.T.);
#1645 = EDGE_CURVE('',#1646,#1646,#1648,.T.);
#1646 = VERTEX_POINT('',#1647);
#1647 = CARTESIAN_POINT('',(59.959999,28.,1.6));
#1648 = SURFACE_CURVE('',#1649,(#1654,#1665),.PCURVE_S1.);
#1649 = CIRCLE('',#1650,0.5);
#1650 = AXIS2_PLACEMENT_3D('',#1651,#1652,#1653);
#1651 = CARTESIAN_POINT('',(59.459999,28.,1.6));
#1652 = DIRECTION('',(0.,0.,-1.));
#1653 = DIRECTION('',(1.,0.,0.));
#1654 = PCURVE('',#736,#1655);
#1655 = DEFINITIONAL_REPRESENTATION('',(#1656),#1664);
#1656 = ( BOUNDED_CURVE() B_SPLINE_CURVE(2,(#1657,#1658,#1659,#1660,
#1661,#1662,#1663),.UNSPECIFIED.,.T.,.F.) B_SPLINE_CURVE_WITH_KNOTS((1,2
    ,2,2,2,1),(-2.094395102393,0.,2.094395102393,4.188790204786,
6.28318530718,8.377580409573),.UNSPECIFIED.) CURVE() 
GEOMETRIC_REPRESENTATION_ITEM() RATIONAL_B_SPLINE_CURVE((1.,0.5,1.,0.5,
1.,0.5,1.)) REPRESENTATION_ITEM('') );
#1657 = CARTESIAN_POINT('',(59.959999,28.));
#1658 = CARTESIAN_POINT('',(59.959999,27.133974596216));
#1659 = CARTESIAN_POINT('',(59.209999,27.566987298108));
#1660 = CARTESIAN_POINT('',(58.459999,28.));
#1661 = CARTESIAN_POINT('',(59.209999,28.433012701892));
#1662 = CARTESIAN_POINT('',(59.959999,28.866025403784));
#1663 = CARTESIAN_POINT('',(59.959999,28.));
#1664 = ( GEOMETRIC_REPRESENTATION_CONTEXT(2) 
PARAMETRIC_REPRESENTATION_CONTEXT() REPRESENTATION_CONTEXT('2D SPACE',''
  ) );
#1665 = PCURVE('',#1666,#1671);
#1666 = CYLINDRICAL_SURFACE('',#1667,0.5);
#1667 = AXIS2_PLACEMENT_3D('',#1668,#1669,#1670);
#1668 = CARTESIAN_POINT('',(59.459999,28.,-0.1));
#1669 = DIRECTION('',(-0.,-0.,-1.));
#1670 = DIRECTION('',(1.,0.,0.));
#1671 = DEFINITIONAL_REPRESENTATION('',(#1672),#1676);
#1672 = LINE('',#1673,#1674);
#1673 = CARTESIAN_POINT('',(-4.138911435803E-13,-1.7));
#1674 = VECTOR('',#1675,1.);
#1675 = DIRECTION('',(1.,-0.));
#1676 = ( GEOMETRIC_REPRESENTATION_CONTEXT(2) 
PARAMETRIC_REPRESENTATION_CONTEXT() REPRESENTATION_CONTEXT('2D SPACE',''
  ) );
#1677 = FACE_BOUND('',#1678,.T.);
#1678 = EDGE_LOOP('',(#1679));
#1679 = ORIENTED_EDGE('',*,*,#1680,.T.);
#1680 = EDGE_CURVE('',#1681,#1681,#1683,.T.);
#1681 = VERTEX_POINT('',#1682);
#1682 = CARTESIAN_POINT('',(53.75,37.,1.6));
#1683 = SURFACE_CURVE('',#1684,(#1689,#1700),.PCURVE_S1.);
#1684 = CIRCLE('',#1685,0.75);
#1685 = AXIS2_PLACEMENT_3D('',#1686,#1687,#1688);
#1686 = CARTESIAN_POINT('',(53.,37.,1.6));
#1687 = DIRECTION('',(0.,0.,-1.));
#1688 = DIRECTION('',(1.,0.,0.));
#1689 = PCURVE('',#736,#1690);
#1690 = DEFINITIONAL_REPRESENTATION('',(#1691),#1699);
#1691 = ( BOUNDED_CURVE() B_SPLINE_CURVE(2,(#1692,#1693,#1694,#1695,
#1696,#1697,#1698),.UNSPECIFIED.,.T.,.F.) B_SPLINE_CURVE_WITH_KNOTS((1,2
    ,2,2,2,1),(-2.094395102393,0.,2.094395102393,4.188790204786,
6.28318530718,8.377580409573),.UNSPECIFIED.) CURVE() 
GEOMETRIC_REPRESENTATION_ITEM() RATIONAL_B_SPLINE_CURVE((1.,0.5,1.,0.5,
1.,0.5,1.)) REPRESENTATION_ITEM('') );
#1692 = CARTESIAN_POINT('',(53.75,37.));
#1693 = CARTESIAN_POINT('',(53.75,35.700961894323));
#1694 = CARTESIAN_POINT('',(52.625,36.350480947162));
#1695 = CARTESIAN_POINT('',(51.5,37.));
#1696 = CARTESIAN_POINT('',(52.625,37.649519052838));
#1697 = CARTESIAN_POINT('',(53.75,38.299038105677));
#1698 = CARTESIAN_POINT('',(53.75,37.));
#1699 = ( GEOMETRIC_REPRESENTATION_CONTEXT(2) 
PARAMETRIC_REPRESENTATION_CONTEXT() REPRESENTATION_CONTEXT('2D SPACE',''
  ) );
#1700 = PCURVE('',#1701,#1706);
#1701 = CYLINDRICAL_SURFACE('',#1702,0.75);
#1702 = AXIS2_PLACEMENT_3D('',#1703,#1704,#1705);
#1703 = CARTESIAN_POINT('',(53.,37.,-0.1));
#1704 = DIRECTION('',(-0.,-0.,-1.));
#1705 = DIRECTION('',(1.,0.,0.));
#1706 = DEFINITIONAL_REPRESENTATION('',(#1707),#1711);
#1707 = LINE('',#1708,#1709);
#1708 = CARTESIAN_POINT('',(-4.138911435803E-13,-1.7));
#1709 = VECTOR('',#1710,1.);
#1710 = DIRECTION('',(1.,-0.));
#1711 = ( GEOMETRIC_REPRESENTATION_CONTEXT(2) 
PARAMETRIC_REPRESENTATION_CONTEXT() REPRESENTATION_CONTEXT('2D SPACE',''
  ) );
#1712 = FACE_BOUND('',#1713,.T.);
#1713 = EDGE_LOOP('',(#1714));
#1714 = ORIENTED_EDGE('',*,*,#1715,.T.);
#1715 = EDGE_CURVE('',#1716,#1716,#1718,.T.);
#1716 = VERTEX_POINT('',#1717);
#1717 = CARTESIAN_POINT('',(53.75,47.,1.6));
#1718 = SURFACE_CURVE('',#1719,(#1724,#1735),.PCURVE_S1.);
#1719 = CIRCLE('',#1720,0.75);
#1720 = AXIS2_PLACEMENT_3D('',#1721,#1722,#1723);
#1721 = CARTESIAN_POINT('',(53.,47.,1.6));
#1722 = DIRECTION('',(0.,0.,-1.));
#1723 = DIRECTION('',(1.,0.,0.));
#1724 = PCURVE('',#736,#1725);
#1725 = DEFINITIONAL_REPRESENTATION('',(#1726),#1734);
#1726 = ( BOUNDED_CURVE() B_SPLINE_CURVE(2,(#1727,#1728,#1729,#1730,
#1731,#1732,#1733),.UNSPECIFIED.,.T.,.F.) B_SPLINE_CURVE_WITH_KNOTS((1,2
    ,2,2,2,1),(-2.094395102393,0.,2.094395102393,4.188790204786,
6.28318530718,8.377580409573),.UNSPECIFIED.) CURVE() 
GEOMETRIC_REPRESENTATION_ITEM() RATIONAL_B_SPLINE_CURVE((1.,0.5,1.,0.5,
1.,0.5,1.)) REPRESENTATION_ITEM('') );
#1727 = CARTESIAN_POINT('',(53.75,47.));
#1728 = CARTESIAN_POINT('',(53.75,45.700961894323));
#1729 = CARTESIAN_POINT('',(52.625,46.350480947162));
#1730 = CARTESIAN_POINT('',(51.5,47.));
#1731 = CARTESIAN_POINT('',(52.625,47.649519052838));
#1732 = CARTESIAN_POINT('',(53.75,48.299038105677));
#1733 = CARTESIAN_POINT('',(53.75,47.));
#1734 = ( GEOMETRIC_REPRESENTATION_CONTEXT(2) 
PARAMETRIC_REPRESENTATION_CONTEXT() REPRESENTATION_CONTEXT('2D SPACE',''
  ) );
#1735 = PCURVE('',#1736,#1741);
#1736 = CYLINDRICAL_SURFACE('',#1737,0.75);
#1737 = AXIS2_PLACEMENT_3D('',#1738,#1739,#1740);
#1738 = CARTESIAN_POINT('',(53.,47.,-0.1));
#1739 = DIRECTION('',(-0.,-0.,-1.));
#1740 = DIRECTION('',(1.,0.,0.));
#1741 = DEFINITIONAL_REPRESENTATION('',(#1742),#1746);
#1742 = LINE('',#1743,#1744);
#1743 = CARTESIAN_POINT('',(-4.138911435803E-13,-1.7));
#1744 = VECTOR('',#1745,1.);
#1745 = DIRECTION('',(1.,-0.));
#1746 = ( GEOMETRIC_REPRESENTATION_CONTEXT(2) 
PARAMETRIC_REPRESENTATION_CONTEXT() REPRESENTATION_CONTEXT('2D SPACE',''
  ) );
#1747 = FACE_BOUND('',#1748,.T.);
#1748 = EDGE_LOOP('',(#1749));
#1749 = ORIENTED_EDGE('',*,*,#1750,.T.);
#1750 = EDGE_CURVE('',#1751,#1751,#1753,.T.);
#1751 = VERTEX_POINT('',#1752);
#1752 = CARTESIAN_POINT('',(53.75,57.,1.6));
#1753 = SURFACE_CURVE('',#1754,(#1759,#1770),.PCURVE_S1.);
#1754 = CIRCLE('',#1755,0.75);
#1755 = AXIS2_PLACEMENT_3D('',#1756,#1757,#1758);
#1756 = CARTESIAN_POINT('',(53.,57.,1.6));
#1757 = DIRECTION('',(0.,0.,-1.));
#1758 = DIRECTION('',(1.,0.,0.));
#1759 = PCURVE('',#736,#1760);
#1760 = DEFINITIONAL_REPRESENTATION('',(#1761),#1769);
#1761 = ( BOUNDED_CURVE() B_SPLINE_CURVE(2,(#1762,#1763,#1764,#1765,
#1766,#1767,#1768),.UNSPECIFIED.,.T.,.F.) B_SPLINE_CURVE_WITH_KNOTS((1,2
    ,2,2,2,1),(-2.094395102393,0.,2.094395102393,4.188790204786,
6.28318530718,8.377580409573),.UNSPECIFIED.) CURVE() 
GEOMETRIC_REPRESENTATION_ITEM() RATIONAL_B_SPLINE_CURVE((1.,0.5,1.,0.5,
1.,0.5,1.)) REPRESENTATION_ITEM('') );
#1762 = CARTESIAN_POINT('',(53.75,57.));
#1763 = CARTESIAN_POINT('',(53.75,55.700961894323));
#1764 = CARTESIAN_POINT('',(52.625,56.350480947162));
#1765 = CARTESIAN_POINT('',(51.5,57.));
#1766 = CARTESIAN_POINT('',(52.625,57.649519052838));
#1767 = CARTESIAN_POINT('',(53.75,58.299038105677));
#1768 = CARTESIAN_POINT('',(53.75,57.));
#1769 = ( GEOMETRIC_REPRESENTATION_CONTEXT(2) 
PARAMETRIC_REPRESENTATION_CONTEXT() REPRESENTATION_CONTEXT('2D SPACE',''
  ) );
#1770 = PCURVE('',#1771,#1776);
#1771 = CYLINDRICAL_SURFACE('',#1772,0.75);
#1772 = AXIS2_PLACEMENT_3D('',#1773,#1774,#1775);
#1773 = CARTESIAN_POINT('',(53.,57.,-0.1));
#1774 = DIRECTION('',(-0.,-0.,-1.));
#1775 = DIRECTION('',(1.,0.,0.));
#1776 = DEFINITIONAL_REPRESENTATION('',(#1777),#1781);
#1777 = LINE('',#1778,#1779);
#1778 = CARTESIAN_POINT('',(-4.138911435803E-13,-1.7));
#1779 = VECTOR('',#1780,1.);
#1780 = DIRECTION('',(1.,-0.));
#1781 = ( GEOMETRIC_REPRESENTATION_CONTEXT(2) 
PARAMETRIC_REPRESENTATION_CONTEXT() REPRESENTATION_CONTEXT('2D SPACE',''
  ) );
#1782 = FACE_BOUND('',#1783,.T.);
#1783 = EDGE_LOOP('',(#1784));
#1784 = ORIENTED_EDGE('',*,*,#1785,.T.);
#1785 = EDGE_CURVE('',#1786,#1786,#1788,.T.);
#1786 = VERTEX_POINT('',#1787);
#1787 = CARTESIAN_POINT('',(62.499999,28.,1.6));
#1788 = SURFACE_CURVE('',#1789,(#1794,#1805),.PCURVE_S1.);
#1789 = CIRCLE('',#1790,0.5);
#1790 = AXIS2_PLACEMENT_3D('',#1791,#1792,#1793);
#1791 = CARTESIAN_POINT('',(61.999999,28.,1.6));
#1792 = DIRECTION('',(0.,0.,-1.));
#1793 = DIRECTION('',(1.,0.,0.));
#1794 = PCURVE('',#736,#1795);
#1795 = DEFINITIONAL_REPRESENTATION('',(#1796),#1804);
#1796 = ( BOUNDED_CURVE() B_SPLINE_CURVE(2,(#1797,#1798,#1799,#1800,
#1801,#1802,#1803),.UNSPECIFIED.,.T.,.F.) B_SPLINE_CURVE_WITH_KNOTS((1,2
    ,2,2,2,1),(-2.094395102393,0.,2.094395102393,4.188790204786,
6.28318530718,8.377580409573),.UNSPECIFIED.) CURVE() 
GEOMETRIC_REPRESENTATION_ITEM() RATIONAL_B_SPLINE_CURVE((1.,0.5,1.,0.5,
1.,0.5,1.)) REPRESENTATION_ITEM('') );
#1797 = CARTESIAN_POINT('',(62.499999,28.));
#1798 = CARTESIAN_POINT('',(62.499999,27.133974596216));
#1799 = CARTESIAN_POINT('',(61.749999,27.566987298108));
#1800 = CARTESIAN_POINT('',(60.999999,28.));
#1801 = CARTESIAN_POINT('',(61.749999,28.433012701892));
#1802 = CARTESIAN_POINT('',(62.499999,28.866025403784));
#1803 = CARTESIAN_POINT('',(62.499999,28.));
#1804 = ( GEOMETRIC_REPRESENTATION_CONTEXT(2) 
PARAMETRIC_REPRESENTATION_CONTEXT() REPRESENTATION_CONTEXT('2D SPACE',''
  ) );
#1805 = PCURVE('',#1806,#1811);
#1806 = CYLINDRICAL_SURFACE('',#1807,0.5);
#1807 = AXIS2_PLACEMENT_3D('',#1808,#1809,#1810);
#1808 = CARTESIAN_POINT('',(61.999999,28.,-0.1));
#1809 = DIRECTION('',(-0.,-0.,-1.));
#1810 = DIRECTION('',(1.,0.,0.));
#1811 = DEFINITIONAL_REPRESENTATION('',(#1812),#1816);
#1812 = LINE('',#1813,#1814);
#1813 = CARTESIAN_POINT('',(-4.138911435803E-13,-1.7));
#1814 = VECTOR('',#1815,1.);
#1815 = DIRECTION('',(1.,-0.));
#1816 = ( GEOMETRIC_REPRESENTATION_CONTEXT(2) 
PARAMETRIC_REPRESENTATION_CONTEXT() REPRESENTATION_CONTEXT('2D SPACE',''
  ) );
#1817 = FACE_BOUND('',#1818,.T.);
#1818 = EDGE_LOOP('',(#1819));
#1819 = ORIENTED_EDGE('',*,*,#1820,.T.);
#1820 = EDGE_CURVE('',#1821,#1821,#1823,.T.);
#1821 = VERTEX_POINT('',#1822);
#1822 = CARTESIAN_POINT('',(65.039999,28.,1.6));
#1823 = SURFACE_CURVE('',#1824,(#1829,#1840),.PCURVE_S1.);
#1824 = CIRCLE('',#1825,0.5);
#1825 = AXIS2_PLACEMENT_3D('',#1826,#1827,#1828);
#1826 = CARTESIAN_POINT('',(64.539999,28.,1.6));
#1827 = DIRECTION('',(0.,0.,-1.));
#1828 = DIRECTION('',(1.,0.,0.));
#1829 = PCURVE('',#736,#1830);
#1830 = DEFINITIONAL_REPRESENTATION('',(#1831),#1839);
#1831 = ( BOUNDED_CURVE() B_SPLINE_CURVE(2,(#1832,#1833,#1834,#1835,
#1836,#1837,#1838),.UNSPECIFIED.,.T.,.F.) B_SPLINE_CURVE_WITH_KNOTS((1,2
    ,2,2,2,1),(-2.094395102393,0.,2.094395102393,4.188790204786,
6.28318530718,8.377580409573),.UNSPECIFIED.) CURVE() 
GEOMETRIC_REPRESENTATION_ITEM() RATIONAL_B_SPLINE_CURVE((1.,0.5,1.,0.5,
1.,0.5,1.)) REPRESENTATION_ITEM('') );
#1832 = CARTESIAN_POINT('',(65.039999,28.));
#1833 = CARTESIAN_POINT('',(65.039999,27.133974596216));
#1834 = CARTESIAN_POINT('',(64.289999,27.566987298108));
#1835 = CARTESIAN_POINT('',(63.539999,28.));
#1836 = CARTESIAN_POINT('',(64.289999,28.433012701892));
#1837 = CARTESIAN_POINT('',(65.039999,28.866025403784));
#1838 = CARTESIAN_POINT('',(65.039999,28.));
#1839 = ( GEOMETRIC_REPRESENTATION_CONTEXT(2) 
PARAMETRIC_REPRESENTATION_CONTEXT() REPRESENTATION_CONTEXT('2D SPACE',''
  ) );
#1840 = PCURVE('',#1841,#1846);
#1841 = CYLINDRICAL_SURFACE('',#1842,0.5);
#1842 = AXIS2_PLACEMENT_3D('',#1843,#1844,#1845);
#1843 = CARTESIAN_POINT('',(64.539999,28.,-0.1));
#1844 = DIRECTION('',(-0.,-0.,-1.));
#1845 = DIRECTION('',(1.,0.,0.));
#1846 = DEFINITIONAL_REPRESENTATION('',(#1847),#1851);
#1847 = LINE('',#1848,#1849);
#1848 = CARTESIAN_POINT('',(-4.138911435803E-13,-1.7));
#1849 = VECTOR('',#1850,1.);
#1850 = DIRECTION('',(1.,-0.));
#1851 = ( GEOMETRIC_REPRESENTATION_CONTEXT(2) 
PARAMETRIC_REPRESENTATION_CONTEXT() REPRESENTATION_CONTEXT('2D SPACE',''
  ) );
#1852 = FACE_BOUND('',#1853,.T.);
#1853 = EDGE_LOOP('',(#1854));
#1854 = ORIENTED_EDGE('',*,*,#1855,.T.);
#1855 = EDGE_CURVE('',#1856,#1856,#1858,.T.);
#1856 = VERTEX_POINT('',#1857);
#1857 = CARTESIAN_POINT('',(79.6,11.,1.6));
#1858 = SURFACE_CURVE('',#1859,(#1864,#1875),.PCURVE_S1.);
#1859 = CIRCLE('',#1860,1.6);
#1860 = AXIS2_PLACEMENT_3D('',#1861,#1862,#1863);
#1861 = CARTESIAN_POINT('',(78.,11.,1.6));
#1862 = DIRECTION('',(0.,0.,-1.));
#1863 = DIRECTION('',(1.,0.,0.));
#1864 = PCURVE('',#736,#1865);
#1865 = DEFINITIONAL_REPRESENTATION('',(#1866),#1874);
#1866 = ( BOUNDED_CURVE() B_SPLINE_CURVE(2,(#1867,#1868,#1869,#1870,
#1871,#1872,#1873),.UNSPECIFIED.,.T.,.F.) B_SPLINE_CURVE_WITH_KNOTS((1,2
    ,2,2,2,1),(-2.094395102393,0.,2.094395102393,4.188790204786,
6.28318530718,8.377580409573),.UNSPECIFIED.) CURVE() 
GEOMETRIC_REPRESENTATION_ITEM() RATIONAL_B_SPLINE_CURVE((1.,0.5,1.,0.5,
1.,0.5,1.)) REPRESENTATION_ITEM('') );
#1867 = CARTESIAN_POINT('',(79.6,11.));
#1868 = CARTESIAN_POINT('',(79.6,8.22871870789));
#1869 = CARTESIAN_POINT('',(77.2,9.614359353945));
#1870 = CARTESIAN_POINT('',(74.8,11.));
#1871 = CARTESIAN_POINT('',(77.2,12.385640646055));
#1872 = CARTESIAN_POINT('',(79.6,13.77128129211));
#1873 = CARTESIAN_POINT('',(79.6,11.));
#1874 = ( GEOMETRIC_REPRESENTATION_CONTEXT(2) 
PARAMETRIC_REPRESENTATION_CONTEXT() REPRESENTATION_CONTEXT('2D SPACE',''
  ) );
#1875 = PCURVE('',#1876,#1881);
#1876 = CYLINDRICAL_SURFACE('',#1877,1.6);
#1877 = AXIS2_PLACEMENT_3D('',#1878,#1879,#1880);
#1878 = CARTESIAN_POINT('',(78.,11.,-0.1));
#1879 = DIRECTION('',(-0.,-0.,-1.));
#1880 = DIRECTION('',(1.,0.,0.));
#1881 = DEFINITIONAL_REPRESENTATION('',(#1882),#1886);
#1882 = LINE('',#1883,#1884);
#1883 = CARTESIAN_POINT('',(-4.138911435803E-13,-1.7));
#1884 = VECTOR('',#1885,1.);
#1885 = DIRECTION('',(1.,-0.));
#1886 = ( GEOMETRIC_REPRESENTATION_CONTEXT(2) 
PARAMETRIC_REPRESENTATION_CONTEXT() REPRESENTATION_CONTEXT('2D SPACE',''
  ) );
#1887 = FACE_BOUND('',#1888,.T.);
#1888 = EDGE_LOOP('',(#1889));
#1889 = ORIENTED_EDGE('',*,*,#1890,.T.);
#1890 = EDGE_CURVE('',#1891,#1891,#1893,.T.);
#1891 = VERTEX_POINT('',#1892);
#1892 = CARTESIAN_POINT('',(75.4,29.,1.6));
#1893 = SURFACE_CURVE('',#1894,(#1899,#1910),.PCURVE_S1.);
#1894 = CIRCLE('',#1895,0.4);
#1895 = AXIS2_PLACEMENT_3D('',#1896,#1897,#1898);
#1896 = CARTESIAN_POINT('',(75.,29.,1.6));
#1897 = DIRECTION('',(0.,0.,-1.));
#1898 = DIRECTION('',(1.,0.,0.));
#1899 = PCURVE('',#736,#1900);
#1900 = DEFINITIONAL_REPRESENTATION('',(#1901),#1909);
#1901 = ( BOUNDED_CURVE() B_SPLINE_CURVE(2,(#1902,#1903,#1904,#1905,
#1906,#1907,#1908),.UNSPECIFIED.,.T.,.F.) B_SPLINE_CURVE_WITH_KNOTS((1,2
    ,2,2,2,1),(-2.094395102393,0.,2.094395102393,4.188790204786,
6.28318530718,8.377580409573),.UNSPECIFIED.) CURVE() 
GEOMETRIC_REPRESENTATION_ITEM() RATIONAL_B_SPLINE_CURVE((1.,0.5,1.,0.5,
1.,0.5,1.)) REPRESENTATION_ITEM('') );
#1902 = CARTESIAN_POINT('',(75.4,29.));
#1903 = CARTESIAN_POINT('',(75.4,28.307179676972));
#1904 = CARTESIAN_POINT('',(74.8,28.653589838486));
#1905 = CARTESIAN_POINT('',(74.2,29.));
#1906 = CARTESIAN_POINT('',(74.8,29.346410161514));
#1907 = CARTESIAN_POINT('',(75.4,29.692820323028));
#1908 = CARTESIAN_POINT('',(75.4,29.));
#1909 = ( GEOMETRIC_REPRESENTATION_CONTEXT(2) 
PARAMETRIC_REPRESENTATION_CONTEXT() REPRESENTATION_CONTEXT('2D SPACE',''
  ) );
#1910 = PCURVE('',#1911,#1916);
#1911 = CYLINDRICAL_SURFACE('',#1912,0.4);
#1912 = AXIS2_PLACEMENT_3D('',#1913,#1914,#1915);
#1913 = CARTESIAN_POINT('',(75.,29.,-0.1));
#1914 = DIRECTION('',(-0.,-0.,-1.));
#1915 = DIRECTION('',(1.,0.,0.));
#1916 = DEFINITIONAL_REPRESENTATION('',(#1917),#1921);
#1917 = LINE('',#1918,#1919);
#1918 = CARTESIAN_POINT('',(-4.138911435803E-13,-1.7));
#1919 = VECTOR('',#1920,1.);
#1920 = DIRECTION('',(1.,-0.));
#1921 = ( GEOMETRIC_REPRESENTATION_CONTEXT(2) 
PARAMETRIC_REPRESENTATION_CONTEXT() REPRESENTATION_CONTEXT('2D SPACE',''
  ) );
#1922 = FACE_BOUND('',#1923,.T.);
#1923 = EDGE_LOOP('',(#1924));
#1924 = ORIENTED_EDGE('',*,*,#1925,.T.);
#1925 = EDGE_CURVE('',#1926,#1926,#1928,.T.);
#1926 = VERTEX_POINT('',#1927);
#1927 = CARTESIAN_POINT('',(77.9,29.,1.6));
#1928 = SURFACE_CURVE('',#1929,(#1934,#1945),.PCURVE_S1.);
#1929 = CIRCLE('',#1930,0.4);
#1930 = AXIS2_PLACEMENT_3D('',#1931,#1932,#1933);
#1931 = CARTESIAN_POINT('',(77.5,29.,1.6));
#1932 = DIRECTION('',(0.,0.,-1.));
#1933 = DIRECTION('',(1.,0.,0.));
#1934 = PCURVE('',#736,#1935);
#1935 = DEFINITIONAL_REPRESENTATION('',(#1936),#1944);
#1936 = ( BOUNDED_CURVE() B_SPLINE_CURVE(2,(#1937,#1938,#1939,#1940,
#1941,#1942,#1943),.UNSPECIFIED.,.T.,.F.) B_SPLINE_CURVE_WITH_KNOTS((1,2
    ,2,2,2,1),(-2.094395102393,0.,2.094395102393,4.188790204786,
6.28318530718,8.377580409573),.UNSPECIFIED.) CURVE() 
GEOMETRIC_REPRESENTATION_ITEM() RATIONAL_B_SPLINE_CURVE((1.,0.5,1.,0.5,
1.,0.5,1.)) REPRESENTATION_ITEM('') );
#1937 = CARTESIAN_POINT('',(77.9,29.));
#1938 = CARTESIAN_POINT('',(77.9,28.307179676972));
#1939 = CARTESIAN_POINT('',(77.3,28.653589838486));
#1940 = CARTESIAN_POINT('',(76.7,29.));
#1941 = CARTESIAN_POINT('',(77.3,29.346410161514));
#1942 = CARTESIAN_POINT('',(77.9,29.692820323028));
#1943 = CARTESIAN_POINT('',(77.9,29.));
#1944 = ( GEOMETRIC_REPRESENTATION_CONTEXT(2) 
PARAMETRIC_REPRESENTATION_CONTEXT() REPRESENTATION_CONTEXT('2D SPACE',''
  ) );
#1945 = PCURVE('',#1946,#1951);
#1946 = CYLINDRICAL_SURFACE('',#1947,0.4);
#1947 = AXIS2_PLACEMENT_3D('',#1948,#1949,#1950);
#1948 = CARTESIAN_POINT('',(77.5,29.,-0.1));
#1949 = DIRECTION('',(-0.,-0.,-1.));
#1950 = DIRECTION('',(1.,0.,0.));
#1951 = DEFINITIONAL_REPRESENTATION('',(#1952),#1956);
#1952 = LINE('',#1953,#1954);
#1953 = CARTESIAN_POINT('',(-4.138911435803E-13,-1.7));
#1954 = VECTOR('',#1955,1.);
#1955 = DIRECTION('',(1.,-0.));
#1956 = ( GEOMETRIC_REPRESENTATION_CONTEXT(2) 
PARAMETRIC_REPRESENTATION_CONTEXT() REPRESENTATION_CONTEXT('2D SPACE',''
  ) );
#1957 = FACE_BOUND('',#1958,.T.);
#1958 = EDGE_LOOP('',(#1959));
#1959 = ORIENTED_EDGE('',*,*,#1960,.T.);
#1960 = EDGE_CURVE('',#1961,#1961,#1963,.T.);
#1961 = VERTEX_POINT('',#1962);
#1962 = CARTESIAN_POINT('',(71.75,37.,1.6));
#1963 = SURFACE_CURVE('',#1964,(#1969,#1980),.PCURVE_S1.);
#1964 = CIRCLE('',#1965,0.75);
#1965 = AXIS2_PLACEMENT_3D('',#1966,#1967,#1968);
#1966 = CARTESIAN_POINT('',(71.,37.,1.6));
#1967 = DIRECTION('',(0.,0.,-1.));
#1968 = DIRECTION('',(1.,0.,0.));
#1969 = PCURVE('',#736,#1970);
#1970 = DEFINITIONAL_REPRESENTATION('',(#1971),#1979);
#1971 = ( BOUNDED_CURVE() B_SPLINE_CURVE(2,(#1972,#1973,#1974,#1975,
#1976,#1977,#1978),.UNSPECIFIED.,.T.,.F.) B_SPLINE_CURVE_WITH_KNOTS((1,2
    ,2,2,2,1),(-2.094395102393,0.,2.094395102393,4.188790204786,
6.28318530718,8.377580409573),.UNSPECIFIED.) CURVE() 
GEOMETRIC_REPRESENTATION_ITEM() RATIONAL_B_SPLINE_CURVE((1.,0.5,1.,0.5,
1.,0.5,1.)) REPRESENTATION_ITEM('') );
#1972 = CARTESIAN_POINT('',(71.75,37.));
#1973 = CARTESIAN_POINT('',(71.75,35.700961894323));
#1974 = CARTESIAN_POINT('',(70.625,36.350480947162));
#1975 = CARTESIAN_POINT('',(69.5,37.));
#1976 = CARTESIAN_POINT('',(70.625,37.649519052838));
#1977 = CARTESIAN_POINT('',(71.75,38.299038105677));
#1978 = CARTESIAN_POINT('',(71.75,37.));
#1979 = ( GEOMETRIC_REPRESENTATION_CONTEXT(2) 
PARAMETRIC_REPRESENTATION_CONTEXT() REPRESENTATION_CONTEXT('2D SPACE',''
  ) );
#1980 = PCURVE('',#1981,#1986);
#1981 = CYLINDRICAL_SURFACE('',#1982,0.75);
#1982 = AXIS2_PLACEMENT_3D('',#1983,#1984,#1985);
#1983 = CARTESIAN_POINT('',(71.,37.,-0.1));
#1984 = DIRECTION('',(-0.,-0.,-1.));
#1985 = DIRECTION('',(1.,0.,0.));
#1986 = DEFINITIONAL_REPRESENTATION('',(#1987),#1991);
#1987 = LINE('',#1988,#1989);
#1988 = CARTESIAN_POINT('',(-4.138911435803E-13,-1.7));
#1989 = VECTOR('',#1990,1.);
#1990 = DIRECTION('',(1.,-0.));
#1991 = ( GEOMETRIC_REPRESENTATION_CONTEXT(2) 
PARAMETRIC_REPRESENTATION_CONTEXT() REPRESENTATION_CONTEXT('2D SPACE',''
  ) );
#1992 = FACE_BOUND('',#1993,.T.);
#1993 = EDGE_LOOP('',(#1994));
#1994 = ORIENTED_EDGE('',*,*,#1995,.T.);
#1995 = EDGE_CURVE('',#1996,#1996,#1998,.T.);
#1996 = VERTEX_POINT('',#1997);
#1997 = CARTESIAN_POINT('',(71.75,47.,1.6));
#1998 = SURFACE_CURVE('',#1999,(#2004,#2015),.PCURVE_S1.);
#1999 = CIRCLE('',#2000,0.75);
#2000 = AXIS2_PLACEMENT_3D('',#2001,#2002,#2003);
#2001 = CARTESIAN_POINT('',(71.,47.,1.6));
#2002 = DIRECTION('',(0.,0.,-1.));
#2003 = DIRECTION('',(1.,0.,0.));
#2004 = PCURVE('',#736,#2005);
#2005 = DEFINITIONAL_REPRESENTATION('',(#2006),#2014);
#2006 = ( BOUNDED_CURVE() B_SPLINE_CURVE(2,(#2007,#2008,#2009,#2010,
#2011,#2012,#2013),.UNSPECIFIED.,.T.,.F.) B_SPLINE_CURVE_WITH_KNOTS((1,2
    ,2,2,2,1),(-2.094395102393,0.,2.094395102393,4.188790204786,
6.28318530718,8.377580409573),.UNSPECIFIED.) CURVE() 
GEOMETRIC_REPRESENTATION_ITEM() RATIONAL_B_SPLINE_CURVE((1.,0.5,1.,0.5,
1.,0.5,1.)) REPRESENTATION_ITEM('') );
#2007 = CARTESIAN_POINT('',(71.75,47.));
#2008 = CARTESIAN_POINT('',(71.75,45.700961894323));
#2009 = CARTESIAN_POINT('',(70.625,46.350480947162));
#2010 = CARTESIAN_POINT('',(69.5,47.));
#2011 = CARTESIAN_POINT('',(70.625,47.649519052838));
#2012 = CARTESIAN_POINT('',(71.75,48.299038105677));
#2013 = CARTESIAN_POINT('',(71.75,47.));
#2014 = ( GEOMETRIC_REPRESENTATION_CONTEXT(2) 
PARAMETRIC_REPRESENTATION_CONTEXT() REPRESENTATION_CONTEXT('2D SPACE',''
  ) );
#2015 = PCURVE('',#2016,#2021);
#2016 = CYLINDRICAL_SURFACE('',#2017,0.75);
#2017 = AXIS2_PLACEMENT_3D('',#2018,#2019,#2020);
#2018 = CARTESIAN_POINT('',(71.,47.,-0.1));
#2019 = DIRECTION('',(-0.,-0.,-1.));
#2020 = DIRECTION('',(1.,0.,0.));
#2021 = DEFINITIONAL_REPRESENTATION('',(#2022),#2026);
#2022 = LINE('',#2023,#2024);
#2023 = CARTESIAN_POINT('',(-4.138911435803E-13,-1.7));
#2024 = VECTOR('',#2025,1.);
#2025 = DIRECTION('',(1.,-0.));
#2026 = ( GEOMETRIC_REPRESENTATION_CONTEXT(2) 
PARAMETRIC_REPRESENTATION_CONTEXT() REPRESENTATION_CONTEXT('2D SPACE',''
  ) );
#2027 = FACE_BOUND('',#2028,.T.);
#2028 = EDGE_LOOP('',(#2029));
#2029 = ORIENTED_EDGE('',*,*,#2030,.T.);
#2030 = EDGE_CURVE('',#2031,#2031,#2033,.T.);
#2031 = VERTEX_POINT('',#2032);
#2032 = CARTESIAN_POINT('',(71.75,57.,1.6));
#2033 = SURFACE_CURVE('',#2034,(#2039,#2050),.PCURVE_S1.);
#2034 = CIRCLE('',#2035,0.75);
#2035 = AXIS2_PLACEMENT_3D('',#2036,#2037,#2038);
#2036 = CARTESIAN_POINT('',(71.,57.,1.6));
#2037 = DIRECTION('',(0.,0.,-1.));
#2038 = DIRECTION('',(1.,0.,0.));
#2039 = PCURVE('',#736,#2040);
#2040 = DEFINITIONAL_REPRESENTATION('',(#2041),#2049);
#2041 = ( BOUNDED_CURVE() B_SPLINE_CURVE(2,(#2042,#2043,#2044,#2045,
#2046,#2047,#2048),.UNSPECIFIED.,.T.,.F.) B_SPLINE_CURVE_WITH_KNOTS((1,2
    ,2,2,2,1),(-2.094395102393,0.,2.094395102393,4.188790204786,
6.28318530718,8.377580409573),.UNSPECIFIED.) CURVE() 
GEOMETRIC_REPRESENTATION_ITEM() RATIONAL_B_SPLINE_CURVE((1.,0.5,1.,0.5,
1.,0.5,1.)) REPRESENTATION_ITEM('') );
#2042 = CARTESIAN_POINT('',(71.75,57.));
#2043 = CARTESIAN_POINT('',(71.75,55.700961894323));
#2044 = CARTESIAN_POINT('',(70.625,56.350480947162));
#2045 = CARTESIAN_POINT('',(69.5,57.));
#2046 = CARTESIAN_POINT('',(70.625,57.649519052838));
#2047 = CARTESIAN_POINT('',(71.75,58.299038105677));
#2048 = CARTESIAN_POINT('',(71.75,57.));
#2049 = ( GEOMETRIC_REPRESENTATION_CONTEXT(2) 
PARAMETRIC_REPRESENTATION_CONTEXT() REPRESENTATION_CONTEXT('2D SPACE',''
  ) );
#2050 = PCURVE('',#2051,#2056);
#2051 = CYLINDRICAL_SURFACE('',#2052,0.75);
#2052 = AXIS2_PLACEMENT_3D('',#2053,#2054,#2055);
#2053 = CARTESIAN_POINT('',(71.,57.,-0.1));
#2054 = DIRECTION('',(-0.,-0.,-1.));
#2055 = DIRECTION('',(1.,0.,0.));
#2056 = DEFINITIONAL_REPRESENTATION('',(#2057),#2061);
#2057 = LINE('',#2058,#2059);
#2058 = CARTESIAN_POINT('',(-4.138911435803E-13,-1.7));
#2059 = VECTOR('',#2060,1.);
#2060 = DIRECTION('',(1.,-0.));
#2061 = ( GEOMETRIC_REPRESENTATION_CONTEXT(2) 
PARAMETRIC_REPRESENTATION_CONTEXT() REPRESENTATION_CONTEXT('2D SPACE',''
  ) );
#2062 = FACE_BOUND('',#2063,.T.);
#2063 = EDGE_LOOP('',(#2064));
#2064 = ORIENTED_EDGE('',*,*,#2065,.T.);
#2065 = EDGE_CURVE('',#2066,#2066,#2068,.T.);
#2066 = VERTEX_POINT('',#2067);
#2067 = CARTESIAN_POINT('',(53.75,67.,1.6));
#2068 = SURFACE_CURVE('',#2069,(#2074,#2085),.PCURVE_S1.);
#2069 = CIRCLE('',#2070,0.75);
#2070 = AXIS2_PLACEMENT_3D('',#2071,#2072,#2073);
#2071 = CARTESIAN_POINT('',(53.,67.,1.6));
#2072 = DIRECTION('',(0.,0.,-1.));
#2073 = DIRECTION('',(1.,0.,0.));
#2074 = PCURVE('',#736,#2075);
#2075 = DEFINITIONAL_REPRESENTATION('',(#2076),#2084);
#2076 = ( BOUNDED_CURVE() B_SPLINE_CURVE(2,(#2077,#2078,#2079,#2080,
#2081,#2082,#2083),.UNSPECIFIED.,.T.,.F.) B_SPLINE_CURVE_WITH_KNOTS((1,2
    ,2,2,2,1),(-2.094395102393,0.,2.094395102393,4.188790204786,
6.28318530718,8.377580409573),.UNSPECIFIED.) CURVE() 
GEOMETRIC_REPRESENTATION_ITEM() RATIONAL_B_SPLINE_CURVE((1.,0.5,1.,0.5,
1.,0.5,1.)) REPRESENTATION_ITEM('') );
#2077 = CARTESIAN_POINT('',(53.75,67.));
#2078 = CARTESIAN_POINT('',(53.75,65.700961894323));
#2079 = CARTESIAN_POINT('',(52.625,66.350480947162));
#2080 = CARTESIAN_POINT('',(51.5,67.));
#2081 = CARTESIAN_POINT('',(52.625,67.649519052838));
#2082 = CARTESIAN_POINT('',(53.75,68.299038105677));
#2083 = CARTESIAN_POINT('',(53.75,67.));
#2084 = ( GEOMETRIC_REPRESENTATION_CONTEXT(2) 
PARAMETRIC_REPRESENTATION_CONTEXT() REPRESENTATION_CONTEXT('2D SPACE',''
  ) );
#2085 = PCURVE('',#2086,#2091);
#2086 = CYLINDRICAL_SURFACE('',#2087,0.75);
#2087 = AXIS2_PLACEMENT_3D('',#2088,#2089,#2090);
#2088 = CARTESIAN_POINT('',(53.,67.,-0.1));
#2089 = DIRECTION('',(-0.,-0.,-1.));
#2090 = DIRECTION('',(1.,0.,0.));
#2091 = DEFINITIONAL_REPRESENTATION('',(#2092),#2096);
#2092 = LINE('',#2093,#2094);
#2093 = CARTESIAN_POINT('',(-4.138911435803E-13,-1.7));
#2094 = VECTOR('',#2095,1.);
#2095 = DIRECTION('',(1.,-0.));
#2096 = ( GEOMETRIC_REPRESENTATION_CONTEXT(2) 
PARAMETRIC_REPRESENTATION_CONTEXT() REPRESENTATION_CONTEXT('2D SPACE',''
  ) );
#2097 = FACE_BOUND('',#2098,.T.);
#2098 = EDGE_LOOP('',(#2099));
#2099 = ORIENTED_EDGE('',*,*,#2100,.T.);
#2100 = EDGE_CURVE('',#2101,#2101,#2103,.T.);
#2101 = VERTEX_POINT('',#2102);
#2102 = CARTESIAN_POINT('',(53.75,77.,1.6));
#2103 = SURFACE_CURVE('',#2104,(#2109,#2120),.PCURVE_S1.);
#2104 = CIRCLE('',#2105,0.75);
#2105 = AXIS2_PLACEMENT_3D('',#2106,#2107,#2108);
#2106 = CARTESIAN_POINT('',(53.,77.,1.6));
#2107 = DIRECTION('',(0.,0.,-1.));
#2108 = DIRECTION('',(1.,0.,0.));
#2109 = PCURVE('',#736,#2110);
#2110 = DEFINITIONAL_REPRESENTATION('',(#2111),#2119);
#2111 = ( BOUNDED_CURVE() B_SPLINE_CURVE(2,(#2112,#2113,#2114,#2115,
#2116,#2117,#2118),.UNSPECIFIED.,.T.,.F.) B_SPLINE_CURVE_WITH_KNOTS((1,2
    ,2,2,2,1),(-2.094395102393,0.,2.094395102393,4.188790204786,
6.28318530718,8.377580409573),.UNSPECIFIED.) CURVE() 
GEOMETRIC_REPRESENTATION_ITEM() RATIONAL_B_SPLINE_CURVE((1.,0.5,1.,0.5,
1.,0.5,1.)) REPRESENTATION_ITEM('') );
#2112 = CARTESIAN_POINT('',(53.75,77.));
#2113 = CARTESIAN_POINT('',(53.75,75.700961894323));
#2114 = CARTESIAN_POINT('',(52.625,76.350480947162));
#2115 = CARTESIAN_POINT('',(51.5,77.));
#2116 = CARTESIAN_POINT('',(52.625,77.649519052838));
#2117 = CARTESIAN_POINT('',(53.75,78.299038105677));
#2118 = CARTESIAN_POINT('',(53.75,77.));
#2119 = ( GEOMETRIC_REPRESENTATION_CONTEXT(2) 
PARAMETRIC_REPRESENTATION_CONTEXT() REPRESENTATION_CONTEXT('2D SPACE',''
  ) );
#2120 = PCURVE('',#2121,#2126);
#2121 = CYLINDRICAL_SURFACE('',#2122,0.75);
#2122 = AXIS2_PLACEMENT_3D('',#2123,#2124,#2125);
#2123 = CARTESIAN_POINT('',(53.,77.,-0.1));
#2124 = DIRECTION('',(-0.,-0.,-1.));
#2125 = DIRECTION('',(1.,0.,0.));
#2126 = DEFINITIONAL_REPRESENTATION('',(#2127),#2131);
#2127 = LINE('',#2128,#2129);
#2128 = CARTESIAN_POINT('',(-4.138911435803E-13,-1.7));
#2129 = VECTOR('',#2130,1.);
#2130 = DIRECTION('',(1.,-0.));
#2131 = ( GEOMETRIC_REPRESENTATION_CONTEXT(2) 
PARAMETRIC_REPRESENTATION_CONTEXT() REPRESENTATION_CONTEXT('2D SPACE',''
  ) );
#2132 = FACE_BOUND('',#2133,.T.);
#2133 = EDGE_LOOP('',(#2134));
#2134 = ORIENTED_EDGE('',*,*,#2135,.T.);
#2135 = EDGE_CURVE('',#2136,#2136,#2138,.T.);
#2136 = VERTEX_POINT('',#2137);
#2137 = CARTESIAN_POINT('',(53.75,87.,1.6));
#2138 = SURFACE_CURVE('',#2139,(#2144,#2155),.PCURVE_S1.);
#2139 = CIRCLE('',#2140,0.75);
#2140 = AXIS2_PLACEMENT_3D('',#2141,#2142,#2143);
#2141 = CARTESIAN_POINT('',(53.,87.,1.6));
#2142 = DIRECTION('',(0.,0.,-1.));
#2143 = DIRECTION('',(1.,0.,0.));
#2144 = PCURVE('',#736,#2145);
#2145 = DEFINITIONAL_REPRESENTATION('',(#2146),#2154);
#2146 = ( BOUNDED_CURVE() B_SPLINE_CURVE(2,(#2147,#2148,#2149,#2150,
#2151,#2152,#2153),.UNSPECIFIED.,.T.,.F.) B_SPLINE_CURVE_WITH_KNOTS((1,2
    ,2,2,2,1),(-2.094395102393,0.,2.094395102393,4.188790204786,
6.28318530718,8.377580409573),.UNSPECIFIED.) CURVE() 
GEOMETRIC_REPRESENTATION_ITEM() RATIONAL_B_SPLINE_CURVE((1.,0.5,1.,0.5,
1.,0.5,1.)) REPRESENTATION_ITEM('') );
#2147 = CARTESIAN_POINT('',(53.75,87.));
#2148 = CARTESIAN_POINT('',(53.75,85.700961894323));
#2149 = CARTESIAN_POINT('',(52.625,86.350480947162));
#2150 = CARTESIAN_POINT('',(51.5,87.));
#2151 = CARTESIAN_POINT('',(52.625,87.649519052838));
#2152 = CARTESIAN_POINT('',(53.75,88.299038105677));
#2153 = CARTESIAN_POINT('',(53.75,87.));
#2154 = ( GEOMETRIC_REPRESENTATION_CONTEXT(2) 
PARAMETRIC_REPRESENTATION_CONTEXT() REPRESENTATION_CONTEXT('2D SPACE',''
  ) );
#2155 = PCURVE('',#2156,#2161);
#2156 = CYLINDRICAL_SURFACE('',#2157,0.75);
#2157 = AXIS2_PLACEMENT_3D('',#2158,#2159,#2160);
#2158 = CARTESIAN_POINT('',(53.,87.,-0.1));
#2159 = DIRECTION('',(-0.,-0.,-1.));
#2160 = DIRECTION('',(1.,0.,0.));
#2161 = DEFINITIONAL_REPRESENTATION('',(#2162),#2166);
#2162 = LINE('',#2163,#2164);
#2163 = CARTESIAN_POINT('',(-4.138911435803E-13,-1.7));
#2164 = VECTOR('',#2165,1.);
#2165 = DIRECTION('',(1.,-0.));
#2166 = ( GEOMETRIC_REPRESENTATION_CONTEXT(2) 
PARAMETRIC_REPRESENTATION_CONTEXT() REPRESENTATION_CONTEXT('2D SPACE',''
  ) );
#2167 = FACE_BOUND('',#2168,.T.);
#2168 = EDGE_LOOP('',(#2169));
#2169 = ORIENTED_EDGE('',*,*,#2170,.T.);
#2170 = EDGE_CURVE('',#2171,#2171,#2173,.T.);
#2171 = VERTEX_POINT('',#2172);
#2172 = CARTESIAN_POINT('',(53.75,97.,1.6));
#2173 = SURFACE_CURVE('',#2174,(#2179,#2190),.PCURVE_S1.);
#2174 = CIRCLE('',#2175,0.75);
#2175 = AXIS2_PLACEMENT_3D('',#2176,#2177,#2178);
#2176 = CARTESIAN_POINT('',(53.,97.,1.6));
#2177 = DIRECTION('',(0.,0.,-1.));
#2178 = DIRECTION('',(1.,0.,0.));
#2179 = PCURVE('',#736,#2180);
#2180 = DEFINITIONAL_REPRESENTATION('',(#2181),#2189);
#2181 = ( BOUNDED_CURVE() B_SPLINE_CURVE(2,(#2182,#2183,#2184,#2185,
#2186,#2187,#2188),.UNSPECIFIED.,.T.,.F.) B_SPLINE_CURVE_WITH_KNOTS((1,2
    ,2,2,2,1),(-2.094395102393,0.,2.094395102393,4.188790204786,
6.28318530718,8.377580409573),.UNSPECIFIED.) CURVE() 
GEOMETRIC_REPRESENTATION_ITEM() RATIONAL_B_SPLINE_CURVE((1.,0.5,1.,0.5,
1.,0.5,1.)) REPRESENTATION_ITEM('') );
#2182 = CARTESIAN_POINT('',(53.75,97.));
#2183 = CARTESIAN_POINT('',(53.75,95.700961894323));
#2184 = CARTESIAN_POINT('',(52.625,96.350480947162));
#2185 = CARTESIAN_POINT('',(51.5,97.));
#2186 = CARTESIAN_POINT('',(52.625,97.649519052838));
#2187 = CARTESIAN_POINT('',(53.75,98.299038105677));
#2188 = CARTESIAN_POINT('',(53.75,97.));
#2189 = ( GEOMETRIC_REPRESENTATION_CONTEXT(2) 
PARAMETRIC_REPRESENTATION_CONTEXT() REPRESENTATION_CONTEXT('2D SPACE',''
  ) );
#2190 = PCURVE('',#2191,#2196);
#2191 = CYLINDRICAL_SURFACE('',#2192,0.75);
#2192 = AXIS2_PLACEMENT_3D('',#2193,#2194,#2195);
#2193 = CARTESIAN_POINT('',(53.,97.,-0.1));
#2194 = DIRECTION('',(-0.,-0.,-1.));
#2195 = DIRECTION('',(1.,0.,0.));
#2196 = DEFINITIONAL_REPRESENTATION('',(#2197),#2201);
#2197 = LINE('',#2198,#2199);
#2198 = CARTESIAN_POINT('',(-4.138911435803E-13,-1.7));
#2199 = VECTOR('',#2200,1.);
#2200 = DIRECTION('',(1.,-0.));
#2201 = ( GEOMETRIC_REPRESENTATION_CONTEXT(2) 
PARAMETRIC_REPRESENTATION_CONTEXT() REPRESENTATION_CONTEXT('2D SPACE',''
  ) );
#2202 = FACE_BOUND('',#2203,.T.);
#2203 = EDGE_LOOP('',(#2204));
#2204 = ORIENTED_EDGE('',*,*,#2205,.T.);
#2205 = EDGE_CURVE('',#2206,#2206,#2208,.T.);
#2206 = VERTEX_POINT('',#2207);
#2207 = CARTESIAN_POINT('',(53.75,107.,1.6));
#2208 = SURFACE_CURVE('',#2209,(#2214,#2225),.PCURVE_S1.);
#2209 = CIRCLE('',#2210,0.75);
#2210 = AXIS2_PLACEMENT_3D('',#2211,#2212,#2213);
#2211 = CARTESIAN_POINT('',(53.,107.,1.6));
#2212 = DIRECTION('',(0.,0.,-1.));
#2213 = DIRECTION('',(1.,0.,0.));
#2214 = PCURVE('',#736,#2215);
#2215 = DEFINITIONAL_REPRESENTATION('',(#2216),#2224);
#2216 = ( BOUNDED_CURVE() B_SPLINE_CURVE(2,(#2217,#2218,#2219,#2220,
#2221,#2222,#2223),.UNSPECIFIED.,.T.,.F.) B_SPLINE_CURVE_WITH_KNOTS((1,2
    ,2,2,2,1),(-2.094395102393,0.,2.094395102393,4.188790204786,
6.28318530718,8.377580409573),.UNSPECIFIED.) CURVE() 
GEOMETRIC_REPRESENTATION_ITEM() RATIONAL_B_SPLINE_CURVE((1.,0.5,1.,0.5,
1.,0.5,1.)) REPRESENTATION_ITEM('') );
#2217 = CARTESIAN_POINT('',(53.75,107.));
#2218 = CARTESIAN_POINT('',(53.75,105.70096189432));
#2219 = CARTESIAN_POINT('',(52.625,106.35048094716));
#2220 = CARTESIAN_POINT('',(51.5,107.));
#2221 = CARTESIAN_POINT('',(52.625,107.64951905283));
#2222 = CARTESIAN_POINT('',(53.75,108.29903810567));
#2223 = CARTESIAN_POINT('',(53.75,107.));
#2224 = ( GEOMETRIC_REPRESENTATION_CONTEXT(2) 
PARAMETRIC_REPRESENTATION_CONTEXT() REPRESENTATION_CONTEXT('2D SPACE',''
  ) );
#2225 = PCURVE('',#2226,#2231);
#2226 = CYLINDRICAL_SURFACE('',#2227,0.75);
#2227 = AXIS2_PLACEMENT_3D('',#2228,#2229,#2230);
#2228 = CARTESIAN_POINT('',(53.,107.,-0.1));
#2229 = DIRECTION('',(-0.,-0.,-1.));
#2230 = DIRECTION('',(1.,0.,0.));
#2231 = DEFINITIONAL_REPRESENTATION('',(#2232),#2236);
#2232 = LINE('',#2233,#2234);
#2233 = CARTESIAN_POINT('',(-4.138911435803E-13,-1.7));
#2234 = VECTOR('',#2235,1.);
#2235 = DIRECTION('',(1.,-0.));
#2236 = ( GEOMETRIC_REPRESENTATION_CONTEXT(2) 
PARAMETRIC_REPRESENTATION_CONTEXT() REPRESENTATION_CONTEXT('2D SPACE',''
  ) );
#2237 = FACE_BOUND('',#2238,.T.);
#2238 = EDGE_LOOP('',(#2239));
#2239 = ORIENTED_EDGE('',*,*,#2240,.T.);
#2240 = EDGE_CURVE('',#2241,#2241,#2243,.T.);
#2241 = VERTEX_POINT('',#2242);
#2242 = CARTESIAN_POINT('',(71.75,67.,1.6));
#2243 = SURFACE_CURVE('',#2244,(#2249,#2260),.PCURVE_S1.);
#2244 = CIRCLE('',#2245,0.75);
#2245 = AXIS2_PLACEMENT_3D('',#2246,#2247,#2248);
#2246 = CARTESIAN_POINT('',(71.,67.,1.6));
#2247 = DIRECTION('',(0.,0.,-1.));
#2248 = DIRECTION('',(1.,0.,0.));
#2249 = PCURVE('',#736,#2250);
#2250 = DEFINITIONAL_REPRESENTATION('',(#2251),#2259);
#2251 = ( BOUNDED_CURVE() B_SPLINE_CURVE(2,(#2252,#2253,#2254,#2255,
#2256,#2257,#2258),.UNSPECIFIED.,.T.,.F.) B_SPLINE_CURVE_WITH_KNOTS((1,2
    ,2,2,2,1),(-2.094395102393,0.,2.094395102393,4.188790204786,
6.28318530718,8.377580409573),.UNSPECIFIED.) CURVE() 
GEOMETRIC_REPRESENTATION_ITEM() RATIONAL_B_SPLINE_CURVE((1.,0.5,1.,0.5,
1.,0.5,1.)) REPRESENTATION_ITEM('') );
#2252 = CARTESIAN_POINT('',(71.75,67.));
#2253 = CARTESIAN_POINT('',(71.75,65.700961894323));
#2254 = CARTESIAN_POINT('',(70.625,66.350480947162));
#2255 = CARTESIAN_POINT('',(69.5,67.));
#2256 = CARTESIAN_POINT('',(70.625,67.649519052838));
#2257 = CARTESIAN_POINT('',(71.75,68.299038105677));
#2258 = CARTESIAN_POINT('',(71.75,67.));
#2259 = ( GEOMETRIC_REPRESENTATION_CONTEXT(2) 
PARAMETRIC_REPRESENTATION_CONTEXT() REPRESENTATION_CONTEXT('2D SPACE',''
  ) );
#2260 = PCURVE('',#2261,#2266);
#2261 = CYLINDRICAL_SURFACE('',#2262,0.75);
#2262 = AXIS2_PLACEMENT_3D('',#2263,#2264,#2265);
#2263 = CARTESIAN_POINT('',(71.,67.,-0.1));
#2264 = DIRECTION('',(-0.,-0.,-1.));
#2265 = DIRECTION('',(1.,0.,0.));
#2266 = DEFINITIONAL_REPRESENTATION('',(#2267),#2271);
#2267 = LINE('',#2268,#2269);
#2268 = CARTESIAN_POINT('',(-4.138911435803E-13,-1.7));
#2269 = VECTOR('',#2270,1.);
#2270 = DIRECTION('',(1.,-0.));
#2271 = ( GEOMETRIC_REPRESENTATION_CONTEXT(2) 
PARAMETRIC_REPRESENTATION_CONTEXT() REPRESENTATION_CONTEXT('2D SPACE',''
  ) );
#2272 = FACE_BOUND('',#2273,.T.);
#2273 = EDGE_LOOP('',(#2274));
#2274 = ORIENTED_EDGE('',*,*,#2275,.T.);
#2275 = EDGE_CURVE('',#2276,#2276,#2278,.T.);
#2276 = VERTEX_POINT('',#2277);
#2277 = CARTESIAN_POINT('',(71.75,77.,1.6));
#2278 = SURFACE_CURVE('',#2279,(#2284,#2295),.PCURVE_S1.);
#2279 = CIRCLE('',#2280,0.75);
#2280 = AXIS2_PLACEMENT_3D('',#2281,#2282,#2283);
#2281 = CARTESIAN_POINT('',(71.,77.,1.6));
#2282 = DIRECTION('',(0.,0.,-1.));
#2283 = DIRECTION('',(1.,0.,0.));
#2284 = PCURVE('',#736,#2285);
#2285 = DEFINITIONAL_REPRESENTATION('',(#2286),#2294);
#2286 = ( BOUNDED_CURVE() B_SPLINE_CURVE(2,(#2287,#2288,#2289,#2290,
#2291,#2292,#2293),.UNSPECIFIED.,.T.,.F.) B_SPLINE_CURVE_WITH_KNOTS((1,2
    ,2,2,2,1),(-2.094395102393,0.,2.094395102393,4.188790204786,
6.28318530718,8.377580409573),.UNSPECIFIED.) CURVE() 
GEOMETRIC_REPRESENTATION_ITEM() RATIONAL_B_SPLINE_CURVE((1.,0.5,1.,0.5,
1.,0.5,1.)) REPRESENTATION_ITEM('') );
#2287 = CARTESIAN_POINT('',(71.75,77.));
#2288 = CARTESIAN_POINT('',(71.75,75.700961894323));
#2289 = CARTESIAN_POINT('',(70.625,76.350480947162));
#2290 = CARTESIAN_POINT('',(69.5,77.));
#2291 = CARTESIAN_POINT('',(70.625,77.649519052838));
#2292 = CARTESIAN_POINT('',(71.75,78.299038105677));
#2293 = CARTESIAN_POINT('',(71.75,77.));
#2294 = ( GEOMETRIC_REPRESENTATION_CONTEXT(2) 
PARAMETRIC_REPRESENTATION_CONTEXT() REPRESENTATION_CONTEXT('2D SPACE',''
  ) );
#2295 = PCURVE('',#2296,#2301);
#2296 = CYLINDRICAL_SURFACE('',#2297,0.75);
#2297 = AXIS2_PLACEMENT_3D('',#2298,#2299,#2300);
#2298 = CARTESIAN_POINT('',(71.,77.,-0.1));
#2299 = DIRECTION('',(-0.,-0.,-1.));
#2300 = DIRECTION('',(1.,0.,0.));
#2301 = DEFINITIONAL_REPRESENTATION('',(#2302),#2306);
#2302 = LINE('',#2303,#2304);
#2303 = CARTESIAN_POINT('',(-4.138911435803E-13,-1.7));
#2304 = VECTOR('',#2305,1.);
#2305 = DIRECTION('',(1.,-0.));
#2306 = ( GEOMETRIC_REPRESENTATION_CONTEXT(2) 
PARAMETRIC_REPRESENTATION_CONTEXT() REPRESENTATION_CONTEXT('2D SPACE',''
  ) );
#2307 = FACE_BOUND('',#2308,.T.);
#2308 = EDGE_LOOP('',(#2309));
#2309 = ORIENTED_EDGE('',*,*,#2310,.T.);
#2310 = EDGE_CURVE('',#2311,#2311,#2313,.T.);
#2311 = VERTEX_POINT('',#2312);
#2312 = CARTESIAN_POINT('',(71.75,87.,1.6));
#2313 = SURFACE_CURVE('',#2314,(#2319,#2330),.PCURVE_S1.);
#2314 = CIRCLE('',#2315,0.75);
#2315 = AXIS2_PLACEMENT_3D('',#2316,#2317,#2318);
#2316 = CARTESIAN_POINT('',(71.,87.,1.6));
#2317 = DIRECTION('',(0.,0.,-1.));
#2318 = DIRECTION('',(1.,0.,0.));
#2319 = PCURVE('',#736,#2320);
#2320 = DEFINITIONAL_REPRESENTATION('',(#2321),#2329);
#2321 = ( BOUNDED_CURVE() B_SPLINE_CURVE(2,(#2322,#2323,#2324,#2325,
#2326,#2327,#2328),.UNSPECIFIED.,.T.,.F.) B_SPLINE_CURVE_WITH_KNOTS((1,2
    ,2,2,2,1),(-2.094395102393,0.,2.094395102393,4.188790204786,
6.28318530718,8.377580409573),.UNSPECIFIED.) CURVE() 
GEOMETRIC_REPRESENTATION_ITEM() RATIONAL_B_SPLINE_CURVE((1.,0.5,1.,0.5,
1.,0.5,1.)) REPRESENTATION_ITEM('') );
#2322 = CARTESIAN_POINT('',(71.75,87.));
#2323 = CARTESIAN_POINT('',(71.75,85.700961894323));
#2324 = CARTESIAN_POINT('',(70.625,86.350480947162));
#2325 = CARTESIAN_POINT('',(69.5,87.));
#2326 = CARTESIAN_POINT('',(70.625,87.649519052838));
#2327 = CARTESIAN_POINT('',(71.75,88.299038105677));
#2328 = CARTESIAN_POINT('',(71.75,87.));
#2329 = ( GEOMETRIC_REPRESENTATION_CONTEXT(2) 
PARAMETRIC_REPRESENTATION_CONTEXT() REPRESENTATION_CONTEXT('2D SPACE',''
  ) );
#2330 = PCURVE('',#2331,#2336);
#2331 = CYLINDRICAL_SURFACE('',#2332,0.75);
#2332 = AXIS2_PLACEMENT_3D('',#2333,#2334,#2335);
#2333 = CARTESIAN_POINT('',(71.,87.,-0.1));
#2334 = DIRECTION('',(-0.,-0.,-1.));
#2335 = DIRECTION('',(1.,0.,0.));
#2336 = DEFINITIONAL_REPRESENTATION('',(#2337),#2341);
#2337 = LINE('',#2338,#2339);
#2338 = CARTESIAN_POINT('',(-4.138911435803E-13,-1.7));
#2339 = VECTOR('',#2340,1.);
#2340 = DIRECTION('',(1.,-0.));
#2341 = ( GEOMETRIC_REPRESENTATION_CONTEXT(2) 
PARAMETRIC_REPRESENTATION_CONTEXT() REPRESENTATION_CONTEXT('2D SPACE',''
  ) );
#2342 = FACE_BOUND('',#2343,.T.);
#2343 = EDGE_LOOP('',(#2344));
#2344 = ORIENTED_EDGE('',*,*,#2345,.T.);
#2345 = EDGE_CURVE('',#2346,#2346,#2348,.T.);
#2346 = VERTEX_POINT('',#2347);
#2347 = CARTESIAN_POINT('',(71.75,97.,1.6));
#2348 = SURFACE_CURVE('',#2349,(#2354,#2365),.PCURVE_S1.);
#2349 = CIRCLE('',#2350,0.75);
#2350 = AXIS2_PLACEMENT_3D('',#2351,#2352,#2353);
#2351 = CARTESIAN_POINT('',(71.,97.,1.6));
#2352 = DIRECTION('',(0.,0.,-1.));
#2353 = DIRECTION('',(1.,0.,0.));
#2354 = PCURVE('',#736,#2355);
#2355 = DEFINITIONAL_REPRESENTATION('',(#2356),#2364);
#2356 = ( BOUNDED_CURVE() B_SPLINE_CURVE(2,(#2357,#2358,#2359,#2360,
#2361,#2362,#2363),.UNSPECIFIED.,.T.,.F.) B_SPLINE_CURVE_WITH_KNOTS((1,2
    ,2,2,2,1),(-2.094395102393,0.,2.094395102393,4.188790204786,
6.28318530718,8.377580409573),.UNSPECIFIED.) CURVE() 
GEOMETRIC_REPRESENTATION_ITEM() RATIONAL_B_SPLINE_CURVE((1.,0.5,1.,0.5,
1.,0.5,1.)) REPRESENTATION_ITEM('') );
#2357 = CARTESIAN_POINT('',(71.75,97.));
#2358 = CARTESIAN_POINT('',(71.75,95.700961894323));
#2359 = CARTESIAN_POINT('',(70.625,96.350480947162));
#2360 = CARTESIAN_POINT('',(69.5,97.));
#2361 = CARTESIAN_POINT('',(70.625,97.649519052838));
#2362 = CARTESIAN_POINT('',(71.75,98.299038105677));
#2363 = CARTESIAN_POINT('',(71.75,97.));
#2364 = ( GEOMETRIC_REPRESENTATION_CONTEXT(2) 
PARAMETRIC_REPRESENTATION_CONTEXT() REPRESENTATION_CONTEXT('2D SPACE',''
  ) );
#2365 = PCURVE('',#2366,#2371);
#2366 = CYLINDRICAL_SURFACE('',#2367,0.75);
#2367 = AXIS2_PLACEMENT_3D('',#2368,#2369,#2370);
#2368 = CARTESIAN_POINT('',(71.,97.,-0.1));
#2369 = DIRECTION('',(-0.,-0.,-1.));
#2370 = DIRECTION('',(1.,0.,0.));
#2371 = DEFINITIONAL_REPRESENTATION('',(#2372),#2376);
#2372 = LINE('',#2373,#2374);
#2373 = CARTESIAN_POINT('',(-4.138911435803E-13,-1.7));
#2374 = VECTOR('',#2375,1.);
#2375 = DIRECTION('',(1.,-0.));
#2376 = ( GEOMETRIC_REPRESENTATION_CONTEXT(2) 
PARAMETRIC_REPRESENTATION_CONTEXT() REPRESENTATION_CONTEXT('2D SPACE',''
  ) );
#2377 = FACE_BOUND('',#2378,.T.);
#2378 = EDGE_LOOP('',(#2379));
#2379 = ORIENTED_EDGE('',*,*,#2380,.T.);
#2380 = EDGE_CURVE('',#2381,#2381,#2383,.T.);
#2381 = VERTEX_POINT('',#2382);
#2382 = CARTESIAN_POINT('',(71.75,107.,1.6));
#2383 = SURFACE_CURVE('',#2384,(#2389,#2400),.PCURVE_S1.);
#2384 = CIRCLE('',#2385,0.75);
#2385 = AXIS2_PLACEMENT_3D('',#2386,#2387,#2388);
#2386 = CARTESIAN_POINT('',(71.,107.,1.6));
#2387 = DIRECTION('',(0.,0.,-1.));
#2388 = DIRECTION('',(1.,0.,0.));
#2389 = PCURVE('',#736,#2390);
#2390 = DEFINITIONAL_REPRESENTATION('',(#2391),#2399);
#2391 = ( BOUNDED_CURVE() B_SPLINE_CURVE(2,(#2392,#2393,#2394,#2395,
#2396,#2397,#2398),.UNSPECIFIED.,.T.,.F.) B_SPLINE_CURVE_WITH_KNOTS((1,2
    ,2,2,2,1),(-2.094395102393,0.,2.094395102393,4.188790204786,
6.28318530718,8.377580409573),.UNSPECIFIED.) CURVE() 
GEOMETRIC_REPRESENTATION_ITEM() RATIONAL_B_SPLINE_CURVE((1.,0.5,1.,0.5,
1.,0.5,1.)) REPRESENTATION_ITEM('') );
#2392 = CARTESIAN_POINT('',(71.75,107.));
#2393 = CARTESIAN_POINT('',(71.75,105.70096189432));
#2394 = CARTESIAN_POINT('',(70.625,106.35048094716));
#2395 = CARTESIAN_POINT('',(69.5,107.));
#2396 = CARTESIAN_POINT('',(70.625,107.64951905283));
#2397 = CARTESIAN_POINT('',(71.75,108.29903810567));
#2398 = CARTESIAN_POINT('',(71.75,107.));
#2399 = ( GEOMETRIC_REPRESENTATION_CONTEXT(2) 
PARAMETRIC_REPRESENTATION_CONTEXT() REPRESENTATION_CONTEXT('2D SPACE',''
  ) );
#2400 = PCURVE('',#2401,#2406);
#2401 = CYLINDRICAL_SURFACE('',#2402,0.75);
#2402 = AXIS2_PLACEMENT_3D('',#2403,#2404,#2405);
#2403 = CARTESIAN_POINT('',(71.,107.,-0.1));
#2404 = DIRECTION('',(-0.,-0.,-1.));
#2405 = DIRECTION('',(1.,0.,0.));
#2406 = DEFINITIONAL_REPRESENTATION('',(#2407),#2411);
#2407 = LINE('',#2408,#2409);
#2408 = CARTESIAN_POINT('',(-4.138911435803E-13,-1.7));
#2409 = VECTOR('',#2410,1.);
#2410 = DIRECTION('',(1.,-0.));
#2411 = ( GEOMETRIC_REPRESENTATION_CONTEXT(2) 
PARAMETRIC_REPRESENTATION_CONTEXT() REPRESENTATION_CONTEXT('2D SPACE',''
  ) );
#2412 = FACE_BOUND('',#2413,.T.);
#2413 = EDGE_LOOP('',(#2414));
#2414 = ORIENTED_EDGE('',*,*,#2415,.T.);
#2415 = EDGE_CURVE('',#2416,#2416,#2418,.T.);
#2416 = VERTEX_POINT('',#2417);
#2417 = CARTESIAN_POINT('',(13.75,117.,1.6));
#2418 = SURFACE_CURVE('',#2419,(#2424,#2435),.PCURVE_S1.);
#2419 = CIRCLE('',#2420,0.75);
#2420 = AXIS2_PLACEMENT_3D('',#2421,#2422,#2423);
#2421 = CARTESIAN_POINT('',(13.,117.,1.6));
#2422 = DIRECTION('',(0.,0.,-1.));
#2423 = DIRECTION('',(1.,0.,0.));
#2424 = PCURVE('',#736,#2425);
#2425 = DEFINITIONAL_REPRESENTATION('',(#2426),#2434);
#2426 = ( BOUNDED_CURVE() B_SPLINE_CURVE(2,(#2427,#2428,#2429,#2430,
#2431,#2432,#2433),.UNSPECIFIED.,.T.,.F.) B_SPLINE_CURVE_WITH_KNOTS((1,2
    ,2,2,2,1),(-2.094395102393,0.,2.094395102393,4.188790204786,
6.28318530718,8.377580409573),.UNSPECIFIED.) CURVE() 
GEOMETRIC_REPRESENTATION_ITEM() RATIONAL_B_SPLINE_CURVE((1.,0.5,1.,0.5,
1.,0.5,1.)) REPRESENTATION_ITEM('') );
#2427 = CARTESIAN_POINT('',(13.75,117.));
#2428 = CARTESIAN_POINT('',(13.75,115.70096189432));
#2429 = CARTESIAN_POINT('',(12.625,116.35048094716));
#2430 = CARTESIAN_POINT('',(11.5,117.));
#2431 = CARTESIAN_POINT('',(12.625,117.64951905283));
#2432 = CARTESIAN_POINT('',(13.75,118.29903810567));
#2433 = CARTESIAN_POINT('',(13.75,117.));
#2434 = ( GEOMETRIC_REPRESENTATION_CONTEXT(2) 
PARAMETRIC_REPRESENTATION_CONTEXT() REPRESENTATION_CONTEXT('2D SPACE',''
  ) );
#2435 = PCURVE('',#2436,#2441);
#2436 = CYLINDRICAL_SURFACE('',#2437,0.75);
#2437 = AXIS2_PLACEMENT_3D('',#2438,#2439,#2440);
#2438 = CARTESIAN_POINT('',(13.,117.,-0.1));
#2439 = DIRECTION('',(-0.,-0.,-1.));
#2440 = DIRECTION('',(1.,0.,0.));
#2441 = DEFINITIONAL_REPRESENTATION('',(#2442),#2446);
#2442 = LINE('',#2443,#2444);
#2443 = CARTESIAN_POINT('',(-4.138911435803E-13,-1.7));
#2444 = VECTOR('',#2445,1.);
#2445 = DIRECTION('',(1.,-0.));
#2446 = ( GEOMETRIC_REPRESENTATION_CONTEXT(2) 
PARAMETRIC_REPRESENTATION_CONTEXT() REPRESENTATION_CONTEXT('2D SPACE',''
  ) );
#2447 = FACE_BOUND('',#2448,.T.);
#2448 = EDGE_LOOP('',(#2449));
#2449 = ORIENTED_EDGE('',*,*,#2450,.T.);
#2450 = EDGE_CURVE('',#2451,#2451,#2453,.T.);
#2451 = VERTEX_POINT('',#2452);
#2452 = CARTESIAN_POINT('',(13.75,127.,1.6));
#2453 = SURFACE_CURVE('',#2454,(#2459,#2470),.PCURVE_S1.);
#2454 = CIRCLE('',#2455,0.75);
#2455 = AXIS2_PLACEMENT_3D('',#2456,#2457,#2458);
#2456 = CARTESIAN_POINT('',(13.,127.,1.6));
#2457 = DIRECTION('',(0.,0.,-1.));
#2458 = DIRECTION('',(1.,0.,0.));
#2459 = PCURVE('',#736,#2460);
#2460 = DEFINITIONAL_REPRESENTATION('',(#2461),#2469);
#2461 = ( BOUNDED_CURVE() B_SPLINE_CURVE(2,(#2462,#2463,#2464,#2465,
#2466,#2467,#2468),.UNSPECIFIED.,.T.,.F.) B_SPLINE_CURVE_WITH_KNOTS((1,2
    ,2,2,2,1),(-2.094395102393,0.,2.094395102393,4.188790204786,
6.28318530718,8.377580409573),.UNSPECIFIED.) CURVE() 
GEOMETRIC_REPRESENTATION_ITEM() RATIONAL_B_SPLINE_CURVE((1.,0.5,1.,0.5,
1.,0.5,1.)) REPRESENTATION_ITEM('') );
#2462 = CARTESIAN_POINT('',(13.75,127.));
#2463 = CARTESIAN_POINT('',(13.75,125.70096189432));
#2464 = CARTESIAN_POINT('',(12.625,126.35048094716));
#2465 = CARTESIAN_POINT('',(11.5,127.));
#2466 = CARTESIAN_POINT('',(12.625,127.64951905283));
#2467 = CARTESIAN_POINT('',(13.75,128.29903810567));
#2468 = CARTESIAN_POINT('',(13.75,127.));
#2469 = ( GEOMETRIC_REPRESENTATION_CONTEXT(2) 
PARAMETRIC_REPRESENTATION_CONTEXT() REPRESENTATION_CONTEXT('2D SPACE',''
  ) );
#2470 = PCURVE('',#2471,#2476);
#2471 = CYLINDRICAL_SURFACE('',#2472,0.75);
#2472 = AXIS2_PLACEMENT_3D('',#2473,#2474,#2475);
#2473 = CARTESIAN_POINT('',(13.,127.,-0.1));
#2474 = DIRECTION('',(-0.,-0.,-1.));
#2475 = DIRECTION('',(1.,0.,0.));
#2476 = DEFINITIONAL_REPRESENTATION('',(#2477),#2481);
#2477 = LINE('',#2478,#2479);
#2478 = CARTESIAN_POINT('',(-4.138911435803E-13,-1.7));
#2479 = VECTOR('',#2480,1.);
#2480 = DIRECTION('',(1.,-0.));
#2481 = ( GEOMETRIC_REPRESENTATION_CONTEXT(2) 
PARAMETRIC_REPRESENTATION_CONTEXT() REPRESENTATION_CONTEXT('2D SPACE',''
  ) );
#2482 = FACE_BOUND('',#2483,.T.);
#2483 = EDGE_LOOP('',(#2484));
#2484 = ORIENTED_EDGE('',*,*,#2485,.T.);
#2485 = EDGE_CURVE('',#2486,#2486,#2488,.T.);
#2486 = VERTEX_POINT('',#2487);
#2487 = CARTESIAN_POINT('',(13.75,137.,1.6));
#2488 = SURFACE_CURVE('',#2489,(#2494,#2505),.PCURVE_S1.);
#2489 = CIRCLE('',#2490,0.75);
#2490 = AXIS2_PLACEMENT_3D('',#2491,#2492,#2493);
#2491 = CARTESIAN_POINT('',(13.,137.,1.6));
#2492 = DIRECTION('',(0.,0.,-1.));
#2493 = DIRECTION('',(1.,0.,0.));
#2494 = PCURVE('',#736,#2495);
#2495 = DEFINITIONAL_REPRESENTATION('',(#2496),#2504);
#2496 = ( BOUNDED_CURVE() B_SPLINE_CURVE(2,(#2497,#2498,#2499,#2500,
#2501,#2502,#2503),.UNSPECIFIED.,.T.,.F.) B_SPLINE_CURVE_WITH_KNOTS((1,2
    ,2,2,2,1),(-2.094395102393,0.,2.094395102393,4.188790204786,
6.28318530718,8.377580409573),.UNSPECIFIED.) CURVE() 
GEOMETRIC_REPRESENTATION_ITEM() RATIONAL_B_SPLINE_CURVE((1.,0.5,1.,0.5,
1.,0.5,1.)) REPRESENTATION_ITEM('') );
#2497 = CARTESIAN_POINT('',(13.75,137.));
#2498 = CARTESIAN_POINT('',(13.75,135.70096189432));
#2499 = CARTESIAN_POINT('',(12.625,136.35048094716));
#2500 = CARTESIAN_POINT('',(11.5,137.));
#2501 = CARTESIAN_POINT('',(12.625,137.64951905283));
#2502 = CARTESIAN_POINT('',(13.75,138.29903810567));
#2503 = CARTESIAN_POINT('',(13.75,137.));
#2504 = ( GEOMETRIC_REPRESENTATION_CONTEXT(2) 
PARAMETRIC_REPRESENTATION_CONTEXT() REPRESENTATION_CONTEXT('2D SPACE',''
  ) );
#2505 = PCURVE('',#2506,#2511);
#2506 = CYLINDRICAL_SURFACE('',#2507,0.75);
#2507 = AXIS2_PLACEMENT_3D('',#2508,#2509,#2510);
#2508 = CARTESIAN_POINT('',(13.,137.,-0.1));
#2509 = DIRECTION('',(-0.,-0.,-1.));
#2510 = DIRECTION('',(1.,0.,0.));
#2511 = DEFINITIONAL_REPRESENTATION('',(#2512),#2516);
#2512 = LINE('',#2513,#2514);
#2513 = CARTESIAN_POINT('',(-4.138911435803E-13,-1.7));
#2514 = VECTOR('',#2515,1.);
#2515 = DIRECTION('',(1.,-0.));
#2516 = ( GEOMETRIC_REPRESENTATION_CONTEXT(2) 
PARAMETRIC_REPRESENTATION_CONTEXT() REPRESENTATION_CONTEXT('2D SPACE',''
  ) );
#2517 = FACE_BOUND('',#2518,.T.);
#2518 = EDGE_LOOP('',(#2519));
#2519 = ORIENTED_EDGE('',*,*,#2520,.T.);
#2520 = EDGE_CURVE('',#2521,#2521,#2523,.T.);
#2521 = VERTEX_POINT('',#2522);
#2522 = CARTESIAN_POINT('',(13.75,147.,1.6));
#2523 = SURFACE_CURVE('',#2524,(#2529,#2540),.PCURVE_S1.);
#2524 = CIRCLE('',#2525,0.75);
#2525 = AXIS2_PLACEMENT_3D('',#2526,#2527,#2528);
#2526 = CARTESIAN_POINT('',(13.,147.,1.6));
#2527 = DIRECTION('',(0.,0.,-1.));
#2528 = DIRECTION('',(1.,0.,0.));
#2529 = PCURVE('',#736,#2530);
#2530 = DEFINITIONAL_REPRESENTATION('',(#2531),#2539);
#2531 = ( BOUNDED_CURVE() B_SPLINE_CURVE(2,(#2532,#2533,#2534,#2535,
#2536,#2537,#2538),.UNSPECIFIED.,.T.,.F.) B_SPLINE_CURVE_WITH_KNOTS((1,2
    ,2,2,2,1),(-2.094395102393,0.,2.094395102393,4.188790204786,
6.28318530718,8.377580409573),.UNSPECIFIED.) CURVE() 
GEOMETRIC_REPRESENTATION_ITEM() RATIONAL_B_SPLINE_CURVE((1.,0.5,1.,0.5,
1.,0.5,1.)) REPRESENTATION_ITEM('') );
#2532 = CARTESIAN_POINT('',(13.75,147.));
#2533 = CARTESIAN_POINT('',(13.75,145.70096189432));
#2534 = CARTESIAN_POINT('',(12.625,146.35048094716));
#2535 = CARTESIAN_POINT('',(11.5,147.));
#2536 = CARTESIAN_POINT('',(12.625,147.64951905283));
#2537 = CARTESIAN_POINT('',(13.75,148.29903810567));
#2538 = CARTESIAN_POINT('',(13.75,147.));
#2539 = ( GEOMETRIC_REPRESENTATION_CONTEXT(2) 
PARAMETRIC_REPRESENTATION_CONTEXT() REPRESENTATION_CONTEXT('2D SPACE',''
  ) );
#2540 = PCURVE('',#2541,#2546);
#2541 = CYLINDRICAL_SURFACE('',#2542,0.75);
#2542 = AXIS2_PLACEMENT_3D('',#2543,#2544,#2545);
#2543 = CARTESIAN_POINT('',(13.,147.,-0.1));
#2544 = DIRECTION('',(-0.,-0.,-1.));
#2545 = DIRECTION('',(1.,0.,0.));
#2546 = DEFINITIONAL_REPRESENTATION('',(#2547),#2551);
#2547 = LINE('',#2548,#2549);
#2548 = CARTESIAN_POINT('',(-4.138911435803E-13,-1.7));
#2549 = VECTOR('',#2550,1.);
#2550 = DIRECTION('',(1.,-0.));
#2551 = ( GEOMETRIC_REPRESENTATION_CONTEXT(2) 
PARAMETRIC_REPRESENTATION_CONTEXT() REPRESENTATION_CONTEXT('2D SPACE',''
  ) );
#2552 = FACE_BOUND('',#2553,.T.);
#2553 = EDGE_LOOP('',(#2554));
#2554 = ORIENTED_EDGE('',*,*,#2555,.T.);
#2555 = EDGE_CURVE('',#2556,#2556,#2558,.T.);
#2556 = VERTEX_POINT('',#2557);
#2557 = CARTESIAN_POINT('',(13.75,157.,1.6));
#2558 = SURFACE_CURVE('',#2559,(#2564,#2575),.PCURVE_S1.);
#2559 = CIRCLE('',#2560,0.75);
#2560 = AXIS2_PLACEMENT_3D('',#2561,#2562,#2563);
#2561 = CARTESIAN_POINT('',(13.,157.,1.6));
#2562 = DIRECTION('',(0.,0.,-1.));
#2563 = DIRECTION('',(1.,0.,0.));
#2564 = PCURVE('',#736,#2565);
#2565 = DEFINITIONAL_REPRESENTATION('',(#2566),#2574);
#2566 = ( BOUNDED_CURVE() B_SPLINE_CURVE(2,(#2567,#2568,#2569,#2570,
#2571,#2572,#2573),.UNSPECIFIED.,.T.,.F.) B_SPLINE_CURVE_WITH_KNOTS((1,2
    ,2,2,2,1),(-2.094395102393,0.,2.094395102393,4.188790204786,
6.28318530718,8.377580409573),.UNSPECIFIED.) CURVE() 
GEOMETRIC_REPRESENTATION_ITEM() RATIONAL_B_SPLINE_CURVE((1.,0.5,1.,0.5,
1.,0.5,1.)) REPRESENTATION_ITEM('') );
#2567 = CARTESIAN_POINT('',(13.75,157.));
#2568 = CARTESIAN_POINT('',(13.75,155.70096189432));
#2569 = CARTESIAN_POINT('',(12.625,156.35048094716));
#2570 = CARTESIAN_POINT('',(11.5,157.));
#2571 = CARTESIAN_POINT('',(12.625,157.64951905283));
#2572 = CARTESIAN_POINT('',(13.75,158.29903810567));
#2573 = CARTESIAN_POINT('',(13.75,157.));
#2574 = ( GEOMETRIC_REPRESENTATION_CONTEXT(2) 
PARAMETRIC_REPRESENTATION_CONTEXT() REPRESENTATION_CONTEXT('2D SPACE',''
  ) );
#2575 = PCURVE('',#2576,#2581);
#2576 = CYLINDRICAL_SURFACE('',#2577,0.75);
#2577 = AXIS2_PLACEMENT_3D('',#2578,#2579,#2580);
#2578 = CARTESIAN_POINT('',(13.,157.,-0.1));
#2579 = DIRECTION('',(-0.,-0.,-1.));
#2580 = DIRECTION('',(1.,0.,0.));
#2581 = DEFINITIONAL_REPRESENTATION('',(#2582),#2586);
#2582 = LINE('',#2583,#2584);
#2583 = CARTESIAN_POINT('',(-4.138911435803E-13,-1.7));
#2584 = VECTOR('',#2585,1.);
#2585 = DIRECTION('',(1.,-0.));
#2586 = ( GEOMETRIC_REPRESENTATION_CONTEXT(2) 
PARAMETRIC_REPRESENTATION_CONTEXT() REPRESENTATION_CONTEXT('2D SPACE',''
  ) );
#2587 = FACE_BOUND('',#2588,.T.);
#2588 = EDGE_LOOP('',(#2589));
#2589 = ORIENTED_EDGE('',*,*,#2590,.T.);
#2590 = EDGE_CURVE('',#2591,#2591,#2593,.T.);
#2591 = VERTEX_POINT('',#2592);
#2592 = CARTESIAN_POINT('',(31.75,117.,1.6));
#2593 = SURFACE_CURVE('',#2594,(#2599,#2610),.PCURVE_S1.);
#2594 = CIRCLE('',#2595,0.75);
#2595 = AXIS2_PLACEMENT_3D('',#2596,#2597,#2598);
#2596 = CARTESIAN_POINT('',(31.,117.,1.6));
#2597 = DIRECTION('',(0.,0.,-1.));
#2598 = DIRECTION('',(1.,0.,0.));
#2599 = PCURVE('',#736,#2600);
#2600 = DEFINITIONAL_REPRESENTATION('',(#2601),#2609);
#2601 = ( BOUNDED_CURVE() B_SPLINE_CURVE(2,(#2602,#2603,#2604,#2605,
#2606,#2607,#2608),.UNSPECIFIED.,.T.,.F.) B_SPLINE_CURVE_WITH_KNOTS((1,2
    ,2,2,2,1),(-2.094395102393,0.,2.094395102393,4.188790204786,
6.28318530718,8.377580409573),.UNSPECIFIED.) CURVE() 
GEOMETRIC_REPRESENTATION_ITEM() RATIONAL_B_SPLINE_CURVE((1.,0.5,1.,0.5,
1.,0.5,1.)) REPRESENTATION_ITEM('') );
#2602 = CARTESIAN_POINT('',(31.75,117.));
#2603 = CARTESIAN_POINT('',(31.75,115.70096189432));
#2604 = CARTESIAN_POINT('',(30.625,116.35048094716));
#2605 = CARTESIAN_POINT('',(29.5,117.));
#2606 = CARTESIAN_POINT('',(30.625,117.64951905283));
#2607 = CARTESIAN_POINT('',(31.75,118.29903810567));
#2608 = CARTESIAN_POINT('',(31.75,117.));
#2609 = ( GEOMETRIC_REPRESENTATION_CONTEXT(2) 
PARAMETRIC_REPRESENTATION_CONTEXT() REPRESENTATION_CONTEXT('2D SPACE',''
  ) );
#2610 = PCURVE('',#2611,#2616);
#2611 = CYLINDRICAL_SURFACE('',#2612,0.75);
#2612 = AXIS2_PLACEMENT_3D('',#2613,#2614,#2615);
#2613 = CARTESIAN_POINT('',(31.,117.,-0.1));
#2614 = DIRECTION('',(-0.,-0.,-1.));
#2615 = DIRECTION('',(1.,0.,0.));
#2616 = DEFINITIONAL_REPRESENTATION('',(#2617),#2621);
#2617 = LINE('',#2618,#2619);
#2618 = CARTESIAN_POINT('',(-4.138911435803E-13,-1.7));
#2619 = VECTOR('',#2620,1.);
#2620 = DIRECTION('',(1.,-0.));
#2621 = ( GEOMETRIC_REPRESENTATION_CONTEXT(2) 
PARAMETRIC_REPRESENTATION_CONTEXT() REPRESENTATION_CONTEXT('2D SPACE',''
  ) );
#2622 = FACE_BOUND('',#2623,.T.);
#2623 = EDGE_LOOP('',(#2624));
#2624 = ORIENTED_EDGE('',*,*,#2625,.T.);
#2625 = EDGE_CURVE('',#2626,#2626,#2628,.T.);
#2626 = VERTEX_POINT('',#2627);
#2627 = CARTESIAN_POINT('',(31.75,127.,1.6));
#2628 = SURFACE_CURVE('',#2629,(#2634,#2645),.PCURVE_S1.);
#2629 = CIRCLE('',#2630,0.75);
#2630 = AXIS2_PLACEMENT_3D('',#2631,#2632,#2633);
#2631 = CARTESIAN_POINT('',(31.,127.,1.6));
#2632 = DIRECTION('',(0.,0.,-1.));
#2633 = DIRECTION('',(1.,0.,0.));
#2634 = PCURVE('',#736,#2635);
#2635 = DEFINITIONAL_REPRESENTATION('',(#2636),#2644);
#2636 = ( BOUNDED_CURVE() B_SPLINE_CURVE(2,(#2637,#2638,#2639,#2640,
#2641,#2642,#2643),.UNSPECIFIED.,.T.,.F.) B_SPLINE_CURVE_WITH_KNOTS((1,2
    ,2,2,2,1),(-2.094395102393,0.,2.094395102393,4.188790204786,
6.28318530718,8.377580409573),.UNSPECIFIED.) CURVE() 
GEOMETRIC_REPRESENTATION_ITEM() RATIONAL_B_SPLINE_CURVE((1.,0.5,1.,0.5,
1.,0.5,1.)) REPRESENTATION_ITEM('') );
#2637 = CARTESIAN_POINT('',(31.75,127.));
#2638 = CARTESIAN_POINT('',(31.75,125.70096189432));
#2639 = CARTESIAN_POINT('',(30.625,126.35048094716));
#2640 = CARTESIAN_POINT('',(29.5,127.));
#2641 = CARTESIAN_POINT('',(30.625,127.64951905283));
#2642 = CARTESIAN_POINT('',(31.75,128.29903810567));
#2643 = CARTESIAN_POINT('',(31.75,127.));
#2644 = ( GEOMETRIC_REPRESENTATION_CONTEXT(2) 
PARAMETRIC_REPRESENTATION_CONTEXT() REPRESENTATION_CONTEXT('2D SPACE',''
  ) );
#2645 = PCURVE('',#2646,#2651);
#2646 = CYLINDRICAL_SURFACE('',#2647,0.75);
#2647 = AXIS2_PLACEMENT_3D('',#2648,#2649,#2650);
#2648 = CARTESIAN_POINT('',(31.,127.,-0.1));
#2649 = DIRECTION('',(-0.,-0.,-1.));
#2650 = DIRECTION('',(1.,0.,0.));
#2651 = DEFINITIONAL_REPRESENTATION('',(#2652),#2656);
#2652 = LINE('',#2653,#2654);
#2653 = CARTESIAN_POINT('',(-4.138911435803E-13,-1.7));
#2654 = VECTOR('',#2655,1.);
#2655 = DIRECTION('',(1.,-0.));
#2656 = ( GEOMETRIC_REPRESENTATION_CONTEXT(2) 
PARAMETRIC_REPRESENTATION_CONTEXT() REPRESENTATION_CONTEXT('2D SPACE',''
  ) );
#2657 = FACE_BOUND('',#2658,.T.);
#2658 = EDGE_LOOP('',(#2659));
#2659 = ORIENTED_EDGE('',*,*,#2660,.T.);
#2660 = EDGE_CURVE('',#2661,#2661,#2663,.T.);
#2661 = VERTEX_POINT('',#2662);
#2662 = CARTESIAN_POINT('',(31.75,137.,1.6));
#2663 = SURFACE_CURVE('',#2664,(#2669,#2680),.PCURVE_S1.);
#2664 = CIRCLE('',#2665,0.75);
#2665 = AXIS2_PLACEMENT_3D('',#2666,#2667,#2668);
#2666 = CARTESIAN_POINT('',(31.,137.,1.6));
#2667 = DIRECTION('',(0.,0.,-1.));
#2668 = DIRECTION('',(1.,0.,0.));
#2669 = PCURVE('',#736,#2670);
#2670 = DEFINITIONAL_REPRESENTATION('',(#2671),#2679);
#2671 = ( BOUNDED_CURVE() B_SPLINE_CURVE(2,(#2672,#2673,#2674,#2675,
#2676,#2677,#2678),.UNSPECIFIED.,.T.,.F.) B_SPLINE_CURVE_WITH_KNOTS((1,2
    ,2,2,2,1),(-2.094395102393,0.,2.094395102393,4.188790204786,
6.28318530718,8.377580409573),.UNSPECIFIED.) CURVE() 
GEOMETRIC_REPRESENTATION_ITEM() RATIONAL_B_SPLINE_CURVE((1.,0.5,1.,0.5,
1.,0.5,1.)) REPRESENTATION_ITEM('') );
#2672 = CARTESIAN_POINT('',(31.75,137.));
#2673 = CARTESIAN_POINT('',(31.75,135.70096189432));
#2674 = CARTESIAN_POINT('',(30.625,136.35048094716));
#2675 = CARTESIAN_POINT('',(29.5,137.));
#2676 = CARTESIAN_POINT('',(30.625,137.64951905283));
#2677 = CARTESIAN_POINT('',(31.75,138.29903810567));
#2678 = CARTESIAN_POINT('',(31.75,137.));
#2679 = ( GEOMETRIC_REPRESENTATION_CONTEXT(2) 
PARAMETRIC_REPRESENTATION_CONTEXT() REPRESENTATION_CONTEXT('2D SPACE',''
  ) );
#2680 = PCURVE('',#2681,#2686);
#2681 = CYLINDRICAL_SURFACE('',#2682,0.75);
#2682 = AXIS2_PLACEMENT_3D('',#2683,#2684,#2685);
#2683 = CARTESIAN_POINT('',(31.,137.,-0.1));
#2684 = DIRECTION('',(-0.,-0.,-1.));
#2685 = DIRECTION('',(1.,0.,0.));
#2686 = DEFINITIONAL_REPRESENTATION('',(#2687),#2691);
#2687 = LINE('',#2688,#2689);
#2688 = CARTESIAN_POINT('',(-4.138911435803E-13,-1.7));
#2689 = VECTOR('',#2690,1.);
#2690 = DIRECTION('',(1.,-0.));
#2691 = ( GEOMETRIC_REPRESENTATION_CONTEXT(2) 
PARAMETRIC_REPRESENTATION_CONTEXT() REPRESENTATION_CONTEXT('2D SPACE',''
  ) );
#2692 = FACE_BOUND('',#2693,.T.);
#2693 = EDGE_LOOP('',(#2694));
#2694 = ORIENTED_EDGE('',*,*,#2695,.T.);
#2695 = EDGE_CURVE('',#2696,#2696,#2698,.T.);
#2696 = VERTEX_POINT('',#2697);
#2697 = CARTESIAN_POINT('',(31.75,147.,1.6));
#2698 = SURFACE_CURVE('',#2699,(#2704,#2715),.PCURVE_S1.);
#2699 = CIRCLE('',#2700,0.75);
#2700 = AXIS2_PLACEMENT_3D('',#2701,#2702,#2703);
#2701 = CARTESIAN_POINT('',(31.,147.,1.6));
#2702 = DIRECTION('',(0.,0.,-1.));
#2703 = DIRECTION('',(1.,0.,0.));
#2704 = PCURVE('',#736,#2705);
#2705 = DEFINITIONAL_REPRESENTATION('',(#2706),#2714);
#2706 = ( BOUNDED_CURVE() B_SPLINE_CURVE(2,(#2707,#2708,#2709,#2710,
#2711,#2712,#2713),.UNSPECIFIED.,.T.,.F.) B_SPLINE_CURVE_WITH_KNOTS((1,2
    ,2,2,2,1),(-2.094395102393,0.,2.094395102393,4.188790204786,
6.28318530718,8.377580409573),.UNSPECIFIED.) CURVE() 
GEOMETRIC_REPRESENTATION_ITEM() RATIONAL_B_SPLINE_CURVE((1.,0.5,1.,0.5,
1.,0.5,1.)) REPRESENTATION_ITEM('') );
#2707 = CARTESIAN_POINT('',(31.75,147.));
#2708 = CARTESIAN_POINT('',(31.75,145.70096189432));
#2709 = CARTESIAN_POINT('',(30.625,146.35048094716));
#2710 = CARTESIAN_POINT('',(29.5,147.));
#2711 = CARTESIAN_POINT('',(30.625,147.64951905283));
#2712 = CARTESIAN_POINT('',(31.75,148.29903810567));
#2713 = CARTESIAN_POINT('',(31.75,147.));
#2714 = ( GEOMETRIC_REPRESENTATION_CONTEXT(2) 
PARAMETRIC_REPRESENTATION_CONTEXT() REPRESENTATION_CONTEXT('2D SPACE',''
  ) );
#2715 = PCURVE('',#2716,#2721);
#2716 = CYLINDRICAL_SURFACE('',#2717,0.75);
#2717 = AXIS2_PLACEMENT_3D('',#2718,#2719,#2720);
#2718 = CARTESIAN_POINT('',(31.,147.,-0.1));
#2719 = DIRECTION('',(-0.,-0.,-1.));
#2720 = DIRECTION('',(1.,0.,0.));
#2721 = DEFINITIONAL_REPRESENTATION('',(#2722),#2726);
#2722 = LINE('',#2723,#2724);
#2723 = CARTESIAN_POINT('',(-4.138911435803E-13,-1.7));
#2724 = VECTOR('',#2725,1.);
#2725 = DIRECTION('',(1.,-0.));
#2726 = ( GEOMETRIC_REPRESENTATION_CONTEXT(2) 
PARAMETRIC_REPRESENTATION_CONTEXT() REPRESENTATION_CONTEXT('2D SPACE',''
  ) );
#2727 = FACE_BOUND('',#2728,.T.);
#2728 = EDGE_LOOP('',(#2729));
#2729 = ORIENTED_EDGE('',*,*,#2730,.T.);
#2730 = EDGE_CURVE('',#2731,#2731,#2733,.T.);
#2731 = VERTEX_POINT('',#2732);
#2732 = CARTESIAN_POINT('',(31.75,157.,1.6));
#2733 = SURFACE_CURVE('',#2734,(#2739,#2750),.PCURVE_S1.);
#2734 = CIRCLE('',#2735,0.75);
#2735 = AXIS2_PLACEMENT_3D('',#2736,#2737,#2738);
#2736 = CARTESIAN_POINT('',(31.,157.,1.6));
#2737 = DIRECTION('',(0.,0.,-1.));
#2738 = DIRECTION('',(1.,0.,0.));
#2739 = PCURVE('',#736,#2740);
#2740 = DEFINITIONAL_REPRESENTATION('',(#2741),#2749);
#2741 = ( BOUNDED_CURVE() B_SPLINE_CURVE(2,(#2742,#2743,#2744,#2745,
#2746,#2747,#2748),.UNSPECIFIED.,.T.,.F.) B_SPLINE_CURVE_WITH_KNOTS((1,2
    ,2,2,2,1),(-2.094395102393,0.,2.094395102393,4.188790204786,
6.28318530718,8.377580409573),.UNSPECIFIED.) CURVE() 
GEOMETRIC_REPRESENTATION_ITEM() RATIONAL_B_SPLINE_CURVE((1.,0.5,1.,0.5,
1.,0.5,1.)) REPRESENTATION_ITEM('') );
#2742 = CARTESIAN_POINT('',(31.75,157.));
#2743 = CARTESIAN_POINT('',(31.75,155.70096189432));
#2744 = CARTESIAN_POINT('',(30.625,156.35048094716));
#2745 = CARTESIAN_POINT('',(29.5,157.));
#2746 = CARTESIAN_POINT('',(30.625,157.64951905283));
#2747 = CARTESIAN_POINT('',(31.75,158.29903810567));
#2748 = CARTESIAN_POINT('',(31.75,157.));
#2749 = ( GEOMETRIC_REPRESENTATION_CONTEXT(2) 
PARAMETRIC_REPRESENTATION_CONTEXT() REPRESENTATION_CONTEXT('2D SPACE',''
  ) );
#2750 = PCURVE('',#2751,#2756);
#2751 = CYLINDRICAL_SURFACE('',#2752,0.75);
#2752 = AXIS2_PLACEMENT_3D('',#2753,#2754,#2755);
#2753 = CARTESIAN_POINT('',(31.,157.,-0.1));
#2754 = DIRECTION('',(-0.,-0.,-1.));
#2755 = DIRECTION('',(1.,0.,0.));
#2756 = DEFINITIONAL_REPRESENTATION('',(#2757),#2761);
#2757 = LINE('',#2758,#2759);
#2758 = CARTESIAN_POINT('',(-4.138911435803E-13,-1.7));
#2759 = VECTOR('',#2760,1.);
#2760 = DIRECTION('',(1.,-0.));
#2761 = ( GEOMETRIC_REPRESENTATION_CONTEXT(2) 
PARAMETRIC_REPRESENTATION_CONTEXT() REPRESENTATION_CONTEXT('2D SPACE',''
  ) );
#2762 = FACE_BOUND('',#2763,.T.);
#2763 = EDGE_LOOP('',(#2764));
#2764 = ORIENTED_EDGE('',*,*,#2765,.T.);
#2765 = EDGE_CURVE('',#2766,#2766,#2768,.T.);
#2766 = VERTEX_POINT('',#2767);
#2767 = CARTESIAN_POINT('',(13.75,167.,1.6));
#2768 = SURFACE_CURVE('',#2769,(#2774,#2785),.PCURVE_S1.);
#2769 = CIRCLE('',#2770,0.75);
#2770 = AXIS2_PLACEMENT_3D('',#2771,#2772,#2773);
#2771 = CARTESIAN_POINT('',(13.,167.,1.6));
#2772 = DIRECTION('',(0.,0.,-1.));
#2773 = DIRECTION('',(1.,0.,0.));
#2774 = PCURVE('',#736,#2775);
#2775 = DEFINITIONAL_REPRESENTATION('',(#2776),#2784);
#2776 = ( BOUNDED_CURVE() B_SPLINE_CURVE(2,(#2777,#2778,#2779,#2780,
#2781,#2782,#2783),.UNSPECIFIED.,.T.,.F.) B_SPLINE_CURVE_WITH_KNOTS((1,2
    ,2,2,2,1),(-2.094395102393,0.,2.094395102393,4.188790204786,
6.28318530718,8.377580409573),.UNSPECIFIED.) CURVE() 
GEOMETRIC_REPRESENTATION_ITEM() RATIONAL_B_SPLINE_CURVE((1.,0.5,1.,0.5,
1.,0.5,1.)) REPRESENTATION_ITEM('') );
#2777 = CARTESIAN_POINT('',(13.75,167.));
#2778 = CARTESIAN_POINT('',(13.75,165.70096189432));
#2779 = CARTESIAN_POINT('',(12.625,166.35048094716));
#2780 = CARTESIAN_POINT('',(11.5,167.));
#2781 = CARTESIAN_POINT('',(12.625,167.64951905283));
#2782 = CARTESIAN_POINT('',(13.75,168.29903810567));
#2783 = CARTESIAN_POINT('',(13.75,167.));
#2784 = ( GEOMETRIC_REPRESENTATION_CONTEXT(2) 
PARAMETRIC_REPRESENTATION_CONTEXT() REPRESENTATION_CONTEXT('2D SPACE',''
  ) );
#2785 = PCURVE('',#2786,#2791);
#2786 = CYLINDRICAL_SURFACE('',#2787,0.75);
#2787 = AXIS2_PLACEMENT_3D('',#2788,#2789,#2790);
#2788 = CARTESIAN_POINT('',(13.,167.,-0.1));
#2789 = DIRECTION('',(-0.,-0.,-1.));
#2790 = DIRECTION('',(1.,0.,0.));
#2791 = DEFINITIONAL_REPRESENTATION('',(#2792),#2796);
#2792 = LINE('',#2793,#2794);
#2793 = CARTESIAN_POINT('',(-4.138911435803E-13,-1.7));
#2794 = VECTOR('',#2795,1.);
#2795 = DIRECTION('',(1.,-0.));
#2796 = ( GEOMETRIC_REPRESENTATION_CONTEXT(2) 
PARAMETRIC_REPRESENTATION_CONTEXT() REPRESENTATION_CONTEXT('2D SPACE',''
  ) );
#2797 = FACE_BOUND('',#2798,.T.);
#2798 = EDGE_LOOP('',(#2799));
#2799 = ORIENTED_EDGE('',*,*,#2800,.T.);
#2800 = EDGE_CURVE('',#2801,#2801,#2803,.T.);
#2801 = VERTEX_POINT('',#2802);
#2802 = CARTESIAN_POINT('',(13.75,177.,1.6));
#2803 = SURFACE_CURVE('',#2804,(#2809,#2820),.PCURVE_S1.);
#2804 = CIRCLE('',#2805,0.75);
#2805 = AXIS2_PLACEMENT_3D('',#2806,#2807,#2808);
#2806 = CARTESIAN_POINT('',(13.,177.,1.6));
#2807 = DIRECTION('',(0.,0.,-1.));
#2808 = DIRECTION('',(1.,0.,0.));
#2809 = PCURVE('',#736,#2810);
#2810 = DEFINITIONAL_REPRESENTATION('',(#2811),#2819);
#2811 = ( BOUNDED_CURVE() B_SPLINE_CURVE(2,(#2812,#2813,#2814,#2815,
#2816,#2817,#2818),.UNSPECIFIED.,.T.,.F.) B_SPLINE_CURVE_WITH_KNOTS((1,2
    ,2,2,2,1),(-2.094395102393,0.,2.094395102393,4.188790204786,
6.28318530718,8.377580409573),.UNSPECIFIED.) CURVE() 
GEOMETRIC_REPRESENTATION_ITEM() RATIONAL_B_SPLINE_CURVE((1.,0.5,1.,0.5,
1.,0.5,1.)) REPRESENTATION_ITEM('') );
#2812 = CARTESIAN_POINT('',(13.75,177.));
#2813 = CARTESIAN_POINT('',(13.75,175.70096189432));
#2814 = CARTESIAN_POINT('',(12.625,176.35048094716));
#2815 = CARTESIAN_POINT('',(11.5,177.));
#2816 = CARTESIAN_POINT('',(12.625,177.64951905283));
#2817 = CARTESIAN_POINT('',(13.75,178.29903810567));
#2818 = CARTESIAN_POINT('',(13.75,177.));
#2819 = ( GEOMETRIC_REPRESENTATION_CONTEXT(2) 
PARAMETRIC_REPRESENTATION_CONTEXT() REPRESENTATION_CONTEXT('2D SPACE',''
  ) );
#2820 = PCURVE('',#2821,#2826);
#2821 = CYLINDRICAL_SURFACE('',#2822,0.75);
#2822 = AXIS2_PLACEMENT_3D('',#2823,#2824,#2825);
#2823 = CARTESIAN_POINT('',(13.,177.,-0.1));
#2824 = DIRECTION('',(-0.,-0.,-1.));
#2825 = DIRECTION('',(1.,0.,0.));
#2826 = DEFINITIONAL_REPRESENTATION('',(#2827),#2831);
#2827 = LINE('',#2828,#2829);
#2828 = CARTESIAN_POINT('',(-4.138911435803E-13,-1.7));
#2829 = VECTOR('',#2830,1.);
#2830 = DIRECTION('',(1.,-0.));
#2831 = ( GEOMETRIC_REPRESENTATION_CONTEXT(2) 
PARAMETRIC_REPRESENTATION_CONTEXT() REPRESENTATION_CONTEXT('2D SPACE',''
  ) );
#2832 = FACE_BOUND('',#2833,.T.);
#2833 = EDGE_LOOP('',(#2834));
#2834 = ORIENTED_EDGE('',*,*,#2835,.T.);
#2835 = EDGE_CURVE('',#2836,#2836,#2838,.T.);
#2836 = VERTEX_POINT('',#2837);
#2837 = CARTESIAN_POINT('',(13.75,187.,1.6));
#2838 = SURFACE_CURVE('',#2839,(#2844,#2855),.PCURVE_S1.);
#2839 = CIRCLE('',#2840,0.75);
#2840 = AXIS2_PLACEMENT_3D('',#2841,#2842,#2843);
#2841 = CARTESIAN_POINT('',(13.,187.,1.6));
#2842 = DIRECTION('',(0.,0.,-1.));
#2843 = DIRECTION('',(1.,0.,0.));
#2844 = PCURVE('',#736,#2845);
#2845 = DEFINITIONAL_REPRESENTATION('',(#2846),#2854);
#2846 = ( BOUNDED_CURVE() B_SPLINE_CURVE(2,(#2847,#2848,#2849,#2850,
#2851,#2852,#2853),.UNSPECIFIED.,.T.,.F.) B_SPLINE_CURVE_WITH_KNOTS((1,2
    ,2,2,2,1),(-2.094395102393,0.,2.094395102393,4.188790204786,
6.28318530718,8.377580409573),.UNSPECIFIED.) CURVE() 
GEOMETRIC_REPRESENTATION_ITEM() RATIONAL_B_SPLINE_CURVE((1.,0.5,1.,0.5,
1.,0.5,1.)) REPRESENTATION_ITEM('') );
#2847 = CARTESIAN_POINT('',(13.75,187.));
#2848 = CARTESIAN_POINT('',(13.75,185.70096189432));
#2849 = CARTESIAN_POINT('',(12.625,186.35048094716));
#2850 = CARTESIAN_POINT('',(11.5,187.));
#2851 = CARTESIAN_POINT('',(12.625,187.64951905283));
#2852 = CARTESIAN_POINT('',(13.75,188.29903810567));
#2853 = CARTESIAN_POINT('',(13.75,187.));
#2854 = ( GEOMETRIC_REPRESENTATION_CONTEXT(2) 
PARAMETRIC_REPRESENTATION_CONTEXT() REPRESENTATION_CONTEXT('2D SPACE',''
  ) );
#2855 = PCURVE('',#2856,#2861);
#2856 = CYLINDRICAL_SURFACE('',#2857,0.75);
#2857 = AXIS2_PLACEMENT_3D('',#2858,#2859,#2860);
#2858 = CARTESIAN_POINT('',(13.,187.,-0.1));
#2859 = DIRECTION('',(-0.,-0.,-1.));
#2860 = DIRECTION('',(1.,0.,0.));
#2861 = DEFINITIONAL_REPRESENTATION('',(#2862),#2866);
#2862 = LINE('',#2863,#2864);
#2863 = CARTESIAN_POINT('',(-4.138911435803E-13,-1.7));
#2864 = VECTOR('',#2865,1.);
#2865 = DIRECTION('',(1.,-0.));
#2866 = ( GEOMETRIC_REPRESENTATION_CONTEXT(2) 
PARAMETRIC_REPRESENTATION_CONTEXT() REPRESENTATION_CONTEXT('2D SPACE',''
  ) );
#2867 = FACE_BOUND('',#2868,.T.);
#2868 = EDGE_LOOP('',(#2869));
#2869 = ORIENTED_EDGE('',*,*,#2870,.T.);
#2870 = EDGE_CURVE('',#2871,#2871,#2873,.T.);
#2871 = VERTEX_POINT('',#2872);
#2872 = CARTESIAN_POINT('',(7.6,213.,1.6));
#2873 = SURFACE_CURVE('',#2874,(#2879,#2890),.PCURVE_S1.);
#2874 = CIRCLE('',#2875,1.6);
#2875 = AXIS2_PLACEMENT_3D('',#2876,#2877,#2878);
#2876 = CARTESIAN_POINT('',(6.,213.,1.6));
#2877 = DIRECTION('',(0.,0.,-1.));
#2878 = DIRECTION('',(1.,0.,0.));
#2879 = PCURVE('',#736,#2880);
#2880 = DEFINITIONAL_REPRESENTATION('',(#2881),#2889);
#2881 = ( BOUNDED_CURVE() B_SPLINE_CURVE(2,(#2882,#2883,#2884,#2885,
#2886,#2887,#2888),.UNSPECIFIED.,.T.,.F.) B_SPLINE_CURVE_WITH_KNOTS((1,2
    ,2,2,2,1),(-2.094395102393,0.,2.094395102393,4.188790204786,
6.28318530718,8.377580409573),.UNSPECIFIED.) CURVE() 
GEOMETRIC_REPRESENTATION_ITEM() RATIONAL_B_SPLINE_CURVE((1.,0.5,1.,0.5,
1.,0.5,1.)) REPRESENTATION_ITEM('') );
#2882 = CARTESIAN_POINT('',(7.6,213.));
#2883 = CARTESIAN_POINT('',(7.6,210.22871870789));
#2884 = CARTESIAN_POINT('',(5.2,211.61435935394));
#2885 = CARTESIAN_POINT('',(2.8,213.));
#2886 = CARTESIAN_POINT('',(5.2,214.38564064605));
#2887 = CARTESIAN_POINT('',(7.6,215.77128129211));
#2888 = CARTESIAN_POINT('',(7.6,213.));
#2889 = ( GEOMETRIC_REPRESENTATION_CONTEXT(2) 
PARAMETRIC_REPRESENTATION_CONTEXT() REPRESENTATION_CONTEXT('2D SPACE',''
  ) );
#2890 = PCURVE('',#2891,#2896);
#2891 = CYLINDRICAL_SURFACE('',#2892,1.6);
#2892 = AXIS2_PLACEMENT_3D('',#2893,#2894,#2895);
#2893 = CARTESIAN_POINT('',(6.,213.,-0.1));
#2894 = DIRECTION('',(-0.,-0.,-1.));
#2895 = DIRECTION('',(1.,0.,0.));
#2896 = DEFINITIONAL_REPRESENTATION('',(#2897),#2901);
#2897 = LINE('',#2898,#2899);
#2898 = CARTESIAN_POINT('',(-4.138911435803E-13,-1.7));
#2899 = VECTOR('',#2900,1.);
#2900 = DIRECTION('',(1.,-0.));
#2901 = ( GEOMETRIC_REPRESENTATION_CONTEXT(2) 
PARAMETRIC_REPRESENTATION_CONTEXT() REPRESENTATION_CONTEXT('2D SPACE',''
  ) );
#2902 = FACE_BOUND('',#2903,.T.);
#2903 = EDGE_LOOP('',(#2904));
#2904 = ORIENTED_EDGE('',*,*,#2905,.T.);
#2905 = EDGE_CURVE('',#2906,#2906,#2908,.T.);
#2906 = VERTEX_POINT('',#2907);
#2907 = CARTESIAN_POINT('',(17.42,195.,1.6));
#2908 = SURFACE_CURVE('',#2909,(#2914,#2925),.PCURVE_S1.);
#2909 = CIRCLE('',#2910,0.5);
#2910 = AXIS2_PLACEMENT_3D('',#2911,#2912,#2913);
#2911 = CARTESIAN_POINT('',(16.92,195.,1.6));
#2912 = DIRECTION('',(0.,0.,-1.));
#2913 = DIRECTION('',(1.,0.,0.));
#2914 = PCURVE('',#736,#2915);
#2915 = DEFINITIONAL_REPRESENTATION('',(#2916),#2924);
#2916 = ( BOUNDED_CURVE() B_SPLINE_CURVE(2,(#2917,#2918,#2919,#2920,
#2921,#2922,#2923),.UNSPECIFIED.,.T.,.F.) B_SPLINE_CURVE_WITH_KNOTS((1,2
    ,2,2,2,1),(-2.094395102393,0.,2.094395102393,4.188790204786,
6.28318530718,8.377580409573),.UNSPECIFIED.) CURVE() 
GEOMETRIC_REPRESENTATION_ITEM() RATIONAL_B_SPLINE_CURVE((1.,0.5,1.,0.5,
1.,0.5,1.)) REPRESENTATION_ITEM('') );
#2917 = CARTESIAN_POINT('',(17.42,195.));
#2918 = CARTESIAN_POINT('',(17.42,194.13397459621));
#2919 = CARTESIAN_POINT('',(16.67,194.5669872981));
#2920 = CARTESIAN_POINT('',(15.92,195.));
#2921 = CARTESIAN_POINT('',(16.67,195.43301270189));
#2922 = CARTESIAN_POINT('',(17.42,195.86602540378));
#2923 = CARTESIAN_POINT('',(17.42,195.));
#2924 = ( GEOMETRIC_REPRESENTATION_CONTEXT(2) 
PARAMETRIC_REPRESENTATION_CONTEXT() REPRESENTATION_CONTEXT('2D SPACE',''
  ) );
#2925 = PCURVE('',#2926,#2931);
#2926 = CYLINDRICAL_SURFACE('',#2927,0.5);
#2927 = AXIS2_PLACEMENT_3D('',#2928,#2929,#2930);
#2928 = CARTESIAN_POINT('',(16.92,195.,-0.1));
#2929 = DIRECTION('',(-0.,-0.,-1.));
#2930 = DIRECTION('',(1.,0.,0.));
#2931 = DEFINITIONAL_REPRESENTATION('',(#2932),#2936);
#2932 = LINE('',#2933,#2934);
#2933 = CARTESIAN_POINT('',(-4.138911435803E-13,-1.7));
#2934 = VECTOR('',#2935,1.);
#2935 = DIRECTION('',(1.,-0.));
#2936 = ( GEOMETRIC_REPRESENTATION_CONTEXT(2) 
PARAMETRIC_REPRESENTATION_CONTEXT() REPRESENTATION_CONTEXT('2D SPACE',''
  ) );
#2937 = FACE_BOUND('',#2938,.T.);
#2938 = EDGE_LOOP('',(#2939));
#2939 = ORIENTED_EDGE('',*,*,#2940,.T.);
#2940 = EDGE_CURVE('',#2941,#2941,#2943,.T.);
#2941 = VERTEX_POINT('',#2942);
#2942 = CARTESIAN_POINT('',(17.42,197.54,1.6));
#2943 = SURFACE_CURVE('',#2944,(#2949,#2960),.PCURVE_S1.);
#2944 = CIRCLE('',#2945,0.5);
#2945 = AXIS2_PLACEMENT_3D('',#2946,#2947,#2948);
#2946 = CARTESIAN_POINT('',(16.92,197.54,1.6));
#2947 = DIRECTION('',(0.,0.,-1.));
#2948 = DIRECTION('',(1.,0.,0.));
#2949 = PCURVE('',#736,#2950);
#2950 = DEFINITIONAL_REPRESENTATION('',(#2951),#2959);
#2951 = ( BOUNDED_CURVE() B_SPLINE_CURVE(2,(#2952,#2953,#2954,#2955,
#2956,#2957,#2958),.UNSPECIFIED.,.T.,.F.) B_SPLINE_CURVE_WITH_KNOTS((1,2
    ,2,2,2,1),(-2.094395102393,0.,2.094395102393,4.188790204786,
6.28318530718,8.377580409573),.UNSPECIFIED.) CURVE() 
GEOMETRIC_REPRESENTATION_ITEM() RATIONAL_B_SPLINE_CURVE((1.,0.5,1.,0.5,
1.,0.5,1.)) REPRESENTATION_ITEM('') );
#2952 = CARTESIAN_POINT('',(17.42,197.54));
#2953 = CARTESIAN_POINT('',(17.42,196.67397459621));
#2954 = CARTESIAN_POINT('',(16.67,197.1069872981));
#2955 = CARTESIAN_POINT('',(15.92,197.54));
#2956 = CARTESIAN_POINT('',(16.67,197.97301270189));
#2957 = CARTESIAN_POINT('',(17.42,198.40602540378));
#2958 = CARTESIAN_POINT('',(17.42,197.54));
#2959 = ( GEOMETRIC_REPRESENTATION_CONTEXT(2) 
PARAMETRIC_REPRESENTATION_CONTEXT() REPRESENTATION_CONTEXT('2D SPACE',''
  ) );
#2960 = PCURVE('',#2961,#2966);
#2961 = CYLINDRICAL_SURFACE('',#2962,0.5);
#2962 = AXIS2_PLACEMENT_3D('',#2963,#2964,#2965);
#2963 = CARTESIAN_POINT('',(16.92,197.54,-0.1));
#2964 = DIRECTION('',(-0.,-0.,-1.));
#2965 = DIRECTION('',(1.,0.,0.));
#2966 = DEFINITIONAL_REPRESENTATION('',(#2967),#2971);
#2967 = LINE('',#2968,#2969);
#2968 = CARTESIAN_POINT('',(-4.138911435803E-13,-1.7));
#2969 = VECTOR('',#2970,1.);
#2970 = DIRECTION('',(1.,-0.));
#2971 = ( GEOMETRIC_REPRESENTATION_CONTEXT(2) 
PARAMETRIC_REPRESENTATION_CONTEXT() REPRESENTATION_CONTEXT('2D SPACE',''
  ) );
#2972 = FACE_BOUND('',#2973,.T.);
#2973 = EDGE_LOOP('',(#2974));
#2974 = ORIENTED_EDGE('',*,*,#2975,.T.);
#2975 = EDGE_CURVE('',#2976,#2976,#2978,.T.);
#2976 = VERTEX_POINT('',#2977);
#2977 = CARTESIAN_POINT('',(19.96,195.,1.6));
#2978 = SURFACE_CURVE('',#2979,(#2984,#2995),.PCURVE_S1.);
#2979 = CIRCLE('',#2980,0.5);
#2980 = AXIS2_PLACEMENT_3D('',#2981,#2982,#2983);
#2981 = CARTESIAN_POINT('',(19.46,195.,1.6));
#2982 = DIRECTION('',(0.,0.,-1.));
#2983 = DIRECTION('',(1.,0.,0.));
#2984 = PCURVE('',#736,#2985);
#2985 = DEFINITIONAL_REPRESENTATION('',(#2986),#2994);
#2986 = ( BOUNDED_CURVE() B_SPLINE_CURVE(2,(#2987,#2988,#2989,#2990,
#2991,#2992,#2993),.UNSPECIFIED.,.T.,.F.) B_SPLINE_CURVE_WITH_KNOTS((1,2
    ,2,2,2,1),(-2.094395102393,0.,2.094395102393,4.188790204786,
6.28318530718,8.377580409573),.UNSPECIFIED.) CURVE() 
GEOMETRIC_REPRESENTATION_ITEM() RATIONAL_B_SPLINE_CURVE((1.,0.5,1.,0.5,
1.,0.5,1.)) REPRESENTATION_ITEM('') );
#2987 = CARTESIAN_POINT('',(19.96,195.));
#2988 = CARTESIAN_POINT('',(19.96,194.13397459621));
#2989 = CARTESIAN_POINT('',(19.21,194.5669872981));
#2990 = CARTESIAN_POINT('',(18.46,195.));
#2991 = CARTESIAN_POINT('',(19.21,195.43301270189));
#2992 = CARTESIAN_POINT('',(19.96,195.86602540378));
#2993 = CARTESIAN_POINT('',(19.96,195.));
#2994 = ( GEOMETRIC_REPRESENTATION_CONTEXT(2) 
PARAMETRIC_REPRESENTATION_CONTEXT() REPRESENTATION_CONTEXT('2D SPACE',''
  ) );
#2995 = PCURVE('',#2996,#3001);
#2996 = CYLINDRICAL_SURFACE('',#2997,0.5);
#2997 = AXIS2_PLACEMENT_3D('',#2998,#2999,#3000);
#2998 = CARTESIAN_POINT('',(19.46,195.,-0.1));
#2999 = DIRECTION('',(-0.,-0.,-1.));
#3000 = DIRECTION('',(1.,0.,0.));
#3001 = DEFINITIONAL_REPRESENTATION('',(#3002),#3006);
#3002 = LINE('',#3003,#3004);
#3003 = CARTESIAN_POINT('',(-4.138911435803E-13,-1.7));
#3004 = VECTOR('',#3005,1.);
#3005 = DIRECTION('',(1.,-0.));
#3006 = ( GEOMETRIC_REPRESENTATION_CONTEXT(2) 
PARAMETRIC_REPRESENTATION_CONTEXT() REPRESENTATION_CONTEXT('2D SPACE',''
  ) );
#3007 = FACE_BOUND('',#3008,.T.);
#3008 = EDGE_LOOP('',(#3009));
#3009 = ORIENTED_EDGE('',*,*,#3010,.T.);
#3010 = EDGE_CURVE('',#3011,#3011,#3013,.T.);
#3011 = VERTEX_POINT('',#3012);
#3012 = CARTESIAN_POINT('',(22.5,195.,1.6));
#3013 = SURFACE_CURVE('',#3014,(#3019,#3030),.PCURVE_S1.);
#3014 = CIRCLE('',#3015,0.5);
#3015 = AXIS2_PLACEMENT_3D('',#3016,#3017,#3018);
#3016 = CARTESIAN_POINT('',(22.,195.,1.6));
#3017 = DIRECTION('',(0.,0.,-1.));
#3018 = DIRECTION('',(1.,0.,0.));
#3019 = PCURVE('',#736,#3020);
#3020 = DEFINITIONAL_REPRESENTATION('',(#3021),#3029);
#3021 = ( BOUNDED_CURVE() B_SPLINE_CURVE(2,(#3022,#3023,#3024,#3025,
#3026,#3027,#3028),.UNSPECIFIED.,.T.,.F.) B_SPLINE_CURVE_WITH_KNOTS((1,2
    ,2,2,2,1),(-2.094395102393,0.,2.094395102393,4.188790204786,
6.28318530718,8.377580409573),.UNSPECIFIED.) CURVE() 
GEOMETRIC_REPRESENTATION_ITEM() RATIONAL_B_SPLINE_CURVE((1.,0.5,1.,0.5,
1.,0.5,1.)) REPRESENTATION_ITEM('') );
#3022 = CARTESIAN_POINT('',(22.5,195.));
#3023 = CARTESIAN_POINT('',(22.5,194.13397459621));
#3024 = CARTESIAN_POINT('',(21.75,194.5669872981));
#3025 = CARTESIAN_POINT('',(21.,195.));
#3026 = CARTESIAN_POINT('',(21.75,195.43301270189));
#3027 = CARTESIAN_POINT('',(22.5,195.86602540378));
#3028 = CARTESIAN_POINT('',(22.5,195.));
#3029 = ( GEOMETRIC_REPRESENTATION_CONTEXT(2) 
PARAMETRIC_REPRESENTATION_CONTEXT() REPRESENTATION_CONTEXT('2D SPACE',''
  ) );
#3030 = PCURVE('',#3031,#3036);
#3031 = CYLINDRICAL_SURFACE('',#3032,0.5);
#3032 = AXIS2_PLACEMENT_3D('',#3033,#3034,#3035);
#3033 = CARTESIAN_POINT('',(22.,195.,-0.1));
#3034 = DIRECTION('',(-0.,-0.,-1.));
#3035 = DIRECTION('',(1.,0.,0.));
#3036 = DEFINITIONAL_REPRESENTATION('',(#3037),#3041);
#3037 = LINE('',#3038,#3039);
#3038 = CARTESIAN_POINT('',(-4.138911435803E-13,-1.7));
#3039 = VECTOR('',#3040,1.);
#3040 = DIRECTION('',(1.,-0.));
#3041 = ( GEOMETRIC_REPRESENTATION_CONTEXT(2) 
PARAMETRIC_REPRESENTATION_CONTEXT() REPRESENTATION_CONTEXT('2D SPACE',''
  ) );
#3042 = FACE_BOUND('',#3043,.T.);
#3043 = EDGE_LOOP('',(#3044));
#3044 = ORIENTED_EDGE('',*,*,#3045,.T.);
#3045 = EDGE_CURVE('',#3046,#3046,#3048,.T.);
#3046 = VERTEX_POINT('',#3047);
#3047 = CARTESIAN_POINT('',(19.96,197.54,1.6));
#3048 = SURFACE_CURVE('',#3049,(#3054,#3065),.PCURVE_S1.);
#3049 = CIRCLE('',#3050,0.5);
#3050 = AXIS2_PLACEMENT_3D('',#3051,#3052,#3053);
#3051 = CARTESIAN_POINT('',(19.46,197.54,1.6));
#3052 = DIRECTION('',(0.,0.,-1.));
#3053 = DIRECTION('',(1.,0.,0.));
#3054 = PCURVE('',#736,#3055);
#3055 = DEFINITIONAL_REPRESENTATION('',(#3056),#3064);
#3056 = ( BOUNDED_CURVE() B_SPLINE_CURVE(2,(#3057,#3058,#3059,#3060,
#3061,#3062,#3063),.UNSPECIFIED.,.T.,.F.) B_SPLINE_CURVE_WITH_KNOTS((1,2
    ,2,2,2,1),(-2.094395102393,0.,2.094395102393,4.188790204786,
6.28318530718,8.377580409573),.UNSPECIFIED.) CURVE() 
GEOMETRIC_REPRESENTATION_ITEM() RATIONAL_B_SPLINE_CURVE((1.,0.5,1.,0.5,
1.,0.5,1.)) REPRESENTATION_ITEM('') );
#3057 = CARTESIAN_POINT('',(19.96,197.54));
#3058 = CARTESIAN_POINT('',(19.96,196.67397459621));
#3059 = CARTESIAN_POINT('',(19.21,197.1069872981));
#3060 = CARTESIAN_POINT('',(18.46,197.54));
#3061 = CARTESIAN_POINT('',(19.21,197.97301270189));
#3062 = CARTESIAN_POINT('',(19.96,198.40602540378));
#3063 = CARTESIAN_POINT('',(19.96,197.54));
#3064 = ( GEOMETRIC_REPRESENTATION_CONTEXT(2) 
PARAMETRIC_REPRESENTATION_CONTEXT() REPRESENTATION_CONTEXT('2D SPACE',''
  ) );
#3065 = PCURVE('',#3066,#3071);
#3066 = CYLINDRICAL_SURFACE('',#3067,0.5);
#3067 = AXIS2_PLACEMENT_3D('',#3068,#3069,#3070);
#3068 = CARTESIAN_POINT('',(19.46,197.54,-0.1));
#3069 = DIRECTION('',(-0.,-0.,-1.));
#3070 = DIRECTION('',(1.,0.,0.));
#3071 = DEFINITIONAL_REPRESENTATION('',(#3072),#3076);
#3072 = LINE('',#3073,#3074);
#3073 = CARTESIAN_POINT('',(-4.138911435803E-13,-1.7));
#3074 = VECTOR('',#3075,1.);
#3075 = DIRECTION('',(1.,-0.));
#3076 = ( GEOMETRIC_REPRESENTATION_CONTEXT(2) 
PARAMETRIC_REPRESENTATION_CONTEXT() REPRESENTATION_CONTEXT('2D SPACE',''
  ) );
#3077 = FACE_BOUND('',#3078,.T.);
#3078 = EDGE_LOOP('',(#3079));
#3079 = ORIENTED_EDGE('',*,*,#3080,.T.);
#3080 = EDGE_CURVE('',#3081,#3081,#3083,.T.);
#3081 = VERTEX_POINT('',#3082);
#3082 = CARTESIAN_POINT('',(22.5,197.54,1.6));
#3083 = SURFACE_CURVE('',#3084,(#3089,#3100),.PCURVE_S1.);
#3084 = CIRCLE('',#3085,0.5);
#3085 = AXIS2_PLACEMENT_3D('',#3086,#3087,#3088);
#3086 = CARTESIAN_POINT('',(22.,197.54,1.6));
#3087 = DIRECTION('',(0.,0.,-1.));
#3088 = DIRECTION('',(1.,0.,0.));
#3089 = PCURVE('',#736,#3090);
#3090 = DEFINITIONAL_REPRESENTATION('',(#3091),#3099);
#3091 = ( BOUNDED_CURVE() B_SPLINE_CURVE(2,(#3092,#3093,#3094,#3095,
#3096,#3097,#3098),.UNSPECIFIED.,.T.,.F.) B_SPLINE_CURVE_WITH_KNOTS((1,2
    ,2,2,2,1),(-2.094395102393,0.,2.094395102393,4.188790204786,
6.28318530718,8.377580409573),.UNSPECIFIED.) CURVE() 
GEOMETRIC_REPRESENTATION_ITEM() RATIONAL_B_SPLINE_CURVE((1.,0.5,1.,0.5,
1.,0.5,1.)) REPRESENTATION_ITEM('') );
#3092 = CARTESIAN_POINT('',(22.5,197.54));
#3093 = CARTESIAN_POINT('',(22.5,196.67397459621));
#3094 = CARTESIAN_POINT('',(21.75,197.1069872981));
#3095 = CARTESIAN_POINT('',(21.,197.54));
#3096 = CARTESIAN_POINT('',(21.75,197.97301270189));
#3097 = CARTESIAN_POINT('',(22.5,198.40602540378));
#3098 = CARTESIAN_POINT('',(22.5,197.54));
#3099 = ( GEOMETRIC_REPRESENTATION_CONTEXT(2) 
PARAMETRIC_REPRESENTATION_CONTEXT() REPRESENTATION_CONTEXT('2D SPACE',''
  ) );
#3100 = PCURVE('',#3101,#3106);
#3101 = CYLINDRICAL_SURFACE('',#3102,0.5);
#3102 = AXIS2_PLACEMENT_3D('',#3103,#3104,#3105);
#3103 = CARTESIAN_POINT('',(22.,197.54,-0.1));
#3104 = DIRECTION('',(-0.,-0.,-1.));
#3105 = DIRECTION('',(1.,0.,0.));
#3106 = DEFINITIONAL_REPRESENTATION('',(#3107),#3111);
#3107 = LINE('',#3108,#3109);
#3108 = CARTESIAN_POINT('',(-4.138911435803E-13,-1.7));
#3109 = VECTOR('',#3110,1.);
#3110 = DIRECTION('',(1.,-0.));
#3111 = ( GEOMETRIC_REPRESENTATION_CONTEXT(2) 
PARAMETRIC_REPRESENTATION_CONTEXT() REPRESENTATION_CONTEXT('2D SPACE',''
  ) );
#3112 = FACE_BOUND('',#3113,.T.);
#3113 = EDGE_LOOP('',(#3114));
#3114 = ORIENTED_EDGE('',*,*,#3115,.T.);
#3115 = EDGE_CURVE('',#3116,#3116,#3118,.T.);
#3116 = VERTEX_POINT('',#3117);
#3117 = CARTESIAN_POINT('',(31.75,167.,1.6));
#3118 = SURFACE_CURVE('',#3119,(#3124,#3135),.PCURVE_S1.);
#3119 = CIRCLE('',#3120,0.75);
#3120 = AXIS2_PLACEMENT_3D('',#3121,#3122,#3123);
#3121 = CARTESIAN_POINT('',(31.,167.,1.6));
#3122 = DIRECTION('',(0.,0.,-1.));
#3123 = DIRECTION('',(1.,0.,0.));
#3124 = PCURVE('',#736,#3125);
#3125 = DEFINITIONAL_REPRESENTATION('',(#3126),#3134);
#3126 = ( BOUNDED_CURVE() B_SPLINE_CURVE(2,(#3127,#3128,#3129,#3130,
#3131,#3132,#3133),.UNSPECIFIED.,.T.,.F.) B_SPLINE_CURVE_WITH_KNOTS((1,2
    ,2,2,2,1),(-2.094395102393,0.,2.094395102393,4.188790204786,
6.28318530718,8.377580409573),.UNSPECIFIED.) CURVE() 
GEOMETRIC_REPRESENTATION_ITEM() RATIONAL_B_SPLINE_CURVE((1.,0.5,1.,0.5,
1.,0.5,1.)) REPRESENTATION_ITEM('') );
#3127 = CARTESIAN_POINT('',(31.75,167.));
#3128 = CARTESIAN_POINT('',(31.75,165.70096189432));
#3129 = CARTESIAN_POINT('',(30.625,166.35048094716));
#3130 = CARTESIAN_POINT('',(29.5,167.));
#3131 = CARTESIAN_POINT('',(30.625,167.64951905283));
#3132 = CARTESIAN_POINT('',(31.75,168.29903810567));
#3133 = CARTESIAN_POINT('',(31.75,167.));
#3134 = ( GEOMETRIC_REPRESENTATION_CONTEXT(2) 
PARAMETRIC_REPRESENTATION_CONTEXT() REPRESENTATION_CONTEXT('2D SPACE',''
  ) );
#3135 = PCURVE('',#3136,#3141);
#3136 = CYLINDRICAL_SURFACE('',#3137,0.75);
#3137 = AXIS2_PLACEMENT_3D('',#3138,#3139,#3140);
#3138 = CARTESIAN_POINT('',(31.,167.,-0.1));
#3139 = DIRECTION('',(-0.,-0.,-1.));
#3140 = DIRECTION('',(1.,0.,0.));
#3141 = DEFINITIONAL_REPRESENTATION('',(#3142),#3146);
#3142 = LINE('',#3143,#3144);
#3143 = CARTESIAN_POINT('',(-4.138911435803E-13,-1.7));
#3144 = VECTOR('',#3145,1.);
#3145 = DIRECTION('',(1.,-0.));
#3146 = ( GEOMETRIC_REPRESENTATION_CONTEXT(2) 
PARAMETRIC_REPRESENTATION_CONTEXT() REPRESENTATION_CONTEXT('2D SPACE',''
  ) );
#3147 = FACE_BOUND('',#3148,.T.);
#3148 = EDGE_LOOP('',(#3149));
#3149 = ORIENTED_EDGE('',*,*,#3150,.T.);
#3150 = EDGE_CURVE('',#3151,#3151,#3153,.T.);
#3151 = VERTEX_POINT('',#3152);
#3152 = CARTESIAN_POINT('',(31.75,177.,1.6));
#3153 = SURFACE_CURVE('',#3154,(#3159,#3170),.PCURVE_S1.);
#3154 = CIRCLE('',#3155,0.75);
#3155 = AXIS2_PLACEMENT_3D('',#3156,#3157,#3158);
#3156 = CARTESIAN_POINT('',(31.,177.,1.6));
#3157 = DIRECTION('',(0.,0.,-1.));
#3158 = DIRECTION('',(1.,0.,0.));
#3159 = PCURVE('',#736,#3160);
#3160 = DEFINITIONAL_REPRESENTATION('',(#3161),#3169);
#3161 = ( BOUNDED_CURVE() B_SPLINE_CURVE(2,(#3162,#3163,#3164,#3165,
#3166,#3167,#3168),.UNSPECIFIED.,.T.,.F.) B_SPLINE_CURVE_WITH_KNOTS((1,2
    ,2,2,2,1),(-2.094395102393,0.,2.094395102393,4.188790204786,
6.28318530718,8.377580409573),.UNSPECIFIED.) CURVE() 
GEOMETRIC_REPRESENTATION_ITEM() RATIONAL_B_SPLINE_CURVE((1.,0.5,1.,0.5,
1.,0.5,1.)) REPRESENTATION_ITEM('') );
#3162 = CARTESIAN_POINT('',(31.75,177.));
#3163 = CARTESIAN_POINT('',(31.75,175.70096189432));
#3164 = CARTESIAN_POINT('',(30.625,176.35048094716));
#3165 = CARTESIAN_POINT('',(29.5,177.));
#3166 = CARTESIAN_POINT('',(30.625,177.64951905283));
#3167 = CARTESIAN_POINT('',(31.75,178.29903810567));
#3168 = CARTESIAN_POINT('',(31.75,177.));
#3169 = ( GEOMETRIC_REPRESENTATION_CONTEXT(2) 
PARAMETRIC_REPRESENTATION_CONTEXT() REPRESENTATION_CONTEXT('2D SPACE',''
  ) );
#3170 = PCURVE('',#3171,#3176);
#3171 = CYLINDRICAL_SURFACE('',#3172,0.75);
#3172 = AXIS2_PLACEMENT_3D('',#3173,#3174,#3175);
#3173 = CARTESIAN_POINT('',(31.,177.,-0.1));
#3174 = DIRECTION('',(-0.,-0.,-1.));
#3175 = DIRECTION('',(1.,0.,0.));
#3176 = DEFINITIONAL_REPRESENTATION('',(#3177),#3181);
#3177 = LINE('',#3178,#3179);
#3178 = CARTESIAN_POINT('',(-4.138911435803E-13,-1.7));
#3179 = VECTOR('',#3180,1.);
#3180 = DIRECTION('',(1.,-0.));
#3181 = ( GEOMETRIC_REPRESENTATION_CONTEXT(2) 
PARAMETRIC_REPRESENTATION_CONTEXT() REPRESENTATION_CONTEXT('2D SPACE',''
  ) );
#3182 = FACE_BOUND('',#3183,.T.);
#3183 = EDGE_LOOP('',(#3184));
#3184 = ORIENTED_EDGE('',*,*,#3185,.T.);
#3185 = EDGE_CURVE('',#3186,#3186,#3188,.T.);
#3186 = VERTEX_POINT('',#3187);
#3187 = CARTESIAN_POINT('',(31.75,187.,1.6));
#3188 = SURFACE_CURVE('',#3189,(#3194,#3205),.PCURVE_S1.);
#3189 = CIRCLE('',#3190,0.75);
#3190 = AXIS2_PLACEMENT_3D('',#3191,#3192,#3193);
#3191 = CARTESIAN_POINT('',(31.,187.,1.6));
#3192 = DIRECTION('',(0.,0.,-1.));
#3193 = DIRECTION('',(1.,0.,0.));
#3194 = PCURVE('',#736,#3195);
#3195 = DEFINITIONAL_REPRESENTATION('',(#3196),#3204);
#3196 = ( BOUNDED_CURVE() B_SPLINE_CURVE(2,(#3197,#3198,#3199,#3200,
#3201,#3202,#3203),.UNSPECIFIED.,.T.,.F.) B_SPLINE_CURVE_WITH_KNOTS((1,2
    ,2,2,2,1),(-2.094395102393,0.,2.094395102393,4.188790204786,
6.28318530718,8.377580409573),.UNSPECIFIED.) CURVE() 
GEOMETRIC_REPRESENTATION_ITEM() RATIONAL_B_SPLINE_CURVE((1.,0.5,1.,0.5,
1.,0.5,1.)) REPRESENTATION_ITEM('') );
#3197 = CARTESIAN_POINT('',(31.75,187.));
#3198 = CARTESIAN_POINT('',(31.75,185.70096189432));
#3199 = CARTESIAN_POINT('',(30.625,186.35048094716));
#3200 = CARTESIAN_POINT('',(29.5,187.));
#3201 = CARTESIAN_POINT('',(30.625,187.64951905283));
#3202 = CARTESIAN_POINT('',(31.75,188.29903810567));
#3203 = CARTESIAN_POINT('',(31.75,187.));
#3204 = ( GEOMETRIC_REPRESENTATION_CONTEXT(2) 
PARAMETRIC_REPRESENTATION_CONTEXT() REPRESENTATION_CONTEXT('2D SPACE',''
  ) );
#3205 = PCURVE('',#3206,#3211);
#3206 = CYLINDRICAL_SURFACE('',#3207,0.75);
#3207 = AXIS2_PLACEMENT_3D('',#3208,#3209,#3210);
#3208 = CARTESIAN_POINT('',(31.,187.,-0.1));
#3209 = DIRECTION('',(-0.,-0.,-1.));
#3210 = DIRECTION('',(1.,0.,0.));
#3211 = DEFINITIONAL_REPRESENTATION('',(#3212),#3216);
#3212 = LINE('',#3213,#3214);
#3213 = CARTESIAN_POINT('',(-4.138911435803E-13,-1.7));
#3214 = VECTOR('',#3215,1.);
#3215 = DIRECTION('',(1.,-0.));
#3216 = ( GEOMETRIC_REPRESENTATION_CONTEXT(2) 
PARAMETRIC_REPRESENTATION_CONTEXT() REPRESENTATION_CONTEXT('2D SPACE',''
  ) );
#3217 = FACE_BOUND('',#3218,.T.);
#3218 = EDGE_LOOP('',(#3219));
#3219 = ORIENTED_EDGE('',*,*,#3220,.T.);
#3220 = EDGE_CURVE('',#3221,#3221,#3223,.T.);
#3221 = VERTEX_POINT('',#3222);
#3222 = CARTESIAN_POINT('',(25.04,195.,1.6));
#3223 = SURFACE_CURVE('',#3224,(#3229,#3240),.PCURVE_S1.);
#3224 = CIRCLE('',#3225,0.5);
#3225 = AXIS2_PLACEMENT_3D('',#3226,#3227,#3228);
#3226 = CARTESIAN_POINT('',(24.54,195.,1.6));
#3227 = DIRECTION('',(0.,0.,-1.));
#3228 = DIRECTION('',(1.,0.,0.));
#3229 = PCURVE('',#736,#3230);
#3230 = DEFINITIONAL_REPRESENTATION('',(#3231),#3239);
#3231 = ( BOUNDED_CURVE() B_SPLINE_CURVE(2,(#3232,#3233,#3234,#3235,
#3236,#3237,#3238),.UNSPECIFIED.,.T.,.F.) B_SPLINE_CURVE_WITH_KNOTS((1,2
    ,2,2,2,1),(-2.094395102393,0.,2.094395102393,4.188790204786,
6.28318530718,8.377580409573),.UNSPECIFIED.) CURVE() 
GEOMETRIC_REPRESENTATION_ITEM() RATIONAL_B_SPLINE_CURVE((1.,0.5,1.,0.5,
1.,0.5,1.)) REPRESENTATION_ITEM('') );
#3232 = CARTESIAN_POINT('',(25.04,195.));
#3233 = CARTESIAN_POINT('',(25.04,194.13397459621));
#3234 = CARTESIAN_POINT('',(24.29,194.5669872981));
#3235 = CARTESIAN_POINT('',(23.54,195.));
#3236 = CARTESIAN_POINT('',(24.29,195.43301270189));
#3237 = CARTESIAN_POINT('',(25.04,195.86602540378));
#3238 = CARTESIAN_POINT('',(25.04,195.));
#3239 = ( GEOMETRIC_REPRESENTATION_CONTEXT(2) 
PARAMETRIC_REPRESENTATION_CONTEXT() REPRESENTATION_CONTEXT('2D SPACE',''
  ) );
#3240 = PCURVE('',#3241,#3246);
#3241 = CYLINDRICAL_SURFACE('',#3242,0.5);
#3242 = AXIS2_PLACEMENT_3D('',#3243,#3244,#3245);
#3243 = CARTESIAN_POINT('',(24.54,195.,-0.1));
#3244 = DIRECTION('',(-0.,-0.,-1.));
#3245 = DIRECTION('',(1.,0.,0.));
#3246 = DEFINITIONAL_REPRESENTATION('',(#3247),#3251);
#3247 = LINE('',#3248,#3249);
#3248 = CARTESIAN_POINT('',(-4.138911435803E-13,-1.7));
#3249 = VECTOR('',#3250,1.);
#3250 = DIRECTION('',(1.,-0.));
#3251 = ( GEOMETRIC_REPRESENTATION_CONTEXT(2) 
PARAMETRIC_REPRESENTATION_CONTEXT() REPRESENTATION_CONTEXT('2D SPACE',''
  ) );
#3252 = FACE_BOUND('',#3253,.T.);
#3253 = EDGE_LOOP('',(#3254));
#3254 = ORIENTED_EDGE('',*,*,#3255,.T.);
#3255 = EDGE_CURVE('',#3256,#3256,#3258,.T.);
#3256 = VERTEX_POINT('',#3257);
#3257 = CARTESIAN_POINT('',(27.58,195.,1.6));
#3258 = SURFACE_CURVE('',#3259,(#3264,#3275),.PCURVE_S1.);
#3259 = CIRCLE('',#3260,0.5);
#3260 = AXIS2_PLACEMENT_3D('',#3261,#3262,#3263);
#3261 = CARTESIAN_POINT('',(27.08,195.,1.6));
#3262 = DIRECTION('',(0.,0.,-1.));
#3263 = DIRECTION('',(1.,0.,0.));
#3264 = PCURVE('',#736,#3265);
#3265 = DEFINITIONAL_REPRESENTATION('',(#3266),#3274);
#3266 = ( BOUNDED_CURVE() B_SPLINE_CURVE(2,(#3267,#3268,#3269,#3270,
#3271,#3272,#3273),.UNSPECIFIED.,.T.,.F.) B_SPLINE_CURVE_WITH_KNOTS((1,2
    ,2,2,2,1),(-2.094395102393,0.,2.094395102393,4.188790204786,
6.28318530718,8.377580409573),.UNSPECIFIED.) CURVE() 
GEOMETRIC_REPRESENTATION_ITEM() RATIONAL_B_SPLINE_CURVE((1.,0.5,1.,0.5,
1.,0.5,1.)) REPRESENTATION_ITEM('') );
#3267 = CARTESIAN_POINT('',(27.58,195.));
#3268 = CARTESIAN_POINT('',(27.58,194.13397459621));
#3269 = CARTESIAN_POINT('',(26.83,194.5669872981));
#3270 = CARTESIAN_POINT('',(26.08,195.));
#3271 = CARTESIAN_POINT('',(26.83,195.43301270189));
#3272 = CARTESIAN_POINT('',(27.58,195.86602540378));
#3273 = CARTESIAN_POINT('',(27.58,195.));
#3274 = ( GEOMETRIC_REPRESENTATION_CONTEXT(2) 
PARAMETRIC_REPRESENTATION_CONTEXT() REPRESENTATION_CONTEXT('2D SPACE',''
  ) );
#3275 = PCURVE('',#3276,#3281);
#3276 = CYLINDRICAL_SURFACE('',#3277,0.5);
#3277 = AXIS2_PLACEMENT_3D('',#3278,#3279,#3280);
#3278 = CARTESIAN_POINT('',(27.08,195.,-0.1));
#3279 = DIRECTION('',(-0.,-0.,-1.));
#3280 = DIRECTION('',(1.,0.,0.));
#3281 = DEFINITIONAL_REPRESENTATION('',(#3282),#3286);
#3282 = LINE('',#3283,#3284);
#3283 = CARTESIAN_POINT('',(-4.138911435803E-13,-1.7));
#3284 = VECTOR('',#3285,1.);
#3285 = DIRECTION('',(1.,-0.));
#3286 = ( GEOMETRIC_REPRESENTATION_CONTEXT(2) 
PARAMETRIC_REPRESENTATION_CONTEXT() REPRESENTATION_CONTEXT('2D SPACE',''
  ) );
#3287 = FACE_BOUND('',#3288,.T.);
#3288 = EDGE_LOOP('',(#3289));
#3289 = ORIENTED_EDGE('',*,*,#3290,.T.);
#3290 = EDGE_CURVE('',#3291,#3291,#3293,.T.);
#3291 = VERTEX_POINT('',#3292);
#3292 = CARTESIAN_POINT('',(25.04,197.54,1.6));
#3293 = SURFACE_CURVE('',#3294,(#3299,#3310),.PCURVE_S1.);
#3294 = CIRCLE('',#3295,0.5);
#3295 = AXIS2_PLACEMENT_3D('',#3296,#3297,#3298);
#3296 = CARTESIAN_POINT('',(24.54,197.54,1.6));
#3297 = DIRECTION('',(0.,0.,-1.));
#3298 = DIRECTION('',(1.,0.,0.));
#3299 = PCURVE('',#736,#3300);
#3300 = DEFINITIONAL_REPRESENTATION('',(#3301),#3309);
#3301 = ( BOUNDED_CURVE() B_SPLINE_CURVE(2,(#3302,#3303,#3304,#3305,
#3306,#3307,#3308),.UNSPECIFIED.,.T.,.F.) B_SPLINE_CURVE_WITH_KNOTS((1,2
    ,2,2,2,1),(-2.094395102393,0.,2.094395102393,4.188790204786,
6.28318530718,8.377580409573),.UNSPECIFIED.) CURVE() 
GEOMETRIC_REPRESENTATION_ITEM() RATIONAL_B_SPLINE_CURVE((1.,0.5,1.,0.5,
1.,0.5,1.)) REPRESENTATION_ITEM('') );
#3302 = CARTESIAN_POINT('',(25.04,197.54));
#3303 = CARTESIAN_POINT('',(25.04,196.67397459621));
#3304 = CARTESIAN_POINT('',(24.29,197.1069872981));
#3305 = CARTESIAN_POINT('',(23.54,197.54));
#3306 = CARTESIAN_POINT('',(24.29,197.97301270189));
#3307 = CARTESIAN_POINT('',(25.04,198.40602540378));
#3308 = CARTESIAN_POINT('',(25.04,197.54));
#3309 = ( GEOMETRIC_REPRESENTATION_CONTEXT(2) 
PARAMETRIC_REPRESENTATION_CONTEXT() REPRESENTATION_CONTEXT('2D SPACE',''
  ) );
#3310 = PCURVE('',#3311,#3316);
#3311 = CYLINDRICAL_SURFACE('',#3312,0.5);
#3312 = AXIS2_PLACEMENT_3D('',#3313,#3314,#3315);
#3313 = CARTESIAN_POINT('',(24.54,197.54,-0.1));
#3314 = DIRECTION('',(-0.,-0.,-1.));
#3315 = DIRECTION('',(1.,0.,0.));
#3316 = DEFINITIONAL_REPRESENTATION('',(#3317),#3321);
#3317 = LINE('',#3318,#3319);
#3318 = CARTESIAN_POINT('',(-4.138911435803E-13,-1.7));
#3319 = VECTOR('',#3320,1.);
#3320 = DIRECTION('',(1.,-0.));
#3321 = ( GEOMETRIC_REPRESENTATION_CONTEXT(2) 
PARAMETRIC_REPRESENTATION_CONTEXT() REPRESENTATION_CONTEXT('2D SPACE',''
  ) );
#3322 = FACE_BOUND('',#3323,.T.);
#3323 = EDGE_LOOP('',(#3324));
#3324 = ORIENTED_EDGE('',*,*,#3325,.T.);
#3325 = EDGE_CURVE('',#3326,#3326,#3328,.T.);
#3326 = VERTEX_POINT('',#3327);
#3327 = CARTESIAN_POINT('',(27.58,197.54,1.6));
#3328 = SURFACE_CURVE('',#3329,(#3334,#3345),.PCURVE_S1.);
#3329 = CIRCLE('',#3330,0.5);
#3330 = AXIS2_PLACEMENT_3D('',#3331,#3332,#3333);
#3331 = CARTESIAN_POINT('',(27.08,197.54,1.6));
#3332 = DIRECTION('',(0.,0.,-1.));
#3333 = DIRECTION('',(1.,0.,0.));
#3334 = PCURVE('',#736,#3335);
#3335 = DEFINITIONAL_REPRESENTATION('',(#3336),#3344);
#3336 = ( BOUNDED_CURVE() B_SPLINE_CURVE(2,(#3337,#3338,#3339,#3340,
#3341,#3342,#3343),.UNSPECIFIED.,.T.,.F.) B_SPLINE_CURVE_WITH_KNOTS((1,2
    ,2,2,2,1),(-2.094395102393,0.,2.094395102393,4.188790204786,
6.28318530718,8.377580409573),.UNSPECIFIED.) CURVE() 
GEOMETRIC_REPRESENTATION_ITEM() RATIONAL_B_SPLINE_CURVE((1.,0.5,1.,0.5,
1.,0.5,1.)) REPRESENTATION_ITEM('') );
#3337 = CARTESIAN_POINT('',(27.58,197.54));
#3338 = CARTESIAN_POINT('',(27.58,196.67397459621));
#3339 = CARTESIAN_POINT('',(26.83,197.1069872981));
#3340 = CARTESIAN_POINT('',(26.08,197.54));
#3341 = CARTESIAN_POINT('',(26.83,197.97301270189));
#3342 = CARTESIAN_POINT('',(27.58,198.40602540378));
#3343 = CARTESIAN_POINT('',(27.58,197.54));
#3344 = ( GEOMETRIC_REPRESENTATION_CONTEXT(2) 
PARAMETRIC_REPRESENTATION_CONTEXT() REPRESENTATION_CONTEXT('2D SPACE',''
  ) );
#3345 = PCURVE('',#3346,#3351);
#3346 = CYLINDRICAL_SURFACE('',#3347,0.5);
#3347 = AXIS2_PLACEMENT_3D('',#3348,#3349,#3350);
#3348 = CARTESIAN_POINT('',(27.08,197.54,-0.1));
#3349 = DIRECTION('',(-0.,-0.,-1.));
#3350 = DIRECTION('',(1.,0.,0.));
#3351 = DEFINITIONAL_REPRESENTATION('',(#3352),#3356);
#3352 = LINE('',#3353,#3354);
#3353 = CARTESIAN_POINT('',(-4.138911435803E-13,-1.7));
#3354 = VECTOR('',#3355,1.);
#3355 = DIRECTION('',(1.,-0.));
#3356 = ( GEOMETRIC_REPRESENTATION_CONTEXT(2) 
PARAMETRIC_REPRESENTATION_CONTEXT() REPRESENTATION_CONTEXT('2D SPACE',''
  ) );
#3357 = FACE_BOUND('',#3358,.T.);
#3358 = EDGE_LOOP('',(#3359));
#3359 = ORIENTED_EDGE('',*,*,#3360,.T.);
#3360 = EDGE_CURVE('',#3361,#3361,#3363,.T.);
#3361 = VERTEX_POINT('',#3362);
#3362 = CARTESIAN_POINT('',(53.75,117.,1.6));
#3363 = SURFACE_CURVE('',#3364,(#3369,#3380),.PCURVE_S1.);
#3364 = CIRCLE('',#3365,0.75);
#3365 = AXIS2_PLACEMENT_3D('',#3366,#3367,#3368);
#3366 = CARTESIAN_POINT('',(53.,117.,1.6));
#3367 = DIRECTION('',(0.,0.,-1.));
#3368 = DIRECTION('',(1.,0.,0.));
#3369 = PCURVE('',#736,#3370);
#3370 = DEFINITIONAL_REPRESENTATION('',(#3371),#3379);
#3371 = ( BOUNDED_CURVE() B_SPLINE_CURVE(2,(#3372,#3373,#3374,#3375,
#3376,#3377,#3378),.UNSPECIFIED.,.T.,.F.) B_SPLINE_CURVE_WITH_KNOTS((1,2
    ,2,2,2,1),(-2.094395102393,0.,2.094395102393,4.188790204786,
6.28318530718,8.377580409573),.UNSPECIFIED.) CURVE() 
GEOMETRIC_REPRESENTATION_ITEM() RATIONAL_B_SPLINE_CURVE((1.,0.5,1.,0.5,
1.,0.5,1.)) REPRESENTATION_ITEM('') );
#3372 = CARTESIAN_POINT('',(53.75,117.));
#3373 = CARTESIAN_POINT('',(53.75,115.70096189432));
#3374 = CARTESIAN_POINT('',(52.625,116.35048094716));
#3375 = CARTESIAN_POINT('',(51.5,117.));
#3376 = CARTESIAN_POINT('',(52.625,117.64951905283));
#3377 = CARTESIAN_POINT('',(53.75,118.29903810567));
#3378 = CARTESIAN_POINT('',(53.75,117.));
#3379 = ( GEOMETRIC_REPRESENTATION_CONTEXT(2) 
PARAMETRIC_REPRESENTATION_CONTEXT() REPRESENTATION_CONTEXT('2D SPACE',''
  ) );
#3380 = PCURVE('',#3381,#3386);
#3381 = CYLINDRICAL_SURFACE('',#3382,0.75);
#3382 = AXIS2_PLACEMENT_3D('',#3383,#3384,#3385);
#3383 = CARTESIAN_POINT('',(53.,117.,-0.1));
#3384 = DIRECTION('',(-0.,-0.,-1.));
#3385 = DIRECTION('',(1.,0.,0.));
#3386 = DEFINITIONAL_REPRESENTATION('',(#3387),#3391);
#3387 = LINE('',#3388,#3389);
#3388 = CARTESIAN_POINT('',(-4.138911435803E-13,-1.7));
#3389 = VECTOR('',#3390,1.);
#3390 = DIRECTION('',(1.,-0.));
#3391 = ( GEOMETRIC_REPRESENTATION_CONTEXT(2) 
PARAMETRIC_REPRESENTATION_CONTEXT() REPRESENTATION_CONTEXT('2D SPACE',''
  ) );
#3392 = FACE_BOUND('',#3393,.T.);
#3393 = EDGE_LOOP('',(#3394));
#3394 = ORIENTED_EDGE('',*,*,#3395,.T.);
#3395 = EDGE_CURVE('',#3396,#3396,#3398,.T.);
#3396 = VERTEX_POINT('',#3397);
#3397 = CARTESIAN_POINT('',(53.75,127.,1.6));
#3398 = SURFACE_CURVE('',#3399,(#3404,#3415),.PCURVE_S1.);
#3399 = CIRCLE('',#3400,0.75);
#3400 = AXIS2_PLACEMENT_3D('',#3401,#3402,#3403);
#3401 = CARTESIAN_POINT('',(53.,127.,1.6));
#3402 = DIRECTION('',(0.,0.,-1.));
#3403 = DIRECTION('',(1.,0.,0.));
#3404 = PCURVE('',#736,#3405);
#3405 = DEFINITIONAL_REPRESENTATION('',(#3406),#3414);
#3406 = ( BOUNDED_CURVE() B_SPLINE_CURVE(2,(#3407,#3408,#3409,#3410,
#3411,#3412,#3413),.UNSPECIFIED.,.T.,.F.) B_SPLINE_CURVE_WITH_KNOTS((1,2
    ,2,2,2,1),(-2.094395102393,0.,2.094395102393,4.188790204786,
6.28318530718,8.377580409573),.UNSPECIFIED.) CURVE() 
GEOMETRIC_REPRESENTATION_ITEM() RATIONAL_B_SPLINE_CURVE((1.,0.5,1.,0.5,
1.,0.5,1.)) REPRESENTATION_ITEM('') );
#3407 = CARTESIAN_POINT('',(53.75,127.));
#3408 = CARTESIAN_POINT('',(53.75,125.70096189432));
#3409 = CARTESIAN_POINT('',(52.625,126.35048094716));
#3410 = CARTESIAN_POINT('',(51.5,127.));
#3411 = CARTESIAN_POINT('',(52.625,127.64951905283));
#3412 = CARTESIAN_POINT('',(53.75,128.29903810567));
#3413 = CARTESIAN_POINT('',(53.75,127.));
#3414 = ( GEOMETRIC_REPRESENTATION_CONTEXT(2) 
PARAMETRIC_REPRESENTATION_CONTEXT() REPRESENTATION_CONTEXT('2D SPACE',''
  ) );
#3415 = PCURVE('',#3416,#3421);
#3416 = CYLINDRICAL_SURFACE('',#3417,0.75);
#3417 = AXIS2_PLACEMENT_3D('',#3418,#3419,#3420);
#3418 = CARTESIAN_POINT('',(53.,127.,-0.1));
#3419 = DIRECTION('',(-0.,-0.,-1.));
#3420 = DIRECTION('',(1.,0.,0.));
#3421 = DEFINITIONAL_REPRESENTATION('',(#3422),#3426);
#3422 = LINE('',#3423,#3424);
#3423 = CARTESIAN_POINT('',(-4.138911435803E-13,-1.7));
#3424 = VECTOR('',#3425,1.);
#3425 = DIRECTION('',(1.,-0.));
#3426 = ( GEOMETRIC_REPRESENTATION_CONTEXT(2) 
PARAMETRIC_REPRESENTATION_CONTEXT() REPRESENTATION_CONTEXT('2D SPACE',''
  ) );
#3427 = FACE_BOUND('',#3428,.T.);
#3428 = EDGE_LOOP('',(#3429));
#3429 = ORIENTED_EDGE('',*,*,#3430,.T.);
#3430 = EDGE_CURVE('',#3431,#3431,#3433,.T.);
#3431 = VERTEX_POINT('',#3432);
#3432 = CARTESIAN_POINT('',(53.75,137.,1.6));
#3433 = SURFACE_CURVE('',#3434,(#3439,#3450),.PCURVE_S1.);
#3434 = CIRCLE('',#3435,0.75);
#3435 = AXIS2_PLACEMENT_3D('',#3436,#3437,#3438);
#3436 = CARTESIAN_POINT('',(53.,137.,1.6));
#3437 = DIRECTION('',(0.,0.,-1.));
#3438 = DIRECTION('',(1.,0.,0.));
#3439 = PCURVE('',#736,#3440);
#3440 = DEFINITIONAL_REPRESENTATION('',(#3441),#3449);
#3441 = ( BOUNDED_CURVE() B_SPLINE_CURVE(2,(#3442,#3443,#3444,#3445,
#3446,#3447,#3448),.UNSPECIFIED.,.T.,.F.) B_SPLINE_CURVE_WITH_KNOTS((1,2
    ,2,2,2,1),(-2.094395102393,0.,2.094395102393,4.188790204786,
6.28318530718,8.377580409573),.UNSPECIFIED.) CURVE() 
GEOMETRIC_REPRESENTATION_ITEM() RATIONAL_B_SPLINE_CURVE((1.,0.5,1.,0.5,
1.,0.5,1.)) REPRESENTATION_ITEM('') );
#3442 = CARTESIAN_POINT('',(53.75,137.));
#3443 = CARTESIAN_POINT('',(53.75,135.70096189432));
#3444 = CARTESIAN_POINT('',(52.625,136.35048094716));
#3445 = CARTESIAN_POINT('',(51.5,137.));
#3446 = CARTESIAN_POINT('',(52.625,137.64951905283));
#3447 = CARTESIAN_POINT('',(53.75,138.29903810567));
#3448 = CARTESIAN_POINT('',(53.75,137.));
#3449 = ( GEOMETRIC_REPRESENTATION_CONTEXT(2) 
PARAMETRIC_REPRESENTATION_CONTEXT() REPRESENTATION_CONTEXT('2D SPACE',''
  ) );
#3450 = PCURVE('',#3451,#3456);
#3451 = CYLINDRICAL_SURFACE('',#3452,0.75);
#3452 = AXIS2_PLACEMENT_3D('',#3453,#3454,#3455);
#3453 = CARTESIAN_POINT('',(53.,137.,-0.1));
#3454 = DIRECTION('',(-0.,-0.,-1.));
#3455 = DIRECTION('',(1.,0.,0.));
#3456 = DEFINITIONAL_REPRESENTATION('',(#3457),#3461);
#3457 = LINE('',#3458,#3459);
#3458 = CARTESIAN_POINT('',(-4.138911435803E-13,-1.7));
#3459 = VECTOR('',#3460,1.);
#3460 = DIRECTION('',(1.,-0.));
#3461 = ( GEOMETRIC_REPRESENTATION_CONTEXT(2) 
PARAMETRIC_REPRESENTATION_CONTEXT() REPRESENTATION_CONTEXT('2D SPACE',''
  ) );
#3462 = FACE_BOUND('',#3463,.T.);
#3463 = EDGE_LOOP('',(#3464));
#3464 = ORIENTED_EDGE('',*,*,#3465,.T.);
#3465 = EDGE_CURVE('',#3466,#3466,#3468,.T.);
#3466 = VERTEX_POINT('',#3467);
#3467 = CARTESIAN_POINT('',(53.75,147.,1.6));
#3468 = SURFACE_CURVE('',#3469,(#3474,#3485),.PCURVE_S1.);
#3469 = CIRCLE('',#3470,0.75);
#3470 = AXIS2_PLACEMENT_3D('',#3471,#3472,#3473);
#3471 = CARTESIAN_POINT('',(53.,147.,1.6));
#3472 = DIRECTION('',(0.,0.,-1.));
#3473 = DIRECTION('',(1.,0.,0.));
#3474 = PCURVE('',#736,#3475);
#3475 = DEFINITIONAL_REPRESENTATION('',(#3476),#3484);
#3476 = ( BOUNDED_CURVE() B_SPLINE_CURVE(2,(#3477,#3478,#3479,#3480,
#3481,#3482,#3483),.UNSPECIFIED.,.T.,.F.) B_SPLINE_CURVE_WITH_KNOTS((1,2
    ,2,2,2,1),(-2.094395102393,0.,2.094395102393,4.188790204786,
6.28318530718,8.377580409573),.UNSPECIFIED.) CURVE() 
GEOMETRIC_REPRESENTATION_ITEM() RATIONAL_B_SPLINE_CURVE((1.,0.5,1.,0.5,
1.,0.5,1.)) REPRESENTATION_ITEM('') );
#3477 = CARTESIAN_POINT('',(53.75,147.));
#3478 = CARTESIAN_POINT('',(53.75,145.70096189432));
#3479 = CARTESIAN_POINT('',(52.625,146.35048094716));
#3480 = CARTESIAN_POINT('',(51.5,147.));
#3481 = CARTESIAN_POINT('',(52.625,147.64951905283));
#3482 = CARTESIAN_POINT('',(53.75,148.29903810567));
#3483 = CARTESIAN_POINT('',(53.75,147.));
#3484 = ( GEOMETRIC_REPRESENTATION_CONTEXT(2) 
PARAMETRIC_REPRESENTATION_CONTEXT() REPRESENTATION_CONTEXT('2D SPACE',''
  ) );
#3485 = PCURVE('',#3486,#3491);
#3486 = CYLINDRICAL_SURFACE('',#3487,0.75);
#3487 = AXIS2_PLACEMENT_3D('',#3488,#3489,#3490);
#3488 = CARTESIAN_POINT('',(53.,147.,-0.1));
#3489 = DIRECTION('',(-0.,-0.,-1.));
#3490 = DIRECTION('',(1.,0.,0.));
#3491 = DEFINITIONAL_REPRESENTATION('',(#3492),#3496);
#3492 = LINE('',#3493,#3494);
#3493 = CARTESIAN_POINT('',(-4.138911435803E-13,-1.7));
#3494 = VECTOR('',#3495,1.);
#3495 = DIRECTION('',(1.,-0.));
#3496 = ( GEOMETRIC_REPRESENTATION_CONTEXT(2) 
PARAMETRIC_REPRESENTATION_CONTEXT() REPRESENTATION_CONTEXT('2D SPACE',''
  ) );
#3497 = FACE_BOUND('',#3498,.T.);
#3498 = EDGE_LOOP('',(#3499));
#3499 = ORIENTED_EDGE('',*,*,#3500,.T.);
#3500 = EDGE_CURVE('',#3501,#3501,#3503,.T.);
#3501 = VERTEX_POINT('',#3502);
#3502 = CARTESIAN_POINT('',(53.75,157.,1.6));
#3503 = SURFACE_CURVE('',#3504,(#3509,#3520),.PCURVE_S1.);
#3504 = CIRCLE('',#3505,0.75);
#3505 = AXIS2_PLACEMENT_3D('',#3506,#3507,#3508);
#3506 = CARTESIAN_POINT('',(53.,157.,1.6));
#3507 = DIRECTION('',(0.,0.,-1.));
#3508 = DIRECTION('',(1.,0.,0.));
#3509 = PCURVE('',#736,#3510);
#3510 = DEFINITIONAL_REPRESENTATION('',(#3511),#3519);
#3511 = ( BOUNDED_CURVE() B_SPLINE_CURVE(2,(#3512,#3513,#3514,#3515,
#3516,#3517,#3518),.UNSPECIFIED.,.T.,.F.) B_SPLINE_CURVE_WITH_KNOTS((1,2
    ,2,2,2,1),(-2.094395102393,0.,2.094395102393,4.188790204786,
6.28318530718,8.377580409573),.UNSPECIFIED.) CURVE() 
GEOMETRIC_REPRESENTATION_ITEM() RATIONAL_B_SPLINE_CURVE((1.,0.5,1.,0.5,
1.,0.5,1.)) REPRESENTATION_ITEM('') );
#3512 = CARTESIAN_POINT('',(53.75,157.));
#3513 = CARTESIAN_POINT('',(53.75,155.70096189432));
#3514 = CARTESIAN_POINT('',(52.625,156.35048094716));
#3515 = CARTESIAN_POINT('',(51.5,157.));
#3516 = CARTESIAN_POINT('',(52.625,157.64951905283));
#3517 = CARTESIAN_POINT('',(53.75,158.29903810567));
#3518 = CARTESIAN_POINT('',(53.75,157.));
#3519 = ( GEOMETRIC_REPRESENTATION_CONTEXT(2) 
PARAMETRIC_REPRESENTATION_CONTEXT() REPRESENTATION_CONTEXT('2D SPACE',''
  ) );
#3520 = PCURVE('',#3521,#3526);
#3521 = CYLINDRICAL_SURFACE('',#3522,0.75);
#3522 = AXIS2_PLACEMENT_3D('',#3523,#3524,#3525);
#3523 = CARTESIAN_POINT('',(53.,157.,-0.1));
#3524 = DIRECTION('',(-0.,-0.,-1.));
#3525 = DIRECTION('',(1.,0.,0.));
#3526 = DEFINITIONAL_REPRESENTATION('',(#3527),#3531);
#3527 = LINE('',#3528,#3529);
#3528 = CARTESIAN_POINT('',(-4.138911435803E-13,-1.7));
#3529 = VECTOR('',#3530,1.);
#3530 = DIRECTION('',(1.,-0.));
#3531 = ( GEOMETRIC_REPRESENTATION_CONTEXT(2) 
PARAMETRIC_REPRESENTATION_CONTEXT() REPRESENTATION_CONTEXT('2D SPACE',''
  ) );
#3532 = FACE_BOUND('',#3533,.T.);
#3533 = EDGE_LOOP('',(#3534));
#3534 = ORIENTED_EDGE('',*,*,#3535,.T.);
#3535 = EDGE_CURVE('',#3536,#3536,#3538,.T.);
#3536 = VERTEX_POINT('',#3537);
#3537 = CARTESIAN_POINT('',(71.75,117.,1.6));
#3538 = SURFACE_CURVE('',#3539,(#3544,#3555),.PCURVE_S1.);
#3539 = CIRCLE('',#3540,0.75);
#3540 = AXIS2_PLACEMENT_3D('',#3541,#3542,#3543);
#3541 = CARTESIAN_POINT('',(71.,117.,1.6));
#3542 = DIRECTION('',(0.,0.,-1.));
#3543 = DIRECTION('',(1.,0.,0.));
#3544 = PCURVE('',#736,#3545);
#3545 = DEFINITIONAL_REPRESENTATION('',(#3546),#3554);
#3546 = ( BOUNDED_CURVE() B_SPLINE_CURVE(2,(#3547,#3548,#3549,#3550,
#3551,#3552,#3553),.UNSPECIFIED.,.T.,.F.) B_SPLINE_CURVE_WITH_KNOTS((1,2
    ,2,2,2,1),(-2.094395102393,0.,2.094395102393,4.188790204786,
6.28318530718,8.377580409573),.UNSPECIFIED.) CURVE() 
GEOMETRIC_REPRESENTATION_ITEM() RATIONAL_B_SPLINE_CURVE((1.,0.5,1.,0.5,
1.,0.5,1.)) REPRESENTATION_ITEM('') );
#3547 = CARTESIAN_POINT('',(71.75,117.));
#3548 = CARTESIAN_POINT('',(71.75,115.70096189432));
#3549 = CARTESIAN_POINT('',(70.625,116.35048094716));
#3550 = CARTESIAN_POINT('',(69.5,117.));
#3551 = CARTESIAN_POINT('',(70.625,117.64951905283));
#3552 = CARTESIAN_POINT('',(71.75,118.29903810567));
#3553 = CARTESIAN_POINT('',(71.75,117.));
#3554 = ( GEOMETRIC_REPRESENTATION_CONTEXT(2) 
PARAMETRIC_REPRESENTATION_CONTEXT() REPRESENTATION_CONTEXT('2D SPACE',''
  ) );
#3555 = PCURVE('',#3556,#3561);
#3556 = CYLINDRICAL_SURFACE('',#3557,0.75);
#3557 = AXIS2_PLACEMENT_3D('',#3558,#3559,#3560);
#3558 = CARTESIAN_POINT('',(71.,117.,-0.1));
#3559 = DIRECTION('',(-0.,-0.,-1.));
#3560 = DIRECTION('',(1.,0.,0.));
#3561 = DEFINITIONAL_REPRESENTATION('',(#3562),#3566);
#3562 = LINE('',#3563,#3564);
#3563 = CARTESIAN_POINT('',(-4.138911435803E-13,-1.7));
#3564 = VECTOR('',#3565,1.);
#3565 = DIRECTION('',(1.,-0.));
#3566 = ( GEOMETRIC_REPRESENTATION_CONTEXT(2) 
PARAMETRIC_REPRESENTATION_CONTEXT() REPRESENTATION_CONTEXT('2D SPACE',''
  ) );
#3567 = FACE_BOUND('',#3568,.T.);
#3568 = EDGE_LOOP('',(#3569));
#3569 = ORIENTED_EDGE('',*,*,#3570,.T.);
#3570 = EDGE_CURVE('',#3571,#3571,#3573,.T.);
#3571 = VERTEX_POINT('',#3572);
#3572 = CARTESIAN_POINT('',(71.75,127.,1.6));
#3573 = SURFACE_CURVE('',#3574,(#3579,#3590),.PCURVE_S1.);
#3574 = CIRCLE('',#3575,0.75);
#3575 = AXIS2_PLACEMENT_3D('',#3576,#3577,#3578);
#3576 = CARTESIAN_POINT('',(71.,127.,1.6));
#3577 = DIRECTION('',(0.,0.,-1.));
#3578 = DIRECTION('',(1.,0.,0.));
#3579 = PCURVE('',#736,#3580);
#3580 = DEFINITIONAL_REPRESENTATION('',(#3581),#3589);
#3581 = ( BOUNDED_CURVE() B_SPLINE_CURVE(2,(#3582,#3583,#3584,#3585,
#3586,#3587,#3588),.UNSPECIFIED.,.T.,.F.) B_SPLINE_CURVE_WITH_KNOTS((1,2
    ,2,2,2,1),(-2.094395102393,0.,2.094395102393,4.188790204786,
6.28318530718,8.377580409573),.UNSPECIFIED.) CURVE() 
GEOMETRIC_REPRESENTATION_ITEM() RATIONAL_B_SPLINE_CURVE((1.,0.5,1.,0.5,
1.,0.5,1.)) REPRESENTATION_ITEM('') );
#3582 = CARTESIAN_POINT('',(71.75,127.));
#3583 = CARTESIAN_POINT('',(71.75,125.70096189432));
#3584 = CARTESIAN_POINT('',(70.625,126.35048094716));
#3585 = CARTESIAN_POINT('',(69.5,127.));
#3586 = CARTESIAN_POINT('',(70.625,127.64951905283));
#3587 = CARTESIAN_POINT('',(71.75,128.29903810567));
#3588 = CARTESIAN_POINT('',(71.75,127.));
#3589 = ( GEOMETRIC_REPRESENTATION_CONTEXT(2) 
PARAMETRIC_REPRESENTATION_CONTEXT() REPRESENTATION_CONTEXT('2D SPACE',''
  ) );
#3590 = PCURVE('',#3591,#3596);
#3591 = CYLINDRICAL_SURFACE('',#3592,0.75);
#3592 = AXIS2_PLACEMENT_3D('',#3593,#3594,#3595);
#3593 = CARTESIAN_POINT('',(71.,127.,-0.1));
#3594 = DIRECTION('',(-0.,-0.,-1.));
#3595 = DIRECTION('',(1.,0.,0.));
#3596 = DEFINITIONAL_REPRESENTATION('',(#3597),#3601);
#3597 = LINE('',#3598,#3599);
#3598 = CARTESIAN_POINT('',(-4.138911435803E-13,-1.7));
#3599 = VECTOR('',#3600,1.);
#3600 = DIRECTION('',(1.,-0.));
#3601 = ( GEOMETRIC_REPRESENTATION_CONTEXT(2) 
PARAMETRIC_REPRESENTATION_CONTEXT() REPRESENTATION_CONTEXT('2D SPACE',''
  ) );
#3602 = FACE_BOUND('',#3603,.T.);
#3603 = EDGE_LOOP('',(#3604));
#3604 = ORIENTED_EDGE('',*,*,#3605,.T.);
#3605 = EDGE_CURVE('',#3606,#3606,#3608,.T.);
#3606 = VERTEX_POINT('',#3607);
#3607 = CARTESIAN_POINT('',(71.75,137.,1.6));
#3608 = SURFACE_CURVE('',#3609,(#3614,#3625),.PCURVE_S1.);
#3609 = CIRCLE('',#3610,0.75);
#3610 = AXIS2_PLACEMENT_3D('',#3611,#3612,#3613);
#3611 = CARTESIAN_POINT('',(71.,137.,1.6));
#3612 = DIRECTION('',(0.,0.,-1.));
#3613 = DIRECTION('',(1.,0.,0.));
#3614 = PCURVE('',#736,#3615);
#3615 = DEFINITIONAL_REPRESENTATION('',(#3616),#3624);
#3616 = ( BOUNDED_CURVE() B_SPLINE_CURVE(2,(#3617,#3618,#3619,#3620,
#3621,#3622,#3623),.UNSPECIFIED.,.T.,.F.) B_SPLINE_CURVE_WITH_KNOTS((1,2
    ,2,2,2,1),(-2.094395102393,0.,2.094395102393,4.188790204786,
6.28318530718,8.377580409573),.UNSPECIFIED.) CURVE() 
GEOMETRIC_REPRESENTATION_ITEM() RATIONAL_B_SPLINE_CURVE((1.,0.5,1.,0.5,
1.,0.5,1.)) REPRESENTATION_ITEM('') );
#3617 = CARTESIAN_POINT('',(71.75,137.));
#3618 = CARTESIAN_POINT('',(71.75,135.70096189432));
#3619 = CARTESIAN_POINT('',(70.625,136.35048094716));
#3620 = CARTESIAN_POINT('',(69.5,137.));
#3621 = CARTESIAN_POINT('',(70.625,137.64951905283));
#3622 = CARTESIAN_POINT('',(71.75,138.29903810567));
#3623 = CARTESIAN_POINT('',(71.75,137.));
#3624 = ( GEOMETRIC_REPRESENTATION_CONTEXT(2) 
PARAMETRIC_REPRESENTATION_CONTEXT() REPRESENTATION_CONTEXT('2D SPACE',''
  ) );
#3625 = PCURVE('',#3626,#3631);
#3626 = CYLINDRICAL_SURFACE('',#3627,0.75);
#3627 = AXIS2_PLACEMENT_3D('',#3628,#3629,#3630);
#3628 = CARTESIAN_POINT('',(71.,137.,-0.1));
#3629 = DIRECTION('',(-0.,-0.,-1.));
#3630 = DIRECTION('',(1.,0.,0.));
#3631 = DEFINITIONAL_REPRESENTATION('',(#3632),#3636);
#3632 = LINE('',#3633,#3634);
#3633 = CARTESIAN_POINT('',(-4.138911435803E-13,-1.7));
#3634 = VECTOR('',#3635,1.);
#3635 = DIRECTION('',(1.,-0.));
#3636 = ( GEOMETRIC_REPRESENTATION_CONTEXT(2) 
PARAMETRIC_REPRESENTATION_CONTEXT() REPRESENTATION_CONTEXT('2D SPACE',''
  ) );
#3637 = FACE_BOUND('',#3638,.T.);
#3638 = EDGE_LOOP('',(#3639));
#3639 = ORIENTED_EDGE('',*,*,#3640,.T.);
#3640 = EDGE_CURVE('',#3641,#3641,#3643,.T.);
#3641 = VERTEX_POINT('',#3642);
#3642 = CARTESIAN_POINT('',(71.75,147.,1.6));
#3643 = SURFACE_CURVE('',#3644,(#3649,#3660),.PCURVE_S1.);
#3644 = CIRCLE('',#3645,0.75);
#3645 = AXIS2_PLACEMENT_3D('',#3646,#3647,#3648);
#3646 = CARTESIAN_POINT('',(71.,147.,1.6));
#3647 = DIRECTION('',(0.,0.,-1.));
#3648 = DIRECTION('',(1.,0.,0.));
#3649 = PCURVE('',#736,#3650);
#3650 = DEFINITIONAL_REPRESENTATION('',(#3651),#3659);
#3651 = ( BOUNDED_CURVE() B_SPLINE_CURVE(2,(#3652,#3653,#3654,#3655,
#3656,#3657,#3658),.UNSPECIFIED.,.T.,.F.) B_SPLINE_CURVE_WITH_KNOTS((1,2
    ,2,2,2,1),(-2.094395102393,0.,2.094395102393,4.188790204786,
6.28318530718,8.377580409573),.UNSPECIFIED.) CURVE() 
GEOMETRIC_REPRESENTATION_ITEM() RATIONAL_B_SPLINE_CURVE((1.,0.5,1.,0.5,
1.,0.5,1.)) REPRESENTATION_ITEM('') );
#3652 = CARTESIAN_POINT('',(71.75,147.));
#3653 = CARTESIAN_POINT('',(71.75,145.70096189432));
#3654 = CARTESIAN_POINT('',(70.625,146.35048094716));
#3655 = CARTESIAN_POINT('',(69.5,147.));
#3656 = CARTESIAN_POINT('',(70.625,147.64951905283));
#3657 = CARTESIAN_POINT('',(71.75,148.29903810567));
#3658 = CARTESIAN_POINT('',(71.75,147.));
#3659 = ( GEOMETRIC_REPRESENTATION_CONTEXT(2) 
PARAMETRIC_REPRESENTATION_CONTEXT() REPRESENTATION_CONTEXT('2D SPACE',''
  ) );
#3660 = PCURVE('',#3661,#3666);
#3661 = CYLINDRICAL_SURFACE('',#3662,0.75);
#3662 = AXIS2_PLACEMENT_3D('',#3663,#3664,#3665);
#3663 = CARTESIAN_POINT('',(71.,147.,-0.1));
#3664 = DIRECTION('',(-0.,-0.,-1.));
#3665 = DIRECTION('',(1.,0.,0.));
#3666 = DEFINITIONAL_REPRESENTATION('',(#3667),#3671);
#3667 = LINE('',#3668,#3669);
#3668 = CARTESIAN_POINT('',(-4.138911435803E-13,-1.7));
#3669 = VECTOR('',#3670,1.);
#3670 = DIRECTION('',(1.,-0.));
#3671 = ( GEOMETRIC_REPRESENTATION_CONTEXT(2) 
PARAMETRIC_REPRESENTATION_CONTEXT() REPRESENTATION_CONTEXT('2D SPACE',''
  ) );
#3672 = FACE_BOUND('',#3673,.T.);
#3673 = EDGE_LOOP('',(#3674));
#3674 = ORIENTED_EDGE('',*,*,#3675,.T.);
#3675 = EDGE_CURVE('',#3676,#3676,#3678,.T.);
#3676 = VERTEX_POINT('',#3677);
#3677 = CARTESIAN_POINT('',(71.75,157.,1.6));
#3678 = SURFACE_CURVE('',#3679,(#3684,#3695),.PCURVE_S1.);
#3679 = CIRCLE('',#3680,0.75);
#3680 = AXIS2_PLACEMENT_3D('',#3681,#3682,#3683);
#3681 = CARTESIAN_POINT('',(71.,157.,1.6));
#3682 = DIRECTION('',(0.,0.,-1.));
#3683 = DIRECTION('',(1.,0.,0.));
#3684 = PCURVE('',#736,#3685);
#3685 = DEFINITIONAL_REPRESENTATION('',(#3686),#3694);
#3686 = ( BOUNDED_CURVE() B_SPLINE_CURVE(2,(#3687,#3688,#3689,#3690,
#3691,#3692,#3693),.UNSPECIFIED.,.T.,.F.) B_SPLINE_CURVE_WITH_KNOTS((1,2
    ,2,2,2,1),(-2.094395102393,0.,2.094395102393,4.188790204786,
6.28318530718,8.377580409573),.UNSPECIFIED.) CURVE() 
GEOMETRIC_REPRESENTATION_ITEM() RATIONAL_B_SPLINE_CURVE((1.,0.5,1.,0.5,
1.,0.5,1.)) REPRESENTATION_ITEM('') );
#3687 = CARTESIAN_POINT('',(71.75,157.));
#3688 = CARTESIAN_POINT('',(71.75,155.70096189432));
#3689 = CARTESIAN_POINT('',(70.625,156.35048094716));
#3690 = CARTESIAN_POINT('',(69.5,157.));
#3691 = CARTESIAN_POINT('',(70.625,157.64951905283));
#3692 = CARTESIAN_POINT('',(71.75,158.29903810567));
#3693 = CARTESIAN_POINT('',(71.75,157.));
#3694 = ( GEOMETRIC_REPRESENTATION_CONTEXT(2) 
PARAMETRIC_REPRESENTATION_CONTEXT() REPRESENTATION_CONTEXT('2D SPACE',''
  ) );
#3695 = PCURVE('',#3696,#3701);
#3696 = CYLINDRICAL_SURFACE('',#3697,0.75);
#3697 = AXIS2_PLACEMENT_3D('',#3698,#3699,#3700);
#3698 = CARTESIAN_POINT('',(71.,157.,-0.1));
#3699 = DIRECTION('',(-0.,-0.,-1.));
#3700 = DIRECTION('',(1.,0.,0.));
#3701 = DEFINITIONAL_REPRESENTATION('',(#3702),#3706);
#3702 = LINE('',#3703,#3704);
#3703 = CARTESIAN_POINT('',(-4.138911435803E-13,-1.7));
#3704 = VECTOR('',#3705,1.);
#3705 = DIRECTION('',(1.,-0.));
#3706 = ( GEOMETRIC_REPRESENTATION_CONTEXT(2) 
PARAMETRIC_REPRESENTATION_CONTEXT() REPRESENTATION_CONTEXT('2D SPACE',''
  ) );
#3707 = FACE_BOUND('',#3708,.T.);
#3708 = EDGE_LOOP('',(#3709));
#3709 = ORIENTED_EDGE('',*,*,#3710,.T.);
#3710 = EDGE_CURVE('',#3711,#3711,#3713,.T.);
#3711 = VERTEX_POINT('',#3712);
#3712 = CARTESIAN_POINT('',(53.75,167.,1.6));
#3713 = SURFACE_CURVE('',#3714,(#3719,#3730),.PCURVE_S1.);
#3714 = CIRCLE('',#3715,0.75);
#3715 = AXIS2_PLACEMENT_3D('',#3716,#3717,#3718);
#3716 = CARTESIAN_POINT('',(53.,167.,1.6));
#3717 = DIRECTION('',(0.,0.,-1.));
#3718 = DIRECTION('',(1.,0.,0.));
#3719 = PCURVE('',#736,#3720);
#3720 = DEFINITIONAL_REPRESENTATION('',(#3721),#3729);
#3721 = ( BOUNDED_CURVE() B_SPLINE_CURVE(2,(#3722,#3723,#3724,#3725,
#3726,#3727,#3728),.UNSPECIFIED.,.T.,.F.) B_SPLINE_CURVE_WITH_KNOTS((1,2
    ,2,2,2,1),(-2.094395102393,0.,2.094395102393,4.188790204786,
6.28318530718,8.377580409573),.UNSPECIFIED.) CURVE() 
GEOMETRIC_REPRESENTATION_ITEM() RATIONAL_B_SPLINE_CURVE((1.,0.5,1.,0.5,
1.,0.5,1.)) REPRESENTATION_ITEM('') );
#3722 = CARTESIAN_POINT('',(53.75,167.));
#3723 = CARTESIAN_POINT('',(53.75,165.70096189432));
#3724 = CARTESIAN_POINT('',(52.625,166.35048094716));
#3725 = CARTESIAN_POINT('',(51.5,167.));
#3726 = CARTESIAN_POINT('',(52.625,167.64951905283));
#3727 = CARTESIAN_POINT('',(53.75,168.29903810567));
#3728 = CARTESIAN_POINT('',(53.75,167.));
#3729 = ( GEOMETRIC_REPRESENTATION_CONTEXT(2) 
PARAMETRIC_REPRESENTATION_CONTEXT() REPRESENTATION_CONTEXT('2D SPACE',''
  ) );
#3730 = PCURVE('',#3731,#3736);
#3731 = CYLINDRICAL_SURFACE('',#3732,0.75);
#3732 = AXIS2_PLACEMENT_3D('',#3733,#3734,#3735);
#3733 = CARTESIAN_POINT('',(53.,167.,-0.1));
#3734 = DIRECTION('',(-0.,-0.,-1.));
#3735 = DIRECTION('',(1.,0.,0.));
#3736 = DEFINITIONAL_REPRESENTATION('',(#3737),#3741);
#3737 = LINE('',#3738,#3739);
#3738 = CARTESIAN_POINT('',(-4.138911435803E-13,-1.7));
#3739 = VECTOR('',#3740,1.);
#3740 = DIRECTION('',(1.,-0.));
#3741 = ( GEOMETRIC_REPRESENTATION_CONTEXT(2) 
PARAMETRIC_REPRESENTATION_CONTEXT() REPRESENTATION_CONTEXT('2D SPACE',''
  ) );
#3742 = FACE_BOUND('',#3743,.T.);
#3743 = EDGE_LOOP('',(#3744));
#3744 = ORIENTED_EDGE('',*,*,#3745,.T.);
#3745 = EDGE_CURVE('',#3746,#3746,#3748,.T.);
#3746 = VERTEX_POINT('',#3747);
#3747 = CARTESIAN_POINT('',(53.75,177.,1.6));
#3748 = SURFACE_CURVE('',#3749,(#3754,#3765),.PCURVE_S1.);
#3749 = CIRCLE('',#3750,0.75);
#3750 = AXIS2_PLACEMENT_3D('',#3751,#3752,#3753);
#3751 = CARTESIAN_POINT('',(53.,177.,1.6));
#3752 = DIRECTION('',(0.,0.,-1.));
#3753 = DIRECTION('',(1.,0.,0.));
#3754 = PCURVE('',#736,#3755);
#3755 = DEFINITIONAL_REPRESENTATION('',(#3756),#3764);
#3756 = ( BOUNDED_CURVE() B_SPLINE_CURVE(2,(#3757,#3758,#3759,#3760,
#3761,#3762,#3763),.UNSPECIFIED.,.T.,.F.) B_SPLINE_CURVE_WITH_KNOTS((1,2
    ,2,2,2,1),(-2.094395102393,0.,2.094395102393,4.188790204786,
6.28318530718,8.377580409573),.UNSPECIFIED.) CURVE() 
GEOMETRIC_REPRESENTATION_ITEM() RATIONAL_B_SPLINE_CURVE((1.,0.5,1.,0.5,
1.,0.5,1.)) REPRESENTATION_ITEM('') );
#3757 = CARTESIAN_POINT('',(53.75,177.));
#3758 = CARTESIAN_POINT('',(53.75,175.70096189432));
#3759 = CARTESIAN_POINT('',(52.625,176.35048094716));
#3760 = CARTESIAN_POINT('',(51.5,177.));
#3761 = CARTESIAN_POINT('',(52.625,177.64951905283));
#3762 = CARTESIAN_POINT('',(53.75,178.29903810567));
#3763 = CARTESIAN_POINT('',(53.75,177.));
#3764 = ( GEOMETRIC_REPRESENTATION_CONTEXT(2) 
PARAMETRIC_REPRESENTATION_CONTEXT() REPRESENTATION_CONTEXT('2D SPACE',''
  ) );
#3765 = PCURVE('',#3766,#3771);
#3766 = CYLINDRICAL_SURFACE('',#3767,0.75);
#3767 = AXIS2_PLACEMENT_3D('',#3768,#3769,#3770);
#3768 = CARTESIAN_POINT('',(53.,177.,-0.1));
#3769 = DIRECTION('',(-0.,-0.,-1.));
#3770 = DIRECTION('',(1.,0.,0.));
#3771 = DEFINITIONAL_REPRESENTATION('',(#3772),#3776);
#3772 = LINE('',#3773,#3774);
#3773 = CARTESIAN_POINT('',(-4.138911435803E-13,-1.7));
#3774 = VECTOR('',#3775,1.);
#3775 = DIRECTION('',(1.,-0.));
#3776 = ( GEOMETRIC_REPRESENTATION_CONTEXT(2) 
PARAMETRIC_REPRESENTATION_CONTEXT() REPRESENTATION_CONTEXT('2D SPACE',''
  ) );
#3777 = FACE_BOUND('',#3778,.T.);
#3778 = EDGE_LOOP('',(#3779));
#3779 = ORIENTED_EDGE('',*,*,#3780,.T.);
#3780 = EDGE_CURVE('',#3781,#3781,#3783,.T.);
#3781 = VERTEX_POINT('',#3782);
#3782 = CARTESIAN_POINT('',(53.75,187.,1.6));
#3783 = SURFACE_CURVE('',#3784,(#3789,#3800),.PCURVE_S1.);
#3784 = CIRCLE('',#3785,0.75);
#3785 = AXIS2_PLACEMENT_3D('',#3786,#3787,#3788);
#3786 = CARTESIAN_POINT('',(53.,187.,1.6));
#3787 = DIRECTION('',(0.,0.,-1.));
#3788 = DIRECTION('',(1.,0.,0.));
#3789 = PCURVE('',#736,#3790);
#3790 = DEFINITIONAL_REPRESENTATION('',(#3791),#3799);
#3791 = ( BOUNDED_CURVE() B_SPLINE_CURVE(2,(#3792,#3793,#3794,#3795,
#3796,#3797,#3798),.UNSPECIFIED.,.T.,.F.) B_SPLINE_CURVE_WITH_KNOTS((1,2
    ,2,2,2,1),(-2.094395102393,0.,2.094395102393,4.188790204786,
6.28318530718,8.377580409573),.UNSPECIFIED.) CURVE() 
GEOMETRIC_REPRESENTATION_ITEM() RATIONAL_B_SPLINE_CURVE((1.,0.5,1.,0.5,
1.,0.5,1.)) REPRESENTATION_ITEM('') );
#3792 = CARTESIAN_POINT('',(53.75,187.));
#3793 = CARTESIAN_POINT('',(53.75,185.70096189432));
#3794 = CARTESIAN_POINT('',(52.625,186.35048094716));
#3795 = CARTESIAN_POINT('',(51.5,187.));
#3796 = CARTESIAN_POINT('',(52.625,187.64951905283));
#3797 = CARTESIAN_POINT('',(53.75,188.29903810567));
#3798 = CARTESIAN_POINT('',(53.75,187.));
#3799 = ( GEOMETRIC_REPRESENTATION_CONTEXT(2) 
PARAMETRIC_REPRESENTATION_CONTEXT() REPRESENTATION_CONTEXT('2D SPACE',''
  ) );
#3800 = PCURVE('',#3801,#3806);
#3801 = CYLINDRICAL_SURFACE('',#3802,0.75);
#3802 = AXIS2_PLACEMENT_3D('',#3803,#3804,#3805);
#3803 = CARTESIAN_POINT('',(53.,187.,-0.1));
#3804 = DIRECTION('',(-0.,-0.,-1.));
#3805 = DIRECTION('',(1.,0.,0.));
#3806 = DEFINITIONAL_REPRESENTATION('',(#3807),#3811);
#3807 = LINE('',#3808,#3809);
#3808 = CARTESIAN_POINT('',(-4.138911435803E-13,-1.7));
#3809 = VECTOR('',#3810,1.);
#3810 = DIRECTION('',(1.,-0.));
#3811 = ( GEOMETRIC_REPRESENTATION_CONTEXT(2) 
PARAMETRIC_REPRESENTATION_CONTEXT() REPRESENTATION_CONTEXT('2D SPACE',''
  ) );
#3812 = FACE_BOUND('',#3813,.T.);
#3813 = EDGE_LOOP('',(#3814));
#3814 = ORIENTED_EDGE('',*,*,#3815,.T.);
#3815 = EDGE_CURVE('',#3816,#3816,#3818,.T.);
#3816 = VERTEX_POINT('',#3817);
#3817 = CARTESIAN_POINT('',(57.42,195.,1.6));
#3818 = SURFACE_CURVE('',#3819,(#3824,#3835),.PCURVE_S1.);
#3819 = CIRCLE('',#3820,0.5);
#3820 = AXIS2_PLACEMENT_3D('',#3821,#3822,#3823);
#3821 = CARTESIAN_POINT('',(56.92,195.,1.6));
#3822 = DIRECTION('',(0.,0.,-1.));
#3823 = DIRECTION('',(1.,0.,0.));
#3824 = PCURVE('',#736,#3825);
#3825 = DEFINITIONAL_REPRESENTATION('',(#3826),#3834);
#3826 = ( BOUNDED_CURVE() B_SPLINE_CURVE(2,(#3827,#3828,#3829,#3830,
#3831,#3832,#3833),.UNSPECIFIED.,.T.,.F.) B_SPLINE_CURVE_WITH_KNOTS((1,2
    ,2,2,2,1),(-2.094395102393,0.,2.094395102393,4.188790204786,
6.28318530718,8.377580409573),.UNSPECIFIED.) CURVE() 
GEOMETRIC_REPRESENTATION_ITEM() RATIONAL_B_SPLINE_CURVE((1.,0.5,1.,0.5,
1.,0.5,1.)) REPRESENTATION_ITEM('') );
#3827 = CARTESIAN_POINT('',(57.42,195.));
#3828 = CARTESIAN_POINT('',(57.42,194.13397459621));
#3829 = CARTESIAN_POINT('',(56.67,194.5669872981));
#3830 = CARTESIAN_POINT('',(55.92,195.));
#3831 = CARTESIAN_POINT('',(56.67,195.43301270189));
#3832 = CARTESIAN_POINT('',(57.42,195.86602540378));
#3833 = CARTESIAN_POINT('',(57.42,195.));
#3834 = ( GEOMETRIC_REPRESENTATION_CONTEXT(2) 
PARAMETRIC_REPRESENTATION_CONTEXT() REPRESENTATION_CONTEXT('2D SPACE',''
  ) );
#3835 = PCURVE('',#3836,#3841);
#3836 = CYLINDRICAL_SURFACE('',#3837,0.5);
#3837 = AXIS2_PLACEMENT_3D('',#3838,#3839,#3840);
#3838 = CARTESIAN_POINT('',(56.92,195.,-0.1));
#3839 = DIRECTION('',(-0.,-0.,-1.));
#3840 = DIRECTION('',(1.,0.,0.));
#3841 = DEFINITIONAL_REPRESENTATION('',(#3842),#3846);
#3842 = LINE('',#3843,#3844);
#3843 = CARTESIAN_POINT('',(-4.138911435803E-13,-1.7));
#3844 = VECTOR('',#3845,1.);
#3845 = DIRECTION('',(1.,-0.));
#3846 = ( GEOMETRIC_REPRESENTATION_CONTEXT(2) 
PARAMETRIC_REPRESENTATION_CONTEXT() REPRESENTATION_CONTEXT('2D SPACE',''
  ) );
#3847 = FACE_BOUND('',#3848,.T.);
#3848 = EDGE_LOOP('',(#3849));
#3849 = ORIENTED_EDGE('',*,*,#3850,.T.);
#3850 = EDGE_CURVE('',#3851,#3851,#3853,.T.);
#3851 = VERTEX_POINT('',#3852);
#3852 = CARTESIAN_POINT('',(59.96,195.,1.6));
#3853 = SURFACE_CURVE('',#3854,(#3859,#3870),.PCURVE_S1.);
#3854 = CIRCLE('',#3855,0.5);
#3855 = AXIS2_PLACEMENT_3D('',#3856,#3857,#3858);
#3856 = CARTESIAN_POINT('',(59.46,195.,1.6));
#3857 = DIRECTION('',(0.,0.,-1.));
#3858 = DIRECTION('',(1.,0.,0.));
#3859 = PCURVE('',#736,#3860);
#3860 = DEFINITIONAL_REPRESENTATION('',(#3861),#3869);
#3861 = ( BOUNDED_CURVE() B_SPLINE_CURVE(2,(#3862,#3863,#3864,#3865,
#3866,#3867,#3868),.UNSPECIFIED.,.T.,.F.) B_SPLINE_CURVE_WITH_KNOTS((1,2
    ,2,2,2,1),(-2.094395102393,0.,2.094395102393,4.188790204786,
6.28318530718,8.377580409573),.UNSPECIFIED.) CURVE() 
GEOMETRIC_REPRESENTATION_ITEM() RATIONAL_B_SPLINE_CURVE((1.,0.5,1.,0.5,
1.,0.5,1.)) REPRESENTATION_ITEM('') );
#3862 = CARTESIAN_POINT('',(59.96,195.));
#3863 = CARTESIAN_POINT('',(59.96,194.13397459621));
#3864 = CARTESIAN_POINT('',(59.21,194.5669872981));
#3865 = CARTESIAN_POINT('',(58.46,195.));
#3866 = CARTESIAN_POINT('',(59.21,195.43301270189));
#3867 = CARTESIAN_POINT('',(59.96,195.86602540378));
#3868 = CARTESIAN_POINT('',(59.96,195.));
#3869 = ( GEOMETRIC_REPRESENTATION_CONTEXT(2) 
PARAMETRIC_REPRESENTATION_CONTEXT() REPRESENTATION_CONTEXT('2D SPACE',''
  ) );
#3870 = PCURVE('',#3871,#3876);
#3871 = CYLINDRICAL_SURFACE('',#3872,0.5);
#3872 = AXIS2_PLACEMENT_3D('',#3873,#3874,#3875);
#3873 = CARTESIAN_POINT('',(59.46,195.,-0.1));
#3874 = DIRECTION('',(-0.,-0.,-1.));
#3875 = DIRECTION('',(1.,0.,0.));
#3876 = DEFINITIONAL_REPRESENTATION('',(#3877),#3881);
#3877 = LINE('',#3878,#3879);
#3878 = CARTESIAN_POINT('',(-4.138911435803E-13,-1.7));
#3879 = VECTOR('',#3880,1.);
#3880 = DIRECTION('',(1.,-0.));
#3881 = ( GEOMETRIC_REPRESENTATION_CONTEXT(2) 
PARAMETRIC_REPRESENTATION_CONTEXT() REPRESENTATION_CONTEXT('2D SPACE',''
  ) );
#3882 = FACE_BOUND('',#3883,.T.);
#3883 = EDGE_LOOP('',(#3884));
#3884 = ORIENTED_EDGE('',*,*,#3885,.T.);
#3885 = EDGE_CURVE('',#3886,#3886,#3888,.T.);
#3886 = VERTEX_POINT('',#3887);
#3887 = CARTESIAN_POINT('',(57.42,197.54,1.6));
#3888 = SURFACE_CURVE('',#3889,(#3894,#3905),.PCURVE_S1.);
#3889 = CIRCLE('',#3890,0.5);
#3890 = AXIS2_PLACEMENT_3D('',#3891,#3892,#3893);
#3891 = CARTESIAN_POINT('',(56.92,197.54,1.6));
#3892 = DIRECTION('',(0.,0.,-1.));
#3893 = DIRECTION('',(1.,0.,0.));
#3894 = PCURVE('',#736,#3895);
#3895 = DEFINITIONAL_REPRESENTATION('',(#3896),#3904);
#3896 = ( BOUNDED_CURVE() B_SPLINE_CURVE(2,(#3897,#3898,#3899,#3900,
#3901,#3902,#3903),.UNSPECIFIED.,.T.,.F.) B_SPLINE_CURVE_WITH_KNOTS((1,2
    ,2,2,2,1),(-2.094395102393,0.,2.094395102393,4.188790204786,
6.28318530718,8.377580409573),.UNSPECIFIED.) CURVE() 
GEOMETRIC_REPRESENTATION_ITEM() RATIONAL_B_SPLINE_CURVE((1.,0.5,1.,0.5,
1.,0.5,1.)) REPRESENTATION_ITEM('') );
#3897 = CARTESIAN_POINT('',(57.42,197.54));
#3898 = CARTESIAN_POINT('',(57.42,196.67397459621));
#3899 = CARTESIAN_POINT('',(56.67,197.1069872981));
#3900 = CARTESIAN_POINT('',(55.92,197.54));
#3901 = CARTESIAN_POINT('',(56.67,197.97301270189));
#3902 = CARTESIAN_POINT('',(57.42,198.40602540378));
#3903 = CARTESIAN_POINT('',(57.42,197.54));
#3904 = ( GEOMETRIC_REPRESENTATION_CONTEXT(2) 
PARAMETRIC_REPRESENTATION_CONTEXT() REPRESENTATION_CONTEXT('2D SPACE',''
  ) );
#3905 = PCURVE('',#3906,#3911);
#3906 = CYLINDRICAL_SURFACE('',#3907,0.5);
#3907 = AXIS2_PLACEMENT_3D('',#3908,#3909,#3910);
#3908 = CARTESIAN_POINT('',(56.92,197.54,-0.1));
#3909 = DIRECTION('',(-0.,-0.,-1.));
#3910 = DIRECTION('',(1.,0.,0.));
#3911 = DEFINITIONAL_REPRESENTATION('',(#3912),#3916);
#3912 = LINE('',#3913,#3914);
#3913 = CARTESIAN_POINT('',(-4.138911435803E-13,-1.7));
#3914 = VECTOR('',#3915,1.);
#3915 = DIRECTION('',(1.,-0.));
#3916 = ( GEOMETRIC_REPRESENTATION_CONTEXT(2) 
PARAMETRIC_REPRESENTATION_CONTEXT() REPRESENTATION_CONTEXT('2D SPACE',''
  ) );
#3917 = FACE_BOUND('',#3918,.T.);
#3918 = EDGE_LOOP('',(#3919));
#3919 = ORIENTED_EDGE('',*,*,#3920,.T.);
#3920 = EDGE_CURVE('',#3921,#3921,#3923,.T.);
#3921 = VERTEX_POINT('',#3922);
#3922 = CARTESIAN_POINT('',(59.96,197.54,1.6));
#3923 = SURFACE_CURVE('',#3924,(#3929,#3940),.PCURVE_S1.);
#3924 = CIRCLE('',#3925,0.5);
#3925 = AXIS2_PLACEMENT_3D('',#3926,#3927,#3928);
#3926 = CARTESIAN_POINT('',(59.46,197.54,1.6));
#3927 = DIRECTION('',(0.,0.,-1.));
#3928 = DIRECTION('',(1.,0.,0.));
#3929 = PCURVE('',#736,#3930);
#3930 = DEFINITIONAL_REPRESENTATION('',(#3931),#3939);
#3931 = ( BOUNDED_CURVE() B_SPLINE_CURVE(2,(#3932,#3933,#3934,#3935,
#3936,#3937,#3938),.UNSPECIFIED.,.T.,.F.) B_SPLINE_CURVE_WITH_KNOTS((1,2
    ,2,2,2,1),(-2.094395102393,0.,2.094395102393,4.188790204786,
6.28318530718,8.377580409573),.UNSPECIFIED.) CURVE() 
GEOMETRIC_REPRESENTATION_ITEM() RATIONAL_B_SPLINE_CURVE((1.,0.5,1.,0.5,
1.,0.5,1.)) REPRESENTATION_ITEM('') );
#3932 = CARTESIAN_POINT('',(59.96,197.54));
#3933 = CARTESIAN_POINT('',(59.96,196.67397459621));
#3934 = CARTESIAN_POINT('',(59.21,197.1069872981));
#3935 = CARTESIAN_POINT('',(58.46,197.54));
#3936 = CARTESIAN_POINT('',(59.21,197.97301270189));
#3937 = CARTESIAN_POINT('',(59.96,198.40602540378));
#3938 = CARTESIAN_POINT('',(59.96,197.54));
#3939 = ( GEOMETRIC_REPRESENTATION_CONTEXT(2) 
PARAMETRIC_REPRESENTATION_CONTEXT() REPRESENTATION_CONTEXT('2D SPACE',''
  ) );
#3940 = PCURVE('',#3941,#3946);
#3941 = CYLINDRICAL_SURFACE('',#3942,0.5);
#3942 = AXIS2_PLACEMENT_3D('',#3943,#3944,#3945);
#3943 = CARTESIAN_POINT('',(59.46,197.54,-0.1));
#3944 = DIRECTION('',(-0.,-0.,-1.));
#3945 = DIRECTION('',(1.,0.,0.));
#3946 = DEFINITIONAL_REPRESENTATION('',(#3947),#3951);
#3947 = LINE('',#3948,#3949);
#3948 = CARTESIAN_POINT('',(-4.138911435803E-13,-1.7));
#3949 = VECTOR('',#3950,1.);
#3950 = DIRECTION('',(1.,-0.));
#3951 = ( GEOMETRIC_REPRESENTATION_CONTEXT(2) 
PARAMETRIC_REPRESENTATION_CONTEXT() REPRESENTATION_CONTEXT('2D SPACE',''
  ) );
#3952 = FACE_BOUND('',#3953,.T.);
#3953 = EDGE_LOOP('',(#3954));
#3954 = ORIENTED_EDGE('',*,*,#3955,.T.);
#3955 = EDGE_CURVE('',#3956,#3956,#3958,.T.);
#3956 = VERTEX_POINT('',#3957);
#3957 = CARTESIAN_POINT('',(71.75,167.,1.6));
#3958 = SURFACE_CURVE('',#3959,(#3964,#3975),.PCURVE_S1.);
#3959 = CIRCLE('',#3960,0.75);
#3960 = AXIS2_PLACEMENT_3D('',#3961,#3962,#3963);
#3961 = CARTESIAN_POINT('',(71.,167.,1.6));
#3962 = DIRECTION('',(0.,0.,-1.));
#3963 = DIRECTION('',(1.,0.,0.));
#3964 = PCURVE('',#736,#3965);
#3965 = DEFINITIONAL_REPRESENTATION('',(#3966),#3974);
#3966 = ( BOUNDED_CURVE() B_SPLINE_CURVE(2,(#3967,#3968,#3969,#3970,
#3971,#3972,#3973),.UNSPECIFIED.,.T.,.F.) B_SPLINE_CURVE_WITH_KNOTS((1,2
    ,2,2,2,1),(-2.094395102393,0.,2.094395102393,4.188790204786,
6.28318530718,8.377580409573),.UNSPECIFIED.) CURVE() 
GEOMETRIC_REPRESENTATION_ITEM() RATIONAL_B_SPLINE_CURVE((1.,0.5,1.,0.5,
1.,0.5,1.)) REPRESENTATION_ITEM('') );
#3967 = CARTESIAN_POINT('',(71.75,167.));
#3968 = CARTESIAN_POINT('',(71.75,165.70096189432));
#3969 = CARTESIAN_POINT('',(70.625,166.35048094716));
#3970 = CARTESIAN_POINT('',(69.5,167.));
#3971 = CARTESIAN_POINT('',(70.625,167.64951905283));
#3972 = CARTESIAN_POINT('',(71.75,168.29903810567));
#3973 = CARTESIAN_POINT('',(71.75,167.));
#3974 = ( GEOMETRIC_REPRESENTATION_CONTEXT(2) 
PARAMETRIC_REPRESENTATION_CONTEXT() REPRESENTATION_CONTEXT('2D SPACE',''
  ) );
#3975 = PCURVE('',#3976,#3981);
#3976 = CYLINDRICAL_SURFACE('',#3977,0.75);
#3977 = AXIS2_PLACEMENT_3D('',#3978,#3979,#3980);
#3978 = CARTESIAN_POINT('',(71.,167.,-0.1));
#3979 = DIRECTION('',(-0.,-0.,-1.));
#3980 = DIRECTION('',(1.,0.,0.));
#3981 = DEFINITIONAL_REPRESENTATION('',(#3982),#3986);
#3982 = LINE('',#3983,#3984);
#3983 = CARTESIAN_POINT('',(-4.138911435803E-13,-1.7));
#3984 = VECTOR('',#3985,1.);
#3985 = DIRECTION('',(1.,-0.));
#3986 = ( GEOMETRIC_REPRESENTATION_CONTEXT(2) 
PARAMETRIC_REPRESENTATION_CONTEXT() REPRESENTATION_CONTEXT('2D SPACE',''
  ) );
#3987 = FACE_BOUND('',#3988,.T.);
#3988 = EDGE_LOOP('',(#3989));
#3989 = ORIENTED_EDGE('',*,*,#3990,.T.);
#3990 = EDGE_CURVE('',#3991,#3991,#3993,.T.);
#3991 = VERTEX_POINT('',#3992);
#3992 = CARTESIAN_POINT('',(71.75,177.,1.6));
#3993 = SURFACE_CURVE('',#3994,(#3999,#4010),.PCURVE_S1.);
#3994 = CIRCLE('',#3995,0.75);
#3995 = AXIS2_PLACEMENT_3D('',#3996,#3997,#3998);
#3996 = CARTESIAN_POINT('',(71.,177.,1.6));
#3997 = DIRECTION('',(0.,0.,-1.));
#3998 = DIRECTION('',(1.,0.,0.));
#3999 = PCURVE('',#736,#4000);
#4000 = DEFINITIONAL_REPRESENTATION('',(#4001),#4009);
#4001 = ( BOUNDED_CURVE() B_SPLINE_CURVE(2,(#4002,#4003,#4004,#4005,
#4006,#4007,#4008),.UNSPECIFIED.,.T.,.F.) B_SPLINE_CURVE_WITH_KNOTS((1,2
    ,2,2,2,1),(-2.094395102393,0.,2.094395102393,4.188790204786,
6.28318530718,8.377580409573),.UNSPECIFIED.) CURVE() 
GEOMETRIC_REPRESENTATION_ITEM() RATIONAL_B_SPLINE_CURVE((1.,0.5,1.,0.5,
1.,0.5,1.)) REPRESENTATION_ITEM('') );
#4002 = CARTESIAN_POINT('',(71.75,177.));
#4003 = CARTESIAN_POINT('',(71.75,175.70096189432));
#4004 = CARTESIAN_POINT('',(70.625,176.35048094716));
#4005 = CARTESIAN_POINT('',(69.5,177.));
#4006 = CARTESIAN_POINT('',(70.625,177.64951905283));
#4007 = CARTESIAN_POINT('',(71.75,178.29903810567));
#4008 = CARTESIAN_POINT('',(71.75,177.));
#4009 = ( GEOMETRIC_REPRESENTATION_CONTEXT(2) 
PARAMETRIC_REPRESENTATION_CONTEXT() REPRESENTATION_CONTEXT('2D SPACE',''
  ) );
#4010 = PCURVE('',#4011,#4016);
#4011 = CYLINDRICAL_SURFACE('',#4012,0.75);
#4012 = AXIS2_PLACEMENT_3D('',#4013,#4014,#4015);
#4013 = CARTESIAN_POINT('',(71.,177.,-0.1));
#4014 = DIRECTION('',(-0.,-0.,-1.));
#4015 = DIRECTION('',(1.,0.,0.));
#4016 = DEFINITIONAL_REPRESENTATION('',(#4017),#4021);
#4017 = LINE('',#4018,#4019);
#4018 = CARTESIAN_POINT('',(-4.138911435803E-13,-1.7));
#4019 = VECTOR('',#4020,1.);
#4020 = DIRECTION('',(1.,-0.));
#4021 = ( GEOMETRIC_REPRESENTATION_CONTEXT(2) 
PARAMETRIC_REPRESENTATION_CONTEXT() REPRESENTATION_CONTEXT('2D SPACE',''
  ) );
#4022 = FACE_BOUND('',#4023,.T.);
#4023 = EDGE_LOOP('',(#4024));
#4024 = ORIENTED_EDGE('',*,*,#4025,.T.);
#4025 = EDGE_CURVE('',#4026,#4026,#4028,.T.);
#4026 = VERTEX_POINT('',#4027);
#4027 = CARTESIAN_POINT('',(71.75,187.,1.6));
#4028 = SURFACE_CURVE('',#4029,(#4034,#4045),.PCURVE_S1.);
#4029 = CIRCLE('',#4030,0.75);
#4030 = AXIS2_PLACEMENT_3D('',#4031,#4032,#4033);
#4031 = CARTESIAN_POINT('',(71.,187.,1.6));
#4032 = DIRECTION('',(0.,0.,-1.));
#4033 = DIRECTION('',(1.,0.,0.));
#4034 = PCURVE('',#736,#4035);
#4035 = DEFINITIONAL_REPRESENTATION('',(#4036),#4044);
#4036 = ( BOUNDED_CURVE() B_SPLINE_CURVE(2,(#4037,#4038,#4039,#4040,
#4041,#4042,#4043),.UNSPECIFIED.,.T.,.F.) B_SPLINE_CURVE_WITH_KNOTS((1,2
    ,2,2,2,1),(-2.094395102393,0.,2.094395102393,4.188790204786,
6.28318530718,8.377580409573),.UNSPECIFIED.) CURVE() 
GEOMETRIC_REPRESENTATION_ITEM() RATIONAL_B_SPLINE_CURVE((1.,0.5,1.,0.5,
1.,0.5,1.)) REPRESENTATION_ITEM('') );
#4037 = CARTESIAN_POINT('',(71.75,187.));
#4038 = CARTESIAN_POINT('',(71.75,185.70096189432));
#4039 = CARTESIAN_POINT('',(70.625,186.35048094716));
#4040 = CARTESIAN_POINT('',(69.5,187.));
#4041 = CARTESIAN_POINT('',(70.625,187.64951905283));
#4042 = CARTESIAN_POINT('',(71.75,188.29903810567));
#4043 = CARTESIAN_POINT('',(71.75,187.));
#4044 = ( GEOMETRIC_REPRESENTATION_CONTEXT(2) 
PARAMETRIC_REPRESENTATION_CONTEXT() REPRESENTATION_CONTEXT('2D SPACE',''
  ) );
#4045 = PCURVE('',#4046,#4051);
#4046 = CYLINDRICAL_SURFACE('',#4047,0.75);
#4047 = AXIS2_PLACEMENT_3D('',#4048,#4049,#4050);
#4048 = CARTESIAN_POINT('',(71.,187.,-0.1));
#4049 = DIRECTION('',(-0.,-0.,-1.));
#4050 = DIRECTION('',(1.,0.,0.));
#4051 = DEFINITIONAL_REPRESENTATION('',(#4052),#4056);
#4052 = LINE('',#4053,#4054);
#4053 = CARTESIAN_POINT('',(-4.138911435803E-13,-1.7));
#4054 = VECTOR('',#4055,1.);
#4055 = DIRECTION('',(1.,-0.));
#4056 = ( GEOMETRIC_REPRESENTATION_CONTEXT(2) 
PARAMETRIC_REPRESENTATION_CONTEXT() REPRESENTATION_CONTEXT('2D SPACE',''
  ) );
#4057 = FACE_BOUND('',#4058,.T.);
#4058 = EDGE_LOOP('',(#4059));
#4059 = ORIENTED_EDGE('',*,*,#4060,.T.);
#4060 = EDGE_CURVE('',#4061,#4061,#4063,.T.);
#4061 = VERTEX_POINT('',#4062);
#4062 = CARTESIAN_POINT('',(62.5,195.,1.6));
#4063 = SURFACE_CURVE('',#4064,(#4069,#4080),.PCURVE_S1.);
#4064 = CIRCLE('',#4065,0.5);
#4065 = AXIS2_PLACEMENT_3D('',#4066,#4067,#4068);
#4066 = CARTESIAN_POINT('',(62.,195.,1.6));
#4067 = DIRECTION('',(0.,0.,-1.));
#4068 = DIRECTION('',(1.,0.,0.));
#4069 = PCURVE('',#736,#4070);
#4070 = DEFINITIONAL_REPRESENTATION('',(#4071),#4079);
#4071 = ( BOUNDED_CURVE() B_SPLINE_CURVE(2,(#4072,#4073,#4074,#4075,
#4076,#4077,#4078),.UNSPECIFIED.,.T.,.F.) B_SPLINE_CURVE_WITH_KNOTS((1,2
    ,2,2,2,1),(-2.094395102393,0.,2.094395102393,4.188790204786,
6.28318530718,8.377580409573),.UNSPECIFIED.) CURVE() 
GEOMETRIC_REPRESENTATION_ITEM() RATIONAL_B_SPLINE_CURVE((1.,0.5,1.,0.5,
1.,0.5,1.)) REPRESENTATION_ITEM('') );
#4072 = CARTESIAN_POINT('',(62.5,195.));
#4073 = CARTESIAN_POINT('',(62.5,194.13397459621));
#4074 = CARTESIAN_POINT('',(61.75,194.5669872981));
#4075 = CARTESIAN_POINT('',(61.,195.));
#4076 = CARTESIAN_POINT('',(61.75,195.43301270189));
#4077 = CARTESIAN_POINT('',(62.5,195.86602540378));
#4078 = CARTESIAN_POINT('',(62.5,195.));
#4079 = ( GEOMETRIC_REPRESENTATION_CONTEXT(2) 
PARAMETRIC_REPRESENTATION_CONTEXT() REPRESENTATION_CONTEXT('2D SPACE',''
  ) );
#4080 = PCURVE('',#4081,#4086);
#4081 = CYLINDRICAL_SURFACE('',#4082,0.5);
#4082 = AXIS2_PLACEMENT_3D('',#4083,#4084,#4085);
#4083 = CARTESIAN_POINT('',(62.,195.,-0.1));
#4084 = DIRECTION('',(-0.,-0.,-1.));
#4085 = DIRECTION('',(1.,0.,0.));
#4086 = DEFINITIONAL_REPRESENTATION('',(#4087),#4091);
#4087 = LINE('',#4088,#4089);
#4088 = CARTESIAN_POINT('',(-4.138911435803E-13,-1.7));
#4089 = VECTOR('',#4090,1.);
#4090 = DIRECTION('',(1.,-0.));
#4091 = ( GEOMETRIC_REPRESENTATION_CONTEXT(2) 
PARAMETRIC_REPRESENTATION_CONTEXT() REPRESENTATION_CONTEXT('2D SPACE',''
  ) );
#4092 = FACE_BOUND('',#4093,.T.);
#4093 = EDGE_LOOP('',(#4094));
#4094 = ORIENTED_EDGE('',*,*,#4095,.T.);
#4095 = EDGE_CURVE('',#4096,#4096,#4098,.T.);
#4096 = VERTEX_POINT('',#4097);
#4097 = CARTESIAN_POINT('',(65.04,195.,1.6));
#4098 = SURFACE_CURVE('',#4099,(#4104,#4115),.PCURVE_S1.);
#4099 = CIRCLE('',#4100,0.5);
#4100 = AXIS2_PLACEMENT_3D('',#4101,#4102,#4103);
#4101 = CARTESIAN_POINT('',(64.54,195.,1.6));
#4102 = DIRECTION('',(0.,0.,-1.));
#4103 = DIRECTION('',(1.,0.,0.));
#4104 = PCURVE('',#736,#4105);
#4105 = DEFINITIONAL_REPRESENTATION('',(#4106),#4114);
#4106 = ( BOUNDED_CURVE() B_SPLINE_CURVE(2,(#4107,#4108,#4109,#4110,
#4111,#4112,#4113),.UNSPECIFIED.,.T.,.F.) B_SPLINE_CURVE_WITH_KNOTS((1,2
    ,2,2,2,1),(-2.094395102393,0.,2.094395102393,4.188790204786,
6.28318530718,8.377580409573),.UNSPECIFIED.) CURVE() 
GEOMETRIC_REPRESENTATION_ITEM() RATIONAL_B_SPLINE_CURVE((1.,0.5,1.,0.5,
1.,0.5,1.)) REPRESENTATION_ITEM('') );
#4107 = CARTESIAN_POINT('',(65.04,195.));
#4108 = CARTESIAN_POINT('',(65.04,194.13397459621));
#4109 = CARTESIAN_POINT('',(64.29,194.5669872981));
#4110 = CARTESIAN_POINT('',(63.54,195.));
#4111 = CARTESIAN_POINT('',(64.29,195.43301270189));
#4112 = CARTESIAN_POINT('',(65.04,195.86602540378));
#4113 = CARTESIAN_POINT('',(65.04,195.));
#4114 = ( GEOMETRIC_REPRESENTATION_CONTEXT(2) 
PARAMETRIC_REPRESENTATION_CONTEXT() REPRESENTATION_CONTEXT('2D SPACE',''
  ) );
#4115 = PCURVE('',#4116,#4121);
#4116 = CYLINDRICAL_SURFACE('',#4117,0.5);
#4117 = AXIS2_PLACEMENT_3D('',#4118,#4119,#4120);
#4118 = CARTESIAN_POINT('',(64.54,195.,-0.1));
#4119 = DIRECTION('',(-0.,-0.,-1.));
#4120 = DIRECTION('',(1.,0.,0.));
#4121 = DEFINITIONAL_REPRESENTATION('',(#4122),#4126);
#4122 = LINE('',#4123,#4124);
#4123 = CARTESIAN_POINT('',(-4.138911435803E-13,-1.7));
#4124 = VECTOR('',#4125,1.);
#4125 = DIRECTION('',(1.,-0.));
#4126 = ( GEOMETRIC_REPRESENTATION_CONTEXT(2) 
PARAMETRIC_REPRESENTATION_CONTEXT() REPRESENTATION_CONTEXT('2D SPACE',''
  ) );
#4127 = FACE_BOUND('',#4128,.T.);
#4128 = EDGE_LOOP('',(#4129));
#4129 = ORIENTED_EDGE('',*,*,#4130,.T.);
#4130 = EDGE_CURVE('',#4131,#4131,#4133,.T.);
#4131 = VERTEX_POINT('',#4132);
#4132 = CARTESIAN_POINT('',(62.5,197.54,1.6));
#4133 = SURFACE_CURVE('',#4134,(#4139,#4150),.PCURVE_S1.);
#4134 = CIRCLE('',#4135,0.5);
#4135 = AXIS2_PLACEMENT_3D('',#4136,#4137,#4138);
#4136 = CARTESIAN_POINT('',(62.,197.54,1.6));
#4137 = DIRECTION('',(0.,0.,-1.));
#4138 = DIRECTION('',(1.,0.,0.));
#4139 = PCURVE('',#736,#4140);
#4140 = DEFINITIONAL_REPRESENTATION('',(#4141),#4149);
#4141 = ( BOUNDED_CURVE() B_SPLINE_CURVE(2,(#4142,#4143,#4144,#4145,
#4146,#4147,#4148),.UNSPECIFIED.,.T.,.F.) B_SPLINE_CURVE_WITH_KNOTS((1,2
    ,2,2,2,1),(-2.094395102393,0.,2.094395102393,4.188790204786,
6.28318530718,8.377580409573),.UNSPECIFIED.) CURVE() 
GEOMETRIC_REPRESENTATION_ITEM() RATIONAL_B_SPLINE_CURVE((1.,0.5,1.,0.5,
1.,0.5,1.)) REPRESENTATION_ITEM('') );
#4142 = CARTESIAN_POINT('',(62.5,197.54));
#4143 = CARTESIAN_POINT('',(62.5,196.67397459621));
#4144 = CARTESIAN_POINT('',(61.75,197.1069872981));
#4145 = CARTESIAN_POINT('',(61.,197.54));
#4146 = CARTESIAN_POINT('',(61.75,197.97301270189));
#4147 = CARTESIAN_POINT('',(62.5,198.40602540378));
#4148 = CARTESIAN_POINT('',(62.5,197.54));
#4149 = ( GEOMETRIC_REPRESENTATION_CONTEXT(2) 
PARAMETRIC_REPRESENTATION_CONTEXT() REPRESENTATION_CONTEXT('2D SPACE',''
  ) );
#4150 = PCURVE('',#4151,#4156);
#4151 = CYLINDRICAL_SURFACE('',#4152,0.5);
#4152 = AXIS2_PLACEMENT_3D('',#4153,#4154,#4155);
#4153 = CARTESIAN_POINT('',(62.,197.54,-0.1));
#4154 = DIRECTION('',(-0.,-0.,-1.));
#4155 = DIRECTION('',(1.,0.,0.));
#4156 = DEFINITIONAL_REPRESENTATION('',(#4157),#4161);
#4157 = LINE('',#4158,#4159);
#4158 = CARTESIAN_POINT('',(-4.138911435803E-13,-1.7));
#4159 = VECTOR('',#4160,1.);
#4160 = DIRECTION('',(1.,-0.));
#4161 = ( GEOMETRIC_REPRESENTATION_CONTEXT(2) 
PARAMETRIC_REPRESENTATION_CONTEXT() REPRESENTATION_CONTEXT('2D SPACE',''
  ) );
#4162 = FACE_BOUND('',#4163,.T.);
#4163 = EDGE_LOOP('',(#4164));
#4164 = ORIENTED_EDGE('',*,*,#4165,.T.);
#4165 = EDGE_CURVE('',#4166,#4166,#4168,.T.);
#4166 = VERTEX_POINT('',#4167);
#4167 = CARTESIAN_POINT('',(65.04,197.54,1.6));
#4168 = SURFACE_CURVE('',#4169,(#4174,#4185),.PCURVE_S1.);
#4169 = CIRCLE('',#4170,0.5);
#4170 = AXIS2_PLACEMENT_3D('',#4171,#4172,#4173);
#4171 = CARTESIAN_POINT('',(64.54,197.54,1.6));
#4172 = DIRECTION('',(0.,0.,-1.));
#4173 = DIRECTION('',(1.,0.,0.));
#4174 = PCURVE('',#736,#4175);
#4175 = DEFINITIONAL_REPRESENTATION('',(#4176),#4184);
#4176 = ( BOUNDED_CURVE() B_SPLINE_CURVE(2,(#4177,#4178,#4179,#4180,
#4181,#4182,#4183),.UNSPECIFIED.,.T.,.F.) B_SPLINE_CURVE_WITH_KNOTS((1,2
    ,2,2,2,1),(-2.094395102393,0.,2.094395102393,4.188790204786,
6.28318530718,8.377580409573),.UNSPECIFIED.) CURVE() 
GEOMETRIC_REPRESENTATION_ITEM() RATIONAL_B_SPLINE_CURVE((1.,0.5,1.,0.5,
1.,0.5,1.)) REPRESENTATION_ITEM('') );
#4177 = CARTESIAN_POINT('',(65.04,197.54));
#4178 = CARTESIAN_POINT('',(65.04,196.67397459621));
#4179 = CARTESIAN_POINT('',(64.29,197.1069872981));
#4180 = CARTESIAN_POINT('',(63.54,197.54));
#4181 = CARTESIAN_POINT('',(64.29,197.97301270189));
#4182 = CARTESIAN_POINT('',(65.04,198.40602540378));
#4183 = CARTESIAN_POINT('',(65.04,197.54));
#4184 = ( GEOMETRIC_REPRESENTATION_CONTEXT(2) 
PARAMETRIC_REPRESENTATION_CONTEXT() REPRESENTATION_CONTEXT('2D SPACE',''
  ) );
#4185 = PCURVE('',#4186,#4191);
#4186 = CYLINDRICAL_SURFACE('',#4187,0.5);
#4187 = AXIS2_PLACEMENT_3D('',#4188,#4189,#4190);
#4188 = CARTESIAN_POINT('',(64.54,197.54,-0.1));
#4189 = DIRECTION('',(-0.,-0.,-1.));
#4190 = DIRECTION('',(1.,0.,0.));
#4191 = DEFINITIONAL_REPRESENTATION('',(#4192),#4196);
#4192 = LINE('',#4193,#4194);
#4193 = CARTESIAN_POINT('',(-4.138911435803E-13,-1.7));
#4194 = VECTOR('',#4195,1.);
#4195 = DIRECTION('',(1.,-0.));
#4196 = ( GEOMETRIC_REPRESENTATION_CONTEXT(2) 
PARAMETRIC_REPRESENTATION_CONTEXT() REPRESENTATION_CONTEXT('2D SPACE',''
  ) );
#4197 = FACE_BOUND('',#4198,.T.);
#4198 = EDGE_LOOP('',(#4199));
#4199 = ORIENTED_EDGE('',*,*,#4200,.T.);
#4200 = EDGE_CURVE('',#4201,#4201,#4203,.T.);
#4201 = VERTEX_POINT('',#4202);
#4202 = CARTESIAN_POINT('',(67.58,195.,1.6));
#4203 = SURFACE_CURVE('',#4204,(#4209,#4220),.PCURVE_S1.);
#4204 = CIRCLE('',#4205,0.5);
#4205 = AXIS2_PLACEMENT_3D('',#4206,#4207,#4208);
#4206 = CARTESIAN_POINT('',(67.08,195.,1.6));
#4207 = DIRECTION('',(0.,0.,-1.));
#4208 = DIRECTION('',(1.,0.,0.));
#4209 = PCURVE('',#736,#4210);
#4210 = DEFINITIONAL_REPRESENTATION('',(#4211),#4219);
#4211 = ( BOUNDED_CURVE() B_SPLINE_CURVE(2,(#4212,#4213,#4214,#4215,
#4216,#4217,#4218),.UNSPECIFIED.,.T.,.F.) B_SPLINE_CURVE_WITH_KNOTS((1,2
    ,2,2,2,1),(-2.094395102393,0.,2.094395102393,4.188790204786,
6.28318530718,8.377580409573),.UNSPECIFIED.) CURVE() 
GEOMETRIC_REPRESENTATION_ITEM() RATIONAL_B_SPLINE_CURVE((1.,0.5,1.,0.5,
1.,0.5,1.)) REPRESENTATION_ITEM('') );
#4212 = CARTESIAN_POINT('',(67.58,195.));
#4213 = CARTESIAN_POINT('',(67.58,194.13397459621));
#4214 = CARTESIAN_POINT('',(66.83,194.5669872981));
#4215 = CARTESIAN_POINT('',(66.08,195.));
#4216 = CARTESIAN_POINT('',(66.83,195.43301270189));
#4217 = CARTESIAN_POINT('',(67.58,195.86602540378));
#4218 = CARTESIAN_POINT('',(67.58,195.));
#4219 = ( GEOMETRIC_REPRESENTATION_CONTEXT(2) 
PARAMETRIC_REPRESENTATION_CONTEXT() REPRESENTATION_CONTEXT('2D SPACE',''
  ) );
#4220 = PCURVE('',#4221,#4226);
#4221 = CYLINDRICAL_SURFACE('',#4222,0.5);
#4222 = AXIS2_PLACEMENT_3D('',#4223,#4224,#4225);
#4223 = CARTESIAN_POINT('',(67.08,195.,-0.1));
#4224 = DIRECTION('',(-0.,-0.,-1.));
#4225 = DIRECTION('',(1.,0.,0.));
#4226 = DEFINITIONAL_REPRESENTATION('',(#4227),#4231);
#4227 = LINE('',#4228,#4229);
#4228 = CARTESIAN_POINT('',(-4.138911435803E-13,-1.7));
#4229 = VECTOR('',#4230,1.);
#4230 = DIRECTION('',(1.,-0.));
#4231 = ( GEOMETRIC_REPRESENTATION_CONTEXT(2) 
PARAMETRIC_REPRESENTATION_CONTEXT() REPRESENTATION_CONTEXT('2D SPACE',''
  ) );
#4232 = FACE_BOUND('',#4233,.T.);
#4233 = EDGE_LOOP('',(#4234));
#4234 = ORIENTED_EDGE('',*,*,#4235,.T.);
#4235 = EDGE_CURVE('',#4236,#4236,#4238,.T.);
#4236 = VERTEX_POINT('',#4237);
#4237 = CARTESIAN_POINT('',(67.58,197.54,1.6));
#4238 = SURFACE_CURVE('',#4239,(#4244,#4255),.PCURVE_S1.);
#4239 = CIRCLE('',#4240,0.5);
#4240 = AXIS2_PLACEMENT_3D('',#4241,#4242,#4243);
#4241 = CARTESIAN_POINT('',(67.08,197.54,1.6));
#4242 = DIRECTION('',(0.,0.,-1.));
#4243 = DIRECTION('',(1.,0.,0.));
#4244 = PCURVE('',#736,#4245);
#4245 = DEFINITIONAL_REPRESENTATION('',(#4246),#4254);
#4246 = ( BOUNDED_CURVE() B_SPLINE_CURVE(2,(#4247,#4248,#4249,#4250,
#4251,#4252,#4253),.UNSPECIFIED.,.T.,.F.) B_SPLINE_CURVE_WITH_KNOTS((1,2
    ,2,2,2,1),(-2.094395102393,0.,2.094395102393,4.188790204786,
6.28318530718,8.377580409573),.UNSPECIFIED.) CURVE() 
GEOMETRIC_REPRESENTATION_ITEM() RATIONAL_B_SPLINE_CURVE((1.,0.5,1.,0.5,
1.,0.5,1.)) REPRESENTATION_ITEM('') );
#4247 = CARTESIAN_POINT('',(67.58,197.54));
#4248 = CARTESIAN_POINT('',(67.58,196.67397459621));
#4249 = CARTESIAN_POINT('',(66.83,197.1069872981));
#4250 = CARTESIAN_POINT('',(66.08,197.54));
#4251 = CARTESIAN_POINT('',(66.83,197.97301270189));
#4252 = CARTESIAN_POINT('',(67.58,198.40602540378));
#4253 = CARTESIAN_POINT('',(67.58,197.54));
#4254 = ( GEOMETRIC_REPRESENTATION_CONTEXT(2) 
PARAMETRIC_REPRESENTATION_CONTEXT() REPRESENTATION_CONTEXT('2D SPACE',''
  ) );
#4255 = PCURVE('',#4256,#4261);
#4256 = CYLINDRICAL_SURFACE('',#4257,0.5);
#4257 = AXIS2_PLACEMENT_3D('',#4258,#4259,#4260);
#4258 = CARTESIAN_POINT('',(67.08,197.54,-0.1));
#4259 = DIRECTION('',(-0.,-0.,-1.));
#4260 = DIRECTION('',(1.,0.,0.));
#4261 = DEFINITIONAL_REPRESENTATION('',(#4262),#4266);
#4262 = LINE('',#4263,#4264);
#4263 = CARTESIAN_POINT('',(-4.138911435803E-13,-1.7));
#4264 = VECTOR('',#4265,1.);
#4265 = DIRECTION('',(1.,-0.));
#4266 = ( GEOMETRIC_REPRESENTATION_CONTEXT(2) 
PARAMETRIC_REPRESENTATION_CONTEXT() REPRESENTATION_CONTEXT('2D SPACE',''
  ) );
#4267 = FACE_BOUND('',#4268,.T.);
#4268 = EDGE_LOOP('',(#4269));
#4269 = ORIENTED_EDGE('',*,*,#4270,.T.);
#4270 = EDGE_CURVE('',#4271,#4271,#4273,.T.);
#4271 = VERTEX_POINT('',#4272);
#4272 = CARTESIAN_POINT('',(79.6,213.,1.6));
#4273 = SURFACE_CURVE('',#4274,(#4279,#4290),.PCURVE_S1.);
#4274 = CIRCLE('',#4275,1.6);
#4275 = AXIS2_PLACEMENT_3D('',#4276,#4277,#4278);
#4276 = CARTESIAN_POINT('',(78.,213.,1.6));
#4277 = DIRECTION('',(0.,0.,-1.));
#4278 = DIRECTION('',(1.,0.,0.));
#4279 = PCURVE('',#736,#4280);
#4280 = DEFINITIONAL_REPRESENTATION('',(#4281),#4289);
#4281 = ( BOUNDED_CURVE() B_SPLINE_CURVE(2,(#4282,#4283,#4284,#4285,
#4286,#4287,#4288),.UNSPECIFIED.,.T.,.F.) B_SPLINE_CURVE_WITH_KNOTS((1,2
    ,2,2,2,1),(-2.094395102393,0.,2.094395102393,4.188790204786,
6.28318530718,8.377580409573),.UNSPECIFIED.) CURVE() 
GEOMETRIC_REPRESENTATION_ITEM() RATIONAL_B_SPLINE_CURVE((1.,0.5,1.,0.5,
1.,0.5,1.)) REPRESENTATION_ITEM('') );
#4282 = CARTESIAN_POINT('',(79.6,213.));
#4283 = CARTESIAN_POINT('',(79.6,210.22871870789));
#4284 = CARTESIAN_POINT('',(77.2,211.61435935394));
#4285 = CARTESIAN_POINT('',(74.8,213.));
#4286 = CARTESIAN_POINT('',(77.2,214.38564064605));
#4287 = CARTESIAN_POINT('',(79.6,215.77128129211));
#4288 = CARTESIAN_POINT('',(79.6,213.));
#4289 = ( GEOMETRIC_REPRESENTATION_CONTEXT(2) 
PARAMETRIC_REPRESENTATION_CONTEXT() REPRESENTATION_CONTEXT('2D SPACE',''
  ) );
#4290 = PCURVE('',#4291,#4296);
#4291 = CYLINDRICAL_SURFACE('',#4292,1.6);
#4292 = AXIS2_PLACEMENT_3D('',#4293,#4294,#4295);
#4293 = CARTESIAN_POINT('',(78.,213.,-0.1));
#4294 = DIRECTION('',(-0.,-0.,-1.));
#4295 = DIRECTION('',(1.,0.,0.));
#4296 = DEFINITIONAL_REPRESENTATION('',(#4297),#4301);
#4297 = LINE('',#4298,#4299);
#4298 = CARTESIAN_POINT('',(-4.138911435803E-13,-1.7));
#4299 = VECTOR('',#4300,1.);
#4300 = DIRECTION('',(1.,-0.));
#4301 = ( GEOMETRIC_REPRESENTATION_CONTEXT(2) 
PARAMETRIC_REPRESENTATION_CONTEXT() REPRESENTATION_CONTEXT('2D SPACE',''
  ) );
#4302 = ADVANCED_FACE('',(#4303),#710,.T.);
#4303 = FACE_BOUND('',#4304,.T.);
#4304 = EDGE_LOOP('',(#4305,#4328,#4329,#4330));
#4305 = ORIENTED_EDGE('',*,*,#4306,.F.);
#4306 = EDGE_CURVE('',#667,#4307,#4309,.T.);
#4307 = VERTEX_POINT('',#4308);
#4308 = CARTESIAN_POINT('',(84.,224.,0.));
#4309 = SURFACE_CURVE('',#4310,(#4314,#4321),.PCURVE_S1.);
#4310 = LINE('',#4311,#4312);
#4311 = CARTESIAN_POINT('',(0.,224.,0.));
#4312 = VECTOR('',#4313,1.);
#4313 = DIRECTION('',(1.,0.,0.));
#4314 = PCURVE('',#710,#4315);
#4315 = DEFINITIONAL_REPRESENTATION('',(#4316),#4320);
#4316 = LINE('',#4317,#4318);
#4317 = CARTESIAN_POINT('',(0.,0.));
#4318 = VECTOR('',#4319,1.);
#4319 = DIRECTION('',(0.,1.));
#4320 = ( GEOMETRIC_REPRESENTATION_CONTEXT(2) 
PARAMETRIC_REPRESENTATION_CONTEXT() REPRESENTATION_CONTEXT('2D SPACE',''
  ) );
#4321 = PCURVE('',#682,#4322);
#4322 = DEFINITIONAL_REPRESENTATION('',(#4323),#4327);
#4323 = LINE('',#4324,#4325);
#4324 = CARTESIAN_POINT('',(0.,224.));
#4325 = VECTOR('',#4326,1.);
#4326 = DIRECTION('',(1.,0.));
#4327 = ( GEOMETRIC_REPRESENTATION_CONTEXT(2) 
PARAMETRIC_REPRESENTATION_CONTEXT() REPRESENTATION_CONTEXT('2D SPACE',''
  ) );
#4328 = ORIENTED_EDGE('',*,*,#694,.T.);
#4329 = ORIENTED_EDGE('',*,*,#852,.T.);
#4330 = ORIENTED_EDGE('',*,*,#4331,.F.);
#4331 = EDGE_CURVE('',#4307,#830,#4332,.T.);
#4332 = SURFACE_CURVE('',#4333,(#4337,#4344),.PCURVE_S1.);
#4333 = LINE('',#4334,#4335);
#4334 = CARTESIAN_POINT('',(84.,224.,0.));
#4335 = VECTOR('',#4336,1.);
#4336 = DIRECTION('',(0.,0.,1.));
#4337 = PCURVE('',#710,#4338);
#4338 = DEFINITIONAL_REPRESENTATION('',(#4339),#4343);
#4339 = LINE('',#4340,#4341);
#4340 = CARTESIAN_POINT('',(0.,84.));
#4341 = VECTOR('',#4342,1.);
#4342 = DIRECTION('',(1.,0.));
#4343 = ( GEOMETRIC_REPRESENTATION_CONTEXT(2) 
PARAMETRIC_REPRESENTATION_CONTEXT() REPRESENTATION_CONTEXT('2D SPACE',''
  ) );
#4344 = PCURVE('',#812,#4345);
#4345 = DEFINITIONAL_REPRESENTATION('',(#4346),#4350);
#4346 = LINE('',#4347,#4348);
#4347 = CARTESIAN_POINT('',(0.,-224.));
#4348 = VECTOR('',#4349,1.);
#4349 = DIRECTION('',(1.,0.));
#4350 = ( GEOMETRIC_REPRESENTATION_CONTEXT(2) 
PARAMETRIC_REPRESENTATION_CONTEXT() REPRESENTATION_CONTEXT('2D SPACE',''
  ) );
#4351 = ADVANCED_FACE('',(#4352,#4378,#4408,#4438,#4468,#4498,#4528,
    #4558,#4588,#4618,#4648,#4678,#4708,#4738,#4768,#4798,#4828,#4858,
    #4888,#4918,#4948,#4978,#5008,#5038,#5068,#5098,#5128,#5158,#5188,
    #5218,#5248,#5278,#5308,#5338,#5368,#5398,#5428,#5458,#5488,#5518,
    #5548,#5578,#5608,#5638,#5668,#5698,#5728,#5758,#5788,#5818,#5848,
    #5878,#5908,#5938,#5968,#5998,#6028,#6058,#6088,#6118,#6148,#6178,
    #6208,#6238,#6268,#6298,#6328,#6358,#6388,#6418,#6448,#6478,#6508,
    #6538,#6568,#6598,#6628,#6658,#6688,#6718,#6748,#6778,#6808,#6838,
    #6868,#6898,#6928,#6958,#6988,#7018,#7048,#7078,#7108,#7138,#7168,
    #7198,#7228,#7258,#7288),#682,.F.);
#4352 = FACE_BOUND('',#4353,.F.);
#4353 = EDGE_LOOP('',(#4354,#4355,#4356,#4377));
#4354 = ORIENTED_EDGE('',*,*,#666,.F.);
#4355 = ORIENTED_EDGE('',*,*,#751,.T.);
#4356 = ORIENTED_EDGE('',*,*,#4357,.T.);
#4357 = EDGE_CURVE('',#752,#4307,#4358,.T.);
#4358 = SURFACE_CURVE('',#4359,(#4363,#4370),.PCURVE_S1.);
#4359 = LINE('',#4360,#4361);
#4360 = CARTESIAN_POINT('',(84.,0.,0.));
#4361 = VECTOR('',#4362,1.);
#4362 = DIRECTION('',(0.,1.,0.));
#4363 = PCURVE('',#682,#4364);
#4364 = DEFINITIONAL_REPRESENTATION('',(#4365),#4369);
#4365 = LINE('',#4366,#4367);
#4366 = CARTESIAN_POINT('',(84.,0.));
#4367 = VECTOR('',#4368,1.);
#4368 = DIRECTION('',(0.,1.));
#4369 = ( GEOMETRIC_REPRESENTATION_CONTEXT(2) 
PARAMETRIC_REPRESENTATION_CONTEXT() REPRESENTATION_CONTEXT('2D SPACE',''
  ) );
#4370 = PCURVE('',#812,#4371);
#4371 = DEFINITIONAL_REPRESENTATION('',(#4372),#4376);
#4372 = LINE('',#4373,#4374);
#4373 = CARTESIAN_POINT('',(0.,0.));
#4374 = VECTOR('',#4375,1.);
#4375 = DIRECTION('',(0.,-1.));
#4376 = ( GEOMETRIC_REPRESENTATION_CONTEXT(2) 
PARAMETRIC_REPRESENTATION_CONTEXT() REPRESENTATION_CONTEXT('2D SPACE',''
  ) );
#4377 = ORIENTED_EDGE('',*,*,#4306,.F.);
#4378 = FACE_BOUND('',#4379,.F.);
#4379 = EDGE_LOOP('',(#4380));
#4380 = ORIENTED_EDGE('',*,*,#4381,.T.);
#4381 = EDGE_CURVE('',#4382,#4382,#4384,.T.);
#4382 = VERTEX_POINT('',#4383);
#4383 = CARTESIAN_POINT('',(7.6,11.,0.));
#4384 = SURFACE_CURVE('',#4385,(#4390,#4401),.PCURVE_S1.);
#4385 = CIRCLE('',#4386,1.6);
#4386 = AXIS2_PLACEMENT_3D('',#4387,#4388,#4389);
#4387 = CARTESIAN_POINT('',(6.,11.,0.));
#4388 = DIRECTION('',(0.,0.,-1.));
#4389 = DIRECTION('',(1.,0.,0.));
#4390 = PCURVE('',#682,#4391);
#4391 = DEFINITIONAL_REPRESENTATION('',(#4392),#4400);
#4392 = ( BOUNDED_CURVE() B_SPLINE_CURVE(2,(#4393,#4394,#4395,#4396,
#4397,#4398,#4399),.UNSPECIFIED.,.T.,.F.) B_SPLINE_CURVE_WITH_KNOTS((1,2
    ,2,2,2,1),(-2.094395102393,0.,2.094395102393,4.188790204786,
6.28318530718,8.377580409573),.UNSPECIFIED.) CURVE() 
GEOMETRIC_REPRESENTATION_ITEM() RATIONAL_B_SPLINE_CURVE((1.,0.5,1.,0.5,
1.,0.5,1.)) REPRESENTATION_ITEM('') );
#4393 = CARTESIAN_POINT('',(7.6,11.));
#4394 = CARTESIAN_POINT('',(7.6,8.22871870789));
#4395 = CARTESIAN_POINT('',(5.2,9.614359353945));
#4396 = CARTESIAN_POINT('',(2.8,11.));
#4397 = CARTESIAN_POINT('',(5.2,12.385640646055));
#4398 = CARTESIAN_POINT('',(7.6,13.77128129211));
#4399 = CARTESIAN_POINT('',(7.6,11.));
#4400 = ( GEOMETRIC_REPRESENTATION_CONTEXT(2) 
PARAMETRIC_REPRESENTATION_CONTEXT() REPRESENTATION_CONTEXT('2D SPACE',''
  ) );
#4401 = PCURVE('',#896,#4402);
#4402 = DEFINITIONAL_REPRESENTATION('',(#4403),#4407);
#4403 = LINE('',#4404,#4405);
#4404 = CARTESIAN_POINT('',(-4.138911435803E-13,-0.1));
#4405 = VECTOR('',#4406,1.);
#4406 = DIRECTION('',(1.,-0.));
#4407 = ( GEOMETRIC_REPRESENTATION_CONTEXT(2) 
PARAMETRIC_REPRESENTATION_CONTEXT() REPRESENTATION_CONTEXT('2D SPACE',''
  ) );
#4408 = FACE_BOUND('',#4409,.F.);
#4409 = EDGE_LOOP('',(#4410));
#4410 = ORIENTED_EDGE('',*,*,#4411,.T.);
#4411 = EDGE_CURVE('',#4412,#4412,#4414,.T.);
#4412 = VERTEX_POINT('',#4413);
#4413 = CARTESIAN_POINT('',(19.96,28.,0.));
#4414 = SURFACE_CURVE('',#4415,(#4420,#4431),.PCURVE_S1.);
#4415 = CIRCLE('',#4416,0.5);
#4416 = AXIS2_PLACEMENT_3D('',#4417,#4418,#4419);
#4417 = CARTESIAN_POINT('',(19.46,28.,0.));
#4418 = DIRECTION('',(0.,0.,-1.));
#4419 = DIRECTION('',(1.,0.,0.));
#4420 = PCURVE('',#682,#4421);
#4421 = DEFINITIONAL_REPRESENTATION('',(#4422),#4430);
#4422 = ( BOUNDED_CURVE() B_SPLINE_CURVE(2,(#4423,#4424,#4425,#4426,
#4427,#4428,#4429),.UNSPECIFIED.,.T.,.F.) B_SPLINE_CURVE_WITH_KNOTS((1,2
    ,2,2,2,1),(-2.094395102393,0.,2.094395102393,4.188790204786,
6.28318530718,8.377580409573),.UNSPECIFIED.) CURVE() 
GEOMETRIC_REPRESENTATION_ITEM() RATIONAL_B_SPLINE_CURVE((1.,0.5,1.,0.5,
1.,0.5,1.)) REPRESENTATION_ITEM('') );
#4423 = CARTESIAN_POINT('',(19.96,28.));
#4424 = CARTESIAN_POINT('',(19.96,27.133974596216));
#4425 = CARTESIAN_POINT('',(19.21,27.566987298108));
#4426 = CARTESIAN_POINT('',(18.46,28.));
#4427 = CARTESIAN_POINT('',(19.21,28.433012701892));
#4428 = CARTESIAN_POINT('',(19.96,28.866025403784));
#4429 = CARTESIAN_POINT('',(19.96,28.));
#4430 = ( GEOMETRIC_REPRESENTATION_CONTEXT(2) 
PARAMETRIC_REPRESENTATION_CONTEXT() REPRESENTATION_CONTEXT('2D SPACE',''
  ) );
#4431 = PCURVE('',#931,#4432);
#4432 = DEFINITIONAL_REPRESENTATION('',(#4433),#4437);
#4433 = LINE('',#4434,#4435);
#4434 = CARTESIAN_POINT('',(-4.138911435803E-13,-0.1));
#4435 = VECTOR('',#4436,1.);
#4436 = DIRECTION('',(1.,-0.));
#4437 = ( GEOMETRIC_REPRESENTATION_CONTEXT(2) 
PARAMETRIC_REPRESENTATION_CONTEXT() REPRESENTATION_CONTEXT('2D SPACE',''
  ) );
#4438 = FACE_BOUND('',#4439,.F.);
#4439 = EDGE_LOOP('',(#4440));
#4440 = ORIENTED_EDGE('',*,*,#4441,.T.);
#4441 = EDGE_CURVE('',#4442,#4442,#4444,.T.);
#4442 = VERTEX_POINT('',#4443);
#4443 = CARTESIAN_POINT('',(22.5,28.,0.));
#4444 = SURFACE_CURVE('',#4445,(#4450,#4461),.PCURVE_S1.);
#4445 = CIRCLE('',#4446,0.5);
#4446 = AXIS2_PLACEMENT_3D('',#4447,#4448,#4449);
#4447 = CARTESIAN_POINT('',(22.,28.,0.));
#4448 = DIRECTION('',(0.,0.,-1.));
#4449 = DIRECTION('',(1.,0.,0.));
#4450 = PCURVE('',#682,#4451);
#4451 = DEFINITIONAL_REPRESENTATION('',(#4452),#4460);
#4452 = ( BOUNDED_CURVE() B_SPLINE_CURVE(2,(#4453,#4454,#4455,#4456,
#4457,#4458,#4459),.UNSPECIFIED.,.T.,.F.) B_SPLINE_CURVE_WITH_KNOTS((1,2
    ,2,2,2,1),(-2.094395102393,0.,2.094395102393,4.188790204786,
6.28318530718,8.377580409573),.UNSPECIFIED.) CURVE() 
GEOMETRIC_REPRESENTATION_ITEM() RATIONAL_B_SPLINE_CURVE((1.,0.5,1.,0.5,
1.,0.5,1.)) REPRESENTATION_ITEM('') );
#4453 = CARTESIAN_POINT('',(22.5,28.));
#4454 = CARTESIAN_POINT('',(22.5,27.133974596216));
#4455 = CARTESIAN_POINT('',(21.75,27.566987298108));
#4456 = CARTESIAN_POINT('',(21.,28.));
#4457 = CARTESIAN_POINT('',(21.75,28.433012701892));
#4458 = CARTESIAN_POINT('',(22.5,28.866025403784));
#4459 = CARTESIAN_POINT('',(22.5,28.));
#4460 = ( GEOMETRIC_REPRESENTATION_CONTEXT(2) 
PARAMETRIC_REPRESENTATION_CONTEXT() REPRESENTATION_CONTEXT('2D SPACE',''
  ) );
#4461 = PCURVE('',#966,#4462);
#4462 = DEFINITIONAL_REPRESENTATION('',(#4463),#4467);
#4463 = LINE('',#4464,#4465);
#4464 = CARTESIAN_POINT('',(-4.138911435803E-13,-0.1));
#4465 = VECTOR('',#4466,1.);
#4466 = DIRECTION('',(1.,-0.));
#4467 = ( GEOMETRIC_REPRESENTATION_CONTEXT(2) 
PARAMETRIC_REPRESENTATION_CONTEXT() REPRESENTATION_CONTEXT('2D SPACE',''
  ) );
#4468 = FACE_BOUND('',#4469,.F.);
#4469 = EDGE_LOOP('',(#4470));
#4470 = ORIENTED_EDGE('',*,*,#4471,.T.);
#4471 = EDGE_CURVE('',#4472,#4472,#4474,.T.);
#4472 = VERTEX_POINT('',#4473);
#4473 = CARTESIAN_POINT('',(13.75,37.,0.));
#4474 = SURFACE_CURVE('',#4475,(#4480,#4491),.PCURVE_S1.);
#4475 = CIRCLE('',#4476,0.75);
#4476 = AXIS2_PLACEMENT_3D('',#4477,#4478,#4479);
#4477 = CARTESIAN_POINT('',(13.,37.,0.));
#4478 = DIRECTION('',(0.,0.,-1.));
#4479 = DIRECTION('',(1.,0.,0.));
#4480 = PCURVE('',#682,#4481);
#4481 = DEFINITIONAL_REPRESENTATION('',(#4482),#4490);
#4482 = ( BOUNDED_CURVE() B_SPLINE_CURVE(2,(#4483,#4484,#4485,#4486,
#4487,#4488,#4489),.UNSPECIFIED.,.T.,.F.) B_SPLINE_CURVE_WITH_KNOTS((1,2
    ,2,2,2,1),(-2.094395102393,0.,2.094395102393,4.188790204786,
6.28318530718,8.377580409573),.UNSPECIFIED.) CURVE() 
GEOMETRIC_REPRESENTATION_ITEM() RATIONAL_B_SPLINE_CURVE((1.,0.5,1.,0.5,
1.,0.5,1.)) REPRESENTATION_ITEM('') );
#4483 = CARTESIAN_POINT('',(13.75,37.));
#4484 = CARTESIAN_POINT('',(13.75,35.700961894323));
#4485 = CARTESIAN_POINT('',(12.625,36.350480947162));
#4486 = CARTESIAN_POINT('',(11.5,37.));
#4487 = CARTESIAN_POINT('',(12.625,37.649519052838));
#4488 = CARTESIAN_POINT('',(13.75,38.299038105677));
#4489 = CARTESIAN_POINT('',(13.75,37.));
#4490 = ( GEOMETRIC_REPRESENTATION_CONTEXT(2) 
PARAMETRIC_REPRESENTATION_CONTEXT() REPRESENTATION_CONTEXT('2D SPACE',''
  ) );
#4491 = PCURVE('',#1001,#4492);
#4492 = DEFINITIONAL_REPRESENTATION('',(#4493),#4497);
#4493 = LINE('',#4494,#4495);
#4494 = CARTESIAN_POINT('',(-4.138911435803E-13,-0.1));
#4495 = VECTOR('',#4496,1.);
#4496 = DIRECTION('',(1.,-0.));
#4497 = ( GEOMETRIC_REPRESENTATION_CONTEXT(2) 
PARAMETRIC_REPRESENTATION_CONTEXT() REPRESENTATION_CONTEXT('2D SPACE',''
  ) );
#4498 = FACE_BOUND('',#4499,.F.);
#4499 = EDGE_LOOP('',(#4500));
#4500 = ORIENTED_EDGE('',*,*,#4501,.T.);
#4501 = EDGE_CURVE('',#4502,#4502,#4504,.T.);
#4502 = VERTEX_POINT('',#4503);
#4503 = CARTESIAN_POINT('',(13.75,47.,0.));
#4504 = SURFACE_CURVE('',#4505,(#4510,#4521),.PCURVE_S1.);
#4505 = CIRCLE('',#4506,0.75);
#4506 = AXIS2_PLACEMENT_3D('',#4507,#4508,#4509);
#4507 = CARTESIAN_POINT('',(13.,47.,0.));
#4508 = DIRECTION('',(0.,0.,-1.));
#4509 = DIRECTION('',(1.,0.,0.));
#4510 = PCURVE('',#682,#4511);
#4511 = DEFINITIONAL_REPRESENTATION('',(#4512),#4520);
#4512 = ( BOUNDED_CURVE() B_SPLINE_CURVE(2,(#4513,#4514,#4515,#4516,
#4517,#4518,#4519),.UNSPECIFIED.,.T.,.F.) B_SPLINE_CURVE_WITH_KNOTS((1,2
    ,2,2,2,1),(-2.094395102393,0.,2.094395102393,4.188790204786,
6.28318530718,8.377580409573),.UNSPECIFIED.) CURVE() 
GEOMETRIC_REPRESENTATION_ITEM() RATIONAL_B_SPLINE_CURVE((1.,0.5,1.,0.5,
1.,0.5,1.)) REPRESENTATION_ITEM('') );
#4513 = CARTESIAN_POINT('',(13.75,47.));
#4514 = CARTESIAN_POINT('',(13.75,45.700961894323));
#4515 = CARTESIAN_POINT('',(12.625,46.350480947162));
#4516 = CARTESIAN_POINT('',(11.5,47.));
#4517 = CARTESIAN_POINT('',(12.625,47.649519052838));
#4518 = CARTESIAN_POINT('',(13.75,48.299038105677));
#4519 = CARTESIAN_POINT('',(13.75,47.));
#4520 = ( GEOMETRIC_REPRESENTATION_CONTEXT(2) 
PARAMETRIC_REPRESENTATION_CONTEXT() REPRESENTATION_CONTEXT('2D SPACE',''
  ) );
#4521 = PCURVE('',#1036,#4522);
#4522 = DEFINITIONAL_REPRESENTATION('',(#4523),#4527);
#4523 = LINE('',#4524,#4525);
#4524 = CARTESIAN_POINT('',(-4.138911435803E-13,-0.1));
#4525 = VECTOR('',#4526,1.);
#4526 = DIRECTION('',(1.,-0.));
#4527 = ( GEOMETRIC_REPRESENTATION_CONTEXT(2) 
PARAMETRIC_REPRESENTATION_CONTEXT() REPRESENTATION_CONTEXT('2D SPACE',''
  ) );
#4528 = FACE_BOUND('',#4529,.F.);
#4529 = EDGE_LOOP('',(#4530));
#4530 = ORIENTED_EDGE('',*,*,#4531,.T.);
#4531 = EDGE_CURVE('',#4532,#4532,#4534,.T.);
#4532 = VERTEX_POINT('',#4533);
#4533 = CARTESIAN_POINT('',(13.75,57.,0.));
#4534 = SURFACE_CURVE('',#4535,(#4540,#4551),.PCURVE_S1.);
#4535 = CIRCLE('',#4536,0.75);
#4536 = AXIS2_PLACEMENT_3D('',#4537,#4538,#4539);
#4537 = CARTESIAN_POINT('',(13.,57.,0.));
#4538 = DIRECTION('',(0.,0.,-1.));
#4539 = DIRECTION('',(1.,0.,0.));
#4540 = PCURVE('',#682,#4541);
#4541 = DEFINITIONAL_REPRESENTATION('',(#4542),#4550);
#4542 = ( BOUNDED_CURVE() B_SPLINE_CURVE(2,(#4543,#4544,#4545,#4546,
#4547,#4548,#4549),.UNSPECIFIED.,.T.,.F.) B_SPLINE_CURVE_WITH_KNOTS((1,2
    ,2,2,2,1),(-2.094395102393,0.,2.094395102393,4.188790204786,
6.28318530718,8.377580409573),.UNSPECIFIED.) CURVE() 
GEOMETRIC_REPRESENTATION_ITEM() RATIONAL_B_SPLINE_CURVE((1.,0.5,1.,0.5,
1.,0.5,1.)) REPRESENTATION_ITEM('') );
#4543 = CARTESIAN_POINT('',(13.75,57.));
#4544 = CARTESIAN_POINT('',(13.75,55.700961894323));
#4545 = CARTESIAN_POINT('',(12.625,56.350480947162));
#4546 = CARTESIAN_POINT('',(11.5,57.));
#4547 = CARTESIAN_POINT('',(12.625,57.649519052838));
#4548 = CARTESIAN_POINT('',(13.75,58.299038105677));
#4549 = CARTESIAN_POINT('',(13.75,57.));
#4550 = ( GEOMETRIC_REPRESENTATION_CONTEXT(2) 
PARAMETRIC_REPRESENTATION_CONTEXT() REPRESENTATION_CONTEXT('2D SPACE',''
  ) );
#4551 = PCURVE('',#1071,#4552);
#4552 = DEFINITIONAL_REPRESENTATION('',(#4553),#4557);
#4553 = LINE('',#4554,#4555);
#4554 = CARTESIAN_POINT('',(-4.138911435803E-13,-0.1));
#4555 = VECTOR('',#4556,1.);
#4556 = DIRECTION('',(1.,-0.));
#4557 = ( GEOMETRIC_REPRESENTATION_CONTEXT(2) 
PARAMETRIC_REPRESENTATION_CONTEXT() REPRESENTATION_CONTEXT('2D SPACE',''
  ) );
#4558 = FACE_BOUND('',#4559,.F.);
#4559 = EDGE_LOOP('',(#4560));
#4560 = ORIENTED_EDGE('',*,*,#4561,.T.);
#4561 = EDGE_CURVE('',#4562,#4562,#4564,.T.);
#4562 = VERTEX_POINT('',#4563);
#4563 = CARTESIAN_POINT('',(25.04,28.,0.));
#4564 = SURFACE_CURVE('',#4565,(#4570,#4581),.PCURVE_S1.);
#4565 = CIRCLE('',#4566,0.5);
#4566 = AXIS2_PLACEMENT_3D('',#4567,#4568,#4569);
#4567 = CARTESIAN_POINT('',(24.54,28.,0.));
#4568 = DIRECTION('',(0.,0.,-1.));
#4569 = DIRECTION('',(1.,0.,0.));
#4570 = PCURVE('',#682,#4571);
#4571 = DEFINITIONAL_REPRESENTATION('',(#4572),#4580);
#4572 = ( BOUNDED_CURVE() B_SPLINE_CURVE(2,(#4573,#4574,#4575,#4576,
#4577,#4578,#4579),.UNSPECIFIED.,.T.,.F.) B_SPLINE_CURVE_WITH_KNOTS((1,2
    ,2,2,2,1),(-2.094395102393,0.,2.094395102393,4.188790204786,
6.28318530718,8.377580409573),.UNSPECIFIED.) CURVE() 
GEOMETRIC_REPRESENTATION_ITEM() RATIONAL_B_SPLINE_CURVE((1.,0.5,1.,0.5,
1.,0.5,1.)) REPRESENTATION_ITEM('') );
#4573 = CARTESIAN_POINT('',(25.04,28.));
#4574 = CARTESIAN_POINT('',(25.04,27.133974596216));
#4575 = CARTESIAN_POINT('',(24.29,27.566987298108));
#4576 = CARTESIAN_POINT('',(23.54,28.));
#4577 = CARTESIAN_POINT('',(24.29,28.433012701892));
#4578 = CARTESIAN_POINT('',(25.04,28.866025403784));
#4579 = CARTESIAN_POINT('',(25.04,28.));
#4580 = ( GEOMETRIC_REPRESENTATION_CONTEXT(2) 
PARAMETRIC_REPRESENTATION_CONTEXT() REPRESENTATION_CONTEXT('2D SPACE',''
  ) );
#4581 = PCURVE('',#1106,#4582);
#4582 = DEFINITIONAL_REPRESENTATION('',(#4583),#4587);
#4583 = LINE('',#4584,#4585);
#4584 = CARTESIAN_POINT('',(-4.138911435803E-13,-0.1));
#4585 = VECTOR('',#4586,1.);
#4586 = DIRECTION('',(1.,-0.));
#4587 = ( GEOMETRIC_REPRESENTATION_CONTEXT(2) 
PARAMETRIC_REPRESENTATION_CONTEXT() REPRESENTATION_CONTEXT('2D SPACE',''
  ) );
#4588 = FACE_BOUND('',#4589,.F.);
#4589 = EDGE_LOOP('',(#4590));
#4590 = ORIENTED_EDGE('',*,*,#4591,.T.);
#4591 = EDGE_CURVE('',#4592,#4592,#4594,.T.);
#4592 = VERTEX_POINT('',#4593);
#4593 = CARTESIAN_POINT('',(35.4,29.,0.));
#4594 = SURFACE_CURVE('',#4595,(#4600,#4611),.PCURVE_S1.);
#4595 = CIRCLE('',#4596,0.4);
#4596 = AXIS2_PLACEMENT_3D('',#4597,#4598,#4599);
#4597 = CARTESIAN_POINT('',(35.,29.,0.));
#4598 = DIRECTION('',(0.,0.,-1.));
#4599 = DIRECTION('',(1.,0.,0.));
#4600 = PCURVE('',#682,#4601);
#4601 = DEFINITIONAL_REPRESENTATION('',(#4602),#4610);
#4602 = ( BOUNDED_CURVE() B_SPLINE_CURVE(2,(#4603,#4604,#4605,#4606,
#4607,#4608,#4609),.UNSPECIFIED.,.T.,.F.) B_SPLINE_CURVE_WITH_KNOTS((1,2
    ,2,2,2,1),(-2.094395102393,0.,2.094395102393,4.188790204786,
6.28318530718,8.377580409573),.UNSPECIFIED.) CURVE() 
GEOMETRIC_REPRESENTATION_ITEM() RATIONAL_B_SPLINE_CURVE((1.,0.5,1.,0.5,
1.,0.5,1.)) REPRESENTATION_ITEM('') );
#4603 = CARTESIAN_POINT('',(35.4,29.));
#4604 = CARTESIAN_POINT('',(35.4,28.307179676972));
#4605 = CARTESIAN_POINT('',(34.8,28.653589838486));
#4606 = CARTESIAN_POINT('',(34.2,29.));
#4607 = CARTESIAN_POINT('',(34.8,29.346410161514));
#4608 = CARTESIAN_POINT('',(35.4,29.692820323028));
#4609 = CARTESIAN_POINT('',(35.4,29.));
#4610 = ( GEOMETRIC_REPRESENTATION_CONTEXT(2) 
PARAMETRIC_REPRESENTATION_CONTEXT() REPRESENTATION_CONTEXT('2D SPACE',''
  ) );
#4611 = PCURVE('',#1141,#4612);
#4612 = DEFINITIONAL_REPRESENTATION('',(#4613),#4617);
#4613 = LINE('',#4614,#4615);
#4614 = CARTESIAN_POINT('',(-4.138911435803E-13,-0.1));
#4615 = VECTOR('',#4616,1.);
#4616 = DIRECTION('',(1.,-0.));
#4617 = ( GEOMETRIC_REPRESENTATION_CONTEXT(2) 
PARAMETRIC_REPRESENTATION_CONTEXT() REPRESENTATION_CONTEXT('2D SPACE',''
  ) );
#4618 = FACE_BOUND('',#4619,.F.);
#4619 = EDGE_LOOP('',(#4620));
#4620 = ORIENTED_EDGE('',*,*,#4621,.T.);
#4621 = EDGE_CURVE('',#4622,#4622,#4624,.T.);
#4622 = VERTEX_POINT('',#4623);
#4623 = CARTESIAN_POINT('',(37.9,29.,0.));
#4624 = SURFACE_CURVE('',#4625,(#4630,#4641),.PCURVE_S1.);
#4625 = CIRCLE('',#4626,0.4);
#4626 = AXIS2_PLACEMENT_3D('',#4627,#4628,#4629);
#4627 = CARTESIAN_POINT('',(37.5,29.,0.));
#4628 = DIRECTION('',(0.,0.,-1.));
#4629 = DIRECTION('',(1.,0.,0.));
#4630 = PCURVE('',#682,#4631);
#4631 = DEFINITIONAL_REPRESENTATION('',(#4632),#4640);
#4632 = ( BOUNDED_CURVE() B_SPLINE_CURVE(2,(#4633,#4634,#4635,#4636,
#4637,#4638,#4639),.UNSPECIFIED.,.T.,.F.) B_SPLINE_CURVE_WITH_KNOTS((1,2
    ,2,2,2,1),(-2.094395102393,0.,2.094395102393,4.188790204786,
6.28318530718,8.377580409573),.UNSPECIFIED.) CURVE() 
GEOMETRIC_REPRESENTATION_ITEM() RATIONAL_B_SPLINE_CURVE((1.,0.5,1.,0.5,
1.,0.5,1.)) REPRESENTATION_ITEM('') );
#4633 = CARTESIAN_POINT('',(37.9,29.));
#4634 = CARTESIAN_POINT('',(37.9,28.307179676972));
#4635 = CARTESIAN_POINT('',(37.3,28.653589838486));
#4636 = CARTESIAN_POINT('',(36.7,29.));
#4637 = CARTESIAN_POINT('',(37.3,29.346410161514));
#4638 = CARTESIAN_POINT('',(37.9,29.692820323028));
#4639 = CARTESIAN_POINT('',(37.9,29.));
#4640 = ( GEOMETRIC_REPRESENTATION_CONTEXT(2) 
PARAMETRIC_REPRESENTATION_CONTEXT() REPRESENTATION_CONTEXT('2D SPACE',''
  ) );
#4641 = PCURVE('',#1176,#4642);
#4642 = DEFINITIONAL_REPRESENTATION('',(#4643),#4647);
#4643 = LINE('',#4644,#4645);
#4644 = CARTESIAN_POINT('',(-4.138911435803E-13,-0.1));
#4645 = VECTOR('',#4646,1.);
#4646 = DIRECTION('',(1.,-0.));
#4647 = ( GEOMETRIC_REPRESENTATION_CONTEXT(2) 
PARAMETRIC_REPRESENTATION_CONTEXT() REPRESENTATION_CONTEXT('2D SPACE',''
  ) );
#4648 = FACE_BOUND('',#4649,.F.);
#4649 = EDGE_LOOP('',(#4650));
#4650 = ORIENTED_EDGE('',*,*,#4651,.T.);
#4651 = EDGE_CURVE('',#4652,#4652,#4654,.T.);
#4652 = VERTEX_POINT('',#4653);
#4653 = CARTESIAN_POINT('',(31.75,37.,0.));
#4654 = SURFACE_CURVE('',#4655,(#4660,#4671),.PCURVE_S1.);
#4655 = CIRCLE('',#4656,0.75);
#4656 = AXIS2_PLACEMENT_3D('',#4657,#4658,#4659);
#4657 = CARTESIAN_POINT('',(31.,37.,0.));
#4658 = DIRECTION('',(0.,0.,-1.));
#4659 = DIRECTION('',(1.,0.,0.));
#4660 = PCURVE('',#682,#4661);
#4661 = DEFINITIONAL_REPRESENTATION('',(#4662),#4670);
#4662 = ( BOUNDED_CURVE() B_SPLINE_CURVE(2,(#4663,#4664,#4665,#4666,
#4667,#4668,#4669),.UNSPECIFIED.,.T.,.F.) B_SPLINE_CURVE_WITH_KNOTS((1,2
    ,2,2,2,1),(-2.094395102393,0.,2.094395102393,4.188790204786,
6.28318530718,8.377580409573),.UNSPECIFIED.) CURVE() 
GEOMETRIC_REPRESENTATION_ITEM() RATIONAL_B_SPLINE_CURVE((1.,0.5,1.,0.5,
1.,0.5,1.)) REPRESENTATION_ITEM('') );
#4663 = CARTESIAN_POINT('',(31.75,37.));
#4664 = CARTESIAN_POINT('',(31.75,35.700961894323));
#4665 = CARTESIAN_POINT('',(30.625,36.350480947162));
#4666 = CARTESIAN_POINT('',(29.5,37.));
#4667 = CARTESIAN_POINT('',(30.625,37.649519052838));
#4668 = CARTESIAN_POINT('',(31.75,38.299038105677));
#4669 = CARTESIAN_POINT('',(31.75,37.));
#4670 = ( GEOMETRIC_REPRESENTATION_CONTEXT(2) 
PARAMETRIC_REPRESENTATION_CONTEXT() REPRESENTATION_CONTEXT('2D SPACE',''
  ) );
#4671 = PCURVE('',#1211,#4672);
#4672 = DEFINITIONAL_REPRESENTATION('',(#4673),#4677);
#4673 = LINE('',#4674,#4675);
#4674 = CARTESIAN_POINT('',(-4.138911435803E-13,-0.1));
#4675 = VECTOR('',#4676,1.);
#4676 = DIRECTION('',(1.,-0.));
#4677 = ( GEOMETRIC_REPRESENTATION_CONTEXT(2) 
PARAMETRIC_REPRESENTATION_CONTEXT() REPRESENTATION_CONTEXT('2D SPACE',''
  ) );
#4678 = FACE_BOUND('',#4679,.F.);
#4679 = EDGE_LOOP('',(#4680));
#4680 = ORIENTED_EDGE('',*,*,#4681,.T.);
#4681 = EDGE_CURVE('',#4682,#4682,#4684,.T.);
#4682 = VERTEX_POINT('',#4683);
#4683 = CARTESIAN_POINT('',(31.75,47.,0.));
#4684 = SURFACE_CURVE('',#4685,(#4690,#4701),.PCURVE_S1.);
#4685 = CIRCLE('',#4686,0.75);
#4686 = AXIS2_PLACEMENT_3D('',#4687,#4688,#4689);
#4687 = CARTESIAN_POINT('',(31.,47.,0.));
#4688 = DIRECTION('',(0.,0.,-1.));
#4689 = DIRECTION('',(1.,0.,0.));
#4690 = PCURVE('',#682,#4691);
#4691 = DEFINITIONAL_REPRESENTATION('',(#4692),#4700);
#4692 = ( BOUNDED_CURVE() B_SPLINE_CURVE(2,(#4693,#4694,#4695,#4696,
#4697,#4698,#4699),.UNSPECIFIED.,.T.,.F.) B_SPLINE_CURVE_WITH_KNOTS((1,2
    ,2,2,2,1),(-2.094395102393,0.,2.094395102393,4.188790204786,
6.28318530718,8.377580409573),.UNSPECIFIED.) CURVE() 
GEOMETRIC_REPRESENTATION_ITEM() RATIONAL_B_SPLINE_CURVE((1.,0.5,1.,0.5,
1.,0.5,1.)) REPRESENTATION_ITEM('') );
#4693 = CARTESIAN_POINT('',(31.75,47.));
#4694 = CARTESIAN_POINT('',(31.75,45.700961894323));
#4695 = CARTESIAN_POINT('',(30.625,46.350480947162));
#4696 = CARTESIAN_POINT('',(29.5,47.));
#4697 = CARTESIAN_POINT('',(30.625,47.649519052838));
#4698 = CARTESIAN_POINT('',(31.75,48.299038105677));
#4699 = CARTESIAN_POINT('',(31.75,47.));
#4700 = ( GEOMETRIC_REPRESENTATION_CONTEXT(2) 
PARAMETRIC_REPRESENTATION_CONTEXT() REPRESENTATION_CONTEXT('2D SPACE',''
  ) );
#4701 = PCURVE('',#1246,#4702);
#4702 = DEFINITIONAL_REPRESENTATION('',(#4703),#4707);
#4703 = LINE('',#4704,#4705);
#4704 = CARTESIAN_POINT('',(-4.138911435803E-13,-0.1));
#4705 = VECTOR('',#4706,1.);
#4706 = DIRECTION('',(1.,-0.));
#4707 = ( GEOMETRIC_REPRESENTATION_CONTEXT(2) 
PARAMETRIC_REPRESENTATION_CONTEXT() REPRESENTATION_CONTEXT('2D SPACE',''
  ) );
#4708 = FACE_BOUND('',#4709,.F.);
#4709 = EDGE_LOOP('',(#4710));
#4710 = ORIENTED_EDGE('',*,*,#4711,.T.);
#4711 = EDGE_CURVE('',#4712,#4712,#4714,.T.);
#4712 = VERTEX_POINT('',#4713);
#4713 = CARTESIAN_POINT('',(31.75,57.,0.));
#4714 = SURFACE_CURVE('',#4715,(#4720,#4731),.PCURVE_S1.);
#4715 = CIRCLE('',#4716,0.75);
#4716 = AXIS2_PLACEMENT_3D('',#4717,#4718,#4719);
#4717 = CARTESIAN_POINT('',(31.,57.,0.));
#4718 = DIRECTION('',(0.,0.,-1.));
#4719 = DIRECTION('',(1.,0.,0.));
#4720 = PCURVE('',#682,#4721);
#4721 = DEFINITIONAL_REPRESENTATION('',(#4722),#4730);
#4722 = ( BOUNDED_CURVE() B_SPLINE_CURVE(2,(#4723,#4724,#4725,#4726,
#4727,#4728,#4729),.UNSPECIFIED.,.T.,.F.) B_SPLINE_CURVE_WITH_KNOTS((1,2
    ,2,2,2,1),(-2.094395102393,0.,2.094395102393,4.188790204786,
6.28318530718,8.377580409573),.UNSPECIFIED.) CURVE() 
GEOMETRIC_REPRESENTATION_ITEM() RATIONAL_B_SPLINE_CURVE((1.,0.5,1.,0.5,
1.,0.5,1.)) REPRESENTATION_ITEM('') );
#4723 = CARTESIAN_POINT('',(31.75,57.));
#4724 = CARTESIAN_POINT('',(31.75,55.700961894323));
#4725 = CARTESIAN_POINT('',(30.625,56.350480947162));
#4726 = CARTESIAN_POINT('',(29.5,57.));
#4727 = CARTESIAN_POINT('',(30.625,57.649519052838));
#4728 = CARTESIAN_POINT('',(31.75,58.299038105677));
#4729 = CARTESIAN_POINT('',(31.75,57.));
#4730 = ( GEOMETRIC_REPRESENTATION_CONTEXT(2) 
PARAMETRIC_REPRESENTATION_CONTEXT() REPRESENTATION_CONTEXT('2D SPACE',''
  ) );
#4731 = PCURVE('',#1281,#4732);
#4732 = DEFINITIONAL_REPRESENTATION('',(#4733),#4737);
#4733 = LINE('',#4734,#4735);
#4734 = CARTESIAN_POINT('',(-4.138911435803E-13,-0.1));
#4735 = VECTOR('',#4736,1.);
#4736 = DIRECTION('',(1.,-0.));
#4737 = ( GEOMETRIC_REPRESENTATION_CONTEXT(2) 
PARAMETRIC_REPRESENTATION_CONTEXT() REPRESENTATION_CONTEXT('2D SPACE',''
  ) );
#4738 = FACE_BOUND('',#4739,.F.);
#4739 = EDGE_LOOP('',(#4740));
#4740 = ORIENTED_EDGE('',*,*,#4741,.T.);
#4741 = EDGE_CURVE('',#4742,#4742,#4744,.T.);
#4742 = VERTEX_POINT('',#4743);
#4743 = CARTESIAN_POINT('',(13.75,67.,0.));
#4744 = SURFACE_CURVE('',#4745,(#4750,#4761),.PCURVE_S1.);
#4745 = CIRCLE('',#4746,0.75);
#4746 = AXIS2_PLACEMENT_3D('',#4747,#4748,#4749);
#4747 = CARTESIAN_POINT('',(13.,67.,0.));
#4748 = DIRECTION('',(0.,0.,-1.));
#4749 = DIRECTION('',(1.,0.,0.));
#4750 = PCURVE('',#682,#4751);
#4751 = DEFINITIONAL_REPRESENTATION('',(#4752),#4760);
#4752 = ( BOUNDED_CURVE() B_SPLINE_CURVE(2,(#4753,#4754,#4755,#4756,
#4757,#4758,#4759),.UNSPECIFIED.,.T.,.F.) B_SPLINE_CURVE_WITH_KNOTS((1,2
    ,2,2,2,1),(-2.094395102393,0.,2.094395102393,4.188790204786,
6.28318530718,8.377580409573),.UNSPECIFIED.) CURVE() 
GEOMETRIC_REPRESENTATION_ITEM() RATIONAL_B_SPLINE_CURVE((1.,0.5,1.,0.5,
1.,0.5,1.)) REPRESENTATION_ITEM('') );
#4753 = CARTESIAN_POINT('',(13.75,67.));
#4754 = CARTESIAN_POINT('',(13.75,65.700961894323));
#4755 = CARTESIAN_POINT('',(12.625,66.350480947162));
#4756 = CARTESIAN_POINT('',(11.5,67.));
#4757 = CARTESIAN_POINT('',(12.625,67.649519052838));
#4758 = CARTESIAN_POINT('',(13.75,68.299038105677));
#4759 = CARTESIAN_POINT('',(13.75,67.));
#4760 = ( GEOMETRIC_REPRESENTATION_CONTEXT(2) 
PARAMETRIC_REPRESENTATION_CONTEXT() REPRESENTATION_CONTEXT('2D SPACE',''
  ) );
#4761 = PCURVE('',#1316,#4762);
#4762 = DEFINITIONAL_REPRESENTATION('',(#4763),#4767);
#4763 = LINE('',#4764,#4765);
#4764 = CARTESIAN_POINT('',(-4.138911435803E-13,-0.1));
#4765 = VECTOR('',#4766,1.);
#4766 = DIRECTION('',(1.,-0.));
#4767 = ( GEOMETRIC_REPRESENTATION_CONTEXT(2) 
PARAMETRIC_REPRESENTATION_CONTEXT() REPRESENTATION_CONTEXT('2D SPACE',''
  ) );
#4768 = FACE_BOUND('',#4769,.F.);
#4769 = EDGE_LOOP('',(#4770));
#4770 = ORIENTED_EDGE('',*,*,#4771,.T.);
#4771 = EDGE_CURVE('',#4772,#4772,#4774,.T.);
#4772 = VERTEX_POINT('',#4773);
#4773 = CARTESIAN_POINT('',(13.75,77.,0.));
#4774 = SURFACE_CURVE('',#4775,(#4780,#4791),.PCURVE_S1.);
#4775 = CIRCLE('',#4776,0.75);
#4776 = AXIS2_PLACEMENT_3D('',#4777,#4778,#4779);
#4777 = CARTESIAN_POINT('',(13.,77.,0.));
#4778 = DIRECTION('',(0.,0.,-1.));
#4779 = DIRECTION('',(1.,0.,0.));
#4780 = PCURVE('',#682,#4781);
#4781 = DEFINITIONAL_REPRESENTATION('',(#4782),#4790);
#4782 = ( BOUNDED_CURVE() B_SPLINE_CURVE(2,(#4783,#4784,#4785,#4786,
#4787,#4788,#4789),.UNSPECIFIED.,.T.,.F.) B_SPLINE_CURVE_WITH_KNOTS((1,2
    ,2,2,2,1),(-2.094395102393,0.,2.094395102393,4.188790204786,
6.28318530718,8.377580409573),.UNSPECIFIED.) CURVE() 
GEOMETRIC_REPRESENTATION_ITEM() RATIONAL_B_SPLINE_CURVE((1.,0.5,1.,0.5,
1.,0.5,1.)) REPRESENTATION_ITEM('') );
#4783 = CARTESIAN_POINT('',(13.75,77.));
#4784 = CARTESIAN_POINT('',(13.75,75.700961894323));
#4785 = CARTESIAN_POINT('',(12.625,76.350480947162));
#4786 = CARTESIAN_POINT('',(11.5,77.));
#4787 = CARTESIAN_POINT('',(12.625,77.649519052838));
#4788 = CARTESIAN_POINT('',(13.75,78.299038105677));
#4789 = CARTESIAN_POINT('',(13.75,77.));
#4790 = ( GEOMETRIC_REPRESENTATION_CONTEXT(2) 
PARAMETRIC_REPRESENTATION_CONTEXT() REPRESENTATION_CONTEXT('2D SPACE',''
  ) );
#4791 = PCURVE('',#1351,#4792);
#4792 = DEFINITIONAL_REPRESENTATION('',(#4793),#4797);
#4793 = LINE('',#4794,#4795);
#4794 = CARTESIAN_POINT('',(-4.138911435803E-13,-0.1));
#4795 = VECTOR('',#4796,1.);
#4796 = DIRECTION('',(1.,-0.));
#4797 = ( GEOMETRIC_REPRESENTATION_CONTEXT(2) 
PARAMETRIC_REPRESENTATION_CONTEXT() REPRESENTATION_CONTEXT('2D SPACE',''
  ) );
#4798 = FACE_BOUND('',#4799,.F.);
#4799 = EDGE_LOOP('',(#4800));
#4800 = ORIENTED_EDGE('',*,*,#4801,.T.);
#4801 = EDGE_CURVE('',#4802,#4802,#4804,.T.);
#4802 = VERTEX_POINT('',#4803);
#4803 = CARTESIAN_POINT('',(13.75,87.,0.));
#4804 = SURFACE_CURVE('',#4805,(#4810,#4821),.PCURVE_S1.);
#4805 = CIRCLE('',#4806,0.75);
#4806 = AXIS2_PLACEMENT_3D('',#4807,#4808,#4809);
#4807 = CARTESIAN_POINT('',(13.,87.,0.));
#4808 = DIRECTION('',(0.,0.,-1.));
#4809 = DIRECTION('',(1.,0.,0.));
#4810 = PCURVE('',#682,#4811);
#4811 = DEFINITIONAL_REPRESENTATION('',(#4812),#4820);
#4812 = ( BOUNDED_CURVE() B_SPLINE_CURVE(2,(#4813,#4814,#4815,#4816,
#4817,#4818,#4819),.UNSPECIFIED.,.T.,.F.) B_SPLINE_CURVE_WITH_KNOTS((1,2
    ,2,2,2,1),(-2.094395102393,0.,2.094395102393,4.188790204786,
6.28318530718,8.377580409573),.UNSPECIFIED.) CURVE() 
GEOMETRIC_REPRESENTATION_ITEM() RATIONAL_B_SPLINE_CURVE((1.,0.5,1.,0.5,
1.,0.5,1.)) REPRESENTATION_ITEM('') );
#4813 = CARTESIAN_POINT('',(13.75,87.));
#4814 = CARTESIAN_POINT('',(13.75,85.700961894323));
#4815 = CARTESIAN_POINT('',(12.625,86.350480947162));
#4816 = CARTESIAN_POINT('',(11.5,87.));
#4817 = CARTESIAN_POINT('',(12.625,87.649519052838));
#4818 = CARTESIAN_POINT('',(13.75,88.299038105677));
#4819 = CARTESIAN_POINT('',(13.75,87.));
#4820 = ( GEOMETRIC_REPRESENTATION_CONTEXT(2) 
PARAMETRIC_REPRESENTATION_CONTEXT() REPRESENTATION_CONTEXT('2D SPACE',''
  ) );
#4821 = PCURVE('',#1386,#4822);
#4822 = DEFINITIONAL_REPRESENTATION('',(#4823),#4827);
#4823 = LINE('',#4824,#4825);
#4824 = CARTESIAN_POINT('',(-4.138911435803E-13,-0.1));
#4825 = VECTOR('',#4826,1.);
#4826 = DIRECTION('',(1.,-0.));
#4827 = ( GEOMETRIC_REPRESENTATION_CONTEXT(2) 
PARAMETRIC_REPRESENTATION_CONTEXT() REPRESENTATION_CONTEXT('2D SPACE',''
  ) );
#4828 = FACE_BOUND('',#4829,.F.);
#4829 = EDGE_LOOP('',(#4830));
#4830 = ORIENTED_EDGE('',*,*,#4831,.T.);
#4831 = EDGE_CURVE('',#4832,#4832,#4834,.T.);
#4832 = VERTEX_POINT('',#4833);
#4833 = CARTESIAN_POINT('',(13.75,97.,0.));
#4834 = SURFACE_CURVE('',#4835,(#4840,#4851),.PCURVE_S1.);
#4835 = CIRCLE('',#4836,0.75);
#4836 = AXIS2_PLACEMENT_3D('',#4837,#4838,#4839);
#4837 = CARTESIAN_POINT('',(13.,97.,0.));
#4838 = DIRECTION('',(0.,0.,-1.));
#4839 = DIRECTION('',(1.,0.,0.));
#4840 = PCURVE('',#682,#4841);
#4841 = DEFINITIONAL_REPRESENTATION('',(#4842),#4850);
#4842 = ( BOUNDED_CURVE() B_SPLINE_CURVE(2,(#4843,#4844,#4845,#4846,
#4847,#4848,#4849),.UNSPECIFIED.,.T.,.F.) B_SPLINE_CURVE_WITH_KNOTS((1,2
    ,2,2,2,1),(-2.094395102393,0.,2.094395102393,4.188790204786,
6.28318530718,8.377580409573),.UNSPECIFIED.) CURVE() 
GEOMETRIC_REPRESENTATION_ITEM() RATIONAL_B_SPLINE_CURVE((1.,0.5,1.,0.5,
1.,0.5,1.)) REPRESENTATION_ITEM('') );
#4843 = CARTESIAN_POINT('',(13.75,97.));
#4844 = CARTESIAN_POINT('',(13.75,95.700961894323));
#4845 = CARTESIAN_POINT('',(12.625,96.350480947162));
#4846 = CARTESIAN_POINT('',(11.5,97.));
#4847 = CARTESIAN_POINT('',(12.625,97.649519052838));
#4848 = CARTESIAN_POINT('',(13.75,98.299038105677));
#4849 = CARTESIAN_POINT('',(13.75,97.));
#4850 = ( GEOMETRIC_REPRESENTATION_CONTEXT(2) 
PARAMETRIC_REPRESENTATION_CONTEXT() REPRESENTATION_CONTEXT('2D SPACE',''
  ) );
#4851 = PCURVE('',#1421,#4852);
#4852 = DEFINITIONAL_REPRESENTATION('',(#4853),#4857);
#4853 = LINE('',#4854,#4855);
#4854 = CARTESIAN_POINT('',(-4.138911435803E-13,-0.1));
#4855 = VECTOR('',#4856,1.);
#4856 = DIRECTION('',(1.,-0.));
#4857 = ( GEOMETRIC_REPRESENTATION_CONTEXT(2) 
PARAMETRIC_REPRESENTATION_CONTEXT() REPRESENTATION_CONTEXT('2D SPACE',''
  ) );
#4858 = FACE_BOUND('',#4859,.F.);
#4859 = EDGE_LOOP('',(#4860));
#4860 = ORIENTED_EDGE('',*,*,#4861,.T.);
#4861 = EDGE_CURVE('',#4862,#4862,#4864,.T.);
#4862 = VERTEX_POINT('',#4863);
#4863 = CARTESIAN_POINT('',(13.75,107.,0.));
#4864 = SURFACE_CURVE('',#4865,(#4870,#4881),.PCURVE_S1.);
#4865 = CIRCLE('',#4866,0.75);
#4866 = AXIS2_PLACEMENT_3D('',#4867,#4868,#4869);
#4867 = CARTESIAN_POINT('',(13.,107.,0.));
#4868 = DIRECTION('',(0.,0.,-1.));
#4869 = DIRECTION('',(1.,0.,0.));
#4870 = PCURVE('',#682,#4871);
#4871 = DEFINITIONAL_REPRESENTATION('',(#4872),#4880);
#4872 = ( BOUNDED_CURVE() B_SPLINE_CURVE(2,(#4873,#4874,#4875,#4876,
#4877,#4878,#4879),.UNSPECIFIED.,.T.,.F.) B_SPLINE_CURVE_WITH_KNOTS((1,2
    ,2,2,2,1),(-2.094395102393,0.,2.094395102393,4.188790204786,
6.28318530718,8.377580409573),.UNSPECIFIED.) CURVE() 
GEOMETRIC_REPRESENTATION_ITEM() RATIONAL_B_SPLINE_CURVE((1.,0.5,1.,0.5,
1.,0.5,1.)) REPRESENTATION_ITEM('') );
#4873 = CARTESIAN_POINT('',(13.75,107.));
#4874 = CARTESIAN_POINT('',(13.75,105.70096189432));
#4875 = CARTESIAN_POINT('',(12.625,106.35048094716));
#4876 = CARTESIAN_POINT('',(11.5,107.));
#4877 = CARTESIAN_POINT('',(12.625,107.64951905283));
#4878 = CARTESIAN_POINT('',(13.75,108.29903810567));
#4879 = CARTESIAN_POINT('',(13.75,107.));
#4880 = ( GEOMETRIC_REPRESENTATION_CONTEXT(2) 
PARAMETRIC_REPRESENTATION_CONTEXT() REPRESENTATION_CONTEXT('2D SPACE',''
  ) );
#4881 = PCURVE('',#1456,#4882);
#4882 = DEFINITIONAL_REPRESENTATION('',(#4883),#4887);
#4883 = LINE('',#4884,#4885);
#4884 = CARTESIAN_POINT('',(-4.138911435803E-13,-0.1));
#4885 = VECTOR('',#4886,1.);
#4886 = DIRECTION('',(1.,-0.));
#4887 = ( GEOMETRIC_REPRESENTATION_CONTEXT(2) 
PARAMETRIC_REPRESENTATION_CONTEXT() REPRESENTATION_CONTEXT('2D SPACE',''
  ) );
#4888 = FACE_BOUND('',#4889,.F.);
#4889 = EDGE_LOOP('',(#4890));
#4890 = ORIENTED_EDGE('',*,*,#4891,.T.);
#4891 = EDGE_CURVE('',#4892,#4892,#4894,.T.);
#4892 = VERTEX_POINT('',#4893);
#4893 = CARTESIAN_POINT('',(31.75,67.,0.));
#4894 = SURFACE_CURVE('',#4895,(#4900,#4911),.PCURVE_S1.);
#4895 = CIRCLE('',#4896,0.75);
#4896 = AXIS2_PLACEMENT_3D('',#4897,#4898,#4899);
#4897 = CARTESIAN_POINT('',(31.,67.,0.));
#4898 = DIRECTION('',(0.,0.,-1.));
#4899 = DIRECTION('',(1.,0.,0.));
#4900 = PCURVE('',#682,#4901);
#4901 = DEFINITIONAL_REPRESENTATION('',(#4902),#4910);
#4902 = ( BOUNDED_CURVE() B_SPLINE_CURVE(2,(#4903,#4904,#4905,#4906,
#4907,#4908,#4909),.UNSPECIFIED.,.T.,.F.) B_SPLINE_CURVE_WITH_KNOTS((1,2
    ,2,2,2,1),(-2.094395102393,0.,2.094395102393,4.188790204786,
6.28318530718,8.377580409573),.UNSPECIFIED.) CURVE() 
GEOMETRIC_REPRESENTATION_ITEM() RATIONAL_B_SPLINE_CURVE((1.,0.5,1.,0.5,
1.,0.5,1.)) REPRESENTATION_ITEM('') );
#4903 = CARTESIAN_POINT('',(31.75,67.));
#4904 = CARTESIAN_POINT('',(31.75,65.700961894323));
#4905 = CARTESIAN_POINT('',(30.625,66.350480947162));
#4906 = CARTESIAN_POINT('',(29.5,67.));
#4907 = CARTESIAN_POINT('',(30.625,67.649519052838));
#4908 = CARTESIAN_POINT('',(31.75,68.299038105677));
#4909 = CARTESIAN_POINT('',(31.75,67.));
#4910 = ( GEOMETRIC_REPRESENTATION_CONTEXT(2) 
PARAMETRIC_REPRESENTATION_CONTEXT() REPRESENTATION_CONTEXT('2D SPACE',''
  ) );
#4911 = PCURVE('',#1491,#4912);
#4912 = DEFINITIONAL_REPRESENTATION('',(#4913),#4917);
#4913 = LINE('',#4914,#4915);
#4914 = CARTESIAN_POINT('',(-4.138911435803E-13,-0.1));
#4915 = VECTOR('',#4916,1.);
#4916 = DIRECTION('',(1.,-0.));
#4917 = ( GEOMETRIC_REPRESENTATION_CONTEXT(2) 
PARAMETRIC_REPRESENTATION_CONTEXT() REPRESENTATION_CONTEXT('2D SPACE',''
  ) );
#4918 = FACE_BOUND('',#4919,.F.);
#4919 = EDGE_LOOP('',(#4920));
#4920 = ORIENTED_EDGE('',*,*,#4921,.T.);
#4921 = EDGE_CURVE('',#4922,#4922,#4924,.T.);
#4922 = VERTEX_POINT('',#4923);
#4923 = CARTESIAN_POINT('',(31.75,77.,0.));
#4924 = SURFACE_CURVE('',#4925,(#4930,#4941),.PCURVE_S1.);
#4925 = CIRCLE('',#4926,0.75);
#4926 = AXIS2_PLACEMENT_3D('',#4927,#4928,#4929);
#4927 = CARTESIAN_POINT('',(31.,77.,0.));
#4928 = DIRECTION('',(0.,0.,-1.));
#4929 = DIRECTION('',(1.,0.,0.));
#4930 = PCURVE('',#682,#4931);
#4931 = DEFINITIONAL_REPRESENTATION('',(#4932),#4940);
#4932 = ( BOUNDED_CURVE() B_SPLINE_CURVE(2,(#4933,#4934,#4935,#4936,
#4937,#4938,#4939),.UNSPECIFIED.,.T.,.F.) B_SPLINE_CURVE_WITH_KNOTS((1,2
    ,2,2,2,1),(-2.094395102393,0.,2.094395102393,4.188790204786,
6.28318530718,8.377580409573),.UNSPECIFIED.) CURVE() 
GEOMETRIC_REPRESENTATION_ITEM() RATIONAL_B_SPLINE_CURVE((1.,0.5,1.,0.5,
1.,0.5,1.)) REPRESENTATION_ITEM('') );
#4933 = CARTESIAN_POINT('',(31.75,77.));
#4934 = CARTESIAN_POINT('',(31.75,75.700961894323));
#4935 = CARTESIAN_POINT('',(30.625,76.350480947162));
#4936 = CARTESIAN_POINT('',(29.5,77.));
#4937 = CARTESIAN_POINT('',(30.625,77.649519052838));
#4938 = CARTESIAN_POINT('',(31.75,78.299038105677));
#4939 = CARTESIAN_POINT('',(31.75,77.));
#4940 = ( GEOMETRIC_REPRESENTATION_CONTEXT(2) 
PARAMETRIC_REPRESENTATION_CONTEXT() REPRESENTATION_CONTEXT('2D SPACE',''
  ) );
#4941 = PCURVE('',#1526,#4942);
#4942 = DEFINITIONAL_REPRESENTATION('',(#4943),#4947);
#4943 = LINE('',#4944,#4945);
#4944 = CARTESIAN_POINT('',(-4.138911435803E-13,-0.1));
#4945 = VECTOR('',#4946,1.);
#4946 = DIRECTION('',(1.,-0.));
#4947 = ( GEOMETRIC_REPRESENTATION_CONTEXT(2) 
PARAMETRIC_REPRESENTATION_CONTEXT() REPRESENTATION_CONTEXT('2D SPACE',''
  ) );
#4948 = FACE_BOUND('',#4949,.F.);
#4949 = EDGE_LOOP('',(#4950));
#4950 = ORIENTED_EDGE('',*,*,#4951,.T.);
#4951 = EDGE_CURVE('',#4952,#4952,#4954,.T.);
#4952 = VERTEX_POINT('',#4953);
#4953 = CARTESIAN_POINT('',(31.75,87.,0.));
#4954 = SURFACE_CURVE('',#4955,(#4960,#4971),.PCURVE_S1.);
#4955 = CIRCLE('',#4956,0.75);
#4956 = AXIS2_PLACEMENT_3D('',#4957,#4958,#4959);
#4957 = CARTESIAN_POINT('',(31.,87.,0.));
#4958 = DIRECTION('',(0.,0.,-1.));
#4959 = DIRECTION('',(1.,0.,0.));
#4960 = PCURVE('',#682,#4961);
#4961 = DEFINITIONAL_REPRESENTATION('',(#4962),#4970);
#4962 = ( BOUNDED_CURVE() B_SPLINE_CURVE(2,(#4963,#4964,#4965,#4966,
#4967,#4968,#4969),.UNSPECIFIED.,.T.,.F.) B_SPLINE_CURVE_WITH_KNOTS((1,2
    ,2,2,2,1),(-2.094395102393,0.,2.094395102393,4.188790204786,
6.28318530718,8.377580409573),.UNSPECIFIED.) CURVE() 
GEOMETRIC_REPRESENTATION_ITEM() RATIONAL_B_SPLINE_CURVE((1.,0.5,1.,0.5,
1.,0.5,1.)) REPRESENTATION_ITEM('') );
#4963 = CARTESIAN_POINT('',(31.75,87.));
#4964 = CARTESIAN_POINT('',(31.75,85.700961894323));
#4965 = CARTESIAN_POINT('',(30.625,86.350480947162));
#4966 = CARTESIAN_POINT('',(29.5,87.));
#4967 = CARTESIAN_POINT('',(30.625,87.649519052838));
#4968 = CARTESIAN_POINT('',(31.75,88.299038105677));
#4969 = CARTESIAN_POINT('',(31.75,87.));
#4970 = ( GEOMETRIC_REPRESENTATION_CONTEXT(2) 
PARAMETRIC_REPRESENTATION_CONTEXT() REPRESENTATION_CONTEXT('2D SPACE',''
  ) );
#4971 = PCURVE('',#1561,#4972);
#4972 = DEFINITIONAL_REPRESENTATION('',(#4973),#4977);
#4973 = LINE('',#4974,#4975);
#4974 = CARTESIAN_POINT('',(-4.138911435803E-13,-0.1));
#4975 = VECTOR('',#4976,1.);
#4976 = DIRECTION('',(1.,-0.));
#4977 = ( GEOMETRIC_REPRESENTATION_CONTEXT(2) 
PARAMETRIC_REPRESENTATION_CONTEXT() REPRESENTATION_CONTEXT('2D SPACE',''
  ) );
#4978 = FACE_BOUND('',#4979,.F.);
#4979 = EDGE_LOOP('',(#4980));
#4980 = ORIENTED_EDGE('',*,*,#4981,.T.);
#4981 = EDGE_CURVE('',#4982,#4982,#4984,.T.);
#4982 = VERTEX_POINT('',#4983);
#4983 = CARTESIAN_POINT('',(31.75,97.,0.));
#4984 = SURFACE_CURVE('',#4985,(#4990,#5001),.PCURVE_S1.);
#4985 = CIRCLE('',#4986,0.75);
#4986 = AXIS2_PLACEMENT_3D('',#4987,#4988,#4989);
#4987 = CARTESIAN_POINT('',(31.,97.,0.));
#4988 = DIRECTION('',(0.,0.,-1.));
#4989 = DIRECTION('',(1.,0.,0.));
#4990 = PCURVE('',#682,#4991);
#4991 = DEFINITIONAL_REPRESENTATION('',(#4992),#5000);
#4992 = ( BOUNDED_CURVE() B_SPLINE_CURVE(2,(#4993,#4994,#4995,#4996,
#4997,#4998,#4999),.UNSPECIFIED.,.T.,.F.) B_SPLINE_CURVE_WITH_KNOTS((1,2
    ,2,2,2,1),(-2.094395102393,0.,2.094395102393,4.188790204786,
6.28318530718,8.377580409573),.UNSPECIFIED.) CURVE() 
GEOMETRIC_REPRESENTATION_ITEM() RATIONAL_B_SPLINE_CURVE((1.,0.5,1.,0.5,
1.,0.5,1.)) REPRESENTATION_ITEM('') );
#4993 = CARTESIAN_POINT('',(31.75,97.));
#4994 = CARTESIAN_POINT('',(31.75,95.700961894323));
#4995 = CARTESIAN_POINT('',(30.625,96.350480947162));
#4996 = CARTESIAN_POINT('',(29.5,97.));
#4997 = CARTESIAN_POINT('',(30.625,97.649519052838));
#4998 = CARTESIAN_POINT('',(31.75,98.299038105677));
#4999 = CARTESIAN_POINT('',(31.75,97.));
#5000 = ( GEOMETRIC_REPRESENTATION_CONTEXT(2) 
PARAMETRIC_REPRESENTATION_CONTEXT() REPRESENTATION_CONTEXT('2D SPACE',''
  ) );
#5001 = PCURVE('',#1596,#5002);
#5002 = DEFINITIONAL_REPRESENTATION('',(#5003),#5007);
#5003 = LINE('',#5004,#5005);
#5004 = CARTESIAN_POINT('',(-4.138911435803E-13,-0.1));
#5005 = VECTOR('',#5006,1.);
#5006 = DIRECTION('',(1.,-0.));
#5007 = ( GEOMETRIC_REPRESENTATION_CONTEXT(2) 
PARAMETRIC_REPRESENTATION_CONTEXT() REPRESENTATION_CONTEXT('2D SPACE',''
  ) );
#5008 = FACE_BOUND('',#5009,.F.);
#5009 = EDGE_LOOP('',(#5010));
#5010 = ORIENTED_EDGE('',*,*,#5011,.T.);
#5011 = EDGE_CURVE('',#5012,#5012,#5014,.T.);
#5012 = VERTEX_POINT('',#5013);
#5013 = CARTESIAN_POINT('',(31.75,107.,0.));
#5014 = SURFACE_CURVE('',#5015,(#5020,#5031),.PCURVE_S1.);
#5015 = CIRCLE('',#5016,0.75);
#5016 = AXIS2_PLACEMENT_3D('',#5017,#5018,#5019);
#5017 = CARTESIAN_POINT('',(31.,107.,0.));
#5018 = DIRECTION('',(0.,0.,-1.));
#5019 = DIRECTION('',(1.,0.,0.));
#5020 = PCURVE('',#682,#5021);
#5021 = DEFINITIONAL_REPRESENTATION('',(#5022),#5030);
#5022 = ( BOUNDED_CURVE() B_SPLINE_CURVE(2,(#5023,#5024,#5025,#5026,
#5027,#5028,#5029),.UNSPECIFIED.,.T.,.F.) B_SPLINE_CURVE_WITH_KNOTS((1,2
    ,2,2,2,1),(-2.094395102393,0.,2.094395102393,4.188790204786,
6.28318530718,8.377580409573),.UNSPECIFIED.) CURVE() 
GEOMETRIC_REPRESENTATION_ITEM() RATIONAL_B_SPLINE_CURVE((1.,0.5,1.,0.5,
1.,0.5,1.)) REPRESENTATION_ITEM('') );
#5023 = CARTESIAN_POINT('',(31.75,107.));
#5024 = CARTESIAN_POINT('',(31.75,105.70096189432));
#5025 = CARTESIAN_POINT('',(30.625,106.35048094716));
#5026 = CARTESIAN_POINT('',(29.5,107.));
#5027 = CARTESIAN_POINT('',(30.625,107.64951905283));
#5028 = CARTESIAN_POINT('',(31.75,108.29903810567));
#5029 = CARTESIAN_POINT('',(31.75,107.));
#5030 = ( GEOMETRIC_REPRESENTATION_CONTEXT(2) 
PARAMETRIC_REPRESENTATION_CONTEXT() REPRESENTATION_CONTEXT('2D SPACE',''
  ) );
#5031 = PCURVE('',#1631,#5032);
#5032 = DEFINITIONAL_REPRESENTATION('',(#5033),#5037);
#5033 = LINE('',#5034,#5035);
#5034 = CARTESIAN_POINT('',(-4.138911435803E-13,-0.1));
#5035 = VECTOR('',#5036,1.);
#5036 = DIRECTION('',(1.,-0.));
#5037 = ( GEOMETRIC_REPRESENTATION_CONTEXT(2) 
PARAMETRIC_REPRESENTATION_CONTEXT() REPRESENTATION_CONTEXT('2D SPACE',''
  ) );
#5038 = FACE_BOUND('',#5039,.F.);
#5039 = EDGE_LOOP('',(#5040));
#5040 = ORIENTED_EDGE('',*,*,#5041,.T.);
#5041 = EDGE_CURVE('',#5042,#5042,#5044,.T.);
#5042 = VERTEX_POINT('',#5043);
#5043 = CARTESIAN_POINT('',(59.959999,28.,0.));
#5044 = SURFACE_CURVE('',#5045,(#5050,#5061),.PCURVE_S1.);
#5045 = CIRCLE('',#5046,0.5);
#5046 = AXIS2_PLACEMENT_3D('',#5047,#5048,#5049);
#5047 = CARTESIAN_POINT('',(59.459999,28.,0.));
#5048 = DIRECTION('',(0.,0.,-1.));
#5049 = DIRECTION('',(1.,0.,0.));
#5050 = PCURVE('',#682,#5051);
#5051 = DEFINITIONAL_REPRESENTATION('',(#5052),#5060);
#5052 = ( BOUNDED_CURVE() B_SPLINE_CURVE(2,(#5053,#5054,#5055,#5056,
#5057,#5058,#5059),.UNSPECIFIED.,.T.,.F.) B_SPLINE_CURVE_WITH_KNOTS((1,2
    ,2,2,2,1),(-2.094395102393,0.,2.094395102393,4.188790204786,
6.28318530718,8.377580409573),.UNSPECIFIED.) CURVE() 
GEOMETRIC_REPRESENTATION_ITEM() RATIONAL_B_SPLINE_CURVE((1.,0.5,1.,0.5,
1.,0.5,1.)) REPRESENTATION_ITEM('') );
#5053 = CARTESIAN_POINT('',(59.959999,28.));
#5054 = CARTESIAN_POINT('',(59.959999,27.133974596216));
#5055 = CARTESIAN_POINT('',(59.209999,27.566987298108));
#5056 = CARTESIAN_POINT('',(58.459999,28.));
#5057 = CARTESIAN_POINT('',(59.209999,28.433012701892));
#5058 = CARTESIAN_POINT('',(59.959999,28.866025403784));
#5059 = CARTESIAN_POINT('',(59.959999,28.));
#5060 = ( GEOMETRIC_REPRESENTATION_CONTEXT(2) 
PARAMETRIC_REPRESENTATION_CONTEXT() REPRESENTATION_CONTEXT('2D SPACE',''
  ) );
#5061 = PCURVE('',#1666,#5062);
#5062 = DEFINITIONAL_REPRESENTATION('',(#5063),#5067);
#5063 = LINE('',#5064,#5065);
#5064 = CARTESIAN_POINT('',(-4.138911435803E-13,-0.1));
#5065 = VECTOR('',#5066,1.);
#5066 = DIRECTION('',(1.,-0.));
#5067 = ( GEOMETRIC_REPRESENTATION_CONTEXT(2) 
PARAMETRIC_REPRESENTATION_CONTEXT() REPRESENTATION_CONTEXT('2D SPACE',''
  ) );
#5068 = FACE_BOUND('',#5069,.F.);
#5069 = EDGE_LOOP('',(#5070));
#5070 = ORIENTED_EDGE('',*,*,#5071,.T.);
#5071 = EDGE_CURVE('',#5072,#5072,#5074,.T.);
#5072 = VERTEX_POINT('',#5073);
#5073 = CARTESIAN_POINT('',(53.75,37.,0.));
#5074 = SURFACE_CURVE('',#5075,(#5080,#5091),.PCURVE_S1.);
#5075 = CIRCLE('',#5076,0.75);
#5076 = AXIS2_PLACEMENT_3D('',#5077,#5078,#5079);
#5077 = CARTESIAN_POINT('',(53.,37.,0.));
#5078 = DIRECTION('',(0.,0.,-1.));
#5079 = DIRECTION('',(1.,0.,0.));
#5080 = PCURVE('',#682,#5081);
#5081 = DEFINITIONAL_REPRESENTATION('',(#5082),#5090);
#5082 = ( BOUNDED_CURVE() B_SPLINE_CURVE(2,(#5083,#5084,#5085,#5086,
#5087,#5088,#5089),.UNSPECIFIED.,.T.,.F.) B_SPLINE_CURVE_WITH_KNOTS((1,2
    ,2,2,2,1),(-2.094395102393,0.,2.094395102393,4.188790204786,
6.28318530718,8.377580409573),.UNSPECIFIED.) CURVE() 
GEOMETRIC_REPRESENTATION_ITEM() RATIONAL_B_SPLINE_CURVE((1.,0.5,1.,0.5,
1.,0.5,1.)) REPRESENTATION_ITEM('') );
#5083 = CARTESIAN_POINT('',(53.75,37.));
#5084 = CARTESIAN_POINT('',(53.75,35.700961894323));
#5085 = CARTESIAN_POINT('',(52.625,36.350480947162));
#5086 = CARTESIAN_POINT('',(51.5,37.));
#5087 = CARTESIAN_POINT('',(52.625,37.649519052838));
#5088 = CARTESIAN_POINT('',(53.75,38.299038105677));
#5089 = CARTESIAN_POINT('',(53.75,37.));
#5090 = ( GEOMETRIC_REPRESENTATION_CONTEXT(2) 
PARAMETRIC_REPRESENTATION_CONTEXT() REPRESENTATION_CONTEXT('2D SPACE',''
  ) );
#5091 = PCURVE('',#1701,#5092);
#5092 = DEFINITIONAL_REPRESENTATION('',(#5093),#5097);
#5093 = LINE('',#5094,#5095);
#5094 = CARTESIAN_POINT('',(-4.138911435803E-13,-0.1));
#5095 = VECTOR('',#5096,1.);
#5096 = DIRECTION('',(1.,-0.));
#5097 = ( GEOMETRIC_REPRESENTATION_CONTEXT(2) 
PARAMETRIC_REPRESENTATION_CONTEXT() REPRESENTATION_CONTEXT('2D SPACE',''
  ) );
#5098 = FACE_BOUND('',#5099,.F.);
#5099 = EDGE_LOOP('',(#5100));
#5100 = ORIENTED_EDGE('',*,*,#5101,.T.);
#5101 = EDGE_CURVE('',#5102,#5102,#5104,.T.);
#5102 = VERTEX_POINT('',#5103);
#5103 = CARTESIAN_POINT('',(53.75,47.,0.));
#5104 = SURFACE_CURVE('',#5105,(#5110,#5121),.PCURVE_S1.);
#5105 = CIRCLE('',#5106,0.75);
#5106 = AXIS2_PLACEMENT_3D('',#5107,#5108,#5109);
#5107 = CARTESIAN_POINT('',(53.,47.,0.));
#5108 = DIRECTION('',(0.,0.,-1.));
#5109 = DIRECTION('',(1.,0.,0.));
#5110 = PCURVE('',#682,#5111);
#5111 = DEFINITIONAL_REPRESENTATION('',(#5112),#5120);
#5112 = ( BOUNDED_CURVE() B_SPLINE_CURVE(2,(#5113,#5114,#5115,#5116,
#5117,#5118,#5119),.UNSPECIFIED.,.T.,.F.) B_SPLINE_CURVE_WITH_KNOTS((1,2
    ,2,2,2,1),(-2.094395102393,0.,2.094395102393,4.188790204786,
6.28318530718,8.377580409573),.UNSPECIFIED.) CURVE() 
GEOMETRIC_REPRESENTATION_ITEM() RATIONAL_B_SPLINE_CURVE((1.,0.5,1.,0.5,
1.,0.5,1.)) REPRESENTATION_ITEM('') );
#5113 = CARTESIAN_POINT('',(53.75,47.));
#5114 = CARTESIAN_POINT('',(53.75,45.700961894323));
#5115 = CARTESIAN_POINT('',(52.625,46.350480947162));
#5116 = CARTESIAN_POINT('',(51.5,47.));
#5117 = CARTESIAN_POINT('',(52.625,47.649519052838));
#5118 = CARTESIAN_POINT('',(53.75,48.299038105677));
#5119 = CARTESIAN_POINT('',(53.75,47.));
#5120 = ( GEOMETRIC_REPRESENTATION_CONTEXT(2) 
PARAMETRIC_REPRESENTATION_CONTEXT() REPRESENTATION_CONTEXT('2D SPACE',''
  ) );
#5121 = PCURVE('',#1736,#5122);
#5122 = DEFINITIONAL_REPRESENTATION('',(#5123),#5127);
#5123 = LINE('',#5124,#5125);
#5124 = CARTESIAN_POINT('',(-4.138911435803E-13,-0.1));
#5125 = VECTOR('',#5126,1.);
#5126 = DIRECTION('',(1.,-0.));
#5127 = ( GEOMETRIC_REPRESENTATION_CONTEXT(2) 
PARAMETRIC_REPRESENTATION_CONTEXT() REPRESENTATION_CONTEXT('2D SPACE',''
  ) );
#5128 = FACE_BOUND('',#5129,.F.);
#5129 = EDGE_LOOP('',(#5130));
#5130 = ORIENTED_EDGE('',*,*,#5131,.T.);
#5131 = EDGE_CURVE('',#5132,#5132,#5134,.T.);
#5132 = VERTEX_POINT('',#5133);
#5133 = CARTESIAN_POINT('',(53.75,57.,0.));
#5134 = SURFACE_CURVE('',#5135,(#5140,#5151),.PCURVE_S1.);
#5135 = CIRCLE('',#5136,0.75);
#5136 = AXIS2_PLACEMENT_3D('',#5137,#5138,#5139);
#5137 = CARTESIAN_POINT('',(53.,57.,0.));
#5138 = DIRECTION('',(0.,0.,-1.));
#5139 = DIRECTION('',(1.,0.,0.));
#5140 = PCURVE('',#682,#5141);
#5141 = DEFINITIONAL_REPRESENTATION('',(#5142),#5150);
#5142 = ( BOUNDED_CURVE() B_SPLINE_CURVE(2,(#5143,#5144,#5145,#5146,
#5147,#5148,#5149),.UNSPECIFIED.,.T.,.F.) B_SPLINE_CURVE_WITH_KNOTS((1,2
    ,2,2,2,1),(-2.094395102393,0.,2.094395102393,4.188790204786,
6.28318530718,8.377580409573),.UNSPECIFIED.) CURVE() 
GEOMETRIC_REPRESENTATION_ITEM() RATIONAL_B_SPLINE_CURVE((1.,0.5,1.,0.5,
1.,0.5,1.)) REPRESENTATION_ITEM('') );
#5143 = CARTESIAN_POINT('',(53.75,57.));
#5144 = CARTESIAN_POINT('',(53.75,55.700961894323));
#5145 = CARTESIAN_POINT('',(52.625,56.350480947162));
#5146 = CARTESIAN_POINT('',(51.5,57.));
#5147 = CARTESIAN_POINT('',(52.625,57.649519052838));
#5148 = CARTESIAN_POINT('',(53.75,58.299038105677));
#5149 = CARTESIAN_POINT('',(53.75,57.));
#5150 = ( GEOMETRIC_REPRESENTATION_CONTEXT(2) 
PARAMETRIC_REPRESENTATION_CONTEXT() REPRESENTATION_CONTEXT('2D SPACE',''
  ) );
#5151 = PCURVE('',#1771,#5152);
#5152 = DEFINITIONAL_REPRESENTATION('',(#5153),#5157);
#5153 = LINE('',#5154,#5155);
#5154 = CARTESIAN_POINT('',(-4.138911435803E-13,-0.1));
#5155 = VECTOR('',#5156,1.);
#5156 = DIRECTION('',(1.,-0.));
#5157 = ( GEOMETRIC_REPRESENTATION_CONTEXT(2) 
PARAMETRIC_REPRESENTATION_CONTEXT() REPRESENTATION_CONTEXT('2D SPACE',''
  ) );
#5158 = FACE_BOUND('',#5159,.F.);
#5159 = EDGE_LOOP('',(#5160));
#5160 = ORIENTED_EDGE('',*,*,#5161,.T.);
#5161 = EDGE_CURVE('',#5162,#5162,#5164,.T.);
#5162 = VERTEX_POINT('',#5163);
#5163 = CARTESIAN_POINT('',(62.499999,28.,0.));
#5164 = SURFACE_CURVE('',#5165,(#5170,#5181),.PCURVE_S1.);
#5165 = CIRCLE('',#5166,0.5);
#5166 = AXIS2_PLACEMENT_3D('',#5167,#5168,#5169);
#5167 = CARTESIAN_POINT('',(61.999999,28.,0.));
#5168 = DIRECTION('',(0.,0.,-1.));
#5169 = DIRECTION('',(1.,0.,0.));
#5170 = PCURVE('',#682,#5171);
#5171 = DEFINITIONAL_REPRESENTATION('',(#5172),#5180);
#5172 = ( BOUNDED_CURVE() B_SPLINE_CURVE(2,(#5173,#5174,#5175,#5176,
#5177,#5178,#5179),.UNSPECIFIED.,.T.,.F.) B_SPLINE_CURVE_WITH_KNOTS((1,2
    ,2,2,2,1),(-2.094395102393,0.,2.094395102393,4.188790204786,
6.28318530718,8.377580409573),.UNSPECIFIED.) CURVE() 
GEOMETRIC_REPRESENTATION_ITEM() RATIONAL_B_SPLINE_CURVE((1.,0.5,1.,0.5,
1.,0.5,1.)) REPRESENTATION_ITEM('') );
#5173 = CARTESIAN_POINT('',(62.499999,28.));
#5174 = CARTESIAN_POINT('',(62.499999,27.133974596216));
#5175 = CARTESIAN_POINT('',(61.749999,27.566987298108));
#5176 = CARTESIAN_POINT('',(60.999999,28.));
#5177 = CARTESIAN_POINT('',(61.749999,28.433012701892));
#5178 = CARTESIAN_POINT('',(62.499999,28.866025403784));
#5179 = CARTESIAN_POINT('',(62.499999,28.));
#5180 = ( GEOMETRIC_REPRESENTATION_CONTEXT(2) 
PARAMETRIC_REPRESENTATION_CONTEXT() REPRESENTATION_CONTEXT('2D SPACE',''
  ) );
#5181 = PCURVE('',#1806,#5182);
#5182 = DEFINITIONAL_REPRESENTATION('',(#5183),#5187);
#5183 = LINE('',#5184,#5185);
#5184 = CARTESIAN_POINT('',(-4.138911435803E-13,-0.1));
#5185 = VECTOR('',#5186,1.);
#5186 = DIRECTION('',(1.,-0.));
#5187 = ( GEOMETRIC_REPRESENTATION_CONTEXT(2) 
PARAMETRIC_REPRESENTATION_CONTEXT() REPRESENTATION_CONTEXT('2D SPACE',''
  ) );
#5188 = FACE_BOUND('',#5189,.F.);
#5189 = EDGE_LOOP('',(#5190));
#5190 = ORIENTED_EDGE('',*,*,#5191,.T.);
#5191 = EDGE_CURVE('',#5192,#5192,#5194,.T.);
#5192 = VERTEX_POINT('',#5193);
#5193 = CARTESIAN_POINT('',(65.039999,28.,0.));
#5194 = SURFACE_CURVE('',#5195,(#5200,#5211),.PCURVE_S1.);
#5195 = CIRCLE('',#5196,0.5);
#5196 = AXIS2_PLACEMENT_3D('',#5197,#5198,#5199);
#5197 = CARTESIAN_POINT('',(64.539999,28.,0.));
#5198 = DIRECTION('',(0.,0.,-1.));
#5199 = DIRECTION('',(1.,0.,0.));
#5200 = PCURVE('',#682,#5201);
#5201 = DEFINITIONAL_REPRESENTATION('',(#5202),#5210);
#5202 = ( BOUNDED_CURVE() B_SPLINE_CURVE(2,(#5203,#5204,#5205,#5206,
#5207,#5208,#5209),.UNSPECIFIED.,.T.,.F.) B_SPLINE_CURVE_WITH_KNOTS((1,2
    ,2,2,2,1),(-2.094395102393,0.,2.094395102393,4.188790204786,
6.28318530718,8.377580409573),.UNSPECIFIED.) CURVE() 
GEOMETRIC_REPRESENTATION_ITEM() RATIONAL_B_SPLINE_CURVE((1.,0.5,1.,0.5,
1.,0.5,1.)) REPRESENTATION_ITEM('') );
#5203 = CARTESIAN_POINT('',(65.039999,28.));
#5204 = CARTESIAN_POINT('',(65.039999,27.133974596216));
#5205 = CARTESIAN_POINT('',(64.289999,27.566987298108));
#5206 = CARTESIAN_POINT('',(63.539999,28.));
#5207 = CARTESIAN_POINT('',(64.289999,28.433012701892));
#5208 = CARTESIAN_POINT('',(65.039999,28.866025403784));
#5209 = CARTESIAN_POINT('',(65.039999,28.));
#5210 = ( GEOMETRIC_REPRESENTATION_CONTEXT(2) 
PARAMETRIC_REPRESENTATION_CONTEXT() REPRESENTATION_CONTEXT('2D SPACE',''
  ) );
#5211 = PCURVE('',#1841,#5212);
#5212 = DEFINITIONAL_REPRESENTATION('',(#5213),#5217);
#5213 = LINE('',#5214,#5215);
#5214 = CARTESIAN_POINT('',(-4.138911435803E-13,-0.1));
#5215 = VECTOR('',#5216,1.);
#5216 = DIRECTION('',(1.,-0.));
#5217 = ( GEOMETRIC_REPRESENTATION_CONTEXT(2) 
PARAMETRIC_REPRESENTATION_CONTEXT() REPRESENTATION_CONTEXT('2D SPACE',''
  ) );
#5218 = FACE_BOUND('',#5219,.F.);
#5219 = EDGE_LOOP('',(#5220));
#5220 = ORIENTED_EDGE('',*,*,#5221,.T.);
#5221 = EDGE_CURVE('',#5222,#5222,#5224,.T.);
#5222 = VERTEX_POINT('',#5223);
#5223 = CARTESIAN_POINT('',(79.6,11.,0.));
#5224 = SURFACE_CURVE('',#5225,(#5230,#5241),.PCURVE_S1.);
#5225 = CIRCLE('',#5226,1.6);
#5226 = AXIS2_PLACEMENT_3D('',#5227,#5228,#5229);
#5227 = CARTESIAN_POINT('',(78.,11.,0.));
#5228 = DIRECTION('',(0.,0.,-1.));
#5229 = DIRECTION('',(1.,0.,0.));
#5230 = PCURVE('',#682,#5231);
#5231 = DEFINITIONAL_REPRESENTATION('',(#5232),#5240);
#5232 = ( BOUNDED_CURVE() B_SPLINE_CURVE(2,(#5233,#5234,#5235,#5236,
#5237,#5238,#5239),.UNSPECIFIED.,.T.,.F.) B_SPLINE_CURVE_WITH_KNOTS((1,2
    ,2,2,2,1),(-2.094395102393,0.,2.094395102393,4.188790204786,
6.28318530718,8.377580409573),.UNSPECIFIED.) CURVE() 
GEOMETRIC_REPRESENTATION_ITEM() RATIONAL_B_SPLINE_CURVE((1.,0.5,1.,0.5,
1.,0.5,1.)) REPRESENTATION_ITEM('') );
#5233 = CARTESIAN_POINT('',(79.6,11.));
#5234 = CARTESIAN_POINT('',(79.6,8.22871870789));
#5235 = CARTESIAN_POINT('',(77.2,9.614359353945));
#5236 = CARTESIAN_POINT('',(74.8,11.));
#5237 = CARTESIAN_POINT('',(77.2,12.385640646055));
#5238 = CARTESIAN_POINT('',(79.6,13.77128129211));
#5239 = CARTESIAN_POINT('',(79.6,11.));
#5240 = ( GEOMETRIC_REPRESENTATION_CONTEXT(2) 
PARAMETRIC_REPRESENTATION_CONTEXT() REPRESENTATION_CONTEXT('2D SPACE',''
  ) );
#5241 = PCURVE('',#1876,#5242);
#5242 = DEFINITIONAL_REPRESENTATION('',(#5243),#5247);
#5243 = LINE('',#5244,#5245);
#5244 = CARTESIAN_POINT('',(-4.138911435803E-13,-0.1));
#5245 = VECTOR('',#5246,1.);
#5246 = DIRECTION('',(1.,-0.));
#5247 = ( GEOMETRIC_REPRESENTATION_CONTEXT(2) 
PARAMETRIC_REPRESENTATION_CONTEXT() REPRESENTATION_CONTEXT('2D SPACE',''
  ) );
#5248 = FACE_BOUND('',#5249,.F.);
#5249 = EDGE_LOOP('',(#5250));
#5250 = ORIENTED_EDGE('',*,*,#5251,.T.);
#5251 = EDGE_CURVE('',#5252,#5252,#5254,.T.);
#5252 = VERTEX_POINT('',#5253);
#5253 = CARTESIAN_POINT('',(75.4,29.,0.));
#5254 = SURFACE_CURVE('',#5255,(#5260,#5271),.PCURVE_S1.);
#5255 = CIRCLE('',#5256,0.4);
#5256 = AXIS2_PLACEMENT_3D('',#5257,#5258,#5259);
#5257 = CARTESIAN_POINT('',(75.,29.,0.));
#5258 = DIRECTION('',(0.,0.,-1.));
#5259 = DIRECTION('',(1.,0.,0.));
#5260 = PCURVE('',#682,#5261);
#5261 = DEFINITIONAL_REPRESENTATION('',(#5262),#5270);
#5262 = ( BOUNDED_CURVE() B_SPLINE_CURVE(2,(#5263,#5264,#5265,#5266,
#5267,#5268,#5269),.UNSPECIFIED.,.T.,.F.) B_SPLINE_CURVE_WITH_KNOTS((1,2
    ,2,2,2,1),(-2.094395102393,0.,2.094395102393,4.188790204786,
6.28318530718,8.377580409573),.UNSPECIFIED.) CURVE() 
GEOMETRIC_REPRESENTATION_ITEM() RATIONAL_B_SPLINE_CURVE((1.,0.5,1.,0.5,
1.,0.5,1.)) REPRESENTATION_ITEM('') );
#5263 = CARTESIAN_POINT('',(75.4,29.));
#5264 = CARTESIAN_POINT('',(75.4,28.307179676972));
#5265 = CARTESIAN_POINT('',(74.8,28.653589838486));
#5266 = CARTESIAN_POINT('',(74.2,29.));
#5267 = CARTESIAN_POINT('',(74.8,29.346410161514));
#5268 = CARTESIAN_POINT('',(75.4,29.692820323028));
#5269 = CARTESIAN_POINT('',(75.4,29.));
#5270 = ( GEOMETRIC_REPRESENTATION_CONTEXT(2) 
PARAMETRIC_REPRESENTATION_CONTEXT() REPRESENTATION_CONTEXT('2D SPACE',''
  ) );
#5271 = PCURVE('',#1911,#5272);
#5272 = DEFINITIONAL_REPRESENTATION('',(#5273),#5277);
#5273 = LINE('',#5274,#5275);
#5274 = CARTESIAN_POINT('',(-4.138911435803E-13,-0.1));
#5275 = VECTOR('',#5276,1.);
#5276 = DIRECTION('',(1.,-0.));
#5277 = ( GEOMETRIC_REPRESENTATION_CONTEXT(2) 
PARAMETRIC_REPRESENTATION_CONTEXT() REPRESENTATION_CONTEXT('2D SPACE',''
  ) );
#5278 = FACE_BOUND('',#5279,.F.);
#5279 = EDGE_LOOP('',(#5280));
#5280 = ORIENTED_EDGE('',*,*,#5281,.T.);
#5281 = EDGE_CURVE('',#5282,#5282,#5284,.T.);
#5282 = VERTEX_POINT('',#5283);
#5283 = CARTESIAN_POINT('',(77.9,29.,0.));
#5284 = SURFACE_CURVE('',#5285,(#5290,#5301),.PCURVE_S1.);
#5285 = CIRCLE('',#5286,0.4);
#5286 = AXIS2_PLACEMENT_3D('',#5287,#5288,#5289);
#5287 = CARTESIAN_POINT('',(77.5,29.,0.));
#5288 = DIRECTION('',(0.,0.,-1.));
#5289 = DIRECTION('',(1.,0.,0.));
#5290 = PCURVE('',#682,#5291);
#5291 = DEFINITIONAL_REPRESENTATION('',(#5292),#5300);
#5292 = ( BOUNDED_CURVE() B_SPLINE_CURVE(2,(#5293,#5294,#5295,#5296,
#5297,#5298,#5299),.UNSPECIFIED.,.T.,.F.) B_SPLINE_CURVE_WITH_KNOTS((1,2
    ,2,2,2,1),(-2.094395102393,0.,2.094395102393,4.188790204786,
6.28318530718,8.377580409573),.UNSPECIFIED.) CURVE() 
GEOMETRIC_REPRESENTATION_ITEM() RATIONAL_B_SPLINE_CURVE((1.,0.5,1.,0.5,
1.,0.5,1.)) REPRESENTATION_ITEM('') );
#5293 = CARTESIAN_POINT('',(77.9,29.));
#5294 = CARTESIAN_POINT('',(77.9,28.307179676972));
#5295 = CARTESIAN_POINT('',(77.3,28.653589838486));
#5296 = CARTESIAN_POINT('',(76.7,29.));
#5297 = CARTESIAN_POINT('',(77.3,29.346410161514));
#5298 = CARTESIAN_POINT('',(77.9,29.692820323028));
#5299 = CARTESIAN_POINT('',(77.9,29.));
#5300 = ( GEOMETRIC_REPRESENTATION_CONTEXT(2) 
PARAMETRIC_REPRESENTATION_CONTEXT() REPRESENTATION_CONTEXT('2D SPACE',''
  ) );
#5301 = PCURVE('',#1946,#5302);
#5302 = DEFINITIONAL_REPRESENTATION('',(#5303),#5307);
#5303 = LINE('',#5304,#5305);
#5304 = CARTESIAN_POINT('',(-4.138911435803E-13,-0.1));
#5305 = VECTOR('',#5306,1.);
#5306 = DIRECTION('',(1.,-0.));
#5307 = ( GEOMETRIC_REPRESENTATION_CONTEXT(2) 
PARAMETRIC_REPRESENTATION_CONTEXT() REPRESENTATION_CONTEXT('2D SPACE',''
  ) );
#5308 = FACE_BOUND('',#5309,.F.);
#5309 = EDGE_LOOP('',(#5310));
#5310 = ORIENTED_EDGE('',*,*,#5311,.T.);
#5311 = EDGE_CURVE('',#5312,#5312,#5314,.T.);
#5312 = VERTEX_POINT('',#5313);
#5313 = CARTESIAN_POINT('',(71.75,37.,0.));
#5314 = SURFACE_CURVE('',#5315,(#5320,#5331),.PCURVE_S1.);
#5315 = CIRCLE('',#5316,0.75);
#5316 = AXIS2_PLACEMENT_3D('',#5317,#5318,#5319);
#5317 = CARTESIAN_POINT('',(71.,37.,0.));
#5318 = DIRECTION('',(0.,0.,-1.));
#5319 = DIRECTION('',(1.,0.,0.));
#5320 = PCURVE('',#682,#5321);
#5321 = DEFINITIONAL_REPRESENTATION('',(#5322),#5330);
#5322 = ( BOUNDED_CURVE() B_SPLINE_CURVE(2,(#5323,#5324,#5325,#5326,
#5327,#5328,#5329),.UNSPECIFIED.,.T.,.F.) B_SPLINE_CURVE_WITH_KNOTS((1,2
    ,2,2,2,1),(-2.094395102393,0.,2.094395102393,4.188790204786,
6.28318530718,8.377580409573),.UNSPECIFIED.) CURVE() 
GEOMETRIC_REPRESENTATION_ITEM() RATIONAL_B_SPLINE_CURVE((1.,0.5,1.,0.5,
1.,0.5,1.)) REPRESENTATION_ITEM('') );
#5323 = CARTESIAN_POINT('',(71.75,37.));
#5324 = CARTESIAN_POINT('',(71.75,35.700961894323));
#5325 = CARTESIAN_POINT('',(70.625,36.350480947162));
#5326 = CARTESIAN_POINT('',(69.5,37.));
#5327 = CARTESIAN_POINT('',(70.625,37.649519052838));
#5328 = CARTESIAN_POINT('',(71.75,38.299038105677));
#5329 = CARTESIAN_POINT('',(71.75,37.));
#5330 = ( GEOMETRIC_REPRESENTATION_CONTEXT(2) 
PARAMETRIC_REPRESENTATION_CONTEXT() REPRESENTATION_CONTEXT('2D SPACE',''
  ) );
#5331 = PCURVE('',#1981,#5332);
#5332 = DEFINITIONAL_REPRESENTATION('',(#5333),#5337);
#5333 = LINE('',#5334,#5335);
#5334 = CARTESIAN_POINT('',(-4.138911435803E-13,-0.1));
#5335 = VECTOR('',#5336,1.);
#5336 = DIRECTION('',(1.,-0.));
#5337 = ( GEOMETRIC_REPRESENTATION_CONTEXT(2) 
PARAMETRIC_REPRESENTATION_CONTEXT() REPRESENTATION_CONTEXT('2D SPACE',''
  ) );
#5338 = FACE_BOUND('',#5339,.F.);
#5339 = EDGE_LOOP('',(#5340));
#5340 = ORIENTED_EDGE('',*,*,#5341,.T.);
#5341 = EDGE_CURVE('',#5342,#5342,#5344,.T.);
#5342 = VERTEX_POINT('',#5343);
#5343 = CARTESIAN_POINT('',(71.75,47.,0.));
#5344 = SURFACE_CURVE('',#5345,(#5350,#5361),.PCURVE_S1.);
#5345 = CIRCLE('',#5346,0.75);
#5346 = AXIS2_PLACEMENT_3D('',#5347,#5348,#5349);
#5347 = CARTESIAN_POINT('',(71.,47.,0.));
#5348 = DIRECTION('',(0.,0.,-1.));
#5349 = DIRECTION('',(1.,0.,0.));
#5350 = PCURVE('',#682,#5351);
#5351 = DEFINITIONAL_REPRESENTATION('',(#5352),#5360);
#5352 = ( BOUNDED_CURVE() B_SPLINE_CURVE(2,(#5353,#5354,#5355,#5356,
#5357,#5358,#5359),.UNSPECIFIED.,.T.,.F.) B_SPLINE_CURVE_WITH_KNOTS((1,2
    ,2,2,2,1),(-2.094395102393,0.,2.094395102393,4.188790204786,
6.28318530718,8.377580409573),.UNSPECIFIED.) CURVE() 
GEOMETRIC_REPRESENTATION_ITEM() RATIONAL_B_SPLINE_CURVE((1.,0.5,1.,0.5,
1.,0.5,1.)) REPRESENTATION_ITEM('') );
#5353 = CARTESIAN_POINT('',(71.75,47.));
#5354 = CARTESIAN_POINT('',(71.75,45.700961894323));
#5355 = CARTESIAN_POINT('',(70.625,46.350480947162));
#5356 = CARTESIAN_POINT('',(69.5,47.));
#5357 = CARTESIAN_POINT('',(70.625,47.649519052838));
#5358 = CARTESIAN_POINT('',(71.75,48.299038105677));
#5359 = CARTESIAN_POINT('',(71.75,47.));
#5360 = ( GEOMETRIC_REPRESENTATION_CONTEXT(2) 
PARAMETRIC_REPRESENTATION_CONTEXT() REPRESENTATION_CONTEXT('2D SPACE',''
  ) );
#5361 = PCURVE('',#2016,#5362);
#5362 = DEFINITIONAL_REPRESENTATION('',(#5363),#5367);
#5363 = LINE('',#5364,#5365);
#5364 = CARTESIAN_POINT('',(-4.138911435803E-13,-0.1));
#5365 = VECTOR('',#5366,1.);
#5366 = DIRECTION('',(1.,-0.));
#5367 = ( GEOMETRIC_REPRESENTATION_CONTEXT(2) 
PARAMETRIC_REPRESENTATION_CONTEXT() REPRESENTATION_CONTEXT('2D SPACE',''
  ) );
#5368 = FACE_BOUND('',#5369,.F.);
#5369 = EDGE_LOOP('',(#5370));
#5370 = ORIENTED_EDGE('',*,*,#5371,.T.);
#5371 = EDGE_CURVE('',#5372,#5372,#5374,.T.);
#5372 = VERTEX_POINT('',#5373);
#5373 = CARTESIAN_POINT('',(71.75,57.,0.));
#5374 = SURFACE_CURVE('',#5375,(#5380,#5391),.PCURVE_S1.);
#5375 = CIRCLE('',#5376,0.75);
#5376 = AXIS2_PLACEMENT_3D('',#5377,#5378,#5379);
#5377 = CARTESIAN_POINT('',(71.,57.,0.));
#5378 = DIRECTION('',(0.,0.,-1.));
#5379 = DIRECTION('',(1.,0.,0.));
#5380 = PCURVE('',#682,#5381);
#5381 = DEFINITIONAL_REPRESENTATION('',(#5382),#5390);
#5382 = ( BOUNDED_CURVE() B_SPLINE_CURVE(2,(#5383,#5384,#5385,#5386,
#5387,#5388,#5389),.UNSPECIFIED.,.T.,.F.) B_SPLINE_CURVE_WITH_KNOTS((1,2
    ,2,2,2,1),(-2.094395102393,0.,2.094395102393,4.188790204786,
6.28318530718,8.377580409573),.UNSPECIFIED.) CURVE() 
GEOMETRIC_REPRESENTATION_ITEM() RATIONAL_B_SPLINE_CURVE((1.,0.5,1.,0.5,
1.,0.5,1.)) REPRESENTATION_ITEM('') );
#5383 = CARTESIAN_POINT('',(71.75,57.));
#5384 = CARTESIAN_POINT('',(71.75,55.700961894323));
#5385 = CARTESIAN_POINT('',(70.625,56.350480947162));
#5386 = CARTESIAN_POINT('',(69.5,57.));
#5387 = CARTESIAN_POINT('',(70.625,57.649519052838));
#5388 = CARTESIAN_POINT('',(71.75,58.299038105677));
#5389 = CARTESIAN_POINT('',(71.75,57.));
#5390 = ( GEOMETRIC_REPRESENTATION_CONTEXT(2) 
PARAMETRIC_REPRESENTATION_CONTEXT() REPRESENTATION_CONTEXT('2D SPACE',''
  ) );
#5391 = PCURVE('',#2051,#5392);
#5392 = DEFINITIONAL_REPRESENTATION('',(#5393),#5397);
#5393 = LINE('',#5394,#5395);
#5394 = CARTESIAN_POINT('',(-4.138911435803E-13,-0.1));
#5395 = VECTOR('',#5396,1.);
#5396 = DIRECTION('',(1.,-0.));
#5397 = ( GEOMETRIC_REPRESENTATION_CONTEXT(2) 
PARAMETRIC_REPRESENTATION_CONTEXT() REPRESENTATION_CONTEXT('2D SPACE',''
  ) );
#5398 = FACE_BOUND('',#5399,.F.);
#5399 = EDGE_LOOP('',(#5400));
#5400 = ORIENTED_EDGE('',*,*,#5401,.T.);
#5401 = EDGE_CURVE('',#5402,#5402,#5404,.T.);
#5402 = VERTEX_POINT('',#5403);
#5403 = CARTESIAN_POINT('',(53.75,67.,0.));
#5404 = SURFACE_CURVE('',#5405,(#5410,#5421),.PCURVE_S1.);
#5405 = CIRCLE('',#5406,0.75);
#5406 = AXIS2_PLACEMENT_3D('',#5407,#5408,#5409);
#5407 = CARTESIAN_POINT('',(53.,67.,0.));
#5408 = DIRECTION('',(0.,0.,-1.));
#5409 = DIRECTION('',(1.,0.,0.));
#5410 = PCURVE('',#682,#5411);
#5411 = DEFINITIONAL_REPRESENTATION('',(#5412),#5420);
#5412 = ( BOUNDED_CURVE() B_SPLINE_CURVE(2,(#5413,#5414,#5415,#5416,
#5417,#5418,#5419),.UNSPECIFIED.,.T.,.F.) B_SPLINE_CURVE_WITH_KNOTS((1,2
    ,2,2,2,1),(-2.094395102393,0.,2.094395102393,4.188790204786,
6.28318530718,8.377580409573),.UNSPECIFIED.) CURVE() 
GEOMETRIC_REPRESENTATION_ITEM() RATIONAL_B_SPLINE_CURVE((1.,0.5,1.,0.5,
1.,0.5,1.)) REPRESENTATION_ITEM('') );
#5413 = CARTESIAN_POINT('',(53.75,67.));
#5414 = CARTESIAN_POINT('',(53.75,65.700961894323));
#5415 = CARTESIAN_POINT('',(52.625,66.350480947162));
#5416 = CARTESIAN_POINT('',(51.5,67.));
#5417 = CARTESIAN_POINT('',(52.625,67.649519052838));
#5418 = CARTESIAN_POINT('',(53.75,68.299038105677));
#5419 = CARTESIAN_POINT('',(53.75,67.));
#5420 = ( GEOMETRIC_REPRESENTATION_CONTEXT(2) 
PARAMETRIC_REPRESENTATION_CONTEXT() REPRESENTATION_CONTEXT('2D SPACE',''
  ) );
#5421 = PCURVE('',#2086,#5422);
#5422 = DEFINITIONAL_REPRESENTATION('',(#5423),#5427);
#5423 = LINE('',#5424,#5425);
#5424 = CARTESIAN_POINT('',(-4.138911435803E-13,-0.1));
#5425 = VECTOR('',#5426,1.);
#5426 = DIRECTION('',(1.,-0.));
#5427 = ( GEOMETRIC_REPRESENTATION_CONTEXT(2) 
PARAMETRIC_REPRESENTATION_CONTEXT() REPRESENTATION_CONTEXT('2D SPACE',''
  ) );
#5428 = FACE_BOUND('',#5429,.F.);
#5429 = EDGE_LOOP('',(#5430));
#5430 = ORIENTED_EDGE('',*,*,#5431,.T.);
#5431 = EDGE_CURVE('',#5432,#5432,#5434,.T.);
#5432 = VERTEX_POINT('',#5433);
#5433 = CARTESIAN_POINT('',(53.75,77.,0.));
#5434 = SURFACE_CURVE('',#5435,(#5440,#5451),.PCURVE_S1.);
#5435 = CIRCLE('',#5436,0.75);
#5436 = AXIS2_PLACEMENT_3D('',#5437,#5438,#5439);
#5437 = CARTESIAN_POINT('',(53.,77.,0.));
#5438 = DIRECTION('',(0.,0.,-1.));
#5439 = DIRECTION('',(1.,0.,0.));
#5440 = PCURVE('',#682,#5441);
#5441 = DEFINITIONAL_REPRESENTATION('',(#5442),#5450);
#5442 = ( BOUNDED_CURVE() B_SPLINE_CURVE(2,(#5443,#5444,#5445,#5446,
#5447,#5448,#5449),.UNSPECIFIED.,.T.,.F.) B_SPLINE_CURVE_WITH_KNOTS((1,2
    ,2,2,2,1),(-2.094395102393,0.,2.094395102393,4.188790204786,
6.28318530718,8.377580409573),.UNSPECIFIED.) CURVE() 
GEOMETRIC_REPRESENTATION_ITEM() RATIONAL_B_SPLINE_CURVE((1.,0.5,1.,0.5,
1.,0.5,1.)) REPRESENTATION_ITEM('') );
#5443 = CARTESIAN_POINT('',(53.75,77.));
#5444 = CARTESIAN_POINT('',(53.75,75.700961894323));
#5445 = CARTESIAN_POINT('',(52.625,76.350480947162));
#5446 = CARTESIAN_POINT('',(51.5,77.));
#5447 = CARTESIAN_POINT('',(52.625,77.649519052838));
#5448 = CARTESIAN_POINT('',(53.75,78.299038105677));
#5449 = CARTESIAN_POINT('',(53.75,77.));
#5450 = ( GEOMETRIC_REPRESENTATION_CONTEXT(2) 
PARAMETRIC_REPRESENTATION_CONTEXT() REPRESENTATION_CONTEXT('2D SPACE',''
  ) );
#5451 = PCURVE('',#2121,#5452);
#5452 = DEFINITIONAL_REPRESENTATION('',(#5453),#5457);
#5453 = LINE('',#5454,#5455);
#5454 = CARTESIAN_POINT('',(-4.138911435803E-13,-0.1));
#5455 = VECTOR('',#5456,1.);
#5456 = DIRECTION('',(1.,-0.));
#5457 = ( GEOMETRIC_REPRESENTATION_CONTEXT(2) 
PARAMETRIC_REPRESENTATION_CONTEXT() REPRESENTATION_CONTEXT('2D SPACE',''
  ) );
#5458 = FACE_BOUND('',#5459,.F.);
#5459 = EDGE_LOOP('',(#5460));
#5460 = ORIENTED_EDGE('',*,*,#5461,.T.);
#5461 = EDGE_CURVE('',#5462,#5462,#5464,.T.);
#5462 = VERTEX_POINT('',#5463);
#5463 = CARTESIAN_POINT('',(53.75,87.,0.));
#5464 = SURFACE_CURVE('',#5465,(#5470,#5481),.PCURVE_S1.);
#5465 = CIRCLE('',#5466,0.75);
#5466 = AXIS2_PLACEMENT_3D('',#5467,#5468,#5469);
#5467 = CARTESIAN_POINT('',(53.,87.,0.));
#5468 = DIRECTION('',(0.,0.,-1.));
#5469 = DIRECTION('',(1.,0.,0.));
#5470 = PCURVE('',#682,#5471);
#5471 = DEFINITIONAL_REPRESENTATION('',(#5472),#5480);
#5472 = ( BOUNDED_CURVE() B_SPLINE_CURVE(2,(#5473,#5474,#5475,#5476,
#5477,#5478,#5479),.UNSPECIFIED.,.T.,.F.) B_SPLINE_CURVE_WITH_KNOTS((1,2
    ,2,2,2,1),(-2.094395102393,0.,2.094395102393,4.188790204786,
6.28318530718,8.377580409573),.UNSPECIFIED.) CURVE() 
GEOMETRIC_REPRESENTATION_ITEM() RATIONAL_B_SPLINE_CURVE((1.,0.5,1.,0.5,
1.,0.5,1.)) REPRESENTATION_ITEM('') );
#5473 = CARTESIAN_POINT('',(53.75,87.));
#5474 = CARTESIAN_POINT('',(53.75,85.700961894323));
#5475 = CARTESIAN_POINT('',(52.625,86.350480947162));
#5476 = CARTESIAN_POINT('',(51.5,87.));
#5477 = CARTESIAN_POINT('',(52.625,87.649519052838));
#5478 = CARTESIAN_POINT('',(53.75,88.299038105677));
#5479 = CARTESIAN_POINT('',(53.75,87.));
#5480 = ( GEOMETRIC_REPRESENTATION_CONTEXT(2) 
PARAMETRIC_REPRESENTATION_CONTEXT() REPRESENTATION_CONTEXT('2D SPACE',''
  ) );
#5481 = PCURVE('',#2156,#5482);
#5482 = DEFINITIONAL_REPRESENTATION('',(#5483),#5487);
#5483 = LINE('',#5484,#5485);
#5484 = CARTESIAN_POINT('',(-4.138911435803E-13,-0.1));
#5485 = VECTOR('',#5486,1.);
#5486 = DIRECTION('',(1.,-0.));
#5487 = ( GEOMETRIC_REPRESENTATION_CONTEXT(2) 
PARAMETRIC_REPRESENTATION_CONTEXT() REPRESENTATION_CONTEXT('2D SPACE',''
  ) );
#5488 = FACE_BOUND('',#5489,.F.);
#5489 = EDGE_LOOP('',(#5490));
#5490 = ORIENTED_EDGE('',*,*,#5491,.T.);
#5491 = EDGE_CURVE('',#5492,#5492,#5494,.T.);
#5492 = VERTEX_POINT('',#5493);
#5493 = CARTESIAN_POINT('',(53.75,97.,0.));
#5494 = SURFACE_CURVE('',#5495,(#5500,#5511),.PCURVE_S1.);
#5495 = CIRCLE('',#5496,0.75);
#5496 = AXIS2_PLACEMENT_3D('',#5497,#5498,#5499);
#5497 = CARTESIAN_POINT('',(53.,97.,0.));
#5498 = DIRECTION('',(0.,0.,-1.));
#5499 = DIRECTION('',(1.,0.,0.));
#5500 = PCURVE('',#682,#5501);
#5501 = DEFINITIONAL_REPRESENTATION('',(#5502),#5510);
#5502 = ( BOUNDED_CURVE() B_SPLINE_CURVE(2,(#5503,#5504,#5505,#5506,
#5507,#5508,#5509),.UNSPECIFIED.,.T.,.F.) B_SPLINE_CURVE_WITH_KNOTS((1,2
    ,2,2,2,1),(-2.094395102393,0.,2.094395102393,4.188790204786,
6.28318530718,8.377580409573),.UNSPECIFIED.) CURVE() 
GEOMETRIC_REPRESENTATION_ITEM() RATIONAL_B_SPLINE_CURVE((1.,0.5,1.,0.5,
1.,0.5,1.)) REPRESENTATION_ITEM('') );
#5503 = CARTESIAN_POINT('',(53.75,97.));
#5504 = CARTESIAN_POINT('',(53.75,95.700961894323));
#5505 = CARTESIAN_POINT('',(52.625,96.350480947162));
#5506 = CARTESIAN_POINT('',(51.5,97.));
#5507 = CARTESIAN_POINT('',(52.625,97.649519052838));
#5508 = CARTESIAN_POINT('',(53.75,98.299038105677));
#5509 = CARTESIAN_POINT('',(53.75,97.));
#5510 = ( GEOMETRIC_REPRESENTATION_CONTEXT(2) 
PARAMETRIC_REPRESENTATION_CONTEXT() REPRESENTATION_CONTEXT('2D SPACE',''
  ) );
#5511 = PCURVE('',#2191,#5512);
#5512 = DEFINITIONAL_REPRESENTATION('',(#5513),#5517);
#5513 = LINE('',#5514,#5515);
#5514 = CARTESIAN_POINT('',(-4.138911435803E-13,-0.1));
#5515 = VECTOR('',#5516,1.);
#5516 = DIRECTION('',(1.,-0.));
#5517 = ( GEOMETRIC_REPRESENTATION_CONTEXT(2) 
PARAMETRIC_REPRESENTATION_CONTEXT() REPRESENTATION_CONTEXT('2D SPACE',''
  ) );
#5518 = FACE_BOUND('',#5519,.F.);
#5519 = EDGE_LOOP('',(#5520));
#5520 = ORIENTED_EDGE('',*,*,#5521,.T.);
#5521 = EDGE_CURVE('',#5522,#5522,#5524,.T.);
#5522 = VERTEX_POINT('',#5523);
#5523 = CARTESIAN_POINT('',(53.75,107.,0.));
#5524 = SURFACE_CURVE('',#5525,(#5530,#5541),.PCURVE_S1.);
#5525 = CIRCLE('',#5526,0.75);
#5526 = AXIS2_PLACEMENT_3D('',#5527,#5528,#5529);
#5527 = CARTESIAN_POINT('',(53.,107.,0.));
#5528 = DIRECTION('',(0.,0.,-1.));
#5529 = DIRECTION('',(1.,0.,0.));
#5530 = PCURVE('',#682,#5531);
#5531 = DEFINITIONAL_REPRESENTATION('',(#5532),#5540);
#5532 = ( BOUNDED_CURVE() B_SPLINE_CURVE(2,(#5533,#5534,#5535,#5536,
#5537,#5538,#5539),.UNSPECIFIED.,.T.,.F.) B_SPLINE_CURVE_WITH_KNOTS((1,2
    ,2,2,2,1),(-2.094395102393,0.,2.094395102393,4.188790204786,
6.28318530718,8.377580409573),.UNSPECIFIED.) CURVE() 
GEOMETRIC_REPRESENTATION_ITEM() RATIONAL_B_SPLINE_CURVE((1.,0.5,1.,0.5,
1.,0.5,1.)) REPRESENTATION_ITEM('') );
#5533 = CARTESIAN_POINT('',(53.75,107.));
#5534 = CARTESIAN_POINT('',(53.75,105.70096189432));
#5535 = CARTESIAN_POINT('',(52.625,106.35048094716));
#5536 = CARTESIAN_POINT('',(51.5,107.));
#5537 = CARTESIAN_POINT('',(52.625,107.64951905283));
#5538 = CARTESIAN_POINT('',(53.75,108.29903810567));
#5539 = CARTESIAN_POINT('',(53.75,107.));
#5540 = ( GEOMETRIC_REPRESENTATION_CONTEXT(2) 
PARAMETRIC_REPRESENTATION_CONTEXT() REPRESENTATION_CONTEXT('2D SPACE',''
  ) );
#5541 = PCURVE('',#2226,#5542);
#5542 = DEFINITIONAL_REPRESENTATION('',(#5543),#5547);
#5543 = LINE('',#5544,#5545);
#5544 = CARTESIAN_POINT('',(-4.138911435803E-13,-0.1));
#5545 = VECTOR('',#5546,1.);
#5546 = DIRECTION('',(1.,-0.));
#5547 = ( GEOMETRIC_REPRESENTATION_CONTEXT(2) 
PARAMETRIC_REPRESENTATION_CONTEXT() REPRESENTATION_CONTEXT('2D SPACE',''
  ) );
#5548 = FACE_BOUND('',#5549,.F.);
#5549 = EDGE_LOOP('',(#5550));
#5550 = ORIENTED_EDGE('',*,*,#5551,.T.);
#5551 = EDGE_CURVE('',#5552,#5552,#5554,.T.);
#5552 = VERTEX_POINT('',#5553);
#5553 = CARTESIAN_POINT('',(71.75,67.,0.));
#5554 = SURFACE_CURVE('',#5555,(#5560,#5571),.PCURVE_S1.);
#5555 = CIRCLE('',#5556,0.75);
#5556 = AXIS2_PLACEMENT_3D('',#5557,#5558,#5559);
#5557 = CARTESIAN_POINT('',(71.,67.,0.));
#5558 = DIRECTION('',(0.,0.,-1.));
#5559 = DIRECTION('',(1.,0.,0.));
#5560 = PCURVE('',#682,#5561);
#5561 = DEFINITIONAL_REPRESENTATION('',(#5562),#5570);
#5562 = ( BOUNDED_CURVE() B_SPLINE_CURVE(2,(#5563,#5564,#5565,#5566,
#5567,#5568,#5569),.UNSPECIFIED.,.T.,.F.) B_SPLINE_CURVE_WITH_KNOTS((1,2
    ,2,2,2,1),(-2.094395102393,0.,2.094395102393,4.188790204786,
6.28318530718,8.377580409573),.UNSPECIFIED.) CURVE() 
GEOMETRIC_REPRESENTATION_ITEM() RATIONAL_B_SPLINE_CURVE((1.,0.5,1.,0.5,
1.,0.5,1.)) REPRESENTATION_ITEM('') );
#5563 = CARTESIAN_POINT('',(71.75,67.));
#5564 = CARTESIAN_POINT('',(71.75,65.700961894323));
#5565 = CARTESIAN_POINT('',(70.625,66.350480947162));
#5566 = CARTESIAN_POINT('',(69.5,67.));
#5567 = CARTESIAN_POINT('',(70.625,67.649519052838));
#5568 = CARTESIAN_POINT('',(71.75,68.299038105677));
#5569 = CARTESIAN_POINT('',(71.75,67.));
#5570 = ( GEOMETRIC_REPRESENTATION_CONTEXT(2) 
PARAMETRIC_REPRESENTATION_CONTEXT() REPRESENTATION_CONTEXT('2D SPACE',''
  ) );
#5571 = PCURVE('',#2261,#5572);
#5572 = DEFINITIONAL_REPRESENTATION('',(#5573),#5577);
#5573 = LINE('',#5574,#5575);
#5574 = CARTESIAN_POINT('',(-4.138911435803E-13,-0.1));
#5575 = VECTOR('',#5576,1.);
#5576 = DIRECTION('',(1.,-0.));
#5577 = ( GEOMETRIC_REPRESENTATION_CONTEXT(2) 
PARAMETRIC_REPRESENTATION_CONTEXT() REPRESENTATION_CONTEXT('2D SPACE',''
  ) );
#5578 = FACE_BOUND('',#5579,.F.);
#5579 = EDGE_LOOP('',(#5580));
#5580 = ORIENTED_EDGE('',*,*,#5581,.T.);
#5581 = EDGE_CURVE('',#5582,#5582,#5584,.T.);
#5582 = VERTEX_POINT('',#5583);
#5583 = CARTESIAN_POINT('',(71.75,77.,0.));
#5584 = SURFACE_CURVE('',#5585,(#5590,#5601),.PCURVE_S1.);
#5585 = CIRCLE('',#5586,0.75);
#5586 = AXIS2_PLACEMENT_3D('',#5587,#5588,#5589);
#5587 = CARTESIAN_POINT('',(71.,77.,0.));
#5588 = DIRECTION('',(0.,0.,-1.));
#5589 = DIRECTION('',(1.,0.,0.));
#5590 = PCURVE('',#682,#5591);
#5591 = DEFINITIONAL_REPRESENTATION('',(#5592),#5600);
#5592 = ( BOUNDED_CURVE() B_SPLINE_CURVE(2,(#5593,#5594,#5595,#5596,
#5597,#5598,#5599),.UNSPECIFIED.,.T.,.F.) B_SPLINE_CURVE_WITH_KNOTS((1,2
    ,2,2,2,1),(-2.094395102393,0.,2.094395102393,4.188790204786,
6.28318530718,8.377580409573),.UNSPECIFIED.) CURVE() 
GEOMETRIC_REPRESENTATION_ITEM() RATIONAL_B_SPLINE_CURVE((1.,0.5,1.,0.5,
1.,0.5,1.)) REPRESENTATION_ITEM('') );
#5593 = CARTESIAN_POINT('',(71.75,77.));
#5594 = CARTESIAN_POINT('',(71.75,75.700961894323));
#5595 = CARTESIAN_POINT('',(70.625,76.350480947162));
#5596 = CARTESIAN_POINT('',(69.5,77.));
#5597 = CARTESIAN_POINT('',(70.625,77.649519052838));
#5598 = CARTESIAN_POINT('',(71.75,78.299038105677));
#5599 = CARTESIAN_POINT('',(71.75,77.));
#5600 = ( GEOMETRIC_REPRESENTATION_CONTEXT(2) 
PARAMETRIC_REPRESENTATION_CONTEXT() REPRESENTATION_CONTEXT('2D SPACE',''
  ) );
#5601 = PCURVE('',#2296,#5602);
#5602 = DEFINITIONAL_REPRESENTATION('',(#5603),#5607);
#5603 = LINE('',#5604,#5605);
#5604 = CARTESIAN_POINT('',(-4.138911435803E-13,-0.1));
#5605 = VECTOR('',#5606,1.);
#5606 = DIRECTION('',(1.,-0.));
#5607 = ( GEOMETRIC_REPRESENTATION_CONTEXT(2) 
PARAMETRIC_REPRESENTATION_CONTEXT() REPRESENTATION_CONTEXT('2D SPACE',''
  ) );
#5608 = FACE_BOUND('',#5609,.F.);
#5609 = EDGE_LOOP('',(#5610));
#5610 = ORIENTED_EDGE('',*,*,#5611,.T.);
#5611 = EDGE_CURVE('',#5612,#5612,#5614,.T.);
#5612 = VERTEX_POINT('',#5613);
#5613 = CARTESIAN_POINT('',(71.75,87.,0.));
#5614 = SURFACE_CURVE('',#5615,(#5620,#5631),.PCURVE_S1.);
#5615 = CIRCLE('',#5616,0.75);
#5616 = AXIS2_PLACEMENT_3D('',#5617,#5618,#5619);
#5617 = CARTESIAN_POINT('',(71.,87.,0.));
#5618 = DIRECTION('',(0.,0.,-1.));
#5619 = DIRECTION('',(1.,0.,0.));
#5620 = PCURVE('',#682,#5621);
#5621 = DEFINITIONAL_REPRESENTATION('',(#5622),#5630);
#5622 = ( BOUNDED_CURVE() B_SPLINE_CURVE(2,(#5623,#5624,#5625,#5626,
#5627,#5628,#5629),.UNSPECIFIED.,.T.,.F.) B_SPLINE_CURVE_WITH_KNOTS((1,2
    ,2,2,2,1),(-2.094395102393,0.,2.094395102393,4.188790204786,
6.28318530718,8.377580409573),.UNSPECIFIED.) CURVE() 
GEOMETRIC_REPRESENTATION_ITEM() RATIONAL_B_SPLINE_CURVE((1.,0.5,1.,0.5,
1.,0.5,1.)) REPRESENTATION_ITEM('') );
#5623 = CARTESIAN_POINT('',(71.75,87.));
#5624 = CARTESIAN_POINT('',(71.75,85.700961894323));
#5625 = CARTESIAN_POINT('',(70.625,86.350480947162));
#5626 = CARTESIAN_POINT('',(69.5,87.));
#5627 = CARTESIAN_POINT('',(70.625,87.649519052838));
#5628 = CARTESIAN_POINT('',(71.75,88.299038105677));
#5629 = CARTESIAN_POINT('',(71.75,87.));
#5630 = ( GEOMETRIC_REPRESENTATION_CONTEXT(2) 
PARAMETRIC_REPRESENTATION_CONTEXT() REPRESENTATION_CONTEXT('2D SPACE',''
  ) );
#5631 = PCURVE('',#2331,#5632);
#5632 = DEFINITIONAL_REPRESENTATION('',(#5633),#5637);
#5633 = LINE('',#5634,#5635);
#5634 = CARTESIAN_POINT('',(-4.138911435803E-13,-0.1));
#5635 = VECTOR('',#5636,1.);
#5636 = DIRECTION('',(1.,-0.));
#5637 = ( GEOMETRIC_REPRESENTATION_CONTEXT(2) 
PARAMETRIC_REPRESENTATION_CONTEXT() REPRESENTATION_CONTEXT('2D SPACE',''
  ) );
#5638 = FACE_BOUND('',#5639,.F.);
#5639 = EDGE_LOOP('',(#5640));
#5640 = ORIENTED_EDGE('',*,*,#5641,.T.);
#5641 = EDGE_CURVE('',#5642,#5642,#5644,.T.);
#5642 = VERTEX_POINT('',#5643);
#5643 = CARTESIAN_POINT('',(71.75,97.,0.));
#5644 = SURFACE_CURVE('',#5645,(#5650,#5661),.PCURVE_S1.);
#5645 = CIRCLE('',#5646,0.75);
#5646 = AXIS2_PLACEMENT_3D('',#5647,#5648,#5649);
#5647 = CARTESIAN_POINT('',(71.,97.,0.));
#5648 = DIRECTION('',(0.,0.,-1.));
#5649 = DIRECTION('',(1.,0.,0.));
#5650 = PCURVE('',#682,#5651);
#5651 = DEFINITIONAL_REPRESENTATION('',(#5652),#5660);
#5652 = ( BOUNDED_CURVE() B_SPLINE_CURVE(2,(#5653,#5654,#5655,#5656,
#5657,#5658,#5659),.UNSPECIFIED.,.T.,.F.) B_SPLINE_CURVE_WITH_KNOTS((1,2
    ,2,2,2,1),(-2.094395102393,0.,2.094395102393,4.188790204786,
6.28318530718,8.377580409573),.UNSPECIFIED.) CURVE() 
GEOMETRIC_REPRESENTATION_ITEM() RATIONAL_B_SPLINE_CURVE((1.,0.5,1.,0.5,
1.,0.5,1.)) REPRESENTATION_ITEM('') );
#5653 = CARTESIAN_POINT('',(71.75,97.));
#5654 = CARTESIAN_POINT('',(71.75,95.700961894323));
#5655 = CARTESIAN_POINT('',(70.625,96.350480947162));
#5656 = CARTESIAN_POINT('',(69.5,97.));
#5657 = CARTESIAN_POINT('',(70.625,97.649519052838));
#5658 = CARTESIAN_POINT('',(71.75,98.299038105677));
#5659 = CARTESIAN_POINT('',(71.75,97.));
#5660 = ( GEOMETRIC_REPRESENTATION_CONTEXT(2) 
PARAMETRIC_REPRESENTATION_CONTEXT() REPRESENTATION_CONTEXT('2D SPACE',''
  ) );
#5661 = PCURVE('',#2366,#5662);
#5662 = DEFINITIONAL_REPRESENTATION('',(#5663),#5667);
#5663 = LINE('',#5664,#5665);
#5664 = CARTESIAN_POINT('',(-4.138911435803E-13,-0.1));
#5665 = VECTOR('',#5666,1.);
#5666 = DIRECTION('',(1.,-0.));
#5667 = ( GEOMETRIC_REPRESENTATION_CONTEXT(2) 
PARAMETRIC_REPRESENTATION_CONTEXT() REPRESENTATION_CONTEXT('2D SPACE',''
  ) );
#5668 = FACE_BOUND('',#5669,.F.);
#5669 = EDGE_LOOP('',(#5670));
#5670 = ORIENTED_EDGE('',*,*,#5671,.T.);
#5671 = EDGE_CURVE('',#5672,#5672,#5674,.T.);
#5672 = VERTEX_POINT('',#5673);
#5673 = CARTESIAN_POINT('',(71.75,107.,0.));
#5674 = SURFACE_CURVE('',#5675,(#5680,#5691),.PCURVE_S1.);
#5675 = CIRCLE('',#5676,0.75);
#5676 = AXIS2_PLACEMENT_3D('',#5677,#5678,#5679);
#5677 = CARTESIAN_POINT('',(71.,107.,0.));
#5678 = DIRECTION('',(0.,0.,-1.));
#5679 = DIRECTION('',(1.,0.,0.));
#5680 = PCURVE('',#682,#5681);
#5681 = DEFINITIONAL_REPRESENTATION('',(#5682),#5690);
#5682 = ( BOUNDED_CURVE() B_SPLINE_CURVE(2,(#5683,#5684,#5685,#5686,
#5687,#5688,#5689),.UNSPECIFIED.,.T.,.F.) B_SPLINE_CURVE_WITH_KNOTS((1,2
    ,2,2,2,1),(-2.094395102393,0.,2.094395102393,4.188790204786,
6.28318530718,8.377580409573),.UNSPECIFIED.) CURVE() 
GEOMETRIC_REPRESENTATION_ITEM() RATIONAL_B_SPLINE_CURVE((1.,0.5,1.,0.5,
1.,0.5,1.)) REPRESENTATION_ITEM('') );
#5683 = CARTESIAN_POINT('',(71.75,107.));
#5684 = CARTESIAN_POINT('',(71.75,105.70096189432));
#5685 = CARTESIAN_POINT('',(70.625,106.35048094716));
#5686 = CARTESIAN_POINT('',(69.5,107.));
#5687 = CARTESIAN_POINT('',(70.625,107.64951905283));
#5688 = CARTESIAN_POINT('',(71.75,108.29903810567));
#5689 = CARTESIAN_POINT('',(71.75,107.));
#5690 = ( GEOMETRIC_REPRESENTATION_CONTEXT(2) 
PARAMETRIC_REPRESENTATION_CONTEXT() REPRESENTATION_CONTEXT('2D SPACE',''
  ) );
#5691 = PCURVE('',#2401,#5692);
#5692 = DEFINITIONAL_REPRESENTATION('',(#5693),#5697);
#5693 = LINE('',#5694,#5695);
#5694 = CARTESIAN_POINT('',(-4.138911435803E-13,-0.1));
#5695 = VECTOR('',#5696,1.);
#5696 = DIRECTION('',(1.,-0.));
#5697 = ( GEOMETRIC_REPRESENTATION_CONTEXT(2) 
PARAMETRIC_REPRESENTATION_CONTEXT() REPRESENTATION_CONTEXT('2D SPACE',''
  ) );
#5698 = FACE_BOUND('',#5699,.F.);
#5699 = EDGE_LOOP('',(#5700));
#5700 = ORIENTED_EDGE('',*,*,#5701,.T.);
#5701 = EDGE_CURVE('',#5702,#5702,#5704,.T.);
#5702 = VERTEX_POINT('',#5703);
#5703 = CARTESIAN_POINT('',(13.75,117.,0.));
#5704 = SURFACE_CURVE('',#5705,(#5710,#5721),.PCURVE_S1.);
#5705 = CIRCLE('',#5706,0.75);
#5706 = AXIS2_PLACEMENT_3D('',#5707,#5708,#5709);
#5707 = CARTESIAN_POINT('',(13.,117.,0.));
#5708 = DIRECTION('',(0.,0.,-1.));
#5709 = DIRECTION('',(1.,0.,0.));
#5710 = PCURVE('',#682,#5711);
#5711 = DEFINITIONAL_REPRESENTATION('',(#5712),#5720);
#5712 = ( BOUNDED_CURVE() B_SPLINE_CURVE(2,(#5713,#5714,#5715,#5716,
#5717,#5718,#5719),.UNSPECIFIED.,.T.,.F.) B_SPLINE_CURVE_WITH_KNOTS((1,2
    ,2,2,2,1),(-2.094395102393,0.,2.094395102393,4.188790204786,
6.28318530718,8.377580409573),.UNSPECIFIED.) CURVE() 
GEOMETRIC_REPRESENTATION_ITEM() RATIONAL_B_SPLINE_CURVE((1.,0.5,1.,0.5,
1.,0.5,1.)) REPRESENTATION_ITEM('') );
#5713 = CARTESIAN_POINT('',(13.75,117.));
#5714 = CARTESIAN_POINT('',(13.75,115.70096189432));
#5715 = CARTESIAN_POINT('',(12.625,116.35048094716));
#5716 = CARTESIAN_POINT('',(11.5,117.));
#5717 = CARTESIAN_POINT('',(12.625,117.64951905283));
#5718 = CARTESIAN_POINT('',(13.75,118.29903810567));
#5719 = CARTESIAN_POINT('',(13.75,117.));
#5720 = ( GEOMETRIC_REPRESENTATION_CONTEXT(2) 
PARAMETRIC_REPRESENTATION_CONTEXT() REPRESENTATION_CONTEXT('2D SPACE',''
  ) );
#5721 = PCURVE('',#2436,#5722);
#5722 = DEFINITIONAL_REPRESENTATION('',(#5723),#5727);
#5723 = LINE('',#5724,#5725);
#5724 = CARTESIAN_POINT('',(-4.138911435803E-13,-0.1));
#5725 = VECTOR('',#5726,1.);
#5726 = DIRECTION('',(1.,-0.));
#5727 = ( GEOMETRIC_REPRESENTATION_CONTEXT(2) 
PARAMETRIC_REPRESENTATION_CONTEXT() REPRESENTATION_CONTEXT('2D SPACE',''
  ) );
#5728 = FACE_BOUND('',#5729,.F.);
#5729 = EDGE_LOOP('',(#5730));
#5730 = ORIENTED_EDGE('',*,*,#5731,.T.);
#5731 = EDGE_CURVE('',#5732,#5732,#5734,.T.);
#5732 = VERTEX_POINT('',#5733);
#5733 = CARTESIAN_POINT('',(13.75,127.,0.));
#5734 = SURFACE_CURVE('',#5735,(#5740,#5751),.PCURVE_S1.);
#5735 = CIRCLE('',#5736,0.75);
#5736 = AXIS2_PLACEMENT_3D('',#5737,#5738,#5739);
#5737 = CARTESIAN_POINT('',(13.,127.,0.));
#5738 = DIRECTION('',(0.,0.,-1.));
#5739 = DIRECTION('',(1.,0.,0.));
#5740 = PCURVE('',#682,#5741);
#5741 = DEFINITIONAL_REPRESENTATION('',(#5742),#5750);
#5742 = ( BOUNDED_CURVE() B_SPLINE_CURVE(2,(#5743,#5744,#5745,#5746,
#5747,#5748,#5749),.UNSPECIFIED.,.T.,.F.) B_SPLINE_CURVE_WITH_KNOTS((1,2
    ,2,2,2,1),(-2.094395102393,0.,2.094395102393,4.188790204786,
6.28318530718,8.377580409573),.UNSPECIFIED.) CURVE() 
GEOMETRIC_REPRESENTATION_ITEM() RATIONAL_B_SPLINE_CURVE((1.,0.5,1.,0.5,
1.,0.5,1.)) REPRESENTATION_ITEM('') );
#5743 = CARTESIAN_POINT('',(13.75,127.));
#5744 = CARTESIAN_POINT('',(13.75,125.70096189432));
#5745 = CARTESIAN_POINT('',(12.625,126.35048094716));
#5746 = CARTESIAN_POINT('',(11.5,127.));
#5747 = CARTESIAN_POINT('',(12.625,127.64951905283));
#5748 = CARTESIAN_POINT('',(13.75,128.29903810567));
#5749 = CARTESIAN_POINT('',(13.75,127.));
#5750 = ( GEOMETRIC_REPRESENTATION_CONTEXT(2) 
PARAMETRIC_REPRESENTATION_CONTEXT() REPRESENTATION_CONTEXT('2D SPACE',''
  ) );
#5751 = PCURVE('',#2471,#5752);
#5752 = DEFINITIONAL_REPRESENTATION('',(#5753),#5757);
#5753 = LINE('',#5754,#5755);
#5754 = CARTESIAN_POINT('',(-4.138911435803E-13,-0.1));
#5755 = VECTOR('',#5756,1.);
#5756 = DIRECTION('',(1.,-0.));
#5757 = ( GEOMETRIC_REPRESENTATION_CONTEXT(2) 
PARAMETRIC_REPRESENTATION_CONTEXT() REPRESENTATION_CONTEXT('2D SPACE',''
  ) );
#5758 = FACE_BOUND('',#5759,.F.);
#5759 = EDGE_LOOP('',(#5760));
#5760 = ORIENTED_EDGE('',*,*,#5761,.T.);
#5761 = EDGE_CURVE('',#5762,#5762,#5764,.T.);
#5762 = VERTEX_POINT('',#5763);
#5763 = CARTESIAN_POINT('',(13.75,137.,0.));
#5764 = SURFACE_CURVE('',#5765,(#5770,#5781),.PCURVE_S1.);
#5765 = CIRCLE('',#5766,0.75);
#5766 = AXIS2_PLACEMENT_3D('',#5767,#5768,#5769);
#5767 = CARTESIAN_POINT('',(13.,137.,0.));
#5768 = DIRECTION('',(0.,0.,-1.));
#5769 = DIRECTION('',(1.,0.,0.));
#5770 = PCURVE('',#682,#5771);
#5771 = DEFINITIONAL_REPRESENTATION('',(#5772),#5780);
#5772 = ( BOUNDED_CURVE() B_SPLINE_CURVE(2,(#5773,#5774,#5775,#5776,
#5777,#5778,#5779),.UNSPECIFIED.,.T.,.F.) B_SPLINE_CURVE_WITH_KNOTS((1,2
    ,2,2,2,1),(-2.094395102393,0.,2.094395102393,4.188790204786,
6.28318530718,8.377580409573),.UNSPECIFIED.) CURVE() 
GEOMETRIC_REPRESENTATION_ITEM() RATIONAL_B_SPLINE_CURVE((1.,0.5,1.,0.5,
1.,0.5,1.)) REPRESENTATION_ITEM('') );
#5773 = CARTESIAN_POINT('',(13.75,137.));
#5774 = CARTESIAN_POINT('',(13.75,135.70096189432));
#5775 = CARTESIAN_POINT('',(12.625,136.35048094716));
#5776 = CARTESIAN_POINT('',(11.5,137.));
#5777 = CARTESIAN_POINT('',(12.625,137.64951905283));
#5778 = CARTESIAN_POINT('',(13.75,138.29903810567));
#5779 = CARTESIAN_POINT('',(13.75,137.));
#5780 = ( GEOMETRIC_REPRESENTATION_CONTEXT(2) 
PARAMETRIC_REPRESENTATION_CONTEXT() REPRESENTATION_CONTEXT('2D SPACE',''
  ) );
#5781 = PCURVE('',#2506,#5782);
#5782 = DEFINITIONAL_REPRESENTATION('',(#5783),#5787);
#5783 = LINE('',#5784,#5785);
#5784 = CARTESIAN_POINT('',(-4.138911435803E-13,-0.1));
#5785 = VECTOR('',#5786,1.);
#5786 = DIRECTION('',(1.,-0.));
#5787 = ( GEOMETRIC_REPRESENTATION_CONTEXT(2) 
PARAMETRIC_REPRESENTATION_CONTEXT() REPRESENTATION_CONTEXT('2D SPACE',''
  ) );
#5788 = FACE_BOUND('',#5789,.F.);
#5789 = EDGE_LOOP('',(#5790));
#5790 = ORIENTED_EDGE('',*,*,#5791,.T.);
#5791 = EDGE_CURVE('',#5792,#5792,#5794,.T.);
#5792 = VERTEX_POINT('',#5793);
#5793 = CARTESIAN_POINT('',(13.75,147.,0.));
#5794 = SURFACE_CURVE('',#5795,(#5800,#5811),.PCURVE_S1.);
#5795 = CIRCLE('',#5796,0.75);
#5796 = AXIS2_PLACEMENT_3D('',#5797,#5798,#5799);
#5797 = CARTESIAN_POINT('',(13.,147.,0.));
#5798 = DIRECTION('',(0.,0.,-1.));
#5799 = DIRECTION('',(1.,0.,0.));
#5800 = PCURVE('',#682,#5801);
#5801 = DEFINITIONAL_REPRESENTATION('',(#5802),#5810);
#5802 = ( BOUNDED_CURVE() B_SPLINE_CURVE(2,(#5803,#5804,#5805,#5806,
#5807,#5808,#5809),.UNSPECIFIED.,.T.,.F.) B_SPLINE_CURVE_WITH_KNOTS((1,2
    ,2,2,2,1),(-2.094395102393,0.,2.094395102393,4.188790204786,
6.28318530718,8.377580409573),.UNSPECIFIED.) CURVE() 
GEOMETRIC_REPRESENTATION_ITEM() RATIONAL_B_SPLINE_CURVE((1.,0.5,1.,0.5,
1.,0.5,1.)) REPRESENTATION_ITEM('') );
#5803 = CARTESIAN_POINT('',(13.75,147.));
#5804 = CARTESIAN_POINT('',(13.75,145.70096189432));
#5805 = CARTESIAN_POINT('',(12.625,146.35048094716));
#5806 = CARTESIAN_POINT('',(11.5,147.));
#5807 = CARTESIAN_POINT('',(12.625,147.64951905283));
#5808 = CARTESIAN_POINT('',(13.75,148.29903810567));
#5809 = CARTESIAN_POINT('',(13.75,147.));
#5810 = ( GEOMETRIC_REPRESENTATION_CONTEXT(2) 
PARAMETRIC_REPRESENTATION_CONTEXT() REPRESENTATION_CONTEXT('2D SPACE',''
  ) );
#5811 = PCURVE('',#2541,#5812);
#5812 = DEFINITIONAL_REPRESENTATION('',(#5813),#5817);
#5813 = LINE('',#5814,#5815);
#5814 = CARTESIAN_POINT('',(-4.138911435803E-13,-0.1));
#5815 = VECTOR('',#5816,1.);
#5816 = DIRECTION('',(1.,-0.));
#5817 = ( GEOMETRIC_REPRESENTATION_CONTEXT(2) 
PARAMETRIC_REPRESENTATION_CONTEXT() REPRESENTATION_CONTEXT('2D SPACE',''
  ) );
#5818 = FACE_BOUND('',#5819,.F.);
#5819 = EDGE_LOOP('',(#5820));
#5820 = ORIENTED_EDGE('',*,*,#5821,.T.);
#5821 = EDGE_CURVE('',#5822,#5822,#5824,.T.);
#5822 = VERTEX_POINT('',#5823);
#5823 = CARTESIAN_POINT('',(13.75,157.,0.));
#5824 = SURFACE_CURVE('',#5825,(#5830,#5841),.PCURVE_S1.);
#5825 = CIRCLE('',#5826,0.75);
#5826 = AXIS2_PLACEMENT_3D('',#5827,#5828,#5829);
#5827 = CARTESIAN_POINT('',(13.,157.,0.));
#5828 = DIRECTION('',(0.,0.,-1.));
#5829 = DIRECTION('',(1.,0.,0.));
#5830 = PCURVE('',#682,#5831);
#5831 = DEFINITIONAL_REPRESENTATION('',(#5832),#5840);
#5832 = ( BOUNDED_CURVE() B_SPLINE_CURVE(2,(#5833,#5834,#5835,#5836,
#5837,#5838,#5839),.UNSPECIFIED.,.T.,.F.) B_SPLINE_CURVE_WITH_KNOTS((1,2
    ,2,2,2,1),(-2.094395102393,0.,2.094395102393,4.188790204786,
6.28318530718,8.377580409573),.UNSPECIFIED.) CURVE() 
GEOMETRIC_REPRESENTATION_ITEM() RATIONAL_B_SPLINE_CURVE((1.,0.5,1.,0.5,
1.,0.5,1.)) REPRESENTATION_ITEM('') );
#5833 = CARTESIAN_POINT('',(13.75,157.));
#5834 = CARTESIAN_POINT('',(13.75,155.70096189432));
#5835 = CARTESIAN_POINT('',(12.625,156.35048094716));
#5836 = CARTESIAN_POINT('',(11.5,157.));
#5837 = CARTESIAN_POINT('',(12.625,157.64951905283));
#5838 = CARTESIAN_POINT('',(13.75,158.29903810567));
#5839 = CARTESIAN_POINT('',(13.75,157.));
#5840 = ( GEOMETRIC_REPRESENTATION_CONTEXT(2) 
PARAMETRIC_REPRESENTATION_CONTEXT() REPRESENTATION_CONTEXT('2D SPACE',''
  ) );
#5841 = PCURVE('',#2576,#5842);
#5842 = DEFINITIONAL_REPRESENTATION('',(#5843),#5847);
#5843 = LINE('',#5844,#5845);
#5844 = CARTESIAN_POINT('',(-4.138911435803E-13,-0.1));
#5845 = VECTOR('',#5846,1.);
#5846 = DIRECTION('',(1.,-0.));
#5847 = ( GEOMETRIC_REPRESENTATION_CONTEXT(2) 
PARAMETRIC_REPRESENTATION_CONTEXT() REPRESENTATION_CONTEXT('2D SPACE',''
  ) );
#5848 = FACE_BOUND('',#5849,.F.);
#5849 = EDGE_LOOP('',(#5850));
#5850 = ORIENTED_EDGE('',*,*,#5851,.T.);
#5851 = EDGE_CURVE('',#5852,#5852,#5854,.T.);
#5852 = VERTEX_POINT('',#5853);
#5853 = CARTESIAN_POINT('',(31.75,117.,0.));
#5854 = SURFACE_CURVE('',#5855,(#5860,#5871),.PCURVE_S1.);
#5855 = CIRCLE('',#5856,0.75);
#5856 = AXIS2_PLACEMENT_3D('',#5857,#5858,#5859);
#5857 = CARTESIAN_POINT('',(31.,117.,0.));
#5858 = DIRECTION('',(0.,0.,-1.));
#5859 = DIRECTION('',(1.,0.,0.));
#5860 = PCURVE('',#682,#5861);
#5861 = DEFINITIONAL_REPRESENTATION('',(#5862),#5870);
#5862 = ( BOUNDED_CURVE() B_SPLINE_CURVE(2,(#5863,#5864,#5865,#5866,
#5867,#5868,#5869),.UNSPECIFIED.,.T.,.F.) B_SPLINE_CURVE_WITH_KNOTS((1,2
    ,2,2,2,1),(-2.094395102393,0.,2.094395102393,4.188790204786,
6.28318530718,8.377580409573),.UNSPECIFIED.) CURVE() 
GEOMETRIC_REPRESENTATION_ITEM() RATIONAL_B_SPLINE_CURVE((1.,0.5,1.,0.5,
1.,0.5,1.)) REPRESENTATION_ITEM('') );
#5863 = CARTESIAN_POINT('',(31.75,117.));
#5864 = CARTESIAN_POINT('',(31.75,115.70096189432));
#5865 = CARTESIAN_POINT('',(30.625,116.35048094716));
#5866 = CARTESIAN_POINT('',(29.5,117.));
#5867 = CARTESIAN_POINT('',(30.625,117.64951905283));
#5868 = CARTESIAN_POINT('',(31.75,118.29903810567));
#5869 = CARTESIAN_POINT('',(31.75,117.));
#5870 = ( GEOMETRIC_REPRESENTATION_CONTEXT(2) 
PARAMETRIC_REPRESENTATION_CONTEXT() REPRESENTATION_CONTEXT('2D SPACE',''
  ) );
#5871 = PCURVE('',#2611,#5872);
#5872 = DEFINITIONAL_REPRESENTATION('',(#5873),#5877);
#5873 = LINE('',#5874,#5875);
#5874 = CARTESIAN_POINT('',(-4.138911435803E-13,-0.1));
#5875 = VECTOR('',#5876,1.);
#5876 = DIRECTION('',(1.,-0.));
#5877 = ( GEOMETRIC_REPRESENTATION_CONTEXT(2) 
PARAMETRIC_REPRESENTATION_CONTEXT() REPRESENTATION_CONTEXT('2D SPACE',''
  ) );
#5878 = FACE_BOUND('',#5879,.F.);
#5879 = EDGE_LOOP('',(#5880));
#5880 = ORIENTED_EDGE('',*,*,#5881,.T.);
#5881 = EDGE_CURVE('',#5882,#5882,#5884,.T.);
#5882 = VERTEX_POINT('',#5883);
#5883 = CARTESIAN_POINT('',(31.75,127.,0.));
#5884 = SURFACE_CURVE('',#5885,(#5890,#5901),.PCURVE_S1.);
#5885 = CIRCLE('',#5886,0.75);
#5886 = AXIS2_PLACEMENT_3D('',#5887,#5888,#5889);
#5887 = CARTESIAN_POINT('',(31.,127.,0.));
#5888 = DIRECTION('',(0.,0.,-1.));
#5889 = DIRECTION('',(1.,0.,0.));
#5890 = PCURVE('',#682,#5891);
#5891 = DEFINITIONAL_REPRESENTATION('',(#5892),#5900);
#5892 = ( BOUNDED_CURVE() B_SPLINE_CURVE(2,(#5893,#5894,#5895,#5896,
#5897,#5898,#5899),.UNSPECIFIED.,.T.,.F.) B_SPLINE_CURVE_WITH_KNOTS((1,2
    ,2,2,2,1),(-2.094395102393,0.,2.094395102393,4.188790204786,
6.28318530718,8.377580409573),.UNSPECIFIED.) CURVE() 
GEOMETRIC_REPRESENTATION_ITEM() RATIONAL_B_SPLINE_CURVE((1.,0.5,1.,0.5,
1.,0.5,1.)) REPRESENTATION_ITEM('') );
#5893 = CARTESIAN_POINT('',(31.75,127.));
#5894 = CARTESIAN_POINT('',(31.75,125.70096189432));
#5895 = CARTESIAN_POINT('',(30.625,126.35048094716));
#5896 = CARTESIAN_POINT('',(29.5,127.));
#5897 = CARTESIAN_POINT('',(30.625,127.64951905283));
#5898 = CARTESIAN_POINT('',(31.75,128.29903810567));
#5899 = CARTESIAN_POINT('',(31.75,127.));
#5900 = ( GEOMETRIC_REPRESENTATION_CONTEXT(2) 
PARAMETRIC_REPRESENTATION_CONTEXT() REPRESENTATION_CONTEXT('2D SPACE',''
  ) );
#5901 = PCURVE('',#2646,#5902);
#5902 = DEFINITIONAL_REPRESENTATION('',(#5903),#5907);
#5903 = LINE('',#5904,#5905);
#5904 = CARTESIAN_POINT('',(-4.138911435803E-13,-0.1));
#5905 = VECTOR('',#5906,1.);
#5906 = DIRECTION('',(1.,-0.));
#5907 = ( GEOMETRIC_REPRESENTATION_CONTEXT(2) 
PARAMETRIC_REPRESENTATION_CONTEXT() REPRESENTATION_CONTEXT('2D SPACE',''
  ) );
#5908 = FACE_BOUND('',#5909,.F.);
#5909 = EDGE_LOOP('',(#5910));
#5910 = ORIENTED_EDGE('',*,*,#5911,.T.);
#5911 = EDGE_CURVE('',#5912,#5912,#5914,.T.);
#5912 = VERTEX_POINT('',#5913);
#5913 = CARTESIAN_POINT('',(31.75,137.,0.));
#5914 = SURFACE_CURVE('',#5915,(#5920,#5931),.PCURVE_S1.);
#5915 = CIRCLE('',#5916,0.75);
#5916 = AXIS2_PLACEMENT_3D('',#5917,#5918,#5919);
#5917 = CARTESIAN_POINT('',(31.,137.,0.));
#5918 = DIRECTION('',(0.,0.,-1.));
#5919 = DIRECTION('',(1.,0.,0.));
#5920 = PCURVE('',#682,#5921);
#5921 = DEFINITIONAL_REPRESENTATION('',(#5922),#5930);
#5922 = ( BOUNDED_CURVE() B_SPLINE_CURVE(2,(#5923,#5924,#5925,#5926,
#5927,#5928,#5929),.UNSPECIFIED.,.T.,.F.) B_SPLINE_CURVE_WITH_KNOTS((1,2
    ,2,2,2,1),(-2.094395102393,0.,2.094395102393,4.188790204786,
6.28318530718,8.377580409573),.UNSPECIFIED.) CURVE() 
GEOMETRIC_REPRESENTATION_ITEM() RATIONAL_B_SPLINE_CURVE((1.,0.5,1.,0.5,
1.,0.5,1.)) REPRESENTATION_ITEM('') );
#5923 = CARTESIAN_POINT('',(31.75,137.));
#5924 = CARTESIAN_POINT('',(31.75,135.70096189432));
#5925 = CARTESIAN_POINT('',(30.625,136.35048094716));
#5926 = CARTESIAN_POINT('',(29.5,137.));
#5927 = CARTESIAN_POINT('',(30.625,137.64951905283));
#5928 = CARTESIAN_POINT('',(31.75,138.29903810567));
#5929 = CARTESIAN_POINT('',(31.75,137.));
#5930 = ( GEOMETRIC_REPRESENTATION_CONTEXT(2) 
PARAMETRIC_REPRESENTATION_CONTEXT() REPRESENTATION_CONTEXT('2D SPACE',''
  ) );
#5931 = PCURVE('',#2681,#5932);
#5932 = DEFINITIONAL_REPRESENTATION('',(#5933),#5937);
#5933 = LINE('',#5934,#5935);
#5934 = CARTESIAN_POINT('',(-4.138911435803E-13,-0.1));
#5935 = VECTOR('',#5936,1.);
#5936 = DIRECTION('',(1.,-0.));
#5937 = ( GEOMETRIC_REPRESENTATION_CONTEXT(2) 
PARAMETRIC_REPRESENTATION_CONTEXT() REPRESENTATION_CONTEXT('2D SPACE',''
  ) );
#5938 = FACE_BOUND('',#5939,.F.);
#5939 = EDGE_LOOP('',(#5940));
#5940 = ORIENTED_EDGE('',*,*,#5941,.T.);
#5941 = EDGE_CURVE('',#5942,#5942,#5944,.T.);
#5942 = VERTEX_POINT('',#5943);
#5943 = CARTESIAN_POINT('',(31.75,147.,0.));
#5944 = SURFACE_CURVE('',#5945,(#5950,#5961),.PCURVE_S1.);
#5945 = CIRCLE('',#5946,0.75);
#5946 = AXIS2_PLACEMENT_3D('',#5947,#5948,#5949);
#5947 = CARTESIAN_POINT('',(31.,147.,0.));
#5948 = DIRECTION('',(0.,0.,-1.));
#5949 = DIRECTION('',(1.,0.,0.));
#5950 = PCURVE('',#682,#5951);
#5951 = DEFINITIONAL_REPRESENTATION('',(#5952),#5960);
#5952 = ( BOUNDED_CURVE() B_SPLINE_CURVE(2,(#5953,#5954,#5955,#5956,
#5957,#5958,#5959),.UNSPECIFIED.,.T.,.F.) B_SPLINE_CURVE_WITH_KNOTS((1,2
    ,2,2,2,1),(-2.094395102393,0.,2.094395102393,4.188790204786,
6.28318530718,8.377580409573),.UNSPECIFIED.) CURVE() 
GEOMETRIC_REPRESENTATION_ITEM() RATIONAL_B_SPLINE_CURVE((1.,0.5,1.,0.5,
1.,0.5,1.)) REPRESENTATION_ITEM('') );
#5953 = CARTESIAN_POINT('',(31.75,147.));
#5954 = CARTESIAN_POINT('',(31.75,145.70096189432));
#5955 = CARTESIAN_POINT('',(30.625,146.35048094716));
#5956 = CARTESIAN_POINT('',(29.5,147.));
#5957 = CARTESIAN_POINT('',(30.625,147.64951905283));
#5958 = CARTESIAN_POINT('',(31.75,148.29903810567));
#5959 = CARTESIAN_POINT('',(31.75,147.));
#5960 = ( GEOMETRIC_REPRESENTATION_CONTEXT(2) 
PARAMETRIC_REPRESENTATION_CONTEXT() REPRESENTATION_CONTEXT('2D SPACE',''
  ) );
#5961 = PCURVE('',#2716,#5962);
#5962 = DEFINITIONAL_REPRESENTATION('',(#5963),#5967);
#5963 = LINE('',#5964,#5965);
#5964 = CARTESIAN_POINT('',(-4.138911435803E-13,-0.1));
#5965 = VECTOR('',#5966,1.);
#5966 = DIRECTION('',(1.,-0.));
#5967 = ( GEOMETRIC_REPRESENTATION_CONTEXT(2) 
PARAMETRIC_REPRESENTATION_CONTEXT() REPRESENTATION_CONTEXT('2D SPACE',''
  ) );
#5968 = FACE_BOUND('',#5969,.F.);
#5969 = EDGE_LOOP('',(#5970));
#5970 = ORIENTED_EDGE('',*,*,#5971,.T.);
#5971 = EDGE_CURVE('',#5972,#5972,#5974,.T.);
#5972 = VERTEX_POINT('',#5973);
#5973 = CARTESIAN_POINT('',(31.75,157.,0.));
#5974 = SURFACE_CURVE('',#5975,(#5980,#5991),.PCURVE_S1.);
#5975 = CIRCLE('',#5976,0.75);
#5976 = AXIS2_PLACEMENT_3D('',#5977,#5978,#5979);
#5977 = CARTESIAN_POINT('',(31.,157.,0.));
#5978 = DIRECTION('',(0.,0.,-1.));
#5979 = DIRECTION('',(1.,0.,0.));
#5980 = PCURVE('',#682,#5981);
#5981 = DEFINITIONAL_REPRESENTATION('',(#5982),#5990);
#5982 = ( BOUNDED_CURVE() B_SPLINE_CURVE(2,(#5983,#5984,#5985,#5986,
#5987,#5988,#5989),.UNSPECIFIED.,.T.,.F.) B_SPLINE_CURVE_WITH_KNOTS((1,2
    ,2,2,2,1),(-2.094395102393,0.,2.094395102393,4.188790204786,
6.28318530718,8.377580409573),.UNSPECIFIED.) CURVE() 
GEOMETRIC_REPRESENTATION_ITEM() RATIONAL_B_SPLINE_CURVE((1.,0.5,1.,0.5,
1.,0.5,1.)) REPRESENTATION_ITEM('') );
#5983 = CARTESIAN_POINT('',(31.75,157.));
#5984 = CARTESIAN_POINT('',(31.75,155.70096189432));
#5985 = CARTESIAN_POINT('',(30.625,156.35048094716));
#5986 = CARTESIAN_POINT('',(29.5,157.));
#5987 = CARTESIAN_POINT('',(30.625,157.64951905283));
#5988 = CARTESIAN_POINT('',(31.75,158.29903810567));
#5989 = CARTESIAN_POINT('',(31.75,157.));
#5990 = ( GEOMETRIC_REPRESENTATION_CONTEXT(2) 
PARAMETRIC_REPRESENTATION_CONTEXT() REPRESENTATION_CONTEXT('2D SPACE',''
  ) );
#5991 = PCURVE('',#2751,#5992);
#5992 = DEFINITIONAL_REPRESENTATION('',(#5993),#5997);
#5993 = LINE('',#5994,#5995);
#5994 = CARTESIAN_POINT('',(-4.138911435803E-13,-0.1));
#5995 = VECTOR('',#5996,1.);
#5996 = DIRECTION('',(1.,-0.));
#5997 = ( GEOMETRIC_REPRESENTATION_CONTEXT(2) 
PARAMETRIC_REPRESENTATION_CONTEXT() REPRESENTATION_CONTEXT('2D SPACE',''
  ) );
#5998 = FACE_BOUND('',#5999,.F.);
#5999 = EDGE_LOOP('',(#6000));
#6000 = ORIENTED_EDGE('',*,*,#6001,.T.);
#6001 = EDGE_CURVE('',#6002,#6002,#6004,.T.);
#6002 = VERTEX_POINT('',#6003);
#6003 = CARTESIAN_POINT('',(13.75,167.,0.));
#6004 = SURFACE_CURVE('',#6005,(#6010,#6021),.PCURVE_S1.);
#6005 = CIRCLE('',#6006,0.75);
#6006 = AXIS2_PLACEMENT_3D('',#6007,#6008,#6009);
#6007 = CARTESIAN_POINT('',(13.,167.,0.));
#6008 = DIRECTION('',(0.,0.,-1.));
#6009 = DIRECTION('',(1.,0.,0.));
#6010 = PCURVE('',#682,#6011);
#6011 = DEFINITIONAL_REPRESENTATION('',(#6012),#6020);
#6012 = ( BOUNDED_CURVE() B_SPLINE_CURVE(2,(#6013,#6014,#6015,#6016,
#6017,#6018,#6019),.UNSPECIFIED.,.T.,.F.) B_SPLINE_CURVE_WITH_KNOTS((1,2
    ,2,2,2,1),(-2.094395102393,0.,2.094395102393,4.188790204786,
6.28318530718,8.377580409573),.UNSPECIFIED.) CURVE() 
GEOMETRIC_REPRESENTATION_ITEM() RATIONAL_B_SPLINE_CURVE((1.,0.5,1.,0.5,
1.,0.5,1.)) REPRESENTATION_ITEM('') );
#6013 = CARTESIAN_POINT('',(13.75,167.));
#6014 = CARTESIAN_POINT('',(13.75,165.70096189432));
#6015 = CARTESIAN_POINT('',(12.625,166.35048094716));
#6016 = CARTESIAN_POINT('',(11.5,167.));
#6017 = CARTESIAN_POINT('',(12.625,167.64951905283));
#6018 = CARTESIAN_POINT('',(13.75,168.29903810567));
#6019 = CARTESIAN_POINT('',(13.75,167.));
#6020 = ( GEOMETRIC_REPRESENTATION_CONTEXT(2) 
PARAMETRIC_REPRESENTATION_CONTEXT() REPRESENTATION_CONTEXT('2D SPACE',''
  ) );
#6021 = PCURVE('',#2786,#6022);
#6022 = DEFINITIONAL_REPRESENTATION('',(#6023),#6027);
#6023 = LINE('',#6024,#6025);
#6024 = CARTESIAN_POINT('',(-4.138911435803E-13,-0.1));
#6025 = VECTOR('',#6026,1.);
#6026 = DIRECTION('',(1.,-0.));
#6027 = ( GEOMETRIC_REPRESENTATION_CONTEXT(2) 
PARAMETRIC_REPRESENTATION_CONTEXT() REPRESENTATION_CONTEXT('2D SPACE',''
  ) );
#6028 = FACE_BOUND('',#6029,.F.);
#6029 = EDGE_LOOP('',(#6030));
#6030 = ORIENTED_EDGE('',*,*,#6031,.T.);
#6031 = EDGE_CURVE('',#6032,#6032,#6034,.T.);
#6032 = VERTEX_POINT('',#6033);
#6033 = CARTESIAN_POINT('',(13.75,177.,0.));
#6034 = SURFACE_CURVE('',#6035,(#6040,#6051),.PCURVE_S1.);
#6035 = CIRCLE('',#6036,0.75);
#6036 = AXIS2_PLACEMENT_3D('',#6037,#6038,#6039);
#6037 = CARTESIAN_POINT('',(13.,177.,0.));
#6038 = DIRECTION('',(0.,0.,-1.));
#6039 = DIRECTION('',(1.,0.,0.));
#6040 = PCURVE('',#682,#6041);
#6041 = DEFINITIONAL_REPRESENTATION('',(#6042),#6050);
#6042 = ( BOUNDED_CURVE() B_SPLINE_CURVE(2,(#6043,#6044,#6045,#6046,
#6047,#6048,#6049),.UNSPECIFIED.,.T.,.F.) B_SPLINE_CURVE_WITH_KNOTS((1,2
    ,2,2,2,1),(-2.094395102393,0.,2.094395102393,4.188790204786,
6.28318530718,8.377580409573),.UNSPECIFIED.) CURVE() 
GEOMETRIC_REPRESENTATION_ITEM() RATIONAL_B_SPLINE_CURVE((1.,0.5,1.,0.5,
1.,0.5,1.)) REPRESENTATION_ITEM('') );
#6043 = CARTESIAN_POINT('',(13.75,177.));
#6044 = CARTESIAN_POINT('',(13.75,175.70096189432));
#6045 = CARTESIAN_POINT('',(12.625,176.35048094716));
#6046 = CARTESIAN_POINT('',(11.5,177.));
#6047 = CARTESIAN_POINT('',(12.625,177.64951905283));
#6048 = CARTESIAN_POINT('',(13.75,178.29903810567));
#6049 = CARTESIAN_POINT('',(13.75,177.));
#6050 = ( GEOMETRIC_REPRESENTATION_CONTEXT(2) 
PARAMETRIC_REPRESENTATION_CONTEXT() REPRESENTATION_CONTEXT('2D SPACE',''
  ) );
#6051 = PCURVE('',#2821,#6052);
#6052 = DEFINITIONAL_REPRESENTATION('',(#6053),#6057);
#6053 = LINE('',#6054,#6055);
#6054 = CARTESIAN_POINT('',(-4.138911435803E-13,-0.1));
#6055 = VECTOR('',#6056,1.);
#6056 = DIRECTION('',(1.,-0.));
#6057 = ( GEOMETRIC_REPRESENTATION_CONTEXT(2) 
PARAMETRIC_REPRESENTATION_CONTEXT() REPRESENTATION_CONTEXT('2D SPACE',''
  ) );
#6058 = FACE_BOUND('',#6059,.F.);
#6059 = EDGE_LOOP('',(#6060));
#6060 = ORIENTED_EDGE('',*,*,#6061,.T.);
#6061 = EDGE_CURVE('',#6062,#6062,#6064,.T.);
#6062 = VERTEX_POINT('',#6063);
#6063 = CARTESIAN_POINT('',(13.75,187.,0.));
#6064 = SURFACE_CURVE('',#6065,(#6070,#6081),.PCURVE_S1.);
#6065 = CIRCLE('',#6066,0.75);
#6066 = AXIS2_PLACEMENT_3D('',#6067,#6068,#6069);
#6067 = CARTESIAN_POINT('',(13.,187.,0.));
#6068 = DIRECTION('',(0.,0.,-1.));
#6069 = DIRECTION('',(1.,0.,0.));
#6070 = PCURVE('',#682,#6071);
#6071 = DEFINITIONAL_REPRESENTATION('',(#6072),#6080);
#6072 = ( BOUNDED_CURVE() B_SPLINE_CURVE(2,(#6073,#6074,#6075,#6076,
#6077,#6078,#6079),.UNSPECIFIED.,.T.,.F.) B_SPLINE_CURVE_WITH_KNOTS((1,2
    ,2,2,2,1),(-2.094395102393,0.,2.094395102393,4.188790204786,
6.28318530718,8.377580409573),.UNSPECIFIED.) CURVE() 
GEOMETRIC_REPRESENTATION_ITEM() RATIONAL_B_SPLINE_CURVE((1.,0.5,1.,0.5,
1.,0.5,1.)) REPRESENTATION_ITEM('') );
#6073 = CARTESIAN_POINT('',(13.75,187.));
#6074 = CARTESIAN_POINT('',(13.75,185.70096189432));
#6075 = CARTESIAN_POINT('',(12.625,186.35048094716));
#6076 = CARTESIAN_POINT('',(11.5,187.));
#6077 = CARTESIAN_POINT('',(12.625,187.64951905283));
#6078 = CARTESIAN_POINT('',(13.75,188.29903810567));
#6079 = CARTESIAN_POINT('',(13.75,187.));
#6080 = ( GEOMETRIC_REPRESENTATION_CONTEXT(2) 
PARAMETRIC_REPRESENTATION_CONTEXT() REPRESENTATION_CONTEXT('2D SPACE',''
  ) );
#6081 = PCURVE('',#2856,#6082);
#6082 = DEFINITIONAL_REPRESENTATION('',(#6083),#6087);
#6083 = LINE('',#6084,#6085);
#6084 = CARTESIAN_POINT('',(-4.138911435803E-13,-0.1));
#6085 = VECTOR('',#6086,1.);
#6086 = DIRECTION('',(1.,-0.));
#6087 = ( GEOMETRIC_REPRESENTATION_CONTEXT(2) 
PARAMETRIC_REPRESENTATION_CONTEXT() REPRESENTATION_CONTEXT('2D SPACE',''
  ) );
#6088 = FACE_BOUND('',#6089,.F.);
#6089 = EDGE_LOOP('',(#6090));
#6090 = ORIENTED_EDGE('',*,*,#6091,.T.);
#6091 = EDGE_CURVE('',#6092,#6092,#6094,.T.);
#6092 = VERTEX_POINT('',#6093);
#6093 = CARTESIAN_POINT('',(7.6,213.,0.));
#6094 = SURFACE_CURVE('',#6095,(#6100,#6111),.PCURVE_S1.);
#6095 = CIRCLE('',#6096,1.6);
#6096 = AXIS2_PLACEMENT_3D('',#6097,#6098,#6099);
#6097 = CARTESIAN_POINT('',(6.,213.,0.));
#6098 = DIRECTION('',(0.,0.,-1.));
#6099 = DIRECTION('',(1.,0.,0.));
#6100 = PCURVE('',#682,#6101);
#6101 = DEFINITIONAL_REPRESENTATION('',(#6102),#6110);
#6102 = ( BOUNDED_CURVE() B_SPLINE_CURVE(2,(#6103,#6104,#6105,#6106,
#6107,#6108,#6109),.UNSPECIFIED.,.T.,.F.) B_SPLINE_CURVE_WITH_KNOTS((1,2
    ,2,2,2,1),(-2.094395102393,0.,2.094395102393,4.188790204786,
6.28318530718,8.377580409573),.UNSPECIFIED.) CURVE() 
GEOMETRIC_REPRESENTATION_ITEM() RATIONAL_B_SPLINE_CURVE((1.,0.5,1.,0.5,
1.,0.5,1.)) REPRESENTATION_ITEM('') );
#6103 = CARTESIAN_POINT('',(7.6,213.));
#6104 = CARTESIAN_POINT('',(7.6,210.22871870789));
#6105 = CARTESIAN_POINT('',(5.2,211.61435935394));
#6106 = CARTESIAN_POINT('',(2.8,213.));
#6107 = CARTESIAN_POINT('',(5.2,214.38564064605));
#6108 = CARTESIAN_POINT('',(7.6,215.77128129211));
#6109 = CARTESIAN_POINT('',(7.6,213.));
#6110 = ( GEOMETRIC_REPRESENTATION_CONTEXT(2) 
PARAMETRIC_REPRESENTATION_CONTEXT() REPRESENTATION_CONTEXT('2D SPACE',''
  ) );
#6111 = PCURVE('',#2891,#6112);
#6112 = DEFINITIONAL_REPRESENTATION('',(#6113),#6117);
#6113 = LINE('',#6114,#6115);
#6114 = CARTESIAN_POINT('',(-4.138911435803E-13,-0.1));
#6115 = VECTOR('',#6116,1.);
#6116 = DIRECTION('',(1.,-0.));
#6117 = ( GEOMETRIC_REPRESENTATION_CONTEXT(2) 
PARAMETRIC_REPRESENTATION_CONTEXT() REPRESENTATION_CONTEXT('2D SPACE',''
  ) );
#6118 = FACE_BOUND('',#6119,.F.);
#6119 = EDGE_LOOP('',(#6120));
#6120 = ORIENTED_EDGE('',*,*,#6121,.T.);
#6121 = EDGE_CURVE('',#6122,#6122,#6124,.T.);
#6122 = VERTEX_POINT('',#6123);
#6123 = CARTESIAN_POINT('',(17.42,195.,0.));
#6124 = SURFACE_CURVE('',#6125,(#6130,#6141),.PCURVE_S1.);
#6125 = CIRCLE('',#6126,0.5);
#6126 = AXIS2_PLACEMENT_3D('',#6127,#6128,#6129);
#6127 = CARTESIAN_POINT('',(16.92,195.,0.));
#6128 = DIRECTION('',(0.,0.,-1.));
#6129 = DIRECTION('',(1.,0.,0.));
#6130 = PCURVE('',#682,#6131);
#6131 = DEFINITIONAL_REPRESENTATION('',(#6132),#6140);
#6132 = ( BOUNDED_CURVE() B_SPLINE_CURVE(2,(#6133,#6134,#6135,#6136,
#6137,#6138,#6139),.UNSPECIFIED.,.T.,.F.) B_SPLINE_CURVE_WITH_KNOTS((1,2
    ,2,2,2,1),(-2.094395102393,0.,2.094395102393,4.188790204786,
6.28318530718,8.377580409573),.UNSPECIFIED.) CURVE() 
GEOMETRIC_REPRESENTATION_ITEM() RATIONAL_B_SPLINE_CURVE((1.,0.5,1.,0.5,
1.,0.5,1.)) REPRESENTATION_ITEM('') );
#6133 = CARTESIAN_POINT('',(17.42,195.));
#6134 = CARTESIAN_POINT('',(17.42,194.13397459621));
#6135 = CARTESIAN_POINT('',(16.67,194.5669872981));
#6136 = CARTESIAN_POINT('',(15.92,195.));
#6137 = CARTESIAN_POINT('',(16.67,195.43301270189));
#6138 = CARTESIAN_POINT('',(17.42,195.86602540378));
#6139 = CARTESIAN_POINT('',(17.42,195.));
#6140 = ( GEOMETRIC_REPRESENTATION_CONTEXT(2) 
PARAMETRIC_REPRESENTATION_CONTEXT() REPRESENTATION_CONTEXT('2D SPACE',''
  ) );
#6141 = PCURVE('',#2926,#6142);
#6142 = DEFINITIONAL_REPRESENTATION('',(#6143),#6147);
#6143 = LINE('',#6144,#6145);
#6144 = CARTESIAN_POINT('',(-4.138911435803E-13,-0.1));
#6145 = VECTOR('',#6146,1.);
#6146 = DIRECTION('',(1.,-0.));
#6147 = ( GEOMETRIC_REPRESENTATION_CONTEXT(2) 
PARAMETRIC_REPRESENTATION_CONTEXT() REPRESENTATION_CONTEXT('2D SPACE',''
  ) );
#6148 = FACE_BOUND('',#6149,.F.);
#6149 = EDGE_LOOP('',(#6150));
#6150 = ORIENTED_EDGE('',*,*,#6151,.T.);
#6151 = EDGE_CURVE('',#6152,#6152,#6154,.T.);
#6152 = VERTEX_POINT('',#6153);
#6153 = CARTESIAN_POINT('',(17.42,197.54,0.));
#6154 = SURFACE_CURVE('',#6155,(#6160,#6171),.PCURVE_S1.);
#6155 = CIRCLE('',#6156,0.5);
#6156 = AXIS2_PLACEMENT_3D('',#6157,#6158,#6159);
#6157 = CARTESIAN_POINT('',(16.92,197.54,0.));
#6158 = DIRECTION('',(0.,0.,-1.));
#6159 = DIRECTION('',(1.,0.,0.));
#6160 = PCURVE('',#682,#6161);
#6161 = DEFINITIONAL_REPRESENTATION('',(#6162),#6170);
#6162 = ( BOUNDED_CURVE() B_SPLINE_CURVE(2,(#6163,#6164,#6165,#6166,
#6167,#6168,#6169),.UNSPECIFIED.,.T.,.F.) B_SPLINE_CURVE_WITH_KNOTS((1,2
    ,2,2,2,1),(-2.094395102393,0.,2.094395102393,4.188790204786,
6.28318530718,8.377580409573),.UNSPECIFIED.) CURVE() 
GEOMETRIC_REPRESENTATION_ITEM() RATIONAL_B_SPLINE_CURVE((1.,0.5,1.,0.5,
1.,0.5,1.)) REPRESENTATION_ITEM('') );
#6163 = CARTESIAN_POINT('',(17.42,197.54));
#6164 = CARTESIAN_POINT('',(17.42,196.67397459621));
#6165 = CARTESIAN_POINT('',(16.67,197.1069872981));
#6166 = CARTESIAN_POINT('',(15.92,197.54));
#6167 = CARTESIAN_POINT('',(16.67,197.97301270189));
#6168 = CARTESIAN_POINT('',(17.42,198.40602540378));
#6169 = CARTESIAN_POINT('',(17.42,197.54));
#6170 = ( GEOMETRIC_REPRESENTATION_CONTEXT(2) 
PARAMETRIC_REPRESENTATION_CONTEXT() REPRESENTATION_CONTEXT('2D SPACE',''
  ) );
#6171 = PCURVE('',#2961,#6172);
#6172 = DEFINITIONAL_REPRESENTATION('',(#6173),#6177);
#6173 = LINE('',#6174,#6175);
#6174 = CARTESIAN_POINT('',(-4.138911435803E-13,-0.1));
#6175 = VECTOR('',#6176,1.);
#6176 = DIRECTION('',(1.,-0.));
#6177 = ( GEOMETRIC_REPRESENTATION_CONTEXT(2) 
PARAMETRIC_REPRESENTATION_CONTEXT() REPRESENTATION_CONTEXT('2D SPACE',''
  ) );
#6178 = FACE_BOUND('',#6179,.F.);
#6179 = EDGE_LOOP('',(#6180));
#6180 = ORIENTED_EDGE('',*,*,#6181,.T.);
#6181 = EDGE_CURVE('',#6182,#6182,#6184,.T.);
#6182 = VERTEX_POINT('',#6183);
#6183 = CARTESIAN_POINT('',(19.96,195.,0.));
#6184 = SURFACE_CURVE('',#6185,(#6190,#6201),.PCURVE_S1.);
#6185 = CIRCLE('',#6186,0.5);
#6186 = AXIS2_PLACEMENT_3D('',#6187,#6188,#6189);
#6187 = CARTESIAN_POINT('',(19.46,195.,0.));
#6188 = DIRECTION('',(0.,0.,-1.));
#6189 = DIRECTION('',(1.,0.,0.));
#6190 = PCURVE('',#682,#6191);
#6191 = DEFINITIONAL_REPRESENTATION('',(#6192),#6200);
#6192 = ( BOUNDED_CURVE() B_SPLINE_CURVE(2,(#6193,#6194,#6195,#6196,
#6197,#6198,#6199),.UNSPECIFIED.,.T.,.F.) B_SPLINE_CURVE_WITH_KNOTS((1,2
    ,2,2,2,1),(-2.094395102393,0.,2.094395102393,4.188790204786,
6.28318530718,8.377580409573),.UNSPECIFIED.) CURVE() 
GEOMETRIC_REPRESENTATION_ITEM() RATIONAL_B_SPLINE_CURVE((1.,0.5,1.,0.5,
1.,0.5,1.)) REPRESENTATION_ITEM('') );
#6193 = CARTESIAN_POINT('',(19.96,195.));
#6194 = CARTESIAN_POINT('',(19.96,194.13397459621));
#6195 = CARTESIAN_POINT('',(19.21,194.5669872981));
#6196 = CARTESIAN_POINT('',(18.46,195.));
#6197 = CARTESIAN_POINT('',(19.21,195.43301270189));
#6198 = CARTESIAN_POINT('',(19.96,195.86602540378));
#6199 = CARTESIAN_POINT('',(19.96,195.));
#6200 = ( GEOMETRIC_REPRESENTATION_CONTEXT(2) 
PARAMETRIC_REPRESENTATION_CONTEXT() REPRESENTATION_CONTEXT('2D SPACE',''
  ) );
#6201 = PCURVE('',#2996,#6202);
#6202 = DEFINITIONAL_REPRESENTATION('',(#6203),#6207);
#6203 = LINE('',#6204,#6205);
#6204 = CARTESIAN_POINT('',(-4.138911435803E-13,-0.1));
#6205 = VECTOR('',#6206,1.);
#6206 = DIRECTION('',(1.,-0.));
#6207 = ( GEOMETRIC_REPRESENTATION_CONTEXT(2) 
PARAMETRIC_REPRESENTATION_CONTEXT() REPRESENTATION_CONTEXT('2D SPACE',''
  ) );
#6208 = FACE_BOUND('',#6209,.F.);
#6209 = EDGE_LOOP('',(#6210));
#6210 = ORIENTED_EDGE('',*,*,#6211,.T.);
#6211 = EDGE_CURVE('',#6212,#6212,#6214,.T.);
#6212 = VERTEX_POINT('',#6213);
#6213 = CARTESIAN_POINT('',(22.5,195.,0.));
#6214 = SURFACE_CURVE('',#6215,(#6220,#6231),.PCURVE_S1.);
#6215 = CIRCLE('',#6216,0.5);
#6216 = AXIS2_PLACEMENT_3D('',#6217,#6218,#6219);
#6217 = CARTESIAN_POINT('',(22.,195.,0.));
#6218 = DIRECTION('',(0.,0.,-1.));
#6219 = DIRECTION('',(1.,0.,0.));
#6220 = PCURVE('',#682,#6221);
#6221 = DEFINITIONAL_REPRESENTATION('',(#6222),#6230);
#6222 = ( BOUNDED_CURVE() B_SPLINE_CURVE(2,(#6223,#6224,#6225,#6226,
#6227,#6228,#6229),.UNSPECIFIED.,.T.,.F.) B_SPLINE_CURVE_WITH_KNOTS((1,2
    ,2,2,2,1),(-2.094395102393,0.,2.094395102393,4.188790204786,
6.28318530718,8.377580409573),.UNSPECIFIED.) CURVE() 
GEOMETRIC_REPRESENTATION_ITEM() RATIONAL_B_SPLINE_CURVE((1.,0.5,1.,0.5,
1.,0.5,1.)) REPRESENTATION_ITEM('') );
#6223 = CARTESIAN_POINT('',(22.5,195.));
#6224 = CARTESIAN_POINT('',(22.5,194.13397459621));
#6225 = CARTESIAN_POINT('',(21.75,194.5669872981));
#6226 = CARTESIAN_POINT('',(21.,195.));
#6227 = CARTESIAN_POINT('',(21.75,195.43301270189));
#6228 = CARTESIAN_POINT('',(22.5,195.86602540378));
#6229 = CARTESIAN_POINT('',(22.5,195.));
#6230 = ( GEOMETRIC_REPRESENTATION_CONTEXT(2) 
PARAMETRIC_REPRESENTATION_CONTEXT() REPRESENTATION_CONTEXT('2D SPACE',''
  ) );
#6231 = PCURVE('',#3031,#6232);
#6232 = DEFINITIONAL_REPRESENTATION('',(#6233),#6237);
#6233 = LINE('',#6234,#6235);
#6234 = CARTESIAN_POINT('',(-4.138911435803E-13,-0.1));
#6235 = VECTOR('',#6236,1.);
#6236 = DIRECTION('',(1.,-0.));
#6237 = ( GEOMETRIC_REPRESENTATION_CONTEXT(2) 
PARAMETRIC_REPRESENTATION_CONTEXT() REPRESENTATION_CONTEXT('2D SPACE',''
  ) );
#6238 = FACE_BOUND('',#6239,.F.);
#6239 = EDGE_LOOP('',(#6240));
#6240 = ORIENTED_EDGE('',*,*,#6241,.T.);
#6241 = EDGE_CURVE('',#6242,#6242,#6244,.T.);
#6242 = VERTEX_POINT('',#6243);
#6243 = CARTESIAN_POINT('',(19.96,197.54,0.));
#6244 = SURFACE_CURVE('',#6245,(#6250,#6261),.PCURVE_S1.);
#6245 = CIRCLE('',#6246,0.5);
#6246 = AXIS2_PLACEMENT_3D('',#6247,#6248,#6249);
#6247 = CARTESIAN_POINT('',(19.46,197.54,0.));
#6248 = DIRECTION('',(0.,0.,-1.));
#6249 = DIRECTION('',(1.,0.,0.));
#6250 = PCURVE('',#682,#6251);
#6251 = DEFINITIONAL_REPRESENTATION('',(#6252),#6260);
#6252 = ( BOUNDED_CURVE() B_SPLINE_CURVE(2,(#6253,#6254,#6255,#6256,
#6257,#6258,#6259),.UNSPECIFIED.,.T.,.F.) B_SPLINE_CURVE_WITH_KNOTS((1,2
    ,2,2,2,1),(-2.094395102393,0.,2.094395102393,4.188790204786,
6.28318530718,8.377580409573),.UNSPECIFIED.) CURVE() 
GEOMETRIC_REPRESENTATION_ITEM() RATIONAL_B_SPLINE_CURVE((1.,0.5,1.,0.5,
1.,0.5,1.)) REPRESENTATION_ITEM('') );
#6253 = CARTESIAN_POINT('',(19.96,197.54));
#6254 = CARTESIAN_POINT('',(19.96,196.67397459621));
#6255 = CARTESIAN_POINT('',(19.21,197.1069872981));
#6256 = CARTESIAN_POINT('',(18.46,197.54));
#6257 = CARTESIAN_POINT('',(19.21,197.97301270189));
#6258 = CARTESIAN_POINT('',(19.96,198.40602540378));
#6259 = CARTESIAN_POINT('',(19.96,197.54));
#6260 = ( GEOMETRIC_REPRESENTATION_CONTEXT(2) 
PARAMETRIC_REPRESENTATION_CONTEXT() REPRESENTATION_CONTEXT('2D SPACE',''
  ) );
#6261 = PCURVE('',#3066,#6262);
#6262 = DEFINITIONAL_REPRESENTATION('',(#6263),#6267);
#6263 = LINE('',#6264,#6265);
#6264 = CARTESIAN_POINT('',(-4.138911435803E-13,-0.1));
#6265 = VECTOR('',#6266,1.);
#6266 = DIRECTION('',(1.,-0.));
#6267 = ( GEOMETRIC_REPRESENTATION_CONTEXT(2) 
PARAMETRIC_REPRESENTATION_CONTEXT() REPRESENTATION_CONTEXT('2D SPACE',''
  ) );
#6268 = FACE_BOUND('',#6269,.F.);
#6269 = EDGE_LOOP('',(#6270));
#6270 = ORIENTED_EDGE('',*,*,#6271,.T.);
#6271 = EDGE_CURVE('',#6272,#6272,#6274,.T.);
#6272 = VERTEX_POINT('',#6273);
#6273 = CARTESIAN_POINT('',(22.5,197.54,0.));
#6274 = SURFACE_CURVE('',#6275,(#6280,#6291),.PCURVE_S1.);
#6275 = CIRCLE('',#6276,0.5);
#6276 = AXIS2_PLACEMENT_3D('',#6277,#6278,#6279);
#6277 = CARTESIAN_POINT('',(22.,197.54,0.));
#6278 = DIRECTION('',(0.,0.,-1.));
#6279 = DIRECTION('',(1.,0.,0.));
#6280 = PCURVE('',#682,#6281);
#6281 = DEFINITIONAL_REPRESENTATION('',(#6282),#6290);
#6282 = ( BOUNDED_CURVE() B_SPLINE_CURVE(2,(#6283,#6284,#6285,#6286,
#6287,#6288,#6289),.UNSPECIFIED.,.T.,.F.) B_SPLINE_CURVE_WITH_KNOTS((1,2
    ,2,2,2,1),(-2.094395102393,0.,2.094395102393,4.188790204786,
6.28318530718,8.377580409573),.UNSPECIFIED.) CURVE() 
GEOMETRIC_REPRESENTATION_ITEM() RATIONAL_B_SPLINE_CURVE((1.,0.5,1.,0.5,
1.,0.5,1.)) REPRESENTATION_ITEM('') );
#6283 = CARTESIAN_POINT('',(22.5,197.54));
#6284 = CARTESIAN_POINT('',(22.5,196.67397459621));
#6285 = CARTESIAN_POINT('',(21.75,197.1069872981));
#6286 = CARTESIAN_POINT('',(21.,197.54));
#6287 = CARTESIAN_POINT('',(21.75,197.97301270189));
#6288 = CARTESIAN_POINT('',(22.5,198.40602540378));
#6289 = CARTESIAN_POINT('',(22.5,197.54));
#6290 = ( GEOMETRIC_REPRESENTATION_CONTEXT(2) 
PARAMETRIC_REPRESENTATION_CONTEXT() REPRESENTATION_CONTEXT('2D SPACE',''
  ) );
#6291 = PCURVE('',#3101,#6292);
#6292 = DEFINITIONAL_REPRESENTATION('',(#6293),#6297);
#6293 = LINE('',#6294,#6295);
#6294 = CARTESIAN_POINT('',(-4.138911435803E-13,-0.1));
#6295 = VECTOR('',#6296,1.);
#6296 = DIRECTION('',(1.,-0.));
#6297 = ( GEOMETRIC_REPRESENTATION_CONTEXT(2) 
PARAMETRIC_REPRESENTATION_CONTEXT() REPRESENTATION_CONTEXT('2D SPACE',''
  ) );
#6298 = FACE_BOUND('',#6299,.F.);
#6299 = EDGE_LOOP('',(#6300));
#6300 = ORIENTED_EDGE('',*,*,#6301,.T.);
#6301 = EDGE_CURVE('',#6302,#6302,#6304,.T.);
#6302 = VERTEX_POINT('',#6303);
#6303 = CARTESIAN_POINT('',(31.75,167.,0.));
#6304 = SURFACE_CURVE('',#6305,(#6310,#6321),.PCURVE_S1.);
#6305 = CIRCLE('',#6306,0.75);
#6306 = AXIS2_PLACEMENT_3D('',#6307,#6308,#6309);
#6307 = CARTESIAN_POINT('',(31.,167.,0.));
#6308 = DIRECTION('',(0.,0.,-1.));
#6309 = DIRECTION('',(1.,0.,0.));
#6310 = PCURVE('',#682,#6311);
#6311 = DEFINITIONAL_REPRESENTATION('',(#6312),#6320);
#6312 = ( BOUNDED_CURVE() B_SPLINE_CURVE(2,(#6313,#6314,#6315,#6316,
#6317,#6318,#6319),.UNSPECIFIED.,.T.,.F.) B_SPLINE_CURVE_WITH_KNOTS((1,2
    ,2,2,2,1),(-2.094395102393,0.,2.094395102393,4.188790204786,
6.28318530718,8.377580409573),.UNSPECIFIED.) CURVE() 
GEOMETRIC_REPRESENTATION_ITEM() RATIONAL_B_SPLINE_CURVE((1.,0.5,1.,0.5,
1.,0.5,1.)) REPRESENTATION_ITEM('') );
#6313 = CARTESIAN_POINT('',(31.75,167.));
#6314 = CARTESIAN_POINT('',(31.75,165.70096189432));
#6315 = CARTESIAN_POINT('',(30.625,166.35048094716));
#6316 = CARTESIAN_POINT('',(29.5,167.));
#6317 = CARTESIAN_POINT('',(30.625,167.64951905283));
#6318 = CARTESIAN_POINT('',(31.75,168.29903810567));
#6319 = CARTESIAN_POINT('',(31.75,167.));
#6320 = ( GEOMETRIC_REPRESENTATION_CONTEXT(2) 
PARAMETRIC_REPRESENTATION_CONTEXT() REPRESENTATION_CONTEXT('2D SPACE',''
  ) );
#6321 = PCURVE('',#3136,#6322);
#6322 = DEFINITIONAL_REPRESENTATION('',(#6323),#6327);
#6323 = LINE('',#6324,#6325);
#6324 = CARTESIAN_POINT('',(-4.138911435803E-13,-0.1));
#6325 = VECTOR('',#6326,1.);
#6326 = DIRECTION('',(1.,-0.));
#6327 = ( GEOMETRIC_REPRESENTATION_CONTEXT(2) 
PARAMETRIC_REPRESENTATION_CONTEXT() REPRESENTATION_CONTEXT('2D SPACE',''
  ) );
#6328 = FACE_BOUND('',#6329,.F.);
#6329 = EDGE_LOOP('',(#6330));
#6330 = ORIENTED_EDGE('',*,*,#6331,.T.);
#6331 = EDGE_CURVE('',#6332,#6332,#6334,.T.);
#6332 = VERTEX_POINT('',#6333);
#6333 = CARTESIAN_POINT('',(31.75,177.,0.));
#6334 = SURFACE_CURVE('',#6335,(#6340,#6351),.PCURVE_S1.);
#6335 = CIRCLE('',#6336,0.75);
#6336 = AXIS2_PLACEMENT_3D('',#6337,#6338,#6339);
#6337 = CARTESIAN_POINT('',(31.,177.,0.));
#6338 = DIRECTION('',(0.,0.,-1.));
#6339 = DIRECTION('',(1.,0.,0.));
#6340 = PCURVE('',#682,#6341);
#6341 = DEFINITIONAL_REPRESENTATION('',(#6342),#6350);
#6342 = ( BOUNDED_CURVE() B_SPLINE_CURVE(2,(#6343,#6344,#6345,#6346,
#6347,#6348,#6349),.UNSPECIFIED.,.T.,.F.) B_SPLINE_CURVE_WITH_KNOTS((1,2
    ,2,2,2,1),(-2.094395102393,0.,2.094395102393,4.188790204786,
6.28318530718,8.377580409573),.UNSPECIFIED.) CURVE() 
GEOMETRIC_REPRESENTATION_ITEM() RATIONAL_B_SPLINE_CURVE((1.,0.5,1.,0.5,
1.,0.5,1.)) REPRESENTATION_ITEM('') );
#6343 = CARTESIAN_POINT('',(31.75,177.));
#6344 = CARTESIAN_POINT('',(31.75,175.70096189432));
#6345 = CARTESIAN_POINT('',(30.625,176.35048094716));
#6346 = CARTESIAN_POINT('',(29.5,177.));
#6347 = CARTESIAN_POINT('',(30.625,177.64951905283));
#6348 = CARTESIAN_POINT('',(31.75,178.29903810567));
#6349 = CARTESIAN_POINT('',(31.75,177.));
#6350 = ( GEOMETRIC_REPRESENTATION_CONTEXT(2) 
PARAMETRIC_REPRESENTATION_CONTEXT() REPRESENTATION_CONTEXT('2D SPACE',''
  ) );
#6351 = PCURVE('',#3171,#6352);
#6352 = DEFINITIONAL_REPRESENTATION('',(#6353),#6357);
#6353 = LINE('',#6354,#6355);
#6354 = CARTESIAN_POINT('',(-4.138911435803E-13,-0.1));
#6355 = VECTOR('',#6356,1.);
#6356 = DIRECTION('',(1.,-0.));
#6357 = ( GEOMETRIC_REPRESENTATION_CONTEXT(2) 
PARAMETRIC_REPRESENTATION_CONTEXT() REPRESENTATION_CONTEXT('2D SPACE',''
  ) );
#6358 = FACE_BOUND('',#6359,.F.);
#6359 = EDGE_LOOP('',(#6360));
#6360 = ORIENTED_EDGE('',*,*,#6361,.T.);
#6361 = EDGE_CURVE('',#6362,#6362,#6364,.T.);
#6362 = VERTEX_POINT('',#6363);
#6363 = CARTESIAN_POINT('',(31.75,187.,0.));
#6364 = SURFACE_CURVE('',#6365,(#6370,#6381),.PCURVE_S1.);
#6365 = CIRCLE('',#6366,0.75);
#6366 = AXIS2_PLACEMENT_3D('',#6367,#6368,#6369);
#6367 = CARTESIAN_POINT('',(31.,187.,0.));
#6368 = DIRECTION('',(0.,0.,-1.));
#6369 = DIRECTION('',(1.,0.,0.));
#6370 = PCURVE('',#682,#6371);
#6371 = DEFINITIONAL_REPRESENTATION('',(#6372),#6380);
#6372 = ( BOUNDED_CURVE() B_SPLINE_CURVE(2,(#6373,#6374,#6375,#6376,
#6377,#6378,#6379),.UNSPECIFIED.,.T.,.F.) B_SPLINE_CURVE_WITH_KNOTS((1,2
    ,2,2,2,1),(-2.094395102393,0.,2.094395102393,4.188790204786,
6.28318530718,8.377580409573),.UNSPECIFIED.) CURVE() 
GEOMETRIC_REPRESENTATION_ITEM() RATIONAL_B_SPLINE_CURVE((1.,0.5,1.,0.5,
1.,0.5,1.)) REPRESENTATION_ITEM('') );
#6373 = CARTESIAN_POINT('',(31.75,187.));
#6374 = CARTESIAN_POINT('',(31.75,185.70096189432));
#6375 = CARTESIAN_POINT('',(30.625,186.35048094716));
#6376 = CARTESIAN_POINT('',(29.5,187.));
#6377 = CARTESIAN_POINT('',(30.625,187.64951905283));
#6378 = CARTESIAN_POINT('',(31.75,188.29903810567));
#6379 = CARTESIAN_POINT('',(31.75,187.));
#6380 = ( GEOMETRIC_REPRESENTATION_CONTEXT(2) 
PARAMETRIC_REPRESENTATION_CONTEXT() REPRESENTATION_CONTEXT('2D SPACE',''
  ) );
#6381 = PCURVE('',#3206,#6382);
#6382 = DEFINITIONAL_REPRESENTATION('',(#6383),#6387);
#6383 = LINE('',#6384,#6385);
#6384 = CARTESIAN_POINT('',(-4.138911435803E-13,-0.1));
#6385 = VECTOR('',#6386,1.);
#6386 = DIRECTION('',(1.,-0.));
#6387 = ( GEOMETRIC_REPRESENTATION_CONTEXT(2) 
PARAMETRIC_REPRESENTATION_CONTEXT() REPRESENTATION_CONTEXT('2D SPACE',''
  ) );
#6388 = FACE_BOUND('',#6389,.F.);
#6389 = EDGE_LOOP('',(#6390));
#6390 = ORIENTED_EDGE('',*,*,#6391,.T.);
#6391 = EDGE_CURVE('',#6392,#6392,#6394,.T.);
#6392 = VERTEX_POINT('',#6393);
#6393 = CARTESIAN_POINT('',(25.04,195.,0.));
#6394 = SURFACE_CURVE('',#6395,(#6400,#6411),.PCURVE_S1.);
#6395 = CIRCLE('',#6396,0.5);
#6396 = AXIS2_PLACEMENT_3D('',#6397,#6398,#6399);
#6397 = CARTESIAN_POINT('',(24.54,195.,0.));
#6398 = DIRECTION('',(0.,0.,-1.));
#6399 = DIRECTION('',(1.,0.,0.));
#6400 = PCURVE('',#682,#6401);
#6401 = DEFINITIONAL_REPRESENTATION('',(#6402),#6410);
#6402 = ( BOUNDED_CURVE() B_SPLINE_CURVE(2,(#6403,#6404,#6405,#6406,
#6407,#6408,#6409),.UNSPECIFIED.,.T.,.F.) B_SPLINE_CURVE_WITH_KNOTS((1,2
    ,2,2,2,1),(-2.094395102393,0.,2.094395102393,4.188790204786,
6.28318530718,8.377580409573),.UNSPECIFIED.) CURVE() 
GEOMETRIC_REPRESENTATION_ITEM() RATIONAL_B_SPLINE_CURVE((1.,0.5,1.,0.5,
1.,0.5,1.)) REPRESENTATION_ITEM('') );
#6403 = CARTESIAN_POINT('',(25.04,195.));
#6404 = CARTESIAN_POINT('',(25.04,194.13397459621));
#6405 = CARTESIAN_POINT('',(24.29,194.5669872981));
#6406 = CARTESIAN_POINT('',(23.54,195.));
#6407 = CARTESIAN_POINT('',(24.29,195.43301270189));
#6408 = CARTESIAN_POINT('',(25.04,195.86602540378));
#6409 = CARTESIAN_POINT('',(25.04,195.));
#6410 = ( GEOMETRIC_REPRESENTATION_CONTEXT(2) 
PARAMETRIC_REPRESENTATION_CONTEXT() REPRESENTATION_CONTEXT('2D SPACE',''
  ) );
#6411 = PCURVE('',#3241,#6412);
#6412 = DEFINITIONAL_REPRESENTATION('',(#6413),#6417);
#6413 = LINE('',#6414,#6415);
#6414 = CARTESIAN_POINT('',(-4.138911435803E-13,-0.1));
#6415 = VECTOR('',#6416,1.);
#6416 = DIRECTION('',(1.,-0.));
#6417 = ( GEOMETRIC_REPRESENTATION_CONTEXT(2) 
PARAMETRIC_REPRESENTATION_CONTEXT() REPRESENTATION_CONTEXT('2D SPACE',''
  ) );
#6418 = FACE_BOUND('',#6419,.F.);
#6419 = EDGE_LOOP('',(#6420));
#6420 = ORIENTED_EDGE('',*,*,#6421,.T.);
#6421 = EDGE_CURVE('',#6422,#6422,#6424,.T.);
#6422 = VERTEX_POINT('',#6423);
#6423 = CARTESIAN_POINT('',(27.58,195.,0.));
#6424 = SURFACE_CURVE('',#6425,(#6430,#6441),.PCURVE_S1.);
#6425 = CIRCLE('',#6426,0.5);
#6426 = AXIS2_PLACEMENT_3D('',#6427,#6428,#6429);
#6427 = CARTESIAN_POINT('',(27.08,195.,0.));
#6428 = DIRECTION('',(0.,0.,-1.));
#6429 = DIRECTION('',(1.,0.,0.));
#6430 = PCURVE('',#682,#6431);
#6431 = DEFINITIONAL_REPRESENTATION('',(#6432),#6440);
#6432 = ( BOUNDED_CURVE() B_SPLINE_CURVE(2,(#6433,#6434,#6435,#6436,
#6437,#6438,#6439),.UNSPECIFIED.,.T.,.F.) B_SPLINE_CURVE_WITH_KNOTS((1,2
    ,2,2,2,1),(-2.094395102393,0.,2.094395102393,4.188790204786,
6.28318530718,8.377580409573),.UNSPECIFIED.) CURVE() 
GEOMETRIC_REPRESENTATION_ITEM() RATIONAL_B_SPLINE_CURVE((1.,0.5,1.,0.5,
1.,0.5,1.)) REPRESENTATION_ITEM('') );
#6433 = CARTESIAN_POINT('',(27.58,195.));
#6434 = CARTESIAN_POINT('',(27.58,194.13397459621));
#6435 = CARTESIAN_POINT('',(26.83,194.5669872981));
#6436 = CARTESIAN_POINT('',(26.08,195.));
#6437 = CARTESIAN_POINT('',(26.83,195.43301270189));
#6438 = CARTESIAN_POINT('',(27.58,195.86602540378));
#6439 = CARTESIAN_POINT('',(27.58,195.));
#6440 = ( GEOMETRIC_REPRESENTATION_CONTEXT(2) 
PARAMETRIC_REPRESENTATION_CONTEXT() REPRESENTATION_CONTEXT('2D SPACE',''
  ) );
#6441 = PCURVE('',#3276,#6442);
#6442 = DEFINITIONAL_REPRESENTATION('',(#6443),#6447);
#6443 = LINE('',#6444,#6445);
#6444 = CARTESIAN_POINT('',(-4.138911435803E-13,-0.1));
#6445 = VECTOR('',#6446,1.);
#6446 = DIRECTION('',(1.,-0.));
#6447 = ( GEOMETRIC_REPRESENTATION_CONTEXT(2) 
PARAMETRIC_REPRESENTATION_CONTEXT() REPRESENTATION_CONTEXT('2D SPACE',''
  ) );
#6448 = FACE_BOUND('',#6449,.F.);
#6449 = EDGE_LOOP('',(#6450));
#6450 = ORIENTED_EDGE('',*,*,#6451,.T.);
#6451 = EDGE_CURVE('',#6452,#6452,#6454,.T.);
#6452 = VERTEX_POINT('',#6453);
#6453 = CARTESIAN_POINT('',(25.04,197.54,0.));
#6454 = SURFACE_CURVE('',#6455,(#6460,#6471),.PCURVE_S1.);
#6455 = CIRCLE('',#6456,0.5);
#6456 = AXIS2_PLACEMENT_3D('',#6457,#6458,#6459);
#6457 = CARTESIAN_POINT('',(24.54,197.54,0.));
#6458 = DIRECTION('',(0.,0.,-1.));
#6459 = DIRECTION('',(1.,0.,0.));
#6460 = PCURVE('',#682,#6461);
#6461 = DEFINITIONAL_REPRESENTATION('',(#6462),#6470);
#6462 = ( BOUNDED_CURVE() B_SPLINE_CURVE(2,(#6463,#6464,#6465,#6466,
#6467,#6468,#6469),.UNSPECIFIED.,.T.,.F.) B_SPLINE_CURVE_WITH_KNOTS((1,2
    ,2,2,2,1),(-2.094395102393,0.,2.094395102393,4.188790204786,
6.28318530718,8.377580409573),.UNSPECIFIED.) CURVE() 
GEOMETRIC_REPRESENTATION_ITEM() RATIONAL_B_SPLINE_CURVE((1.,0.5,1.,0.5,
1.,0.5,1.)) REPRESENTATION_ITEM('') );
#6463 = CARTESIAN_POINT('',(25.04,197.54));
#6464 = CARTESIAN_POINT('',(25.04,196.67397459621));
#6465 = CARTESIAN_POINT('',(24.29,197.1069872981));
#6466 = CARTESIAN_POINT('',(23.54,197.54));
#6467 = CARTESIAN_POINT('',(24.29,197.97301270189));
#6468 = CARTESIAN_POINT('',(25.04,198.40602540378));
#6469 = CARTESIAN_POINT('',(25.04,197.54));
#6470 = ( GEOMETRIC_REPRESENTATION_CONTEXT(2) 
PARAMETRIC_REPRESENTATION_CONTEXT() REPRESENTATION_CONTEXT('2D SPACE',''
  ) );
#6471 = PCURVE('',#3311,#6472);
#6472 = DEFINITIONAL_REPRESENTATION('',(#6473),#6477);
#6473 = LINE('',#6474,#6475);
#6474 = CARTESIAN_POINT('',(-4.138911435803E-13,-0.1));
#6475 = VECTOR('',#6476,1.);
#6476 = DIRECTION('',(1.,-0.));
#6477 = ( GEOMETRIC_REPRESENTATION_CONTEXT(2) 
PARAMETRIC_REPRESENTATION_CONTEXT() REPRESENTATION_CONTEXT('2D SPACE',''
  ) );
#6478 = FACE_BOUND('',#6479,.F.);
#6479 = EDGE_LOOP('',(#6480));
#6480 = ORIENTED_EDGE('',*,*,#6481,.T.);
#6481 = EDGE_CURVE('',#6482,#6482,#6484,.T.);
#6482 = VERTEX_POINT('',#6483);
#6483 = CARTESIAN_POINT('',(27.58,197.54,0.));
#6484 = SURFACE_CURVE('',#6485,(#6490,#6501),.PCURVE_S1.);
#6485 = CIRCLE('',#6486,0.5);
#6486 = AXIS2_PLACEMENT_3D('',#6487,#6488,#6489);
#6487 = CARTESIAN_POINT('',(27.08,197.54,0.));
#6488 = DIRECTION('',(0.,0.,-1.));
#6489 = DIRECTION('',(1.,0.,0.));
#6490 = PCURVE('',#682,#6491);
#6491 = DEFINITIONAL_REPRESENTATION('',(#6492),#6500);
#6492 = ( BOUNDED_CURVE() B_SPLINE_CURVE(2,(#6493,#6494,#6495,#6496,
#6497,#6498,#6499),.UNSPECIFIED.,.T.,.F.) B_SPLINE_CURVE_WITH_KNOTS((1,2
    ,2,2,2,1),(-2.094395102393,0.,2.094395102393,4.188790204786,
6.28318530718,8.377580409573),.UNSPECIFIED.) CURVE() 
GEOMETRIC_REPRESENTATION_ITEM() RATIONAL_B_SPLINE_CURVE((1.,0.5,1.,0.5,
1.,0.5,1.)) REPRESENTATION_ITEM('') );
#6493 = CARTESIAN_POINT('',(27.58,197.54));
#6494 = CARTESIAN_POINT('',(27.58,196.67397459621));
#6495 = CARTESIAN_POINT('',(26.83,197.1069872981));
#6496 = CARTESIAN_POINT('',(26.08,197.54));
#6497 = CARTESIAN_POINT('',(26.83,197.97301270189));
#6498 = CARTESIAN_POINT('',(27.58,198.40602540378));
#6499 = CARTESIAN_POINT('',(27.58,197.54));
#6500 = ( GEOMETRIC_REPRESENTATION_CONTEXT(2) 
PARAMETRIC_REPRESENTATION_CONTEXT() REPRESENTATION_CONTEXT('2D SPACE',''
  ) );
#6501 = PCURVE('',#3346,#6502);
#6502 = DEFINITIONAL_REPRESENTATION('',(#6503),#6507);
#6503 = LINE('',#6504,#6505);
#6504 = CARTESIAN_POINT('',(-4.138911435803E-13,-0.1));
#6505 = VECTOR('',#6506,1.);
#6506 = DIRECTION('',(1.,-0.));
#6507 = ( GEOMETRIC_REPRESENTATION_CONTEXT(2) 
PARAMETRIC_REPRESENTATION_CONTEXT() REPRESENTATION_CONTEXT('2D SPACE',''
  ) );
#6508 = FACE_BOUND('',#6509,.F.);
#6509 = EDGE_LOOP('',(#6510));
#6510 = ORIENTED_EDGE('',*,*,#6511,.T.);
#6511 = EDGE_CURVE('',#6512,#6512,#6514,.T.);
#6512 = VERTEX_POINT('',#6513);
#6513 = CARTESIAN_POINT('',(53.75,117.,0.));
#6514 = SURFACE_CURVE('',#6515,(#6520,#6531),.PCURVE_S1.);
#6515 = CIRCLE('',#6516,0.75);
#6516 = AXIS2_PLACEMENT_3D('',#6517,#6518,#6519);
#6517 = CARTESIAN_POINT('',(53.,117.,0.));
#6518 = DIRECTION('',(0.,0.,-1.));
#6519 = DIRECTION('',(1.,0.,0.));
#6520 = PCURVE('',#682,#6521);
#6521 = DEFINITIONAL_REPRESENTATION('',(#6522),#6530);
#6522 = ( BOUNDED_CURVE() B_SPLINE_CURVE(2,(#6523,#6524,#6525,#6526,
#6527,#6528,#6529),.UNSPECIFIED.,.T.,.F.) B_SPLINE_CURVE_WITH_KNOTS((1,2
    ,2,2,2,1),(-2.094395102393,0.,2.094395102393,4.188790204786,
6.28318530718,8.377580409573),.UNSPECIFIED.) CURVE() 
GEOMETRIC_REPRESENTATION_ITEM() RATIONAL_B_SPLINE_CURVE((1.,0.5,1.,0.5,
1.,0.5,1.)) REPRESENTATION_ITEM('') );
#6523 = CARTESIAN_POINT('',(53.75,117.));
#6524 = CARTESIAN_POINT('',(53.75,115.70096189432));
#6525 = CARTESIAN_POINT('',(52.625,116.35048094716));
#6526 = CARTESIAN_POINT('',(51.5,117.));
#6527 = CARTESIAN_POINT('',(52.625,117.64951905283));
#6528 = CARTESIAN_POINT('',(53.75,118.29903810567));
#6529 = CARTESIAN_POINT('',(53.75,117.));
#6530 = ( GEOMETRIC_REPRESENTATION_CONTEXT(2) 
PARAMETRIC_REPRESENTATION_CONTEXT() REPRESENTATION_CONTEXT('2D SPACE',''
  ) );
#6531 = PCURVE('',#3381,#6532);
#6532 = DEFINITIONAL_REPRESENTATION('',(#6533),#6537);
#6533 = LINE('',#6534,#6535);
#6534 = CARTESIAN_POINT('',(-4.138911435803E-13,-0.1));
#6535 = VECTOR('',#6536,1.);
#6536 = DIRECTION('',(1.,-0.));
#6537 = ( GEOMETRIC_REPRESENTATION_CONTEXT(2) 
PARAMETRIC_REPRESENTATION_CONTEXT() REPRESENTATION_CONTEXT('2D SPACE',''
  ) );
#6538 = FACE_BOUND('',#6539,.F.);
#6539 = EDGE_LOOP('',(#6540));
#6540 = ORIENTED_EDGE('',*,*,#6541,.T.);
#6541 = EDGE_CURVE('',#6542,#6542,#6544,.T.);
#6542 = VERTEX_POINT('',#6543);
#6543 = CARTESIAN_POINT('',(53.75,127.,0.));
#6544 = SURFACE_CURVE('',#6545,(#6550,#6561),.PCURVE_S1.);
#6545 = CIRCLE('',#6546,0.75);
#6546 = AXIS2_PLACEMENT_3D('',#6547,#6548,#6549);
#6547 = CARTESIAN_POINT('',(53.,127.,0.));
#6548 = DIRECTION('',(0.,0.,-1.));
#6549 = DIRECTION('',(1.,0.,0.));
#6550 = PCURVE('',#682,#6551);
#6551 = DEFINITIONAL_REPRESENTATION('',(#6552),#6560);
#6552 = ( BOUNDED_CURVE() B_SPLINE_CURVE(2,(#6553,#6554,#6555,#6556,
#6557,#6558,#6559),.UNSPECIFIED.,.T.,.F.) B_SPLINE_CURVE_WITH_KNOTS((1,2
    ,2,2,2,1),(-2.094395102393,0.,2.094395102393,4.188790204786,
6.28318530718,8.377580409573),.UNSPECIFIED.) CURVE() 
GEOMETRIC_REPRESENTATION_ITEM() RATIONAL_B_SPLINE_CURVE((1.,0.5,1.,0.5,
1.,0.5,1.)) REPRESENTATION_ITEM('') );
#6553 = CARTESIAN_POINT('',(53.75,127.));
#6554 = CARTESIAN_POINT('',(53.75,125.70096189432));
#6555 = CARTESIAN_POINT('',(52.625,126.35048094716));
#6556 = CARTESIAN_POINT('',(51.5,127.));
#6557 = CARTESIAN_POINT('',(52.625,127.64951905283));
#6558 = CARTESIAN_POINT('',(53.75,128.29903810567));
#6559 = CARTESIAN_POINT('',(53.75,127.));
#6560 = ( GEOMETRIC_REPRESENTATION_CONTEXT(2) 
PARAMETRIC_REPRESENTATION_CONTEXT() REPRESENTATION_CONTEXT('2D SPACE',''
  ) );
#6561 = PCURVE('',#3416,#6562);
#6562 = DEFINITIONAL_REPRESENTATION('',(#6563),#6567);
#6563 = LINE('',#6564,#6565);
#6564 = CARTESIAN_POINT('',(-4.138911435803E-13,-0.1));
#6565 = VECTOR('',#6566,1.);
#6566 = DIRECTION('',(1.,-0.));
#6567 = ( GEOMETRIC_REPRESENTATION_CONTEXT(2) 
PARAMETRIC_REPRESENTATION_CONTEXT() REPRESENTATION_CONTEXT('2D SPACE',''
  ) );
#6568 = FACE_BOUND('',#6569,.F.);
#6569 = EDGE_LOOP('',(#6570));
#6570 = ORIENTED_EDGE('',*,*,#6571,.T.);
#6571 = EDGE_CURVE('',#6572,#6572,#6574,.T.);
#6572 = VERTEX_POINT('',#6573);
#6573 = CARTESIAN_POINT('',(53.75,137.,0.));
#6574 = SURFACE_CURVE('',#6575,(#6580,#6591),.PCURVE_S1.);
#6575 = CIRCLE('',#6576,0.75);
#6576 = AXIS2_PLACEMENT_3D('',#6577,#6578,#6579);
#6577 = CARTESIAN_POINT('',(53.,137.,0.));
#6578 = DIRECTION('',(0.,0.,-1.));
#6579 = DIRECTION('',(1.,0.,0.));
#6580 = PCURVE('',#682,#6581);
#6581 = DEFINITIONAL_REPRESENTATION('',(#6582),#6590);
#6582 = ( BOUNDED_CURVE() B_SPLINE_CURVE(2,(#6583,#6584,#6585,#6586,
#6587,#6588,#6589),.UNSPECIFIED.,.T.,.F.) B_SPLINE_CURVE_WITH_KNOTS((1,2
    ,2,2,2,1),(-2.094395102393,0.,2.094395102393,4.188790204786,
6.28318530718,8.377580409573),.UNSPECIFIED.) CURVE() 
GEOMETRIC_REPRESENTATION_ITEM() RATIONAL_B_SPLINE_CURVE((1.,0.5,1.,0.5,
1.,0.5,1.)) REPRESENTATION_ITEM('') );
#6583 = CARTESIAN_POINT('',(53.75,137.));
#6584 = CARTESIAN_POINT('',(53.75,135.70096189432));
#6585 = CARTESIAN_POINT('',(52.625,136.35048094716));
#6586 = CARTESIAN_POINT('',(51.5,137.));
#6587 = CARTESIAN_POINT('',(52.625,137.64951905283));
#6588 = CARTESIAN_POINT('',(53.75,138.29903810567));
#6589 = CARTESIAN_POINT('',(53.75,137.));
#6590 = ( GEOMETRIC_REPRESENTATION_CONTEXT(2) 
PARAMETRIC_REPRESENTATION_CONTEXT() REPRESENTATION_CONTEXT('2D SPACE',''
  ) );
#6591 = PCURVE('',#3451,#6592);
#6592 = DEFINITIONAL_REPRESENTATION('',(#6593),#6597);
#6593 = LINE('',#6594,#6595);
#6594 = CARTESIAN_POINT('',(-4.138911435803E-13,-0.1));
#6595 = VECTOR('',#6596,1.);
#6596 = DIRECTION('',(1.,-0.));
#6597 = ( GEOMETRIC_REPRESENTATION_CONTEXT(2) 
PARAMETRIC_REPRESENTATION_CONTEXT() REPRESENTATION_CONTEXT('2D SPACE',''
  ) );
#6598 = FACE_BOUND('',#6599,.F.);
#6599 = EDGE_LOOP('',(#6600));
#6600 = ORIENTED_EDGE('',*,*,#6601,.T.);
#6601 = EDGE_CURVE('',#6602,#6602,#6604,.T.);
#6602 = VERTEX_POINT('',#6603);
#6603 = CARTESIAN_POINT('',(53.75,147.,0.));
#6604 = SURFACE_CURVE('',#6605,(#6610,#6621),.PCURVE_S1.);
#6605 = CIRCLE('',#6606,0.75);
#6606 = AXIS2_PLACEMENT_3D('',#6607,#6608,#6609);
#6607 = CARTESIAN_POINT('',(53.,147.,0.));
#6608 = DIRECTION('',(0.,0.,-1.));
#6609 = DIRECTION('',(1.,0.,0.));
#6610 = PCURVE('',#682,#6611);
#6611 = DEFINITIONAL_REPRESENTATION('',(#6612),#6620);
#6612 = ( BOUNDED_CURVE() B_SPLINE_CURVE(2,(#6613,#6614,#6615,#6616,
#6617,#6618,#6619),.UNSPECIFIED.,.T.,.F.) B_SPLINE_CURVE_WITH_KNOTS((1,2
    ,2,2,2,1),(-2.094395102393,0.,2.094395102393,4.188790204786,
6.28318530718,8.377580409573),.UNSPECIFIED.) CURVE() 
GEOMETRIC_REPRESENTATION_ITEM() RATIONAL_B_SPLINE_CURVE((1.,0.5,1.,0.5,
1.,0.5,1.)) REPRESENTATION_ITEM('') );
#6613 = CARTESIAN_POINT('',(53.75,147.));
#6614 = CARTESIAN_POINT('',(53.75,145.70096189432));
#6615 = CARTESIAN_POINT('',(52.625,146.35048094716));
#6616 = CARTESIAN_POINT('',(51.5,147.));
#6617 = CARTESIAN_POINT('',(52.625,147.64951905283));
#6618 = CARTESIAN_POINT('',(53.75,148.29903810567));
#6619 = CARTESIAN_POINT('',(53.75,147.));
#6620 = ( GEOMETRIC_REPRESENTATION_CONTEXT(2) 
PARAMETRIC_REPRESENTATION_CONTEXT() REPRESENTATION_CONTEXT('2D SPACE',''
  ) );
#6621 = PCURVE('',#3486,#6622);
#6622 = DEFINITIONAL_REPRESENTATION('',(#6623),#6627);
#6623 = LINE('',#6624,#6625);
#6624 = CARTESIAN_POINT('',(-4.138911435803E-13,-0.1));
#6625 = VECTOR('',#6626,1.);
#6626 = DIRECTION('',(1.,-0.));
#6627 = ( GEOMETRIC_REPRESENTATION_CONTEXT(2) 
PARAMETRIC_REPRESENTATION_CONTEXT() REPRESENTATION_CONTEXT('2D SPACE',''
  ) );
#6628 = FACE_BOUND('',#6629,.F.);
#6629 = EDGE_LOOP('',(#6630));
#6630 = ORIENTED_EDGE('',*,*,#6631,.T.);
#6631 = EDGE_CURVE('',#6632,#6632,#6634,.T.);
#6632 = VERTEX_POINT('',#6633);
#6633 = CARTESIAN_POINT('',(53.75,157.,0.));
#6634 = SURFACE_CURVE('',#6635,(#6640,#6651),.PCURVE_S1.);
#6635 = CIRCLE('',#6636,0.75);
#6636 = AXIS2_PLACEMENT_3D('',#6637,#6638,#6639);
#6637 = CARTESIAN_POINT('',(53.,157.,0.));
#6638 = DIRECTION('',(0.,0.,-1.));
#6639 = DIRECTION('',(1.,0.,0.));
#6640 = PCURVE('',#682,#6641);
#6641 = DEFINITIONAL_REPRESENTATION('',(#6642),#6650);
#6642 = ( BOUNDED_CURVE() B_SPLINE_CURVE(2,(#6643,#6644,#6645,#6646,
#6647,#6648,#6649),.UNSPECIFIED.,.T.,.F.) B_SPLINE_CURVE_WITH_KNOTS((1,2
    ,2,2,2,1),(-2.094395102393,0.,2.094395102393,4.188790204786,
6.28318530718,8.377580409573),.UNSPECIFIED.) CURVE() 
GEOMETRIC_REPRESENTATION_ITEM() RATIONAL_B_SPLINE_CURVE((1.,0.5,1.,0.5,
1.,0.5,1.)) REPRESENTATION_ITEM('') );
#6643 = CARTESIAN_POINT('',(53.75,157.));
#6644 = CARTESIAN_POINT('',(53.75,155.70096189432));
#6645 = CARTESIAN_POINT('',(52.625,156.35048094716));
#6646 = CARTESIAN_POINT('',(51.5,157.));
#6647 = CARTESIAN_POINT('',(52.625,157.64951905283));
#6648 = CARTESIAN_POINT('',(53.75,158.29903810567));
#6649 = CARTESIAN_POINT('',(53.75,157.));
#6650 = ( GEOMETRIC_REPRESENTATION_CONTEXT(2) 
PARAMETRIC_REPRESENTATION_CONTEXT() REPRESENTATION_CONTEXT('2D SPACE',''
  ) );
#6651 = PCURVE('',#3521,#6652);
#6652 = DEFINITIONAL_REPRESENTATION('',(#6653),#6657);
#6653 = LINE('',#6654,#6655);
#6654 = CARTESIAN_POINT('',(-4.138911435803E-13,-0.1));
#6655 = VECTOR('',#6656,1.);
#6656 = DIRECTION('',(1.,-0.));
#6657 = ( GEOMETRIC_REPRESENTATION_CONTEXT(2) 
PARAMETRIC_REPRESENTATION_CONTEXT() REPRESENTATION_CONTEXT('2D SPACE',''
  ) );
#6658 = FACE_BOUND('',#6659,.F.);
#6659 = EDGE_LOOP('',(#6660));
#6660 = ORIENTED_EDGE('',*,*,#6661,.T.);
#6661 = EDGE_CURVE('',#6662,#6662,#6664,.T.);
#6662 = VERTEX_POINT('',#6663);
#6663 = CARTESIAN_POINT('',(71.75,117.,0.));
#6664 = SURFACE_CURVE('',#6665,(#6670,#6681),.PCURVE_S1.);
#6665 = CIRCLE('',#6666,0.75);
#6666 = AXIS2_PLACEMENT_3D('',#6667,#6668,#6669);
#6667 = CARTESIAN_POINT('',(71.,117.,0.));
#6668 = DIRECTION('',(0.,0.,-1.));
#6669 = DIRECTION('',(1.,0.,0.));
#6670 = PCURVE('',#682,#6671);
#6671 = DEFINITIONAL_REPRESENTATION('',(#6672),#6680);
#6672 = ( BOUNDED_CURVE() B_SPLINE_CURVE(2,(#6673,#6674,#6675,#6676,
#6677,#6678,#6679),.UNSPECIFIED.,.T.,.F.) B_SPLINE_CURVE_WITH_KNOTS((1,2
    ,2,2,2,1),(-2.094395102393,0.,2.094395102393,4.188790204786,
6.28318530718,8.377580409573),.UNSPECIFIED.) CURVE() 
GEOMETRIC_REPRESENTATION_ITEM() RATIONAL_B_SPLINE_CURVE((1.,0.5,1.,0.5,
1.,0.5,1.)) REPRESENTATION_ITEM('') );
#6673 = CARTESIAN_POINT('',(71.75,117.));
#6674 = CARTESIAN_POINT('',(71.75,115.70096189432));
#6675 = CARTESIAN_POINT('',(70.625,116.35048094716));
#6676 = CARTESIAN_POINT('',(69.5,117.));
#6677 = CARTESIAN_POINT('',(70.625,117.64951905283));
#6678 = CARTESIAN_POINT('',(71.75,118.29903810567));
#6679 = CARTESIAN_POINT('',(71.75,117.));
#6680 = ( GEOMETRIC_REPRESENTATION_CONTEXT(2) 
PARAMETRIC_REPRESENTATION_CONTEXT() REPRESENTATION_CONTEXT('2D SPACE',''
  ) );
#6681 = PCURVE('',#3556,#6682);
#6682 = DEFINITIONAL_REPRESENTATION('',(#6683),#6687);
#6683 = LINE('',#6684,#6685);
#6684 = CARTESIAN_POINT('',(-4.138911435803E-13,-0.1));
#6685 = VECTOR('',#6686,1.);
#6686 = DIRECTION('',(1.,-0.));
#6687 = ( GEOMETRIC_REPRESENTATION_CONTEXT(2) 
PARAMETRIC_REPRESENTATION_CONTEXT() REPRESENTATION_CONTEXT('2D SPACE',''
  ) );
#6688 = FACE_BOUND('',#6689,.F.);
#6689 = EDGE_LOOP('',(#6690));
#6690 = ORIENTED_EDGE('',*,*,#6691,.T.);
#6691 = EDGE_CURVE('',#6692,#6692,#6694,.T.);
#6692 = VERTEX_POINT('',#6693);
#6693 = CARTESIAN_POINT('',(71.75,127.,0.));
#6694 = SURFACE_CURVE('',#6695,(#6700,#6711),.PCURVE_S1.);
#6695 = CIRCLE('',#6696,0.75);
#6696 = AXIS2_PLACEMENT_3D('',#6697,#6698,#6699);
#6697 = CARTESIAN_POINT('',(71.,127.,0.));
#6698 = DIRECTION('',(0.,0.,-1.));
#6699 = DIRECTION('',(1.,0.,0.));
#6700 = PCURVE('',#682,#6701);
#6701 = DEFINITIONAL_REPRESENTATION('',(#6702),#6710);
#6702 = ( BOUNDED_CURVE() B_SPLINE_CURVE(2,(#6703,#6704,#6705,#6706,
#6707,#6708,#6709),.UNSPECIFIED.,.T.,.F.) B_SPLINE_CURVE_WITH_KNOTS((1,2
    ,2,2,2,1),(-2.094395102393,0.,2.094395102393,4.188790204786,
6.28318530718,8.377580409573),.UNSPECIFIED.) CURVE() 
GEOMETRIC_REPRESENTATION_ITEM() RATIONAL_B_SPLINE_CURVE((1.,0.5,1.,0.5,
1.,0.5,1.)) REPRESENTATION_ITEM('') );
#6703 = CARTESIAN_POINT('',(71.75,127.));
#6704 = CARTESIAN_POINT('',(71.75,125.70096189432));
#6705 = CARTESIAN_POINT('',(70.625,126.35048094716));
#6706 = CARTESIAN_POINT('',(69.5,127.));
#6707 = CARTESIAN_POINT('',(70.625,127.64951905283));
#6708 = CARTESIAN_POINT('',(71.75,128.29903810567));
#6709 = CARTESIAN_POINT('',(71.75,127.));
#6710 = ( GEOMETRIC_REPRESENTATION_CONTEXT(2) 
PARAMETRIC_REPRESENTATION_CONTEXT() REPRESENTATION_CONTEXT('2D SPACE',''
  ) );
#6711 = PCURVE('',#3591,#6712);
#6712 = DEFINITIONAL_REPRESENTATION('',(#6713),#6717);
#6713 = LINE('',#6714,#6715);
#6714 = CARTESIAN_POINT('',(-4.138911435803E-13,-0.1));
#6715 = VECTOR('',#6716,1.);
#6716 = DIRECTION('',(1.,-0.));
#6717 = ( GEOMETRIC_REPRESENTATION_CONTEXT(2) 
PARAMETRIC_REPRESENTATION_CONTEXT() REPRESENTATION_CONTEXT('2D SPACE',''
  ) );
#6718 = FACE_BOUND('',#6719,.F.);
#6719 = EDGE_LOOP('',(#6720));
#6720 = ORIENTED_EDGE('',*,*,#6721,.T.);
#6721 = EDGE_CURVE('',#6722,#6722,#6724,.T.);
#6722 = VERTEX_POINT('',#6723);
#6723 = CARTESIAN_POINT('',(71.75,137.,0.));
#6724 = SURFACE_CURVE('',#6725,(#6730,#6741),.PCURVE_S1.);
#6725 = CIRCLE('',#6726,0.75);
#6726 = AXIS2_PLACEMENT_3D('',#6727,#6728,#6729);
#6727 = CARTESIAN_POINT('',(71.,137.,0.));
#6728 = DIRECTION('',(0.,0.,-1.));
#6729 = DIRECTION('',(1.,0.,0.));
#6730 = PCURVE('',#682,#6731);
#6731 = DEFINITIONAL_REPRESENTATION('',(#6732),#6740);
#6732 = ( BOUNDED_CURVE() B_SPLINE_CURVE(2,(#6733,#6734,#6735,#6736,
#6737,#6738,#6739),.UNSPECIFIED.,.T.,.F.) B_SPLINE_CURVE_WITH_KNOTS((1,2
    ,2,2,2,1),(-2.094395102393,0.,2.094395102393,4.188790204786,
6.28318530718,8.377580409573),.UNSPECIFIED.) CURVE() 
GEOMETRIC_REPRESENTATION_ITEM() RATIONAL_B_SPLINE_CURVE((1.,0.5,1.,0.5,
1.,0.5,1.)) REPRESENTATION_ITEM('') );
#6733 = CARTESIAN_POINT('',(71.75,137.));
#6734 = CARTESIAN_POINT('',(71.75,135.70096189432));
#6735 = CARTESIAN_POINT('',(70.625,136.35048094716));
#6736 = CARTESIAN_POINT('',(69.5,137.));
#6737 = CARTESIAN_POINT('',(70.625,137.64951905283));
#6738 = CARTESIAN_POINT('',(71.75,138.29903810567));
#6739 = CARTESIAN_POINT('',(71.75,137.));
#6740 = ( GEOMETRIC_REPRESENTATION_CONTEXT(2) 
PARAMETRIC_REPRESENTATION_CONTEXT() REPRESENTATION_CONTEXT('2D SPACE',''
  ) );
#6741 = PCURVE('',#3626,#6742);
#6742 = DEFINITIONAL_REPRESENTATION('',(#6743),#6747);
#6743 = LINE('',#6744,#6745);
#6744 = CARTESIAN_POINT('',(-4.138911435803E-13,-0.1));
#6745 = VECTOR('',#6746,1.);
#6746 = DIRECTION('',(1.,-0.));
#6747 = ( GEOMETRIC_REPRESENTATION_CONTEXT(2) 
PARAMETRIC_REPRESENTATION_CONTEXT() REPRESENTATION_CONTEXT('2D SPACE',''
  ) );
#6748 = FACE_BOUND('',#6749,.F.);
#6749 = EDGE_LOOP('',(#6750));
#6750 = ORIENTED_EDGE('',*,*,#6751,.T.);
#6751 = EDGE_CURVE('',#6752,#6752,#6754,.T.);
#6752 = VERTEX_POINT('',#6753);
#6753 = CARTESIAN_POINT('',(71.75,147.,0.));
#6754 = SURFACE_CURVE('',#6755,(#6760,#6771),.PCURVE_S1.);
#6755 = CIRCLE('',#6756,0.75);
#6756 = AXIS2_PLACEMENT_3D('',#6757,#6758,#6759);
#6757 = CARTESIAN_POINT('',(71.,147.,0.));
#6758 = DIRECTION('',(0.,0.,-1.));
#6759 = DIRECTION('',(1.,0.,0.));
#6760 = PCURVE('',#682,#6761);
#6761 = DEFINITIONAL_REPRESENTATION('',(#6762),#6770);
#6762 = ( BOUNDED_CURVE() B_SPLINE_CURVE(2,(#6763,#6764,#6765,#6766,
#6767,#6768,#6769),.UNSPECIFIED.,.T.,.F.) B_SPLINE_CURVE_WITH_KNOTS((1,2
    ,2,2,2,1),(-2.094395102393,0.,2.094395102393,4.188790204786,
6.28318530718,8.377580409573),.UNSPECIFIED.) CURVE() 
GEOMETRIC_REPRESENTATION_ITEM() RATIONAL_B_SPLINE_CURVE((1.,0.5,1.,0.5,
1.,0.5,1.)) REPRESENTATION_ITEM('') );
#6763 = CARTESIAN_POINT('',(71.75,147.));
#6764 = CARTESIAN_POINT('',(71.75,145.70096189432));
#6765 = CARTESIAN_POINT('',(70.625,146.35048094716));
#6766 = CARTESIAN_POINT('',(69.5,147.));
#6767 = CARTESIAN_POINT('',(70.625,147.64951905283));
#6768 = CARTESIAN_POINT('',(71.75,148.29903810567));
#6769 = CARTESIAN_POINT('',(71.75,147.));
#6770 = ( GEOMETRIC_REPRESENTATION_CONTEXT(2) 
PARAMETRIC_REPRESENTATION_CONTEXT() REPRESENTATION_CONTEXT('2D SPACE',''
  ) );
#6771 = PCURVE('',#3661,#6772);
#6772 = DEFINITIONAL_REPRESENTATION('',(#6773),#6777);
#6773 = LINE('',#6774,#6775);
#6774 = CARTESIAN_POINT('',(-4.138911435803E-13,-0.1));
#6775 = VECTOR('',#6776,1.);
#6776 = DIRECTION('',(1.,-0.));
#6777 = ( GEOMETRIC_REPRESENTATION_CONTEXT(2) 
PARAMETRIC_REPRESENTATION_CONTEXT() REPRESENTATION_CONTEXT('2D SPACE',''
  ) );
#6778 = FACE_BOUND('',#6779,.F.);
#6779 = EDGE_LOOP('',(#6780));
#6780 = ORIENTED_EDGE('',*,*,#6781,.T.);
#6781 = EDGE_CURVE('',#6782,#6782,#6784,.T.);
#6782 = VERTEX_POINT('',#6783);
#6783 = CARTESIAN_POINT('',(71.75,157.,0.));
#6784 = SURFACE_CURVE('',#6785,(#6790,#6801),.PCURVE_S1.);
#6785 = CIRCLE('',#6786,0.75);
#6786 = AXIS2_PLACEMENT_3D('',#6787,#6788,#6789);
#6787 = CARTESIAN_POINT('',(71.,157.,0.));
#6788 = DIRECTION('',(0.,0.,-1.));
#6789 = DIRECTION('',(1.,0.,0.));
#6790 = PCURVE('',#682,#6791);
#6791 = DEFINITIONAL_REPRESENTATION('',(#6792),#6800);
#6792 = ( BOUNDED_CURVE() B_SPLINE_CURVE(2,(#6793,#6794,#6795,#6796,
#6797,#6798,#6799),.UNSPECIFIED.,.T.,.F.) B_SPLINE_CURVE_WITH_KNOTS((1,2
    ,2,2,2,1),(-2.094395102393,0.,2.094395102393,4.188790204786,
6.28318530718,8.377580409573),.UNSPECIFIED.) CURVE() 
GEOMETRIC_REPRESENTATION_ITEM() RATIONAL_B_SPLINE_CURVE((1.,0.5,1.,0.5,
1.,0.5,1.)) REPRESENTATION_ITEM('') );
#6793 = CARTESIAN_POINT('',(71.75,157.));
#6794 = CARTESIAN_POINT('',(71.75,155.70096189432));
#6795 = CARTESIAN_POINT('',(70.625,156.35048094716));
#6796 = CARTESIAN_POINT('',(69.5,157.));
#6797 = CARTESIAN_POINT('',(70.625,157.64951905283));
#6798 = CARTESIAN_POINT('',(71.75,158.29903810567));
#6799 = CARTESIAN_POINT('',(71.75,157.));
#6800 = ( GEOMETRIC_REPRESENTATION_CONTEXT(2) 
PARAMETRIC_REPRESENTATION_CONTEXT() REPRESENTATION_CONTEXT('2D SPACE',''
  ) );
#6801 = PCURVE('',#3696,#6802);
#6802 = DEFINITIONAL_REPRESENTATION('',(#6803),#6807);
#6803 = LINE('',#6804,#6805);
#6804 = CARTESIAN_POINT('',(-4.138911435803E-13,-0.1));
#6805 = VECTOR('',#6806,1.);
#6806 = DIRECTION('',(1.,-0.));
#6807 = ( GEOMETRIC_REPRESENTATION_CONTEXT(2) 
PARAMETRIC_REPRESENTATION_CONTEXT() REPRESENTATION_CONTEXT('2D SPACE',''
  ) );
#6808 = FACE_BOUND('',#6809,.F.);
#6809 = EDGE_LOOP('',(#6810));
#6810 = ORIENTED_EDGE('',*,*,#6811,.T.);
#6811 = EDGE_CURVE('',#6812,#6812,#6814,.T.);
#6812 = VERTEX_POINT('',#6813);
#6813 = CARTESIAN_POINT('',(53.75,167.,0.));
#6814 = SURFACE_CURVE('',#6815,(#6820,#6831),.PCURVE_S1.);
#6815 = CIRCLE('',#6816,0.75);
#6816 = AXIS2_PLACEMENT_3D('',#6817,#6818,#6819);
#6817 = CARTESIAN_POINT('',(53.,167.,0.));
#6818 = DIRECTION('',(0.,0.,-1.));
#6819 = DIRECTION('',(1.,0.,0.));
#6820 = PCURVE('',#682,#6821);
#6821 = DEFINITIONAL_REPRESENTATION('',(#6822),#6830);
#6822 = ( BOUNDED_CURVE() B_SPLINE_CURVE(2,(#6823,#6824,#6825,#6826,
#6827,#6828,#6829),.UNSPECIFIED.,.T.,.F.) B_SPLINE_CURVE_WITH_KNOTS((1,2
    ,2,2,2,1),(-2.094395102393,0.,2.094395102393,4.188790204786,
6.28318530718,8.377580409573),.UNSPECIFIED.) CURVE() 
GEOMETRIC_REPRESENTATION_ITEM() RATIONAL_B_SPLINE_CURVE((1.,0.5,1.,0.5,
1.,0.5,1.)) REPRESENTATION_ITEM('') );
#6823 = CARTESIAN_POINT('',(53.75,167.));
#6824 = CARTESIAN_POINT('',(53.75,165.70096189432));
#6825 = CARTESIAN_POINT('',(52.625,166.35048094716));
#6826 = CARTESIAN_POINT('',(51.5,167.));
#6827 = CARTESIAN_POINT('',(52.625,167.64951905283));
#6828 = CARTESIAN_POINT('',(53.75,168.29903810567));
#6829 = CARTESIAN_POINT('',(53.75,167.));
#6830 = ( GEOMETRIC_REPRESENTATION_CONTEXT(2) 
PARAMETRIC_REPRESENTATION_CONTEXT() REPRESENTATION_CONTEXT('2D SPACE',''
  ) );
#6831 = PCURVE('',#3731,#6832);
#6832 = DEFINITIONAL_REPRESENTATION('',(#6833),#6837);
#6833 = LINE('',#6834,#6835);
#6834 = CARTESIAN_POINT('',(-4.138911435803E-13,-0.1));
#6835 = VECTOR('',#6836,1.);
#6836 = DIRECTION('',(1.,-0.));
#6837 = ( GEOMETRIC_REPRESENTATION_CONTEXT(2) 
PARAMETRIC_REPRESENTATION_CONTEXT() REPRESENTATION_CONTEXT('2D SPACE',''
  ) );
#6838 = FACE_BOUND('',#6839,.F.);
#6839 = EDGE_LOOP('',(#6840));
#6840 = ORIENTED_EDGE('',*,*,#6841,.T.);
#6841 = EDGE_CURVE('',#6842,#6842,#6844,.T.);
#6842 = VERTEX_POINT('',#6843);
#6843 = CARTESIAN_POINT('',(53.75,177.,0.));
#6844 = SURFACE_CURVE('',#6845,(#6850,#6861),.PCURVE_S1.);
#6845 = CIRCLE('',#6846,0.75);
#6846 = AXIS2_PLACEMENT_3D('',#6847,#6848,#6849);
#6847 = CARTESIAN_POINT('',(53.,177.,0.));
#6848 = DIRECTION('',(0.,0.,-1.));
#6849 = DIRECTION('',(1.,0.,0.));
#6850 = PCURVE('',#682,#6851);
#6851 = DEFINITIONAL_REPRESENTATION('',(#6852),#6860);
#6852 = ( BOUNDED_CURVE() B_SPLINE_CURVE(2,(#6853,#6854,#6855,#6856,
#6857,#6858,#6859),.UNSPECIFIED.,.T.,.F.) B_SPLINE_CURVE_WITH_KNOTS((1,2
    ,2,2,2,1),(-2.094395102393,0.,2.094395102393,4.188790204786,
6.28318530718,8.377580409573),.UNSPECIFIED.) CURVE() 
GEOMETRIC_REPRESENTATION_ITEM() RATIONAL_B_SPLINE_CURVE((1.,0.5,1.,0.5,
1.,0.5,1.)) REPRESENTATION_ITEM('') );
#6853 = CARTESIAN_POINT('',(53.75,177.));
#6854 = CARTESIAN_POINT('',(53.75,175.70096189432));
#6855 = CARTESIAN_POINT('',(52.625,176.35048094716));
#6856 = CARTESIAN_POINT('',(51.5,177.));
#6857 = CARTESIAN_POINT('',(52.625,177.64951905283));
#6858 = CARTESIAN_POINT('',(53.75,178.29903810567));
#6859 = CARTESIAN_POINT('',(53.75,177.));
#6860 = ( GEOMETRIC_REPRESENTATION_CONTEXT(2) 
PARAMETRIC_REPRESENTATION_CONTEXT() REPRESENTATION_CONTEXT('2D SPACE',''
  ) );
#6861 = PCURVE('',#3766,#6862);
#6862 = DEFINITIONAL_REPRESENTATION('',(#6863),#6867);
#6863 = LINE('',#6864,#6865);
#6864 = CARTESIAN_POINT('',(-4.138911435803E-13,-0.1));
#6865 = VECTOR('',#6866,1.);
#6866 = DIRECTION('',(1.,-0.));
#6867 = ( GEOMETRIC_REPRESENTATION_CONTEXT(2) 
PARAMETRIC_REPRESENTATION_CONTEXT() REPRESENTATION_CONTEXT('2D SPACE',''
  ) );
#6868 = FACE_BOUND('',#6869,.F.);
#6869 = EDGE_LOOP('',(#6870));
#6870 = ORIENTED_EDGE('',*,*,#6871,.T.);
#6871 = EDGE_CURVE('',#6872,#6872,#6874,.T.);
#6872 = VERTEX_POINT('',#6873);
#6873 = CARTESIAN_POINT('',(53.75,187.,0.));
#6874 = SURFACE_CURVE('',#6875,(#6880,#6891),.PCURVE_S1.);
#6875 = CIRCLE('',#6876,0.75);
#6876 = AXIS2_PLACEMENT_3D('',#6877,#6878,#6879);
#6877 = CARTESIAN_POINT('',(53.,187.,0.));
#6878 = DIRECTION('',(0.,0.,-1.));
#6879 = DIRECTION('',(1.,0.,0.));
#6880 = PCURVE('',#682,#6881);
#6881 = DEFINITIONAL_REPRESENTATION('',(#6882),#6890);
#6882 = ( BOUNDED_CURVE() B_SPLINE_CURVE(2,(#6883,#6884,#6885,#6886,
#6887,#6888,#6889),.UNSPECIFIED.,.T.,.F.) B_SPLINE_CURVE_WITH_KNOTS((1,2
    ,2,2,2,1),(-2.094395102393,0.,2.094395102393,4.188790204786,
6.28318530718,8.377580409573),.UNSPECIFIED.) CURVE() 
GEOMETRIC_REPRESENTATION_ITEM() RATIONAL_B_SPLINE_CURVE((1.,0.5,1.,0.5,
1.,0.5,1.)) REPRESENTATION_ITEM('') );
#6883 = CARTESIAN_POINT('',(53.75,187.));
#6884 = CARTESIAN_POINT('',(53.75,185.70096189432));
#6885 = CARTESIAN_POINT('',(52.625,186.35048094716));
#6886 = CARTESIAN_POINT('',(51.5,187.));
#6887 = CARTESIAN_POINT('',(52.625,187.64951905283));
#6888 = CARTESIAN_POINT('',(53.75,188.29903810567));
#6889 = CARTESIAN_POINT('',(53.75,187.));
#6890 = ( GEOMETRIC_REPRESENTATION_CONTEXT(2) 
PARAMETRIC_REPRESENTATION_CONTEXT() REPRESENTATION_CONTEXT('2D SPACE',''
  ) );
#6891 = PCURVE('',#3801,#6892);
#6892 = DEFINITIONAL_REPRESENTATION('',(#6893),#6897);
#6893 = LINE('',#6894,#6895);
#6894 = CARTESIAN_POINT('',(-4.138911435803E-13,-0.1));
#6895 = VECTOR('',#6896,1.);
#6896 = DIRECTION('',(1.,-0.));
#6897 = ( GEOMETRIC_REPRESENTATION_CONTEXT(2) 
PARAMETRIC_REPRESENTATION_CONTEXT() REPRESENTATION_CONTEXT('2D SPACE',''
  ) );
#6898 = FACE_BOUND('',#6899,.F.);
#6899 = EDGE_LOOP('',(#6900));
#6900 = ORIENTED_EDGE('',*,*,#6901,.T.);
#6901 = EDGE_CURVE('',#6902,#6902,#6904,.T.);
#6902 = VERTEX_POINT('',#6903);
#6903 = CARTESIAN_POINT('',(57.42,195.,0.));
#6904 = SURFACE_CURVE('',#6905,(#6910,#6921),.PCURVE_S1.);
#6905 = CIRCLE('',#6906,0.5);
#6906 = AXIS2_PLACEMENT_3D('',#6907,#6908,#6909);
#6907 = CARTESIAN_POINT('',(56.92,195.,0.));
#6908 = DIRECTION('',(0.,0.,-1.));
#6909 = DIRECTION('',(1.,0.,0.));
#6910 = PCURVE('',#682,#6911);
#6911 = DEFINITIONAL_REPRESENTATION('',(#6912),#6920);
#6912 = ( BOUNDED_CURVE() B_SPLINE_CURVE(2,(#6913,#6914,#6915,#6916,
#6917,#6918,#6919),.UNSPECIFIED.,.T.,.F.) B_SPLINE_CURVE_WITH_KNOTS((1,2
    ,2,2,2,1),(-2.094395102393,0.,2.094395102393,4.188790204786,
6.28318530718,8.377580409573),.UNSPECIFIED.) CURVE() 
GEOMETRIC_REPRESENTATION_ITEM() RATIONAL_B_SPLINE_CURVE((1.,0.5,1.,0.5,
1.,0.5,1.)) REPRESENTATION_ITEM('') );
#6913 = CARTESIAN_POINT('',(57.42,195.));
#6914 = CARTESIAN_POINT('',(57.42,194.13397459621));
#6915 = CARTESIAN_POINT('',(56.67,194.5669872981));
#6916 = CARTESIAN_POINT('',(55.92,195.));
#6917 = CARTESIAN_POINT('',(56.67,195.43301270189));
#6918 = CARTESIAN_POINT('',(57.42,195.86602540378));
#6919 = CARTESIAN_POINT('',(57.42,195.));
#6920 = ( GEOMETRIC_REPRESENTATION_CONTEXT(2) 
PARAMETRIC_REPRESENTATION_CONTEXT() REPRESENTATION_CONTEXT('2D SPACE',''
  ) );
#6921 = PCURVE('',#3836,#6922);
#6922 = DEFINITIONAL_REPRESENTATION('',(#6923),#6927);
#6923 = LINE('',#6924,#6925);
#6924 = CARTESIAN_POINT('',(-4.138911435803E-13,-0.1));
#6925 = VECTOR('',#6926,1.);
#6926 = DIRECTION('',(1.,-0.));
#6927 = ( GEOMETRIC_REPRESENTATION_CONTEXT(2) 
PARAMETRIC_REPRESENTATION_CONTEXT() REPRESENTATION_CONTEXT('2D SPACE',''
  ) );
#6928 = FACE_BOUND('',#6929,.F.);
#6929 = EDGE_LOOP('',(#6930));
#6930 = ORIENTED_EDGE('',*,*,#6931,.T.);
#6931 = EDGE_CURVE('',#6932,#6932,#6934,.T.);
#6932 = VERTEX_POINT('',#6933);
#6933 = CARTESIAN_POINT('',(59.96,195.,0.));
#6934 = SURFACE_CURVE('',#6935,(#6940,#6951),.PCURVE_S1.);
#6935 = CIRCLE('',#6936,0.5);
#6936 = AXIS2_PLACEMENT_3D('',#6937,#6938,#6939);
#6937 = CARTESIAN_POINT('',(59.46,195.,0.));
#6938 = DIRECTION('',(0.,0.,-1.));
#6939 = DIRECTION('',(1.,0.,0.));
#6940 = PCURVE('',#682,#6941);
#6941 = DEFINITIONAL_REPRESENTATION('',(#6942),#6950);
#6942 = ( BOUNDED_CURVE() B_SPLINE_CURVE(2,(#6943,#6944,#6945,#6946,
#6947,#6948,#6949),.UNSPECIFIED.,.T.,.F.) B_SPLINE_CURVE_WITH_KNOTS((1,2
    ,2,2,2,1),(-2.094395102393,0.,2.094395102393,4.188790204786,
6.28318530718,8.377580409573),.UNSPECIFIED.) CURVE() 
GEOMETRIC_REPRESENTATION_ITEM() RATIONAL_B_SPLINE_CURVE((1.,0.5,1.,0.5,
1.,0.5,1.)) REPRESENTATION_ITEM('') );
#6943 = CARTESIAN_POINT('',(59.96,195.));
#6944 = CARTESIAN_POINT('',(59.96,194.13397459621));
#6945 = CARTESIAN_POINT('',(59.21,194.5669872981));
#6946 = CARTESIAN_POINT('',(58.46,195.));
#6947 = CARTESIAN_POINT('',(59.21,195.43301270189));
#6948 = CARTESIAN_POINT('',(59.96,195.86602540378));
#6949 = CARTESIAN_POINT('',(59.96,195.));
#6950 = ( GEOMETRIC_REPRESENTATION_CONTEXT(2) 
PARAMETRIC_REPRESENTATION_CONTEXT() REPRESENTATION_CONTEXT('2D SPACE',''
  ) );
#6951 = PCURVE('',#3871,#6952);
#6952 = DEFINITIONAL_REPRESENTATION('',(#6953),#6957);
#6953 = LINE('',#6954,#6955);
#6954 = CARTESIAN_POINT('',(-4.138911435803E-13,-0.1));
#6955 = VECTOR('',#6956,1.);
#6956 = DIRECTION('',(1.,-0.));
#6957 = ( GEOMETRIC_REPRESENTATION_CONTEXT(2) 
PARAMETRIC_REPRESENTATION_CONTEXT() REPRESENTATION_CONTEXT('2D SPACE',''
  ) );
#6958 = FACE_BOUND('',#6959,.F.);
#6959 = EDGE_LOOP('',(#6960));
#6960 = ORIENTED_EDGE('',*,*,#6961,.T.);
#6961 = EDGE_CURVE('',#6962,#6962,#6964,.T.);
#6962 = VERTEX_POINT('',#6963);
#6963 = CARTESIAN_POINT('',(57.42,197.54,0.));
#6964 = SURFACE_CURVE('',#6965,(#6970,#6981),.PCURVE_S1.);
#6965 = CIRCLE('',#6966,0.5);
#6966 = AXIS2_PLACEMENT_3D('',#6967,#6968,#6969);
#6967 = CARTESIAN_POINT('',(56.92,197.54,0.));
#6968 = DIRECTION('',(0.,0.,-1.));
#6969 = DIRECTION('',(1.,0.,0.));
#6970 = PCURVE('',#682,#6971);
#6971 = DEFINITIONAL_REPRESENTATION('',(#6972),#6980);
#6972 = ( BOUNDED_CURVE() B_SPLINE_CURVE(2,(#6973,#6974,#6975,#6976,
#6977,#6978,#6979),.UNSPECIFIED.,.T.,.F.) B_SPLINE_CURVE_WITH_KNOTS((1,2
    ,2,2,2,1),(-2.094395102393,0.,2.094395102393,4.188790204786,
6.28318530718,8.377580409573),.UNSPECIFIED.) CURVE() 
GEOMETRIC_REPRESENTATION_ITEM() RATIONAL_B_SPLINE_CURVE((1.,0.5,1.,0.5,
1.,0.5,1.)) REPRESENTATION_ITEM('') );
#6973 = CARTESIAN_POINT('',(57.42,197.54));
#6974 = CARTESIAN_POINT('',(57.42,196.67397459621));
#6975 = CARTESIAN_POINT('',(56.67,197.1069872981));
#6976 = CARTESIAN_POINT('',(55.92,197.54));
#6977 = CARTESIAN_POINT('',(56.67,197.97301270189));
#6978 = CARTESIAN_POINT('',(57.42,198.40602540378));
#6979 = CARTESIAN_POINT('',(57.42,197.54));
#6980 = ( GEOMETRIC_REPRESENTATION_CONTEXT(2) 
PARAMETRIC_REPRESENTATION_CONTEXT() REPRESENTATION_CONTEXT('2D SPACE',''
  ) );
#6981 = PCURVE('',#3906,#6982);
#6982 = DEFINITIONAL_REPRESENTATION('',(#6983),#6987);
#6983 = LINE('',#6984,#6985);
#6984 = CARTESIAN_POINT('',(-4.138911435803E-13,-0.1));
#6985 = VECTOR('',#6986,1.);
#6986 = DIRECTION('',(1.,-0.));
#6987 = ( GEOMETRIC_REPRESENTATION_CONTEXT(2) 
PARAMETRIC_REPRESENTATION_CONTEXT() REPRESENTATION_CONTEXT('2D SPACE',''
  ) );
#6988 = FACE_BOUND('',#6989,.F.);
#6989 = EDGE_LOOP('',(#6990));
#6990 = ORIENTED_EDGE('',*,*,#6991,.T.);
#6991 = EDGE_CURVE('',#6992,#6992,#6994,.T.);
#6992 = VERTEX_POINT('',#6993);
#6993 = CARTESIAN_POINT('',(59.96,197.54,0.));
#6994 = SURFACE_CURVE('',#6995,(#7000,#7011),.PCURVE_S1.);
#6995 = CIRCLE('',#6996,0.5);
#6996 = AXIS2_PLACEMENT_3D('',#6997,#6998,#6999);
#6997 = CARTESIAN_POINT('',(59.46,197.54,0.));
#6998 = DIRECTION('',(0.,0.,-1.));
#6999 = DIRECTION('',(1.,0.,0.));
#7000 = PCURVE('',#682,#7001);
#7001 = DEFINITIONAL_REPRESENTATION('',(#7002),#7010);
#7002 = ( BOUNDED_CURVE() B_SPLINE_CURVE(2,(#7003,#7004,#7005,#7006,
#7007,#7008,#7009),.UNSPECIFIED.,.T.,.F.) B_SPLINE_CURVE_WITH_KNOTS((1,2
    ,2,2,2,1),(-2.094395102393,0.,2.094395102393,4.188790204786,
6.28318530718,8.377580409573),.UNSPECIFIED.) CURVE() 
GEOMETRIC_REPRESENTATION_ITEM() RATIONAL_B_SPLINE_CURVE((1.,0.5,1.,0.5,
1.,0.5,1.)) REPRESENTATION_ITEM('') );
#7003 = CARTESIAN_POINT('',(59.96,197.54));
#7004 = CARTESIAN_POINT('',(59.96,196.67397459621));
#7005 = CARTESIAN_POINT('',(59.21,197.1069872981));
#7006 = CARTESIAN_POINT('',(58.46,197.54));
#7007 = CARTESIAN_POINT('',(59.21,197.97301270189));
#7008 = CARTESIAN_POINT('',(59.96,198.40602540378));
#7009 = CARTESIAN_POINT('',(59.96,197.54));
#7010 = ( GEOMETRIC_REPRESENTATION_CONTEXT(2) 
PARAMETRIC_REPRESENTATION_CONTEXT() REPRESENTATION_CONTEXT('2D SPACE',''
  ) );
#7011 = PCURVE('',#3941,#7012);
#7012 = DEFINITIONAL_REPRESENTATION('',(#7013),#7017);
#7013 = LINE('',#7014,#7015);
#7014 = CARTESIAN_POINT('',(-4.138911435803E-13,-0.1));
#7015 = VECTOR('',#7016,1.);
#7016 = DIRECTION('',(1.,-0.));
#7017 = ( GEOMETRIC_REPRESENTATION_CONTEXT(2) 
PARAMETRIC_REPRESENTATION_CONTEXT() REPRESENTATION_CONTEXT('2D SPACE',''
  ) );
#7018 = FACE_BOUND('',#7019,.F.);
#7019 = EDGE_LOOP('',(#7020));
#7020 = ORIENTED_EDGE('',*,*,#7021,.T.);
#7021 = EDGE_CURVE('',#7022,#7022,#7024,.T.);
#7022 = VERTEX_POINT('',#7023);
#7023 = CARTESIAN_POINT('',(71.75,167.,0.));
#7024 = SURFACE_CURVE('',#7025,(#7030,#7041),.PCURVE_S1.);
#7025 = CIRCLE('',#7026,0.75);
#7026 = AXIS2_PLACEMENT_3D('',#7027,#7028,#7029);
#7027 = CARTESIAN_POINT('',(71.,167.,0.));
#7028 = DIRECTION('',(0.,0.,-1.));
#7029 = DIRECTION('',(1.,0.,0.));
#7030 = PCURVE('',#682,#7031);
#7031 = DEFINITIONAL_REPRESENTATION('',(#7032),#7040);
#7032 = ( BOUNDED_CURVE() B_SPLINE_CURVE(2,(#7033,#7034,#7035,#7036,
#7037,#7038,#7039),.UNSPECIFIED.,.T.,.F.) B_SPLINE_CURVE_WITH_KNOTS((1,2
    ,2,2,2,1),(-2.094395102393,0.,2.094395102393,4.188790204786,
6.28318530718,8.377580409573),.UNSPECIFIED.) CURVE() 
GEOMETRIC_REPRESENTATION_ITEM() RATIONAL_B_SPLINE_CURVE((1.,0.5,1.,0.5,
1.,0.5,1.)) REPRESENTATION_ITEM('') );
#7033 = CARTESIAN_POINT('',(71.75,167.));
#7034 = CARTESIAN_POINT('',(71.75,165.70096189432));
#7035 = CARTESIAN_POINT('',(70.625,166.35048094716));
#7036 = CARTESIAN_POINT('',(69.5,167.));
#7037 = CARTESIAN_POINT('',(70.625,167.64951905283));
#7038 = CARTESIAN_POINT('',(71.75,168.29903810567));
#7039 = CARTESIAN_POINT('',(71.75,167.));
#7040 = ( GEOMETRIC_REPRESENTATION_CONTEXT(2) 
PARAMETRIC_REPRESENTATION_CONTEXT() REPRESENTATION_CONTEXT('2D SPACE',''
  ) );
#7041 = PCURVE('',#3976,#7042);
#7042 = DEFINITIONAL_REPRESENTATION('',(#7043),#7047);
#7043 = LINE('',#7044,#7045);
#7044 = CARTESIAN_POINT('',(-4.138911435803E-13,-0.1));
#7045 = VECTOR('',#7046,1.);
#7046 = DIRECTION('',(1.,-0.));
#7047 = ( GEOMETRIC_REPRESENTATION_CONTEXT(2) 
PARAMETRIC_REPRESENTATION_CONTEXT() REPRESENTATION_CONTEXT('2D SPACE',''
  ) );
#7048 = FACE_BOUND('',#7049,.F.);
#7049 = EDGE_LOOP('',(#7050));
#7050 = ORIENTED_EDGE('',*,*,#7051,.T.);
#7051 = EDGE_CURVE('',#7052,#7052,#7054,.T.);
#7052 = VERTEX_POINT('',#7053);
#7053 = CARTESIAN_POINT('',(71.75,177.,0.));
#7054 = SURFACE_CURVE('',#7055,(#7060,#7071),.PCURVE_S1.);
#7055 = CIRCLE('',#7056,0.75);
#7056 = AXIS2_PLACEMENT_3D('',#7057,#7058,#7059);
#7057 = CARTESIAN_POINT('',(71.,177.,0.));
#7058 = DIRECTION('',(0.,0.,-1.));
#7059 = DIRECTION('',(1.,0.,0.));
#7060 = PCURVE('',#682,#7061);
#7061 = DEFINITIONAL_REPRESENTATION('',(#7062),#7070);
#7062 = ( BOUNDED_CURVE() B_SPLINE_CURVE(2,(#7063,#7064,#7065,#7066,
#7067,#7068,#7069),.UNSPECIFIED.,.T.,.F.) B_SPLINE_CURVE_WITH_KNOTS((1,2
    ,2,2,2,1),(-2.094395102393,0.,2.094395102393,4.188790204786,
6.28318530718,8.377580409573),.UNSPECIFIED.) CURVE() 
GEOMETRIC_REPRESENTATION_ITEM() RATIONAL_B_SPLINE_CURVE((1.,0.5,1.,0.5,
1.,0.5,1.)) REPRESENTATION_ITEM('') );
#7063 = CARTESIAN_POINT('',(71.75,177.));
#7064 = CARTESIAN_POINT('',(71.75,175.70096189432));
#7065 = CARTESIAN_POINT('',(70.625,176.35048094716));
#7066 = CARTESIAN_POINT('',(69.5,177.));
#7067 = CARTESIAN_POINT('',(70.625,177.64951905283));
#7068 = CARTESIAN_POINT('',(71.75,178.29903810567));
#7069 = CARTESIAN_POINT('',(71.75,177.));
#7070 = ( GEOMETRIC_REPRESENTATION_CONTEXT(2) 
PARAMETRIC_REPRESENTATION_CONTEXT() REPRESENTATION_CONTEXT('2D SPACE',''
  ) );
#7071 = PCURVE('',#4011,#7072);
#7072 = DEFINITIONAL_REPRESENTATION('',(#7073),#7077);
#7073 = LINE('',#7074,#7075);
#7074 = CARTESIAN_POINT('',(-4.138911435803E-13,-0.1));
#7075 = VECTOR('',#7076,1.);
#7076 = DIRECTION('',(1.,-0.));
#7077 = ( GEOMETRIC_REPRESENTATION_CONTEXT(2) 
PARAMETRIC_REPRESENTATION_CONTEXT() REPRESENTATION_CONTEXT('2D SPACE',''
  ) );
#7078 = FACE_BOUND('',#7079,.F.);
#7079 = EDGE_LOOP('',(#7080));
#7080 = ORIENTED_EDGE('',*,*,#7081,.T.);
#7081 = EDGE_CURVE('',#7082,#7082,#7084,.T.);
#7082 = VERTEX_POINT('',#7083);
#7083 = CARTESIAN_POINT('',(71.75,187.,0.));
#7084 = SURFACE_CURVE('',#7085,(#7090,#7101),.PCURVE_S1.);
#7085 = CIRCLE('',#7086,0.75);
#7086 = AXIS2_PLACEMENT_3D('',#7087,#7088,#7089);
#7087 = CARTESIAN_POINT('',(71.,187.,0.));
#7088 = DIRECTION('',(0.,0.,-1.));
#7089 = DIRECTION('',(1.,0.,0.));
#7090 = PCURVE('',#682,#7091);
#7091 = DEFINITIONAL_REPRESENTATION('',(#7092),#7100);
#7092 = ( BOUNDED_CURVE() B_SPLINE_CURVE(2,(#7093,#7094,#7095,#7096,
#7097,#7098,#7099),.UNSPECIFIED.,.T.,.F.) B_SPLINE_CURVE_WITH_KNOTS((1,2
    ,2,2,2,1),(-2.094395102393,0.,2.094395102393,4.188790204786,
6.28318530718,8.377580409573),.UNSPECIFIED.) CURVE() 
GEOMETRIC_REPRESENTATION_ITEM() RATIONAL_B_SPLINE_CURVE((1.,0.5,1.,0.5,
1.,0.5,1.)) REPRESENTATION_ITEM('') );
#7093 = CARTESIAN_POINT('',(71.75,187.));
#7094 = CARTESIAN_POINT('',(71.75,185.70096189432));
#7095 = CARTESIAN_POINT('',(70.625,186.35048094716));
#7096 = CARTESIAN_POINT('',(69.5,187.));
#7097 = CARTESIAN_POINT('',(70.625,187.64951905283));
#7098 = CARTESIAN_POINT('',(71.75,188.29903810567));
#7099 = CARTESIAN_POINT('',(71.75,187.));
#7100 = ( GEOMETRIC_REPRESENTATION_CONTEXT(2) 
PARAMETRIC_REPRESENTATION_CONTEXT() REPRESENTATION_CONTEXT('2D SPACE',''
  ) );
#7101 = PCURVE('',#4046,#7102);
#7102 = DEFINITIONAL_REPRESENTATION('',(#7103),#7107);
#7103 = LINE('',#7104,#7105);
#7104 = CARTESIAN_POINT('',(-4.138911435803E-13,-0.1));
#7105 = VECTOR('',#7106,1.);
#7106 = DIRECTION('',(1.,-0.));
#7107 = ( GEOMETRIC_REPRESENTATION_CONTEXT(2) 
PARAMETRIC_REPRESENTATION_CONTEXT() REPRESENTATION_CONTEXT('2D SPACE',''
  ) );
#7108 = FACE_BOUND('',#7109,.F.);
#7109 = EDGE_LOOP('',(#7110));
#7110 = ORIENTED_EDGE('',*,*,#7111,.T.);
#7111 = EDGE_CURVE('',#7112,#7112,#7114,.T.);
#7112 = VERTEX_POINT('',#7113);
#7113 = CARTESIAN_POINT('',(62.5,195.,0.));
#7114 = SURFACE_CURVE('',#7115,(#7120,#7131),.PCURVE_S1.);
#7115 = CIRCLE('',#7116,0.5);
#7116 = AXIS2_PLACEMENT_3D('',#7117,#7118,#7119);
#7117 = CARTESIAN_POINT('',(62.,195.,0.));
#7118 = DIRECTION('',(0.,0.,-1.));
#7119 = DIRECTION('',(1.,0.,0.));
#7120 = PCURVE('',#682,#7121);
#7121 = DEFINITIONAL_REPRESENTATION('',(#7122),#7130);
#7122 = ( BOUNDED_CURVE() B_SPLINE_CURVE(2,(#7123,#7124,#7125,#7126,
#7127,#7128,#7129),.UNSPECIFIED.,.T.,.F.) B_SPLINE_CURVE_WITH_KNOTS((1,2
    ,2,2,2,1),(-2.094395102393,0.,2.094395102393,4.188790204786,
6.28318530718,8.377580409573),.UNSPECIFIED.) CURVE() 
GEOMETRIC_REPRESENTATION_ITEM() RATIONAL_B_SPLINE_CURVE((1.,0.5,1.,0.5,
1.,0.5,1.)) REPRESENTATION_ITEM('') );
#7123 = CARTESIAN_POINT('',(62.5,195.));
#7124 = CARTESIAN_POINT('',(62.5,194.13397459621));
#7125 = CARTESIAN_POINT('',(61.75,194.5669872981));
#7126 = CARTESIAN_POINT('',(61.,195.));
#7127 = CARTESIAN_POINT('',(61.75,195.43301270189));
#7128 = CARTESIAN_POINT('',(62.5,195.86602540378));
#7129 = CARTESIAN_POINT('',(62.5,195.));
#7130 = ( GEOMETRIC_REPRESENTATION_CONTEXT(2) 
PARAMETRIC_REPRESENTATION_CONTEXT() REPRESENTATION_CONTEXT('2D SPACE',''
  ) );
#7131 = PCURVE('',#4081,#7132);
#7132 = DEFINITIONAL_REPRESENTATION('',(#7133),#7137);
#7133 = LINE('',#7134,#7135);
#7134 = CARTESIAN_POINT('',(-4.138911435803E-13,-0.1));
#7135 = VECTOR('',#7136,1.);
#7136 = DIRECTION('',(1.,-0.));
#7137 = ( GEOMETRIC_REPRESENTATION_CONTEXT(2) 
PARAMETRIC_REPRESENTATION_CONTEXT() REPRESENTATION_CONTEXT('2D SPACE',''
  ) );
#7138 = FACE_BOUND('',#7139,.F.);
#7139 = EDGE_LOOP('',(#7140));
#7140 = ORIENTED_EDGE('',*,*,#7141,.T.);
#7141 = EDGE_CURVE('',#7142,#7142,#7144,.T.);
#7142 = VERTEX_POINT('',#7143);
#7143 = CARTESIAN_POINT('',(65.04,195.,0.));
#7144 = SURFACE_CURVE('',#7145,(#7150,#7161),.PCURVE_S1.);
#7145 = CIRCLE('',#7146,0.5);
#7146 = AXIS2_PLACEMENT_3D('',#7147,#7148,#7149);
#7147 = CARTESIAN_POINT('',(64.54,195.,0.));
#7148 = DIRECTION('',(0.,0.,-1.));
#7149 = DIRECTION('',(1.,0.,0.));
#7150 = PCURVE('',#682,#7151);
#7151 = DEFINITIONAL_REPRESENTATION('',(#7152),#7160);
#7152 = ( BOUNDED_CURVE() B_SPLINE_CURVE(2,(#7153,#7154,#7155,#7156,
#7157,#7158,#7159),.UNSPECIFIED.,.T.,.F.) B_SPLINE_CURVE_WITH_KNOTS((1,2
    ,2,2,2,1),(-2.094395102393,0.,2.094395102393,4.188790204786,
6.28318530718,8.377580409573),.UNSPECIFIED.) CURVE() 
GEOMETRIC_REPRESENTATION_ITEM() RATIONAL_B_SPLINE_CURVE((1.,0.5,1.,0.5,
1.,0.5,1.)) REPRESENTATION_ITEM('') );
#7153 = CARTESIAN_POINT('',(65.04,195.));
#7154 = CARTESIAN_POINT('',(65.04,194.13397459621));
#7155 = CARTESIAN_POINT('',(64.29,194.5669872981));
#7156 = CARTESIAN_POINT('',(63.54,195.));
#7157 = CARTESIAN_POINT('',(64.29,195.43301270189));
#7158 = CARTESIAN_POINT('',(65.04,195.86602540378));
#7159 = CARTESIAN_POINT('',(65.04,195.));
#7160 = ( GEOMETRIC_REPRESENTATION_CONTEXT(2) 
PARAMETRIC_REPRESENTATION_CONTEXT() REPRESENTATION_CONTEXT('2D SPACE',''
  ) );
#7161 = PCURVE('',#4116,#7162);
#7162 = DEFINITIONAL_REPRESENTATION('',(#7163),#7167);
#7163 = LINE('',#7164,#7165);
#7164 = CARTESIAN_POINT('',(-4.138911435803E-13,-0.1));
#7165 = VECTOR('',#7166,1.);
#7166 = DIRECTION('',(1.,-0.));
#7167 = ( GEOMETRIC_REPRESENTATION_CONTEXT(2) 
PARAMETRIC_REPRESENTATION_CONTEXT() REPRESENTATION_CONTEXT('2D SPACE',''
  ) );
#7168 = FACE_BOUND('',#7169,.F.);
#7169 = EDGE_LOOP('',(#7170));
#7170 = ORIENTED_EDGE('',*,*,#7171,.T.);
#7171 = EDGE_CURVE('',#7172,#7172,#7174,.T.);
#7172 = VERTEX_POINT('',#7173);
#7173 = CARTESIAN_POINT('',(62.5,197.54,0.));
#7174 = SURFACE_CURVE('',#7175,(#7180,#7191),.PCURVE_S1.);
#7175 = CIRCLE('',#7176,0.5);
#7176 = AXIS2_PLACEMENT_3D('',#7177,#7178,#7179);
#7177 = CARTESIAN_POINT('',(62.,197.54,0.));
#7178 = DIRECTION('',(0.,0.,-1.));
#7179 = DIRECTION('',(1.,0.,0.));
#7180 = PCURVE('',#682,#7181);
#7181 = DEFINITIONAL_REPRESENTATION('',(#7182),#7190);
#7182 = ( BOUNDED_CURVE() B_SPLINE_CURVE(2,(#7183,#7184,#7185,#7186,
#7187,#7188,#7189),.UNSPECIFIED.,.T.,.F.) B_SPLINE_CURVE_WITH_KNOTS((1,2
    ,2,2,2,1),(-2.094395102393,0.,2.094395102393,4.188790204786,
6.28318530718,8.377580409573),.UNSPECIFIED.) CURVE() 
GEOMETRIC_REPRESENTATION_ITEM() RATIONAL_B_SPLINE_CURVE((1.,0.5,1.,0.5,
1.,0.5,1.)) REPRESENTATION_ITEM('') );
#7183 = CARTESIAN_POINT('',(62.5,197.54));
#7184 = CARTESIAN_POINT('',(62.5,196.67397459621));
#7185 = CARTESIAN_POINT('',(61.75,197.1069872981));
#7186 = CARTESIAN_POINT('',(61.,197.54));
#7187 = CARTESIAN_POINT('',(61.75,197.97301270189));
#7188 = CARTESIAN_POINT('',(62.5,198.40602540378));
#7189 = CARTESIAN_POINT('',(62.5,197.54));
#7190 = ( GEOMETRIC_REPRESENTATION_CONTEXT(2) 
PARAMETRIC_REPRESENTATION_CONTEXT() REPRESENTATION_CONTEXT('2D SPACE',''
  ) );
#7191 = PCURVE('',#4151,#7192);
#7192 = DEFINITIONAL_REPRESENTATION('',(#7193),#7197);
#7193 = LINE('',#7194,#7195);
#7194 = CARTESIAN_POINT('',(-4.138911435803E-13,-0.1));
#7195 = VECTOR('',#7196,1.);
#7196 = DIRECTION('',(1.,-0.));
#7197 = ( GEOMETRIC_REPRESENTATION_CONTEXT(2) 
PARAMETRIC_REPRESENTATION_CONTEXT() REPRESENTATION_CONTEXT('2D SPACE',''
  ) );
#7198 = FACE_BOUND('',#7199,.F.);
#7199 = EDGE_LOOP('',(#7200));
#7200 = ORIENTED_EDGE('',*,*,#7201,.T.);
#7201 = EDGE_CURVE('',#7202,#7202,#7204,.T.);
#7202 = VERTEX_POINT('',#7203);
#7203 = CARTESIAN_POINT('',(65.04,197.54,0.));
#7204 = SURFACE_CURVE('',#7205,(#7210,#7221),.PCURVE_S1.);
#7205 = CIRCLE('',#7206,0.5);
#7206 = AXIS2_PLACEMENT_3D('',#7207,#7208,#7209);
#7207 = CARTESIAN_POINT('',(64.54,197.54,0.));
#7208 = DIRECTION('',(0.,0.,-1.));
#7209 = DIRECTION('',(1.,0.,0.));
#7210 = PCURVE('',#682,#7211);
#7211 = DEFINITIONAL_REPRESENTATION('',(#7212),#7220);
#7212 = ( BOUNDED_CURVE() B_SPLINE_CURVE(2,(#7213,#7214,#7215,#7216,
#7217,#7218,#7219),.UNSPECIFIED.,.T.,.F.) B_SPLINE_CURVE_WITH_KNOTS((1,2
    ,2,2,2,1),(-2.094395102393,0.,2.094395102393,4.188790204786,
6.28318530718,8.377580409573),.UNSPECIFIED.) CURVE() 
GEOMETRIC_REPRESENTATION_ITEM() RATIONAL_B_SPLINE_CURVE((1.,0.5,1.,0.5,
1.,0.5,1.)) REPRESENTATION_ITEM('') );
#7213 = CARTESIAN_POINT('',(65.04,197.54));
#7214 = CARTESIAN_POINT('',(65.04,196.67397459621));
#7215 = CARTESIAN_POINT('',(64.29,197.1069872981));
#7216 = CARTESIAN_POINT('',(63.54,197.54));
#7217 = CARTESIAN_POINT('',(64.29,197.97301270189));
#7218 = CARTESIAN_POINT('',(65.04,198.40602540378));
#7219 = CARTESIAN_POINT('',(65.04,197.54));
#7220 = ( GEOMETRIC_REPRESENTATION_CONTEXT(2) 
PARAMETRIC_REPRESENTATION_CONTEXT() REPRESENTATION_CONTEXT('2D SPACE',''
  ) );
#7221 = PCURVE('',#4186,#7222);
#7222 = DEFINITIONAL_REPRESENTATION('',(#7223),#7227);
#7223 = LINE('',#7224,#7225);
#7224 = CARTESIAN_POINT('',(-4.138911435803E-13,-0.1));
#7225 = VECTOR('',#7226,1.);
#7226 = DIRECTION('',(1.,-0.));
#7227 = ( GEOMETRIC_REPRESENTATION_CONTEXT(2) 
PARAMETRIC_REPRESENTATION_CONTEXT() REPRESENTATION_CONTEXT('2D SPACE',''
  ) );
#7228 = FACE_BOUND('',#7229,.F.);
#7229 = EDGE_LOOP('',(#7230));
#7230 = ORIENTED_EDGE('',*,*,#7231,.T.);
#7231 = EDGE_CURVE('',#7232,#7232,#7234,.T.);
#7232 = VERTEX_POINT('',#7233);
#7233 = CARTESIAN_POINT('',(67.58,195.,0.));
#7234 = SURFACE_CURVE('',#7235,(#7240,#7251),.PCURVE_S1.);
#7235 = CIRCLE('',#7236,0.5);
#7236 = AXIS2_PLACEMENT_3D('',#7237,#7238,#7239);
#7237 = CARTESIAN_POINT('',(67.08,195.,0.));
#7238 = DIRECTION('',(0.,0.,-1.));
#7239 = DIRECTION('',(1.,0.,0.));
#7240 = PCURVE('',#682,#7241);
#7241 = DEFINITIONAL_REPRESENTATION('',(#7242),#7250);
#7242 = ( BOUNDED_CURVE() B_SPLINE_CURVE(2,(#7243,#7244,#7245,#7246,
#7247,#7248,#7249),.UNSPECIFIED.,.T.,.F.) B_SPLINE_CURVE_WITH_KNOTS((1,2
    ,2,2,2,1),(-2.094395102393,0.,2.094395102393,4.188790204786,
6.28318530718,8.377580409573),.UNSPECIFIED.) CURVE() 
GEOMETRIC_REPRESENTATION_ITEM() RATIONAL_B_SPLINE_CURVE((1.,0.5,1.,0.5,
1.,0.5,1.)) REPRESENTATION_ITEM('') );
#7243 = CARTESIAN_POINT('',(67.58,195.));
#7244 = CARTESIAN_POINT('',(67.58,194.13397459621));
#7245 = CARTESIAN_POINT('',(66.83,194.5669872981));
#7246 = CARTESIAN_POINT('',(66.08,195.));
#7247 = CARTESIAN_POINT('',(66.83,195.43301270189));
#7248 = CARTESIAN_POINT('',(67.58,195.86602540378));
#7249 = CARTESIAN_POINT('',(67.58,195.));
#7250 = ( GEOMETRIC_REPRESENTATION_CONTEXT(2) 
PARAMETRIC_REPRESENTATION_CONTEXT() REPRESENTATION_CONTEXT('2D SPACE',''
  ) );
#7251 = PCURVE('',#4221,#7252);
#7252 = DEFINITIONAL_REPRESENTATION('',(#7253),#7257);
#7253 = LINE('',#7254,#7255);
#7254 = CARTESIAN_POINT('',(-4.138911435803E-13,-0.1));
#7255 = VECTOR('',#7256,1.);
#7256 = DIRECTION('',(1.,-0.));
#7257 = ( GEOMETRIC_REPRESENTATION_CONTEXT(2) 
PARAMETRIC_REPRESENTATION_CONTEXT() REPRESENTATION_CONTEXT('2D SPACE',''
  ) );
#7258 = FACE_BOUND('',#7259,.F.);
#7259 = EDGE_LOOP('',(#7260));
#7260 = ORIENTED_EDGE('',*,*,#7261,.T.);
#7261 = EDGE_CURVE('',#7262,#7262,#7264,.T.);
#7262 = VERTEX_POINT('',#7263);
#7263 = CARTESIAN_POINT('',(67.58,197.54,0.));
#7264 = SURFACE_CURVE('',#7265,(#7270,#7281),.PCURVE_S1.);
#7265 = CIRCLE('',#7266,0.5);
#7266 = AXIS2_PLACEMENT_3D('',#7267,#7268,#7269);
#7267 = CARTESIAN_POINT('',(67.08,197.54,0.));
#7268 = DIRECTION('',(0.,0.,-1.));
#7269 = DIRECTION('',(1.,0.,0.));
#7270 = PCURVE('',#682,#7271);
#7271 = DEFINITIONAL_REPRESENTATION('',(#7272),#7280);
#7272 = ( BOUNDED_CURVE() B_SPLINE_CURVE(2,(#7273,#7274,#7275,#7276,
#7277,#7278,#7279),.UNSPECIFIED.,.T.,.F.) B_SPLINE_CURVE_WITH_KNOTS((1,2
    ,2,2,2,1),(-2.094395102393,0.,2.094395102393,4.188790204786,
6.28318530718,8.377580409573),.UNSPECIFIED.) CURVE() 
GEOMETRIC_REPRESENTATION_ITEM() RATIONAL_B_SPLINE_CURVE((1.,0.5,1.,0.5,
1.,0.5,1.)) REPRESENTATION_ITEM('') );
#7273 = CARTESIAN_POINT('',(67.58,197.54));
#7274 = CARTESIAN_POINT('',(67.58,196.67397459621));
#7275 = CARTESIAN_POINT('',(66.83,197.1069872981));
#7276 = CARTESIAN_POINT('',(66.08,197.54));
#7277 = CARTESIAN_POINT('',(66.83,197.97301270189));
#7278 = CARTESIAN_POINT('',(67.58,198.40602540378));
#7279 = CARTESIAN_POINT('',(67.58,197.54));
#7280 = ( GEOMETRIC_REPRESENTATION_CONTEXT(2) 
PARAMETRIC_REPRESENTATION_CONTEXT() REPRESENTATION_CONTEXT('2D SPACE',''
  ) );
#7281 = PCURVE('',#4256,#7282);
#7282 = DEFINITIONAL_REPRESENTATION('',(#7283),#7287);
#7283 = LINE('',#7284,#7285);
#7284 = CARTESIAN_POINT('',(-4.138911435803E-13,-0.1));
#7285 = VECTOR('',#7286,1.);
#7286 = DIRECTION('',(1.,-0.));
#7287 = ( GEOMETRIC_REPRESENTATION_CONTEXT(2) 
PARAMETRIC_REPRESENTATION_CONTEXT() REPRESENTATION_CONTEXT('2D SPACE',''
  ) );
#7288 = FACE_BOUND('',#7289,.F.);
#7289 = EDGE_LOOP('',(#7290));
#7290 = ORIENTED_EDGE('',*,*,#7291,.T.);
#7291 = EDGE_CURVE('',#7292,#7292,#7294,.T.);
#7292 = VERTEX_POINT('',#7293);
#7293 = CARTESIAN_POINT('',(79.6,213.,0.));
#7294 = SURFACE_CURVE('',#7295,(#7300,#7311),.PCURVE_S1.);
#7295 = CIRCLE('',#7296,1.6);
#7296 = AXIS2_PLACEMENT_3D('',#7297,#7298,#7299);
#7297 = CARTESIAN_POINT('',(78.,213.,0.));
#7298 = DIRECTION('',(0.,0.,-1.));
#7299 = DIRECTION('',(1.,0.,0.));
#7300 = PCURVE('',#682,#7301);
#7301 = DEFINITIONAL_REPRESENTATION('',(#7302),#7310);
#7302 = ( BOUNDED_CURVE() B_SPLINE_CURVE(2,(#7303,#7304,#7305,#7306,
#7307,#7308,#7309),.UNSPECIFIED.,.T.,.F.) B_SPLINE_CURVE_WITH_KNOTS((1,2
    ,2,2,2,1),(-2.094395102393,0.,2.094395102393,4.188790204786,
6.28318530718,8.377580409573),.UNSPECIFIED.) CURVE() 
GEOMETRIC_REPRESENTATION_ITEM() RATIONAL_B_SPLINE_CURVE((1.,0.5,1.,0.5,
1.,0.5,1.)) REPRESENTATION_ITEM('') );
#7303 = CARTESIAN_POINT('',(79.6,213.));
#7304 = CARTESIAN_POINT('',(79.6,210.22871870789));
#7305 = CARTESIAN_POINT('',(77.2,211.61435935394));
#7306 = CARTESIAN_POINT('',(74.8,213.));
#7307 = CARTESIAN_POINT('',(77.2,214.38564064605));
#7308 = CARTESIAN_POINT('',(79.6,215.77128129211));
#7309 = CARTESIAN_POINT('',(79.6,213.));
#7310 = ( GEOMETRIC_REPRESENTATION_CONTEXT(2) 
PARAMETRIC_REPRESENTATION_CONTEXT() REPRESENTATION_CONTEXT('2D SPACE',''
  ) );
#7311 = PCURVE('',#4291,#7312);
#7312 = DEFINITIONAL_REPRESENTATION('',(#7313),#7317);
#7313 = LINE('',#7314,#7315);
#7314 = CARTESIAN_POINT('',(-4.138911435803E-13,-0.1));
#7315 = VECTOR('',#7316,1.);
#7316 = DIRECTION('',(1.,-0.));
#7317 = ( GEOMETRIC_REPRESENTATION_CONTEXT(2) 
PARAMETRIC_REPRESENTATION_CONTEXT() REPRESENTATION_CONTEXT('2D SPACE',''
  ) );
#7318 = ADVANCED_FACE('',(#7319),#812,.T.);
#7319 = FACE_BOUND('',#7320,.T.);
#7320 = EDGE_LOOP('',(#7321,#7322,#7323,#7324));
#7321 = ORIENTED_EDGE('',*,*,#798,.F.);
#7322 = ORIENTED_EDGE('',*,*,#4357,.T.);
#7323 = ORIENTED_EDGE('',*,*,#4331,.T.);
#7324 = ORIENTED_EDGE('',*,*,#829,.F.);
#7325 = ADVANCED_FACE('',(#7326),#896,.F.);
#7326 = FACE_BOUND('',#7327,.F.);
#7327 = EDGE_LOOP('',(#7328,#7349,#7350,#7351));
#7328 = ORIENTED_EDGE('',*,*,#7329,.T.);
#7329 = EDGE_CURVE('',#4382,#876,#7330,.T.);
#7330 = SEAM_CURVE('',#7331,(#7335,#7342),.PCURVE_S1.);
#7331 = LINE('',#7332,#7333);
#7332 = CARTESIAN_POINT('',(7.6,11.,-0.1));
#7333 = VECTOR('',#7334,1.);
#7334 = DIRECTION('',(0.,0.,1.));
#7335 = PCURVE('',#896,#7336);
#7336 = DEFINITIONAL_REPRESENTATION('',(#7337),#7341);
#7337 = LINE('',#7338,#7339);
#7338 = CARTESIAN_POINT('',(-4.138911435803E-13,0.));
#7339 = VECTOR('',#7340,1.);
#7340 = DIRECTION('',(-0.,-1.));
#7341 = ( GEOMETRIC_REPRESENTATION_CONTEXT(2) 
PARAMETRIC_REPRESENTATION_CONTEXT() REPRESENTATION_CONTEXT('2D SPACE',''
  ) );
#7342 = PCURVE('',#896,#7343);
#7343 = DEFINITIONAL_REPRESENTATION('',(#7344),#7348);
#7344 = LINE('',#7345,#7346);
#7345 = CARTESIAN_POINT('',(6.28318530718,0.));
#7346 = VECTOR('',#7347,1.);
#7347 = DIRECTION('',(-0.,-1.));
#7348 = ( GEOMETRIC_REPRESENTATION_CONTEXT(2) 
PARAMETRIC_REPRESENTATION_CONTEXT() REPRESENTATION_CONTEXT('2D SPACE',''
  ) );
#7349 = ORIENTED_EDGE('',*,*,#875,.T.);
#7350 = ORIENTED_EDGE('',*,*,#7329,.F.);
#7351 = ORIENTED_EDGE('',*,*,#4381,.F.);
#7352 = ADVANCED_FACE('',(#7353),#931,.F.);
#7353 = FACE_BOUND('',#7354,.F.);
#7354 = EDGE_LOOP('',(#7355,#7376,#7377,#7378));
#7355 = ORIENTED_EDGE('',*,*,#7356,.T.);
#7356 = EDGE_CURVE('',#4412,#911,#7357,.T.);
#7357 = SEAM_CURVE('',#7358,(#7362,#7369),.PCURVE_S1.);
#7358 = LINE('',#7359,#7360);
#7359 = CARTESIAN_POINT('',(19.96,28.,-0.1));
#7360 = VECTOR('',#7361,1.);
#7361 = DIRECTION('',(0.,0.,1.));
#7362 = PCURVE('',#931,#7363);
#7363 = DEFINITIONAL_REPRESENTATION('',(#7364),#7368);
#7364 = LINE('',#7365,#7366);
#7365 = CARTESIAN_POINT('',(-4.138911435803E-13,0.));
#7366 = VECTOR('',#7367,1.);
#7367 = DIRECTION('',(-0.,-1.));
#7368 = ( GEOMETRIC_REPRESENTATION_CONTEXT(2) 
PARAMETRIC_REPRESENTATION_CONTEXT() REPRESENTATION_CONTEXT('2D SPACE',''
  ) );
#7369 = PCURVE('',#931,#7370);
#7370 = DEFINITIONAL_REPRESENTATION('',(#7371),#7375);
#7371 = LINE('',#7372,#7373);
#7372 = CARTESIAN_POINT('',(6.28318530718,0.));
#7373 = VECTOR('',#7374,1.);
#7374 = DIRECTION('',(-0.,-1.));
#7375 = ( GEOMETRIC_REPRESENTATION_CONTEXT(2) 
PARAMETRIC_REPRESENTATION_CONTEXT() REPRESENTATION_CONTEXT('2D SPACE',''
  ) );
#7376 = ORIENTED_EDGE('',*,*,#910,.T.);
#7377 = ORIENTED_EDGE('',*,*,#7356,.F.);
#7378 = ORIENTED_EDGE('',*,*,#4411,.F.);
#7379 = ADVANCED_FACE('',(#7380),#966,.F.);
#7380 = FACE_BOUND('',#7381,.F.);
#7381 = EDGE_LOOP('',(#7382,#7403,#7404,#7405));
#7382 = ORIENTED_EDGE('',*,*,#7383,.T.);
#7383 = EDGE_CURVE('',#4442,#946,#7384,.T.);
#7384 = SEAM_CURVE('',#7385,(#7389,#7396),.PCURVE_S1.);
#7385 = LINE('',#7386,#7387);
#7386 = CARTESIAN_POINT('',(22.5,28.,-0.1));
#7387 = VECTOR('',#7388,1.);
#7388 = DIRECTION('',(0.,0.,1.));
#7389 = PCURVE('',#966,#7390);
#7390 = DEFINITIONAL_REPRESENTATION('',(#7391),#7395);
#7391 = LINE('',#7392,#7393);
#7392 = CARTESIAN_POINT('',(-4.138911435803E-13,0.));
#7393 = VECTOR('',#7394,1.);
#7394 = DIRECTION('',(-0.,-1.));
#7395 = ( GEOMETRIC_REPRESENTATION_CONTEXT(2) 
PARAMETRIC_REPRESENTATION_CONTEXT() REPRESENTATION_CONTEXT('2D SPACE',''
  ) );
#7396 = PCURVE('',#966,#7397);
#7397 = DEFINITIONAL_REPRESENTATION('',(#7398),#7402);
#7398 = LINE('',#7399,#7400);
#7399 = CARTESIAN_POINT('',(6.28318530718,0.));
#7400 = VECTOR('',#7401,1.);
#7401 = DIRECTION('',(-0.,-1.));
#7402 = ( GEOMETRIC_REPRESENTATION_CONTEXT(2) 
PARAMETRIC_REPRESENTATION_CONTEXT() REPRESENTATION_CONTEXT('2D SPACE',''
  ) );
#7403 = ORIENTED_EDGE('',*,*,#945,.T.);
#7404 = ORIENTED_EDGE('',*,*,#7383,.F.);
#7405 = ORIENTED_EDGE('',*,*,#4441,.F.);
#7406 = ADVANCED_FACE('',(#7407),#1001,.F.);
#7407 = FACE_BOUND('',#7408,.F.);
#7408 = EDGE_LOOP('',(#7409,#7430,#7431,#7432));
#7409 = ORIENTED_EDGE('',*,*,#7410,.T.);
#7410 = EDGE_CURVE('',#4472,#981,#7411,.T.);
#7411 = SEAM_CURVE('',#7412,(#7416,#7423),.PCURVE_S1.);
#7412 = LINE('',#7413,#7414);
#7413 = CARTESIAN_POINT('',(13.75,37.,-0.1));
#7414 = VECTOR('',#7415,1.);
#7415 = DIRECTION('',(0.,0.,1.));
#7416 = PCURVE('',#1001,#7417);
#7417 = DEFINITIONAL_REPRESENTATION('',(#7418),#7422);
#7418 = LINE('',#7419,#7420);
#7419 = CARTESIAN_POINT('',(-4.138911435803E-13,0.));
#7420 = VECTOR('',#7421,1.);
#7421 = DIRECTION('',(-0.,-1.));
#7422 = ( GEOMETRIC_REPRESENTATION_CONTEXT(2) 
PARAMETRIC_REPRESENTATION_CONTEXT() REPRESENTATION_CONTEXT('2D SPACE',''
  ) );
#7423 = PCURVE('',#1001,#7424);
#7424 = DEFINITIONAL_REPRESENTATION('',(#7425),#7429);
#7425 = LINE('',#7426,#7427);
#7426 = CARTESIAN_POINT('',(6.28318530718,0.));
#7427 = VECTOR('',#7428,1.);
#7428 = DIRECTION('',(-0.,-1.));
#7429 = ( GEOMETRIC_REPRESENTATION_CONTEXT(2) 
PARAMETRIC_REPRESENTATION_CONTEXT() REPRESENTATION_CONTEXT('2D SPACE',''
  ) );
#7430 = ORIENTED_EDGE('',*,*,#980,.T.);
#7431 = ORIENTED_EDGE('',*,*,#7410,.F.);
#7432 = ORIENTED_EDGE('',*,*,#4471,.F.);
#7433 = ADVANCED_FACE('',(#7434),#1036,.F.);
#7434 = FACE_BOUND('',#7435,.F.);
#7435 = EDGE_LOOP('',(#7436,#7457,#7458,#7459));
#7436 = ORIENTED_EDGE('',*,*,#7437,.T.);
#7437 = EDGE_CURVE('',#4502,#1016,#7438,.T.);
#7438 = SEAM_CURVE('',#7439,(#7443,#7450),.PCURVE_S1.);
#7439 = LINE('',#7440,#7441);
#7440 = CARTESIAN_POINT('',(13.75,47.,-0.1));
#7441 = VECTOR('',#7442,1.);
#7442 = DIRECTION('',(0.,0.,1.));
#7443 = PCURVE('',#1036,#7444);
#7444 = DEFINITIONAL_REPRESENTATION('',(#7445),#7449);
#7445 = LINE('',#7446,#7447);
#7446 = CARTESIAN_POINT('',(-4.138911435803E-13,0.));
#7447 = VECTOR('',#7448,1.);
#7448 = DIRECTION('',(-0.,-1.));
#7449 = ( GEOMETRIC_REPRESENTATION_CONTEXT(2) 
PARAMETRIC_REPRESENTATION_CONTEXT() REPRESENTATION_CONTEXT('2D SPACE',''
  ) );
#7450 = PCURVE('',#1036,#7451);
#7451 = DEFINITIONAL_REPRESENTATION('',(#7452),#7456);
#7452 = LINE('',#7453,#7454);
#7453 = CARTESIAN_POINT('',(6.28318530718,0.));
#7454 = VECTOR('',#7455,1.);
#7455 = DIRECTION('',(-0.,-1.));
#7456 = ( GEOMETRIC_REPRESENTATION_CONTEXT(2) 
PARAMETRIC_REPRESENTATION_CONTEXT() REPRESENTATION_CONTEXT('2D SPACE',''
  ) );
#7457 = ORIENTED_EDGE('',*,*,#1015,.T.);
#7458 = ORIENTED_EDGE('',*,*,#7437,.F.);
#7459 = ORIENTED_EDGE('',*,*,#4501,.F.);
#7460 = ADVANCED_FACE('',(#7461),#1071,.F.);
#7461 = FACE_BOUND('',#7462,.F.);
#7462 = EDGE_LOOP('',(#7463,#7484,#7485,#7486));
#7463 = ORIENTED_EDGE('',*,*,#7464,.T.);
#7464 = EDGE_CURVE('',#4532,#1051,#7465,.T.);
#7465 = SEAM_CURVE('',#7466,(#7470,#7477),.PCURVE_S1.);
#7466 = LINE('',#7467,#7468);
#7467 = CARTESIAN_POINT('',(13.75,57.,-0.1));
#7468 = VECTOR('',#7469,1.);
#7469 = DIRECTION('',(0.,0.,1.));
#7470 = PCURVE('',#1071,#7471);
#7471 = DEFINITIONAL_REPRESENTATION('',(#7472),#7476);
#7472 = LINE('',#7473,#7474);
#7473 = CARTESIAN_POINT('',(-4.138911435803E-13,0.));
#7474 = VECTOR('',#7475,1.);
#7475 = DIRECTION('',(-0.,-1.));
#7476 = ( GEOMETRIC_REPRESENTATION_CONTEXT(2) 
PARAMETRIC_REPRESENTATION_CONTEXT() REPRESENTATION_CONTEXT('2D SPACE',''
  ) );
#7477 = PCURVE('',#1071,#7478);
#7478 = DEFINITIONAL_REPRESENTATION('',(#7479),#7483);
#7479 = LINE('',#7480,#7481);
#7480 = CARTESIAN_POINT('',(6.28318530718,0.));
#7481 = VECTOR('',#7482,1.);
#7482 = DIRECTION('',(-0.,-1.));
#7483 = ( GEOMETRIC_REPRESENTATION_CONTEXT(2) 
PARAMETRIC_REPRESENTATION_CONTEXT() REPRESENTATION_CONTEXT('2D SPACE',''
  ) );
#7484 = ORIENTED_EDGE('',*,*,#1050,.T.);
#7485 = ORIENTED_EDGE('',*,*,#7464,.F.);
#7486 = ORIENTED_EDGE('',*,*,#4531,.F.);
#7487 = ADVANCED_FACE('',(#7488),#1106,.F.);
#7488 = FACE_BOUND('',#7489,.F.);
#7489 = EDGE_LOOP('',(#7490,#7511,#7512,#7513));
#7490 = ORIENTED_EDGE('',*,*,#7491,.T.);
#7491 = EDGE_CURVE('',#4562,#1086,#7492,.T.);
#7492 = SEAM_CURVE('',#7493,(#7497,#7504),.PCURVE_S1.);
#7493 = LINE('',#7494,#7495);
#7494 = CARTESIAN_POINT('',(25.04,28.,-0.1));
#7495 = VECTOR('',#7496,1.);
#7496 = DIRECTION('',(0.,0.,1.));
#7497 = PCURVE('',#1106,#7498);
#7498 = DEFINITIONAL_REPRESENTATION('',(#7499),#7503);
#7499 = LINE('',#7500,#7501);
#7500 = CARTESIAN_POINT('',(-4.138911435803E-13,0.));
#7501 = VECTOR('',#7502,1.);
#7502 = DIRECTION('',(-0.,-1.));
#7503 = ( GEOMETRIC_REPRESENTATION_CONTEXT(2) 
PARAMETRIC_REPRESENTATION_CONTEXT() REPRESENTATION_CONTEXT('2D SPACE',''
  ) );
#7504 = PCURVE('',#1106,#7505);
#7505 = DEFINITIONAL_REPRESENTATION('',(#7506),#7510);
#7506 = LINE('',#7507,#7508);
#7507 = CARTESIAN_POINT('',(6.28318530718,0.));
#7508 = VECTOR('',#7509,1.);
#7509 = DIRECTION('',(-0.,-1.));
#7510 = ( GEOMETRIC_REPRESENTATION_CONTEXT(2) 
PARAMETRIC_REPRESENTATION_CONTEXT() REPRESENTATION_CONTEXT('2D SPACE',''
  ) );
#7511 = ORIENTED_EDGE('',*,*,#1085,.T.);
#7512 = ORIENTED_EDGE('',*,*,#7491,.F.);
#7513 = ORIENTED_EDGE('',*,*,#4561,.F.);
#7514 = ADVANCED_FACE('',(#7515),#1141,.F.);
#7515 = FACE_BOUND('',#7516,.F.);
#7516 = EDGE_LOOP('',(#7517,#7538,#7539,#7540));
#7517 = ORIENTED_EDGE('',*,*,#7518,.T.);
#7518 = EDGE_CURVE('',#4592,#1121,#7519,.T.);
#7519 = SEAM_CURVE('',#7520,(#7524,#7531),.PCURVE_S1.);
#7520 = LINE('',#7521,#7522);
#7521 = CARTESIAN_POINT('',(35.4,29.,-0.1));
#7522 = VECTOR('',#7523,1.);
#7523 = DIRECTION('',(0.,0.,1.));
#7524 = PCURVE('',#1141,#7525);
#7525 = DEFINITIONAL_REPRESENTATION('',(#7526),#7530);
#7526 = LINE('',#7527,#7528);
#7527 = CARTESIAN_POINT('',(-4.138911435803E-13,0.));
#7528 = VECTOR('',#7529,1.);
#7529 = DIRECTION('',(-0.,-1.));
#7530 = ( GEOMETRIC_REPRESENTATION_CONTEXT(2) 
PARAMETRIC_REPRESENTATION_CONTEXT() REPRESENTATION_CONTEXT('2D SPACE',''
  ) );
#7531 = PCURVE('',#1141,#7532);
#7532 = DEFINITIONAL_REPRESENTATION('',(#7533),#7537);
#7533 = LINE('',#7534,#7535);
#7534 = CARTESIAN_POINT('',(6.28318530718,0.));
#7535 = VECTOR('',#7536,1.);
#7536 = DIRECTION('',(-0.,-1.));
#7537 = ( GEOMETRIC_REPRESENTATION_CONTEXT(2) 
PARAMETRIC_REPRESENTATION_CONTEXT() REPRESENTATION_CONTEXT('2D SPACE',''
  ) );
#7538 = ORIENTED_EDGE('',*,*,#1120,.T.);
#7539 = ORIENTED_EDGE('',*,*,#7518,.F.);
#7540 = ORIENTED_EDGE('',*,*,#4591,.F.);
#7541 = ADVANCED_FACE('',(#7542),#1176,.F.);
#7542 = FACE_BOUND('',#7543,.F.);
#7543 = EDGE_LOOP('',(#7544,#7565,#7566,#7567));
#7544 = ORIENTED_EDGE('',*,*,#7545,.T.);
#7545 = EDGE_CURVE('',#4622,#1156,#7546,.T.);
#7546 = SEAM_CURVE('',#7547,(#7551,#7558),.PCURVE_S1.);
#7547 = LINE('',#7548,#7549);
#7548 = CARTESIAN_POINT('',(37.9,29.,-0.1));
#7549 = VECTOR('',#7550,1.);
#7550 = DIRECTION('',(0.,0.,1.));
#7551 = PCURVE('',#1176,#7552);
#7552 = DEFINITIONAL_REPRESENTATION('',(#7553),#7557);
#7553 = LINE('',#7554,#7555);
#7554 = CARTESIAN_POINT('',(-4.138911435803E-13,0.));
#7555 = VECTOR('',#7556,1.);
#7556 = DIRECTION('',(-0.,-1.));
#7557 = ( GEOMETRIC_REPRESENTATION_CONTEXT(2) 
PARAMETRIC_REPRESENTATION_CONTEXT() REPRESENTATION_CONTEXT('2D SPACE',''
  ) );
#7558 = PCURVE('',#1176,#7559);
#7559 = DEFINITIONAL_REPRESENTATION('',(#7560),#7564);
#7560 = LINE('',#7561,#7562);
#7561 = CARTESIAN_POINT('',(6.28318530718,0.));
#7562 = VECTOR('',#7563,1.);
#7563 = DIRECTION('',(-0.,-1.));
#7564 = ( GEOMETRIC_REPRESENTATION_CONTEXT(2) 
PARAMETRIC_REPRESENTATION_CONTEXT() REPRESENTATION_CONTEXT('2D SPACE',''
  ) );
#7565 = ORIENTED_EDGE('',*,*,#1155,.T.);
#7566 = ORIENTED_EDGE('',*,*,#7545,.F.);
#7567 = ORIENTED_EDGE('',*,*,#4621,.F.);
#7568 = ADVANCED_FACE('',(#7569),#1211,.F.);
#7569 = FACE_BOUND('',#7570,.F.);
#7570 = EDGE_LOOP('',(#7571,#7592,#7593,#7594));
#7571 = ORIENTED_EDGE('',*,*,#7572,.T.);
#7572 = EDGE_CURVE('',#4652,#1191,#7573,.T.);
#7573 = SEAM_CURVE('',#7574,(#7578,#7585),.PCURVE_S1.);
#7574 = LINE('',#7575,#7576);
#7575 = CARTESIAN_POINT('',(31.75,37.,-0.1));
#7576 = VECTOR('',#7577,1.);
#7577 = DIRECTION('',(0.,0.,1.));
#7578 = PCURVE('',#1211,#7579);
#7579 = DEFINITIONAL_REPRESENTATION('',(#7580),#7584);
#7580 = LINE('',#7581,#7582);
#7581 = CARTESIAN_POINT('',(-4.138911435803E-13,0.));
#7582 = VECTOR('',#7583,1.);
#7583 = DIRECTION('',(-0.,-1.));
#7584 = ( GEOMETRIC_REPRESENTATION_CONTEXT(2) 
PARAMETRIC_REPRESENTATION_CONTEXT() REPRESENTATION_CONTEXT('2D SPACE',''
  ) );
#7585 = PCURVE('',#1211,#7586);
#7586 = DEFINITIONAL_REPRESENTATION('',(#7587),#7591);
#7587 = LINE('',#7588,#7589);
#7588 = CARTESIAN_POINT('',(6.28318530718,0.));
#7589 = VECTOR('',#7590,1.);
#7590 = DIRECTION('',(-0.,-1.));
#7591 = ( GEOMETRIC_REPRESENTATION_CONTEXT(2) 
PARAMETRIC_REPRESENTATION_CONTEXT() REPRESENTATION_CONTEXT('2D SPACE',''
  ) );
#7592 = ORIENTED_EDGE('',*,*,#1190,.T.);
#7593 = ORIENTED_EDGE('',*,*,#7572,.F.);
#7594 = ORIENTED_EDGE('',*,*,#4651,.F.);
#7595 = ADVANCED_FACE('',(#7596),#1246,.F.);
#7596 = FACE_BOUND('',#7597,.F.);
#7597 = EDGE_LOOP('',(#7598,#7619,#7620,#7621));
#7598 = ORIENTED_EDGE('',*,*,#7599,.T.);
#7599 = EDGE_CURVE('',#4682,#1226,#7600,.T.);
#7600 = SEAM_CURVE('',#7601,(#7605,#7612),.PCURVE_S1.);
#7601 = LINE('',#7602,#7603);
#7602 = CARTESIAN_POINT('',(31.75,47.,-0.1));
#7603 = VECTOR('',#7604,1.);
#7604 = DIRECTION('',(0.,0.,1.));
#7605 = PCURVE('',#1246,#7606);
#7606 = DEFINITIONAL_REPRESENTATION('',(#7607),#7611);
#7607 = LINE('',#7608,#7609);
#7608 = CARTESIAN_POINT('',(-4.138911435803E-13,0.));
#7609 = VECTOR('',#7610,1.);
#7610 = DIRECTION('',(-0.,-1.));
#7611 = ( GEOMETRIC_REPRESENTATION_CONTEXT(2) 
PARAMETRIC_REPRESENTATION_CONTEXT() REPRESENTATION_CONTEXT('2D SPACE',''
  ) );
#7612 = PCURVE('',#1246,#7613);
#7613 = DEFINITIONAL_REPRESENTATION('',(#7614),#7618);
#7614 = LINE('',#7615,#7616);
#7615 = CARTESIAN_POINT('',(6.28318530718,0.));
#7616 = VECTOR('',#7617,1.);
#7617 = DIRECTION('',(-0.,-1.));
#7618 = ( GEOMETRIC_REPRESENTATION_CONTEXT(2) 
PARAMETRIC_REPRESENTATION_CONTEXT() REPRESENTATION_CONTEXT('2D SPACE',''
  ) );
#7619 = ORIENTED_EDGE('',*,*,#1225,.T.);
#7620 = ORIENTED_EDGE('',*,*,#7599,.F.);
#7621 = ORIENTED_EDGE('',*,*,#4681,.F.);
#7622 = ADVANCED_FACE('',(#7623),#1281,.F.);
#7623 = FACE_BOUND('',#7624,.F.);
#7624 = EDGE_LOOP('',(#7625,#7646,#7647,#7648));
#7625 = ORIENTED_EDGE('',*,*,#7626,.T.);
#7626 = EDGE_CURVE('',#4712,#1261,#7627,.T.);
#7627 = SEAM_CURVE('',#7628,(#7632,#7639),.PCURVE_S1.);
#7628 = LINE('',#7629,#7630);
#7629 = CARTESIAN_POINT('',(31.75,57.,-0.1));
#7630 = VECTOR('',#7631,1.);
#7631 = DIRECTION('',(0.,0.,1.));
#7632 = PCURVE('',#1281,#7633);
#7633 = DEFINITIONAL_REPRESENTATION('',(#7634),#7638);
#7634 = LINE('',#7635,#7636);
#7635 = CARTESIAN_POINT('',(-4.138911435803E-13,0.));
#7636 = VECTOR('',#7637,1.);
#7637 = DIRECTION('',(-0.,-1.));
#7638 = ( GEOMETRIC_REPRESENTATION_CONTEXT(2) 
PARAMETRIC_REPRESENTATION_CONTEXT() REPRESENTATION_CONTEXT('2D SPACE',''
  ) );
#7639 = PCURVE('',#1281,#7640);
#7640 = DEFINITIONAL_REPRESENTATION('',(#7641),#7645);
#7641 = LINE('',#7642,#7643);
#7642 = CARTESIAN_POINT('',(6.28318530718,0.));
#7643 = VECTOR('',#7644,1.);
#7644 = DIRECTION('',(-0.,-1.));
#7645 = ( GEOMETRIC_REPRESENTATION_CONTEXT(2) 
PARAMETRIC_REPRESENTATION_CONTEXT() REPRESENTATION_CONTEXT('2D SPACE',''
  ) );
#7646 = ORIENTED_EDGE('',*,*,#1260,.T.);
#7647 = ORIENTED_EDGE('',*,*,#7626,.F.);
#7648 = ORIENTED_EDGE('',*,*,#4711,.F.);
#7649 = ADVANCED_FACE('',(#7650),#1316,.F.);
#7650 = FACE_BOUND('',#7651,.F.);
#7651 = EDGE_LOOP('',(#7652,#7673,#7674,#7675));
#7652 = ORIENTED_EDGE('',*,*,#7653,.T.);
#7653 = EDGE_CURVE('',#4742,#1296,#7654,.T.);
#7654 = SEAM_CURVE('',#7655,(#7659,#7666),.PCURVE_S1.);
#7655 = LINE('',#7656,#7657);
#7656 = CARTESIAN_POINT('',(13.75,67.,-0.1));
#7657 = VECTOR('',#7658,1.);
#7658 = DIRECTION('',(0.,0.,1.));
#7659 = PCURVE('',#1316,#7660);
#7660 = DEFINITIONAL_REPRESENTATION('',(#7661),#7665);
#7661 = LINE('',#7662,#7663);
#7662 = CARTESIAN_POINT('',(-4.138911435803E-13,0.));
#7663 = VECTOR('',#7664,1.);
#7664 = DIRECTION('',(-0.,-1.));
#7665 = ( GEOMETRIC_REPRESENTATION_CONTEXT(2) 
PARAMETRIC_REPRESENTATION_CONTEXT() REPRESENTATION_CONTEXT('2D SPACE',''
  ) );
#7666 = PCURVE('',#1316,#7667);
#7667 = DEFINITIONAL_REPRESENTATION('',(#7668),#7672);
#7668 = LINE('',#7669,#7670);
#7669 = CARTESIAN_POINT('',(6.28318530718,0.));
#7670 = VECTOR('',#7671,1.);
#7671 = DIRECTION('',(-0.,-1.));
#7672 = ( GEOMETRIC_REPRESENTATION_CONTEXT(2) 
PARAMETRIC_REPRESENTATION_CONTEXT() REPRESENTATION_CONTEXT('2D SPACE',''
  ) );
#7673 = ORIENTED_EDGE('',*,*,#1295,.T.);
#7674 = ORIENTED_EDGE('',*,*,#7653,.F.);
#7675 = ORIENTED_EDGE('',*,*,#4741,.F.);
#7676 = ADVANCED_FACE('',(#7677),#1351,.F.);
#7677 = FACE_BOUND('',#7678,.F.);
#7678 = EDGE_LOOP('',(#7679,#7700,#7701,#7702));
#7679 = ORIENTED_EDGE('',*,*,#7680,.T.);
#7680 = EDGE_CURVE('',#4772,#1331,#7681,.T.);
#7681 = SEAM_CURVE('',#7682,(#7686,#7693),.PCURVE_S1.);
#7682 = LINE('',#7683,#7684);
#7683 = CARTESIAN_POINT('',(13.75,77.,-0.1));
#7684 = VECTOR('',#7685,1.);
#7685 = DIRECTION('',(0.,0.,1.));
#7686 = PCURVE('',#1351,#7687);
#7687 = DEFINITIONAL_REPRESENTATION('',(#7688),#7692);
#7688 = LINE('',#7689,#7690);
#7689 = CARTESIAN_POINT('',(-4.138911435803E-13,0.));
#7690 = VECTOR('',#7691,1.);
#7691 = DIRECTION('',(-0.,-1.));
#7692 = ( GEOMETRIC_REPRESENTATION_CONTEXT(2) 
PARAMETRIC_REPRESENTATION_CONTEXT() REPRESENTATION_CONTEXT('2D SPACE',''
  ) );
#7693 = PCURVE('',#1351,#7694);
#7694 = DEFINITIONAL_REPRESENTATION('',(#7695),#7699);
#7695 = LINE('',#7696,#7697);
#7696 = CARTESIAN_POINT('',(6.28318530718,0.));
#7697 = VECTOR('',#7698,1.);
#7698 = DIRECTION('',(-0.,-1.));
#7699 = ( GEOMETRIC_REPRESENTATION_CONTEXT(2) 
PARAMETRIC_REPRESENTATION_CONTEXT() REPRESENTATION_CONTEXT('2D SPACE',''
  ) );
#7700 = ORIENTED_EDGE('',*,*,#1330,.T.);
#7701 = ORIENTED_EDGE('',*,*,#7680,.F.);
#7702 = ORIENTED_EDGE('',*,*,#4771,.F.);
#7703 = ADVANCED_FACE('',(#7704),#1386,.F.);
#7704 = FACE_BOUND('',#7705,.F.);
#7705 = EDGE_LOOP('',(#7706,#7727,#7728,#7729));
#7706 = ORIENTED_EDGE('',*,*,#7707,.T.);
#7707 = EDGE_CURVE('',#4802,#1366,#7708,.T.);
#7708 = SEAM_CURVE('',#7709,(#7713,#7720),.PCURVE_S1.);
#7709 = LINE('',#7710,#7711);
#7710 = CARTESIAN_POINT('',(13.75,87.,-0.1));
#7711 = VECTOR('',#7712,1.);
#7712 = DIRECTION('',(0.,0.,1.));
#7713 = PCURVE('',#1386,#7714);
#7714 = DEFINITIONAL_REPRESENTATION('',(#7715),#7719);
#7715 = LINE('',#7716,#7717);
#7716 = CARTESIAN_POINT('',(-4.138911435803E-13,0.));
#7717 = VECTOR('',#7718,1.);
#7718 = DIRECTION('',(-0.,-1.));
#7719 = ( GEOMETRIC_REPRESENTATION_CONTEXT(2) 
PARAMETRIC_REPRESENTATION_CONTEXT() REPRESENTATION_CONTEXT('2D SPACE',''
  ) );
#7720 = PCURVE('',#1386,#7721);
#7721 = DEFINITIONAL_REPRESENTATION('',(#7722),#7726);
#7722 = LINE('',#7723,#7724);
#7723 = CARTESIAN_POINT('',(6.28318530718,0.));
#7724 = VECTOR('',#7725,1.);
#7725 = DIRECTION('',(-0.,-1.));
#7726 = ( GEOMETRIC_REPRESENTATION_CONTEXT(2) 
PARAMETRIC_REPRESENTATION_CONTEXT() REPRESENTATION_CONTEXT('2D SPACE',''
  ) );
#7727 = ORIENTED_EDGE('',*,*,#1365,.T.);
#7728 = ORIENTED_EDGE('',*,*,#7707,.F.);
#7729 = ORIENTED_EDGE('',*,*,#4801,.F.);
#7730 = ADVANCED_FACE('',(#7731),#1421,.F.);
#7731 = FACE_BOUND('',#7732,.F.);
#7732 = EDGE_LOOP('',(#7733,#7754,#7755,#7756));
#7733 = ORIENTED_EDGE('',*,*,#7734,.T.);
#7734 = EDGE_CURVE('',#4832,#1401,#7735,.T.);
#7735 = SEAM_CURVE('',#7736,(#7740,#7747),.PCURVE_S1.);
#7736 = LINE('',#7737,#7738);
#7737 = CARTESIAN_POINT('',(13.75,97.,-0.1));
#7738 = VECTOR('',#7739,1.);
#7739 = DIRECTION('',(0.,0.,1.));
#7740 = PCURVE('',#1421,#7741);
#7741 = DEFINITIONAL_REPRESENTATION('',(#7742),#7746);
#7742 = LINE('',#7743,#7744);
#7743 = CARTESIAN_POINT('',(-4.138911435803E-13,0.));
#7744 = VECTOR('',#7745,1.);
#7745 = DIRECTION('',(-0.,-1.));
#7746 = ( GEOMETRIC_REPRESENTATION_CONTEXT(2) 
PARAMETRIC_REPRESENTATION_CONTEXT() REPRESENTATION_CONTEXT('2D SPACE',''
  ) );
#7747 = PCURVE('',#1421,#7748);
#7748 = DEFINITIONAL_REPRESENTATION('',(#7749),#7753);
#7749 = LINE('',#7750,#7751);
#7750 = CARTESIAN_POINT('',(6.28318530718,0.));
#7751 = VECTOR('',#7752,1.);
#7752 = DIRECTION('',(-0.,-1.));
#7753 = ( GEOMETRIC_REPRESENTATION_CONTEXT(2) 
PARAMETRIC_REPRESENTATION_CONTEXT() REPRESENTATION_CONTEXT('2D SPACE',''
  ) );
#7754 = ORIENTED_EDGE('',*,*,#1400,.T.);
#7755 = ORIENTED_EDGE('',*,*,#7734,.F.);
#7756 = ORIENTED_EDGE('',*,*,#4831,.F.);
#7757 = ADVANCED_FACE('',(#7758),#1456,.F.);
#7758 = FACE_BOUND('',#7759,.F.);
#7759 = EDGE_LOOP('',(#7760,#7781,#7782,#7783));
#7760 = ORIENTED_EDGE('',*,*,#7761,.T.);
#7761 = EDGE_CURVE('',#4862,#1436,#7762,.T.);
#7762 = SEAM_CURVE('',#7763,(#7767,#7774),.PCURVE_S1.);
#7763 = LINE('',#7764,#7765);
#7764 = CARTESIAN_POINT('',(13.75,107.,-0.1));
#7765 = VECTOR('',#7766,1.);
#7766 = DIRECTION('',(0.,0.,1.));
#7767 = PCURVE('',#1456,#7768);
#7768 = DEFINITIONAL_REPRESENTATION('',(#7769),#7773);
#7769 = LINE('',#7770,#7771);
#7770 = CARTESIAN_POINT('',(-4.138911435803E-13,0.));
#7771 = VECTOR('',#7772,1.);
#7772 = DIRECTION('',(-0.,-1.));
#7773 = ( GEOMETRIC_REPRESENTATION_CONTEXT(2) 
PARAMETRIC_REPRESENTATION_CONTEXT() REPRESENTATION_CONTEXT('2D SPACE',''
  ) );
#7774 = PCURVE('',#1456,#7775);
#7775 = DEFINITIONAL_REPRESENTATION('',(#7776),#7780);
#7776 = LINE('',#7777,#7778);
#7777 = CARTESIAN_POINT('',(6.28318530718,0.));
#7778 = VECTOR('',#7779,1.);
#7779 = DIRECTION('',(-0.,-1.));
#7780 = ( GEOMETRIC_REPRESENTATION_CONTEXT(2) 
PARAMETRIC_REPRESENTATION_CONTEXT() REPRESENTATION_CONTEXT('2D SPACE',''
  ) );
#7781 = ORIENTED_EDGE('',*,*,#1435,.T.);
#7782 = ORIENTED_EDGE('',*,*,#7761,.F.);
#7783 = ORIENTED_EDGE('',*,*,#4861,.F.);
#7784 = ADVANCED_FACE('',(#7785),#1491,.F.);
#7785 = FACE_BOUND('',#7786,.F.);
#7786 = EDGE_LOOP('',(#7787,#7808,#7809,#7810));
#7787 = ORIENTED_EDGE('',*,*,#7788,.T.);
#7788 = EDGE_CURVE('',#4892,#1471,#7789,.T.);
#7789 = SEAM_CURVE('',#7790,(#7794,#7801),.PCURVE_S1.);
#7790 = LINE('',#7791,#7792);
#7791 = CARTESIAN_POINT('',(31.75,67.,-0.1));
#7792 = VECTOR('',#7793,1.);
#7793 = DIRECTION('',(0.,0.,1.));
#7794 = PCURVE('',#1491,#7795);
#7795 = DEFINITIONAL_REPRESENTATION('',(#7796),#7800);
#7796 = LINE('',#7797,#7798);
#7797 = CARTESIAN_POINT('',(-4.138911435803E-13,0.));
#7798 = VECTOR('',#7799,1.);
#7799 = DIRECTION('',(-0.,-1.));
#7800 = ( GEOMETRIC_REPRESENTATION_CONTEXT(2) 
PARAMETRIC_REPRESENTATION_CONTEXT() REPRESENTATION_CONTEXT('2D SPACE',''
  ) );
#7801 = PCURVE('',#1491,#7802);
#7802 = DEFINITIONAL_REPRESENTATION('',(#7803),#7807);
#7803 = LINE('',#7804,#7805);
#7804 = CARTESIAN_POINT('',(6.28318530718,0.));
#7805 = VECTOR('',#7806,1.);
#7806 = DIRECTION('',(-0.,-1.));
#7807 = ( GEOMETRIC_REPRESENTATION_CONTEXT(2) 
PARAMETRIC_REPRESENTATION_CONTEXT() REPRESENTATION_CONTEXT('2D SPACE',''
  ) );
#7808 = ORIENTED_EDGE('',*,*,#1470,.T.);
#7809 = ORIENTED_EDGE('',*,*,#7788,.F.);
#7810 = ORIENTED_EDGE('',*,*,#4891,.F.);
#7811 = ADVANCED_FACE('',(#7812),#1526,.F.);
#7812 = FACE_BOUND('',#7813,.F.);
#7813 = EDGE_LOOP('',(#7814,#7835,#7836,#7837));
#7814 = ORIENTED_EDGE('',*,*,#7815,.T.);
#7815 = EDGE_CURVE('',#4922,#1506,#7816,.T.);
#7816 = SEAM_CURVE('',#7817,(#7821,#7828),.PCURVE_S1.);
#7817 = LINE('',#7818,#7819);
#7818 = CARTESIAN_POINT('',(31.75,77.,-0.1));
#7819 = VECTOR('',#7820,1.);
#7820 = DIRECTION('',(0.,0.,1.));
#7821 = PCURVE('',#1526,#7822);
#7822 = DEFINITIONAL_REPRESENTATION('',(#7823),#7827);
#7823 = LINE('',#7824,#7825);
#7824 = CARTESIAN_POINT('',(-4.138911435803E-13,0.));
#7825 = VECTOR('',#7826,1.);
#7826 = DIRECTION('',(-0.,-1.));
#7827 = ( GEOMETRIC_REPRESENTATION_CONTEXT(2) 
PARAMETRIC_REPRESENTATION_CONTEXT() REPRESENTATION_CONTEXT('2D SPACE',''
  ) );
#7828 = PCURVE('',#1526,#7829);
#7829 = DEFINITIONAL_REPRESENTATION('',(#7830),#7834);
#7830 = LINE('',#7831,#7832);
#7831 = CARTESIAN_POINT('',(6.28318530718,0.));
#7832 = VECTOR('',#7833,1.);
#7833 = DIRECTION('',(-0.,-1.));
#7834 = ( GEOMETRIC_REPRESENTATION_CONTEXT(2) 
PARAMETRIC_REPRESENTATION_CONTEXT() REPRESENTATION_CONTEXT('2D SPACE',''
  ) );
#7835 = ORIENTED_EDGE('',*,*,#1505,.T.);
#7836 = ORIENTED_EDGE('',*,*,#7815,.F.);
#7837 = ORIENTED_EDGE('',*,*,#4921,.F.);
#7838 = ADVANCED_FACE('',(#7839),#1561,.F.);
#7839 = FACE_BOUND('',#7840,.F.);
#7840 = EDGE_LOOP('',(#7841,#7862,#7863,#7864));
#7841 = ORIENTED_EDGE('',*,*,#7842,.T.);
#7842 = EDGE_CURVE('',#4952,#1541,#7843,.T.);
#7843 = SEAM_CURVE('',#7844,(#7848,#7855),.PCURVE_S1.);
#7844 = LINE('',#7845,#7846);
#7845 = CARTESIAN_POINT('',(31.75,87.,-0.1));
#7846 = VECTOR('',#7847,1.);
#7847 = DIRECTION('',(0.,0.,1.));
#7848 = PCURVE('',#1561,#7849);
#7849 = DEFINITIONAL_REPRESENTATION('',(#7850),#7854);
#7850 = LINE('',#7851,#7852);
#7851 = CARTESIAN_POINT('',(-4.138911435803E-13,0.));
#7852 = VECTOR('',#7853,1.);
#7853 = DIRECTION('',(-0.,-1.));
#7854 = ( GEOMETRIC_REPRESENTATION_CONTEXT(2) 
PARAMETRIC_REPRESENTATION_CONTEXT() REPRESENTATION_CONTEXT('2D SPACE',''
  ) );
#7855 = PCURVE('',#1561,#7856);
#7856 = DEFINITIONAL_REPRESENTATION('',(#7857),#7861);
#7857 = LINE('',#7858,#7859);
#7858 = CARTESIAN_POINT('',(6.28318530718,0.));
#7859 = VECTOR('',#7860,1.);
#7860 = DIRECTION('',(-0.,-1.));
#7861 = ( GEOMETRIC_REPRESENTATION_CONTEXT(2) 
PARAMETRIC_REPRESENTATION_CONTEXT() REPRESENTATION_CONTEXT('2D SPACE',''
  ) );
#7862 = ORIENTED_EDGE('',*,*,#1540,.T.);
#7863 = ORIENTED_EDGE('',*,*,#7842,.F.);
#7864 = ORIENTED_EDGE('',*,*,#4951,.F.);
#7865 = ADVANCED_FACE('',(#7866),#1596,.F.);
#7866 = FACE_BOUND('',#7867,.F.);
#7867 = EDGE_LOOP('',(#7868,#7889,#7890,#7891));
#7868 = ORIENTED_EDGE('',*,*,#7869,.T.);
#7869 = EDGE_CURVE('',#4982,#1576,#7870,.T.);
#7870 = SEAM_CURVE('',#7871,(#7875,#7882),.PCURVE_S1.);
#7871 = LINE('',#7872,#7873);
#7872 = CARTESIAN_POINT('',(31.75,97.,-0.1));
#7873 = VECTOR('',#7874,1.);
#7874 = DIRECTION('',(0.,0.,1.));
#7875 = PCURVE('',#1596,#7876);
#7876 = DEFINITIONAL_REPRESENTATION('',(#7877),#7881);
#7877 = LINE('',#7878,#7879);
#7878 = CARTESIAN_POINT('',(-4.138911435803E-13,0.));
#7879 = VECTOR('',#7880,1.);
#7880 = DIRECTION('',(-0.,-1.));
#7881 = ( GEOMETRIC_REPRESENTATION_CONTEXT(2) 
PARAMETRIC_REPRESENTATION_CONTEXT() REPRESENTATION_CONTEXT('2D SPACE',''
  ) );
#7882 = PCURVE('',#1596,#7883);
#7883 = DEFINITIONAL_REPRESENTATION('',(#7884),#7888);
#7884 = LINE('',#7885,#7886);
#7885 = CARTESIAN_POINT('',(6.28318530718,0.));
#7886 = VECTOR('',#7887,1.);
#7887 = DIRECTION('',(-0.,-1.));
#7888 = ( GEOMETRIC_REPRESENTATION_CONTEXT(2) 
PARAMETRIC_REPRESENTATION_CONTEXT() REPRESENTATION_CONTEXT('2D SPACE',''
  ) );
#7889 = ORIENTED_EDGE('',*,*,#1575,.T.);
#7890 = ORIENTED_EDGE('',*,*,#7869,.F.);
#7891 = ORIENTED_EDGE('',*,*,#4981,.F.);
#7892 = ADVANCED_FACE('',(#7893),#1631,.F.);
#7893 = FACE_BOUND('',#7894,.F.);
#7894 = EDGE_LOOP('',(#7895,#7916,#7917,#7918));
#7895 = ORIENTED_EDGE('',*,*,#7896,.T.);
#7896 = EDGE_CURVE('',#5012,#1611,#7897,.T.);
#7897 = SEAM_CURVE('',#7898,(#7902,#7909),.PCURVE_S1.);
#7898 = LINE('',#7899,#7900);
#7899 = CARTESIAN_POINT('',(31.75,107.,-0.1));
#7900 = VECTOR('',#7901,1.);
#7901 = DIRECTION('',(0.,0.,1.));
#7902 = PCURVE('',#1631,#7903);
#7903 = DEFINITIONAL_REPRESENTATION('',(#7904),#7908);
#7904 = LINE('',#7905,#7906);
#7905 = CARTESIAN_POINT('',(-4.138911435803E-13,0.));
#7906 = VECTOR('',#7907,1.);
#7907 = DIRECTION('',(-0.,-1.));
#7908 = ( GEOMETRIC_REPRESENTATION_CONTEXT(2) 
PARAMETRIC_REPRESENTATION_CONTEXT() REPRESENTATION_CONTEXT('2D SPACE',''
  ) );
#7909 = PCURVE('',#1631,#7910);
#7910 = DEFINITIONAL_REPRESENTATION('',(#7911),#7915);
#7911 = LINE('',#7912,#7913);
#7912 = CARTESIAN_POINT('',(6.28318530718,0.));
#7913 = VECTOR('',#7914,1.);
#7914 = DIRECTION('',(-0.,-1.));
#7915 = ( GEOMETRIC_REPRESENTATION_CONTEXT(2) 
PARAMETRIC_REPRESENTATION_CONTEXT() REPRESENTATION_CONTEXT('2D SPACE',''
  ) );
#7916 = ORIENTED_EDGE('',*,*,#1610,.T.);
#7917 = ORIENTED_EDGE('',*,*,#7896,.F.);
#7918 = ORIENTED_EDGE('',*,*,#5011,.F.);
#7919 = ADVANCED_FACE('',(#7920),#1666,.F.);
#7920 = FACE_BOUND('',#7921,.F.);
#7921 = EDGE_LOOP('',(#7922,#7943,#7944,#7945));
#7922 = ORIENTED_EDGE('',*,*,#7923,.T.);
#7923 = EDGE_CURVE('',#5042,#1646,#7924,.T.);
#7924 = SEAM_CURVE('',#7925,(#7929,#7936),.PCURVE_S1.);
#7925 = LINE('',#7926,#7927);
#7926 = CARTESIAN_POINT('',(59.959999,28.,-0.1));
#7927 = VECTOR('',#7928,1.);
#7928 = DIRECTION('',(0.,0.,1.));
#7929 = PCURVE('',#1666,#7930);
#7930 = DEFINITIONAL_REPRESENTATION('',(#7931),#7935);
#7931 = LINE('',#7932,#7933);
#7932 = CARTESIAN_POINT('',(-4.138911435803E-13,0.));
#7933 = VECTOR('',#7934,1.);
#7934 = DIRECTION('',(-0.,-1.));
#7935 = ( GEOMETRIC_REPRESENTATION_CONTEXT(2) 
PARAMETRIC_REPRESENTATION_CONTEXT() REPRESENTATION_CONTEXT('2D SPACE',''
  ) );
#7936 = PCURVE('',#1666,#7937);
#7937 = DEFINITIONAL_REPRESENTATION('',(#7938),#7942);
#7938 = LINE('',#7939,#7940);
#7939 = CARTESIAN_POINT('',(6.28318530718,0.));
#7940 = VECTOR('',#7941,1.);
#7941 = DIRECTION('',(-0.,-1.));
#7942 = ( GEOMETRIC_REPRESENTATION_CONTEXT(2) 
PARAMETRIC_REPRESENTATION_CONTEXT() REPRESENTATION_CONTEXT('2D SPACE',''
  ) );
#7943 = ORIENTED_EDGE('',*,*,#1645,.T.);
#7944 = ORIENTED_EDGE('',*,*,#7923,.F.);
#7945 = ORIENTED_EDGE('',*,*,#5041,.F.);
#7946 = ADVANCED_FACE('',(#7947),#1701,.F.);
#7947 = FACE_BOUND('',#7948,.F.);
#7948 = EDGE_LOOP('',(#7949,#7970,#7971,#7972));
#7949 = ORIENTED_EDGE('',*,*,#7950,.T.);
#7950 = EDGE_CURVE('',#5072,#1681,#7951,.T.);
#7951 = SEAM_CURVE('',#7952,(#7956,#7963),.PCURVE_S1.);
#7952 = LINE('',#7953,#7954);
#7953 = CARTESIAN_POINT('',(53.75,37.,-0.1));
#7954 = VECTOR('',#7955,1.);
#7955 = DIRECTION('',(0.,0.,1.));
#7956 = PCURVE('',#1701,#7957);
#7957 = DEFINITIONAL_REPRESENTATION('',(#7958),#7962);
#7958 = LINE('',#7959,#7960);
#7959 = CARTESIAN_POINT('',(-4.138911435803E-13,0.));
#7960 = VECTOR('',#7961,1.);
#7961 = DIRECTION('',(-0.,-1.));
#7962 = ( GEOMETRIC_REPRESENTATION_CONTEXT(2) 
PARAMETRIC_REPRESENTATION_CONTEXT() REPRESENTATION_CONTEXT('2D SPACE',''
  ) );
#7963 = PCURVE('',#1701,#7964);
#7964 = DEFINITIONAL_REPRESENTATION('',(#7965),#7969);
#7965 = LINE('',#7966,#7967);
#7966 = CARTESIAN_POINT('',(6.28318530718,0.));
#7967 = VECTOR('',#7968,1.);
#7968 = DIRECTION('',(-0.,-1.));
#7969 = ( GEOMETRIC_REPRESENTATION_CONTEXT(2) 
PARAMETRIC_REPRESENTATION_CONTEXT() REPRESENTATION_CONTEXT('2D SPACE',''
  ) );
#7970 = ORIENTED_EDGE('',*,*,#1680,.T.);
#7971 = ORIENTED_EDGE('',*,*,#7950,.F.);
#7972 = ORIENTED_EDGE('',*,*,#5071,.F.);
#7973 = ADVANCED_FACE('',(#7974),#1736,.F.);
#7974 = FACE_BOUND('',#7975,.F.);
#7975 = EDGE_LOOP('',(#7976,#7997,#7998,#7999));
#7976 = ORIENTED_EDGE('',*,*,#7977,.T.);
#7977 = EDGE_CURVE('',#5102,#1716,#7978,.T.);
#7978 = SEAM_CURVE('',#7979,(#7983,#7990),.PCURVE_S1.);
#7979 = LINE('',#7980,#7981);
#7980 = CARTESIAN_POINT('',(53.75,47.,-0.1));
#7981 = VECTOR('',#7982,1.);
#7982 = DIRECTION('',(0.,0.,1.));
#7983 = PCURVE('',#1736,#7984);
#7984 = DEFINITIONAL_REPRESENTATION('',(#7985),#7989);
#7985 = LINE('',#7986,#7987);
#7986 = CARTESIAN_POINT('',(-4.138911435803E-13,0.));
#7987 = VECTOR('',#7988,1.);
#7988 = DIRECTION('',(-0.,-1.));
#7989 = ( GEOMETRIC_REPRESENTATION_CONTEXT(2) 
PARAMETRIC_REPRESENTATION_CONTEXT() REPRESENTATION_CONTEXT('2D SPACE',''
  ) );
#7990 = PCURVE('',#1736,#7991);
#7991 = DEFINITIONAL_REPRESENTATION('',(#7992),#7996);
#7992 = LINE('',#7993,#7994);
#7993 = CARTESIAN_POINT('',(6.28318530718,0.));
#7994 = VECTOR('',#7995,1.);
#7995 = DIRECTION('',(-0.,-1.));
#7996 = ( GEOMETRIC_REPRESENTATION_CONTEXT(2) 
PARAMETRIC_REPRESENTATION_CONTEXT() REPRESENTATION_CONTEXT('2D SPACE',''
  ) );
#7997 = ORIENTED_EDGE('',*,*,#1715,.T.);
#7998 = ORIENTED_EDGE('',*,*,#7977,.F.);
#7999 = ORIENTED_EDGE('',*,*,#5101,.F.);
#8000 = ADVANCED_FACE('',(#8001),#1771,.F.);
#8001 = FACE_BOUND('',#8002,.F.);
#8002 = EDGE_LOOP('',(#8003,#8024,#8025,#8026));
#8003 = ORIENTED_EDGE('',*,*,#8004,.T.);
#8004 = EDGE_CURVE('',#5132,#1751,#8005,.T.);
#8005 = SEAM_CURVE('',#8006,(#8010,#8017),.PCURVE_S1.);
#8006 = LINE('',#8007,#8008);
#8007 = CARTESIAN_POINT('',(53.75,57.,-0.1));
#8008 = VECTOR('',#8009,1.);
#8009 = DIRECTION('',(0.,0.,1.));
#8010 = PCURVE('',#1771,#8011);
#8011 = DEFINITIONAL_REPRESENTATION('',(#8012),#8016);
#8012 = LINE('',#8013,#8014);
#8013 = CARTESIAN_POINT('',(-4.138911435803E-13,0.));
#8014 = VECTOR('',#8015,1.);
#8015 = DIRECTION('',(-0.,-1.));
#8016 = ( GEOMETRIC_REPRESENTATION_CONTEXT(2) 
PARAMETRIC_REPRESENTATION_CONTEXT() REPRESENTATION_CONTEXT('2D SPACE',''
  ) );
#8017 = PCURVE('',#1771,#8018);
#8018 = DEFINITIONAL_REPRESENTATION('',(#8019),#8023);
#8019 = LINE('',#8020,#8021);
#8020 = CARTESIAN_POINT('',(6.28318530718,0.));
#8021 = VECTOR('',#8022,1.);
#8022 = DIRECTION('',(-0.,-1.));
#8023 = ( GEOMETRIC_REPRESENTATION_CONTEXT(2) 
PARAMETRIC_REPRESENTATION_CONTEXT() REPRESENTATION_CONTEXT('2D SPACE',''
  ) );
#8024 = ORIENTED_EDGE('',*,*,#1750,.T.);
#8025 = ORIENTED_EDGE('',*,*,#8004,.F.);
#8026 = ORIENTED_EDGE('',*,*,#5131,.F.);
#8027 = ADVANCED_FACE('',(#8028),#1806,.F.);
#8028 = FACE_BOUND('',#8029,.F.);
#8029 = EDGE_LOOP('',(#8030,#8051,#8052,#8053));
#8030 = ORIENTED_EDGE('',*,*,#8031,.T.);
#8031 = EDGE_CURVE('',#5162,#1786,#8032,.T.);
#8032 = SEAM_CURVE('',#8033,(#8037,#8044),.PCURVE_S1.);
#8033 = LINE('',#8034,#8035);
#8034 = CARTESIAN_POINT('',(62.499999,28.,-0.1));
#8035 = VECTOR('',#8036,1.);
#8036 = DIRECTION('',(0.,0.,1.));
#8037 = PCURVE('',#1806,#8038);
#8038 = DEFINITIONAL_REPRESENTATION('',(#8039),#8043);
#8039 = LINE('',#8040,#8041);
#8040 = CARTESIAN_POINT('',(-4.138911435803E-13,0.));
#8041 = VECTOR('',#8042,1.);
#8042 = DIRECTION('',(-0.,-1.));
#8043 = ( GEOMETRIC_REPRESENTATION_CONTEXT(2) 
PARAMETRIC_REPRESENTATION_CONTEXT() REPRESENTATION_CONTEXT('2D SPACE',''
  ) );
#8044 = PCURVE('',#1806,#8045);
#8045 = DEFINITIONAL_REPRESENTATION('',(#8046),#8050);
#8046 = LINE('',#8047,#8048);
#8047 = CARTESIAN_POINT('',(6.28318530718,0.));
#8048 = VECTOR('',#8049,1.);
#8049 = DIRECTION('',(-0.,-1.));
#8050 = ( GEOMETRIC_REPRESENTATION_CONTEXT(2) 
PARAMETRIC_REPRESENTATION_CONTEXT() REPRESENTATION_CONTEXT('2D SPACE',''
  ) );
#8051 = ORIENTED_EDGE('',*,*,#1785,.T.);
#8052 = ORIENTED_EDGE('',*,*,#8031,.F.);
#8053 = ORIENTED_EDGE('',*,*,#5161,.F.);
#8054 = ADVANCED_FACE('',(#8055),#1841,.F.);
#8055 = FACE_BOUND('',#8056,.F.);
#8056 = EDGE_LOOP('',(#8057,#8078,#8079,#8080));
#8057 = ORIENTED_EDGE('',*,*,#8058,.T.);
#8058 = EDGE_CURVE('',#5192,#1821,#8059,.T.);
#8059 = SEAM_CURVE('',#8060,(#8064,#8071),.PCURVE_S1.);
#8060 = LINE('',#8061,#8062);
#8061 = CARTESIAN_POINT('',(65.039999,28.,-0.1));
#8062 = VECTOR('',#8063,1.);
#8063 = DIRECTION('',(0.,0.,1.));
#8064 = PCURVE('',#1841,#8065);
#8065 = DEFINITIONAL_REPRESENTATION('',(#8066),#8070);
#8066 = LINE('',#8067,#8068);
#8067 = CARTESIAN_POINT('',(-4.138911435803E-13,0.));
#8068 = VECTOR('',#8069,1.);
#8069 = DIRECTION('',(-0.,-1.));
#8070 = ( GEOMETRIC_REPRESENTATION_CONTEXT(2) 
PARAMETRIC_REPRESENTATION_CONTEXT() REPRESENTATION_CONTEXT('2D SPACE',''
  ) );
#8071 = PCURVE('',#1841,#8072);
#8072 = DEFINITIONAL_REPRESENTATION('',(#8073),#8077);
#8073 = LINE('',#8074,#8075);
#8074 = CARTESIAN_POINT('',(6.28318530718,0.));
#8075 = VECTOR('',#8076,1.);
#8076 = DIRECTION('',(-0.,-1.));
#8077 = ( GEOMETRIC_REPRESENTATION_CONTEXT(2) 
PARAMETRIC_REPRESENTATION_CONTEXT() REPRESENTATION_CONTEXT('2D SPACE',''
  ) );
#8078 = ORIENTED_EDGE('',*,*,#1820,.T.);
#8079 = ORIENTED_EDGE('',*,*,#8058,.F.);
#8080 = ORIENTED_EDGE('',*,*,#5191,.F.);
#8081 = ADVANCED_FACE('',(#8082),#1876,.F.);
#8082 = FACE_BOUND('',#8083,.F.);
#8083 = EDGE_LOOP('',(#8084,#8105,#8106,#8107));
#8084 = ORIENTED_EDGE('',*,*,#8085,.T.);
#8085 = EDGE_CURVE('',#5222,#1856,#8086,.T.);
#8086 = SEAM_CURVE('',#8087,(#8091,#8098),.PCURVE_S1.);
#8087 = LINE('',#8088,#8089);
#8088 = CARTESIAN_POINT('',(79.6,11.,-0.1));
#8089 = VECTOR('',#8090,1.);
#8090 = DIRECTION('',(0.,0.,1.));
#8091 = PCURVE('',#1876,#8092);
#8092 = DEFINITIONAL_REPRESENTATION('',(#8093),#8097);
#8093 = LINE('',#8094,#8095);
#8094 = CARTESIAN_POINT('',(-4.138911435803E-13,0.));
#8095 = VECTOR('',#8096,1.);
#8096 = DIRECTION('',(-0.,-1.));
#8097 = ( GEOMETRIC_REPRESENTATION_CONTEXT(2) 
PARAMETRIC_REPRESENTATION_CONTEXT() REPRESENTATION_CONTEXT('2D SPACE',''
  ) );
#8098 = PCURVE('',#1876,#8099);
#8099 = DEFINITIONAL_REPRESENTATION('',(#8100),#8104);
#8100 = LINE('',#8101,#8102);
#8101 = CARTESIAN_POINT('',(6.28318530718,0.));
#8102 = VECTOR('',#8103,1.);
#8103 = DIRECTION('',(-0.,-1.));
#8104 = ( GEOMETRIC_REPRESENTATION_CONTEXT(2) 
PARAMETRIC_REPRESENTATION_CONTEXT() REPRESENTATION_CONTEXT('2D SPACE',''
  ) );
#8105 = ORIENTED_EDGE('',*,*,#1855,.T.);
#8106 = ORIENTED_EDGE('',*,*,#8085,.F.);
#8107 = ORIENTED_EDGE('',*,*,#5221,.F.);
#8108 = ADVANCED_FACE('',(#8109),#1911,.F.);
#8109 = FACE_BOUND('',#8110,.F.);
#8110 = EDGE_LOOP('',(#8111,#8132,#8133,#8134));
#8111 = ORIENTED_EDGE('',*,*,#8112,.T.);
#8112 = EDGE_CURVE('',#5252,#1891,#8113,.T.);
#8113 = SEAM_CURVE('',#8114,(#8118,#8125),.PCURVE_S1.);
#8114 = LINE('',#8115,#8116);
#8115 = CARTESIAN_POINT('',(75.4,29.,-0.1));
#8116 = VECTOR('',#8117,1.);
#8117 = DIRECTION('',(0.,0.,1.));
#8118 = PCURVE('',#1911,#8119);
#8119 = DEFINITIONAL_REPRESENTATION('',(#8120),#8124);
#8120 = LINE('',#8121,#8122);
#8121 = CARTESIAN_POINT('',(-4.138911435803E-13,0.));
#8122 = VECTOR('',#8123,1.);
#8123 = DIRECTION('',(-0.,-1.));
#8124 = ( GEOMETRIC_REPRESENTATION_CONTEXT(2) 
PARAMETRIC_REPRESENTATION_CONTEXT() REPRESENTATION_CONTEXT('2D SPACE',''
  ) );
#8125 = PCURVE('',#1911,#8126);
#8126 = DEFINITIONAL_REPRESENTATION('',(#8127),#8131);
#8127 = LINE('',#8128,#8129);
#8128 = CARTESIAN_POINT('',(6.28318530718,0.));
#8129 = VECTOR('',#8130,1.);
#8130 = DIRECTION('',(-0.,-1.));
#8131 = ( GEOMETRIC_REPRESENTATION_CONTEXT(2) 
PARAMETRIC_REPRESENTATION_CONTEXT() REPRESENTATION_CONTEXT('2D SPACE',''
  ) );
#8132 = ORIENTED_EDGE('',*,*,#1890,.T.);
#8133 = ORIENTED_EDGE('',*,*,#8112,.F.);
#8134 = ORIENTED_EDGE('',*,*,#5251,.F.);
#8135 = ADVANCED_FACE('',(#8136),#1946,.F.);
#8136 = FACE_BOUND('',#8137,.F.);
#8137 = EDGE_LOOP('',(#8138,#8159,#8160,#8161));
#8138 = ORIENTED_EDGE('',*,*,#8139,.T.);
#8139 = EDGE_CURVE('',#5282,#1926,#8140,.T.);
#8140 = SEAM_CURVE('',#8141,(#8145,#8152),.PCURVE_S1.);
#8141 = LINE('',#8142,#8143);
#8142 = CARTESIAN_POINT('',(77.9,29.,-0.1));
#8143 = VECTOR('',#8144,1.);
#8144 = DIRECTION('',(0.,0.,1.));
#8145 = PCURVE('',#1946,#8146);
#8146 = DEFINITIONAL_REPRESENTATION('',(#8147),#8151);
#8147 = LINE('',#8148,#8149);
#8148 = CARTESIAN_POINT('',(-4.138911435803E-13,0.));
#8149 = VECTOR('',#8150,1.);
#8150 = DIRECTION('',(-0.,-1.));
#8151 = ( GEOMETRIC_REPRESENTATION_CONTEXT(2) 
PARAMETRIC_REPRESENTATION_CONTEXT() REPRESENTATION_CONTEXT('2D SPACE',''
  ) );
#8152 = PCURVE('',#1946,#8153);
#8153 = DEFINITIONAL_REPRESENTATION('',(#8154),#8158);
#8154 = LINE('',#8155,#8156);
#8155 = CARTESIAN_POINT('',(6.28318530718,0.));
#8156 = VECTOR('',#8157,1.);
#8157 = DIRECTION('',(-0.,-1.));
#8158 = ( GEOMETRIC_REPRESENTATION_CONTEXT(2) 
PARAMETRIC_REPRESENTATION_CONTEXT() REPRESENTATION_CONTEXT('2D SPACE',''
  ) );
#8159 = ORIENTED_EDGE('',*,*,#1925,.T.);
#8160 = ORIENTED_EDGE('',*,*,#8139,.F.);
#8161 = ORIENTED_EDGE('',*,*,#5281,.F.);
#8162 = ADVANCED_FACE('',(#8163),#1981,.F.);
#8163 = FACE_BOUND('',#8164,.F.);
#8164 = EDGE_LOOP('',(#8165,#8186,#8187,#8188));
#8165 = ORIENTED_EDGE('',*,*,#8166,.T.);
#8166 = EDGE_CURVE('',#5312,#1961,#8167,.T.);
#8167 = SEAM_CURVE('',#8168,(#8172,#8179),.PCURVE_S1.);
#8168 = LINE('',#8169,#8170);
#8169 = CARTESIAN_POINT('',(71.75,37.,-0.1));
#8170 = VECTOR('',#8171,1.);
#8171 = DIRECTION('',(0.,0.,1.));
#8172 = PCURVE('',#1981,#8173);
#8173 = DEFINITIONAL_REPRESENTATION('',(#8174),#8178);
#8174 = LINE('',#8175,#8176);
#8175 = CARTESIAN_POINT('',(-4.138911435803E-13,0.));
#8176 = VECTOR('',#8177,1.);
#8177 = DIRECTION('',(-0.,-1.));
#8178 = ( GEOMETRIC_REPRESENTATION_CONTEXT(2) 
PARAMETRIC_REPRESENTATION_CONTEXT() REPRESENTATION_CONTEXT('2D SPACE',''
  ) );
#8179 = PCURVE('',#1981,#8180);
#8180 = DEFINITIONAL_REPRESENTATION('',(#8181),#8185);
#8181 = LINE('',#8182,#8183);
#8182 = CARTESIAN_POINT('',(6.28318530718,0.));
#8183 = VECTOR('',#8184,1.);
#8184 = DIRECTION('',(-0.,-1.));
#8185 = ( GEOMETRIC_REPRESENTATION_CONTEXT(2) 
PARAMETRIC_REPRESENTATION_CONTEXT() REPRESENTATION_CONTEXT('2D SPACE',''
  ) );
#8186 = ORIENTED_EDGE('',*,*,#1960,.T.);
#8187 = ORIENTED_EDGE('',*,*,#8166,.F.);
#8188 = ORIENTED_EDGE('',*,*,#5311,.F.);
#8189 = ADVANCED_FACE('',(#8190),#2016,.F.);
#8190 = FACE_BOUND('',#8191,.F.);
#8191 = EDGE_LOOP('',(#8192,#8213,#8214,#8215));
#8192 = ORIENTED_EDGE('',*,*,#8193,.T.);
#8193 = EDGE_CURVE('',#5342,#1996,#8194,.T.);
#8194 = SEAM_CURVE('',#8195,(#8199,#8206),.PCURVE_S1.);
#8195 = LINE('',#8196,#8197);
#8196 = CARTESIAN_POINT('',(71.75,47.,-0.1));
#8197 = VECTOR('',#8198,1.);
#8198 = DIRECTION('',(0.,0.,1.));
#8199 = PCURVE('',#2016,#8200);
#8200 = DEFINITIONAL_REPRESENTATION('',(#8201),#8205);
#8201 = LINE('',#8202,#8203);
#8202 = CARTESIAN_POINT('',(-4.138911435803E-13,0.));
#8203 = VECTOR('',#8204,1.);
#8204 = DIRECTION('',(-0.,-1.));
#8205 = ( GEOMETRIC_REPRESENTATION_CONTEXT(2) 
PARAMETRIC_REPRESENTATION_CONTEXT() REPRESENTATION_CONTEXT('2D SPACE',''
  ) );
#8206 = PCURVE('',#2016,#8207);
#8207 = DEFINITIONAL_REPRESENTATION('',(#8208),#8212);
#8208 = LINE('',#8209,#8210);
#8209 = CARTESIAN_POINT('',(6.28318530718,0.));
#8210 = VECTOR('',#8211,1.);
#8211 = DIRECTION('',(-0.,-1.));
#8212 = ( GEOMETRIC_REPRESENTATION_CONTEXT(2) 
PARAMETRIC_REPRESENTATION_CONTEXT() REPRESENTATION_CONTEXT('2D SPACE',''
  ) );
#8213 = ORIENTED_EDGE('',*,*,#1995,.T.);
#8214 = ORIENTED_EDGE('',*,*,#8193,.F.);
#8215 = ORIENTED_EDGE('',*,*,#5341,.F.);
#8216 = ADVANCED_FACE('',(#8217),#2051,.F.);
#8217 = FACE_BOUND('',#8218,.F.);
#8218 = EDGE_LOOP('',(#8219,#8240,#8241,#8242));
#8219 = ORIENTED_EDGE('',*,*,#8220,.T.);
#8220 = EDGE_CURVE('',#5372,#2031,#8221,.T.);
#8221 = SEAM_CURVE('',#8222,(#8226,#8233),.PCURVE_S1.);
#8222 = LINE('',#8223,#8224);
#8223 = CARTESIAN_POINT('',(71.75,57.,-0.1));
#8224 = VECTOR('',#8225,1.);
#8225 = DIRECTION('',(0.,0.,1.));
#8226 = PCURVE('',#2051,#8227);
#8227 = DEFINITIONAL_REPRESENTATION('',(#8228),#8232);
#8228 = LINE('',#8229,#8230);
#8229 = CARTESIAN_POINT('',(-4.138911435803E-13,0.));
#8230 = VECTOR('',#8231,1.);
#8231 = DIRECTION('',(-0.,-1.));
#8232 = ( GEOMETRIC_REPRESENTATION_CONTEXT(2) 
PARAMETRIC_REPRESENTATION_CONTEXT() REPRESENTATION_CONTEXT('2D SPACE',''
  ) );
#8233 = PCURVE('',#2051,#8234);
#8234 = DEFINITIONAL_REPRESENTATION('',(#8235),#8239);
#8235 = LINE('',#8236,#8237);
#8236 = CARTESIAN_POINT('',(6.28318530718,0.));
#8237 = VECTOR('',#8238,1.);
#8238 = DIRECTION('',(-0.,-1.));
#8239 = ( GEOMETRIC_REPRESENTATION_CONTEXT(2) 
PARAMETRIC_REPRESENTATION_CONTEXT() REPRESENTATION_CONTEXT('2D SPACE',''
  ) );
#8240 = ORIENTED_EDGE('',*,*,#2030,.T.);
#8241 = ORIENTED_EDGE('',*,*,#8220,.F.);
#8242 = ORIENTED_EDGE('',*,*,#5371,.F.);
#8243 = ADVANCED_FACE('',(#8244),#2086,.F.);
#8244 = FACE_BOUND('',#8245,.F.);
#8245 = EDGE_LOOP('',(#8246,#8267,#8268,#8269));
#8246 = ORIENTED_EDGE('',*,*,#8247,.T.);
#8247 = EDGE_CURVE('',#5402,#2066,#8248,.T.);
#8248 = SEAM_CURVE('',#8249,(#8253,#8260),.PCURVE_S1.);
#8249 = LINE('',#8250,#8251);
#8250 = CARTESIAN_POINT('',(53.75,67.,-0.1));
#8251 = VECTOR('',#8252,1.);
#8252 = DIRECTION('',(0.,0.,1.));
#8253 = PCURVE('',#2086,#8254);
#8254 = DEFINITIONAL_REPRESENTATION('',(#8255),#8259);
#8255 = LINE('',#8256,#8257);
#8256 = CARTESIAN_POINT('',(-4.138911435803E-13,0.));
#8257 = VECTOR('',#8258,1.);
#8258 = DIRECTION('',(-0.,-1.));
#8259 = ( GEOMETRIC_REPRESENTATION_CONTEXT(2) 
PARAMETRIC_REPRESENTATION_CONTEXT() REPRESENTATION_CONTEXT('2D SPACE',''
  ) );
#8260 = PCURVE('',#2086,#8261);
#8261 = DEFINITIONAL_REPRESENTATION('',(#8262),#8266);
#8262 = LINE('',#8263,#8264);
#8263 = CARTESIAN_POINT('',(6.28318530718,0.));
#8264 = VECTOR('',#8265,1.);
#8265 = DIRECTION('',(-0.,-1.));
#8266 = ( GEOMETRIC_REPRESENTATION_CONTEXT(2) 
PARAMETRIC_REPRESENTATION_CONTEXT() REPRESENTATION_CONTEXT('2D SPACE',''
  ) );
#8267 = ORIENTED_EDGE('',*,*,#2065,.T.);
#8268 = ORIENTED_EDGE('',*,*,#8247,.F.);
#8269 = ORIENTED_EDGE('',*,*,#5401,.F.);
#8270 = ADVANCED_FACE('',(#8271),#2121,.F.);
#8271 = FACE_BOUND('',#8272,.F.);
#8272 = EDGE_LOOP('',(#8273,#8294,#8295,#8296));
#8273 = ORIENTED_EDGE('',*,*,#8274,.T.);
#8274 = EDGE_CURVE('',#5432,#2101,#8275,.T.);
#8275 = SEAM_CURVE('',#8276,(#8280,#8287),.PCURVE_S1.);
#8276 = LINE('',#8277,#8278);
#8277 = CARTESIAN_POINT('',(53.75,77.,-0.1));
#8278 = VECTOR('',#8279,1.);
#8279 = DIRECTION('',(0.,0.,1.));
#8280 = PCURVE('',#2121,#8281);
#8281 = DEFINITIONAL_REPRESENTATION('',(#8282),#8286);
#8282 = LINE('',#8283,#8284);
#8283 = CARTESIAN_POINT('',(-4.138911435803E-13,0.));
#8284 = VECTOR('',#8285,1.);
#8285 = DIRECTION('',(-0.,-1.));
#8286 = ( GEOMETRIC_REPRESENTATION_CONTEXT(2) 
PARAMETRIC_REPRESENTATION_CONTEXT() REPRESENTATION_CONTEXT('2D SPACE',''
  ) );
#8287 = PCURVE('',#2121,#8288);
#8288 = DEFINITIONAL_REPRESENTATION('',(#8289),#8293);
#8289 = LINE('',#8290,#8291);
#8290 = CARTESIAN_POINT('',(6.28318530718,0.));
#8291 = VECTOR('',#8292,1.);
#8292 = DIRECTION('',(-0.,-1.));
#8293 = ( GEOMETRIC_REPRESENTATION_CONTEXT(2) 
PARAMETRIC_REPRESENTATION_CONTEXT() REPRESENTATION_CONTEXT('2D SPACE',''
  ) );
#8294 = ORIENTED_EDGE('',*,*,#2100,.T.);
#8295 = ORIENTED_EDGE('',*,*,#8274,.F.);
#8296 = ORIENTED_EDGE('',*,*,#5431,.F.);
#8297 = ADVANCED_FACE('',(#8298),#2156,.F.);
#8298 = FACE_BOUND('',#8299,.F.);
#8299 = EDGE_LOOP('',(#8300,#8321,#8322,#8323));
#8300 = ORIENTED_EDGE('',*,*,#8301,.T.);
#8301 = EDGE_CURVE('',#5462,#2136,#8302,.T.);
#8302 = SEAM_CURVE('',#8303,(#8307,#8314),.PCURVE_S1.);
#8303 = LINE('',#8304,#8305);
#8304 = CARTESIAN_POINT('',(53.75,87.,-0.1));
#8305 = VECTOR('',#8306,1.);
#8306 = DIRECTION('',(0.,0.,1.));
#8307 = PCURVE('',#2156,#8308);
#8308 = DEFINITIONAL_REPRESENTATION('',(#8309),#8313);
#8309 = LINE('',#8310,#8311);
#8310 = CARTESIAN_POINT('',(-4.138911435803E-13,0.));
#8311 = VECTOR('',#8312,1.);
#8312 = DIRECTION('',(-0.,-1.));
#8313 = ( GEOMETRIC_REPRESENTATION_CONTEXT(2) 
PARAMETRIC_REPRESENTATION_CONTEXT() REPRESENTATION_CONTEXT('2D SPACE',''
  ) );
#8314 = PCURVE('',#2156,#8315);
#8315 = DEFINITIONAL_REPRESENTATION('',(#8316),#8320);
#8316 = LINE('',#8317,#8318);
#8317 = CARTESIAN_POINT('',(6.28318530718,0.));
#8318 = VECTOR('',#8319,1.);
#8319 = DIRECTION('',(-0.,-1.));
#8320 = ( GEOMETRIC_REPRESENTATION_CONTEXT(2) 
PARAMETRIC_REPRESENTATION_CONTEXT() REPRESENTATION_CONTEXT('2D SPACE',''
  ) );
#8321 = ORIENTED_EDGE('',*,*,#2135,.T.);
#8322 = ORIENTED_EDGE('',*,*,#8301,.F.);
#8323 = ORIENTED_EDGE('',*,*,#5461,.F.);
#8324 = ADVANCED_FACE('',(#8325),#2191,.F.);
#8325 = FACE_BOUND('',#8326,.F.);
#8326 = EDGE_LOOP('',(#8327,#8348,#8349,#8350));
#8327 = ORIENTED_EDGE('',*,*,#8328,.T.);
#8328 = EDGE_CURVE('',#5492,#2171,#8329,.T.);
#8329 = SEAM_CURVE('',#8330,(#8334,#8341),.PCURVE_S1.);
#8330 = LINE('',#8331,#8332);
#8331 = CARTESIAN_POINT('',(53.75,97.,-0.1));
#8332 = VECTOR('',#8333,1.);
#8333 = DIRECTION('',(0.,0.,1.));
#8334 = PCURVE('',#2191,#8335);
#8335 = DEFINITIONAL_REPRESENTATION('',(#8336),#8340);
#8336 = LINE('',#8337,#8338);
#8337 = CARTESIAN_POINT('',(-4.138911435803E-13,0.));
#8338 = VECTOR('',#8339,1.);
#8339 = DIRECTION('',(-0.,-1.));
#8340 = ( GEOMETRIC_REPRESENTATION_CONTEXT(2) 
PARAMETRIC_REPRESENTATION_CONTEXT() REPRESENTATION_CONTEXT('2D SPACE',''
  ) );
#8341 = PCURVE('',#2191,#8342);
#8342 = DEFINITIONAL_REPRESENTATION('',(#8343),#8347);
#8343 = LINE('',#8344,#8345);
#8344 = CARTESIAN_POINT('',(6.28318530718,0.));
#8345 = VECTOR('',#8346,1.);
#8346 = DIRECTION('',(-0.,-1.));
#8347 = ( GEOMETRIC_REPRESENTATION_CONTEXT(2) 
PARAMETRIC_REPRESENTATION_CONTEXT() REPRESENTATION_CONTEXT('2D SPACE',''
  ) );
#8348 = ORIENTED_EDGE('',*,*,#2170,.T.);
#8349 = ORIENTED_EDGE('',*,*,#8328,.F.);
#8350 = ORIENTED_EDGE('',*,*,#5491,.F.);
#8351 = ADVANCED_FACE('',(#8352),#2226,.F.);
#8352 = FACE_BOUND('',#8353,.F.);
#8353 = EDGE_LOOP('',(#8354,#8375,#8376,#8377));
#8354 = ORIENTED_EDGE('',*,*,#8355,.T.);
#8355 = EDGE_CURVE('',#5522,#2206,#8356,.T.);
#8356 = SEAM_CURVE('',#8357,(#8361,#8368),.PCURVE_S1.);
#8357 = LINE('',#8358,#8359);
#8358 = CARTESIAN_POINT('',(53.75,107.,-0.1));
#8359 = VECTOR('',#8360,1.);
#8360 = DIRECTION('',(0.,0.,1.));
#8361 = PCURVE('',#2226,#8362);
#8362 = DEFINITIONAL_REPRESENTATION('',(#8363),#8367);
#8363 = LINE('',#8364,#8365);
#8364 = CARTESIAN_POINT('',(-4.138911435803E-13,0.));
#8365 = VECTOR('',#8366,1.);
#8366 = DIRECTION('',(-0.,-1.));
#8367 = ( GEOMETRIC_REPRESENTATION_CONTEXT(2) 
PARAMETRIC_REPRESENTATION_CONTEXT() REPRESENTATION_CONTEXT('2D SPACE',''
  ) );
#8368 = PCURVE('',#2226,#8369);
#8369 = DEFINITIONAL_REPRESENTATION('',(#8370),#8374);
#8370 = LINE('',#8371,#8372);
#8371 = CARTESIAN_POINT('',(6.28318530718,0.));
#8372 = VECTOR('',#8373,1.);
#8373 = DIRECTION('',(-0.,-1.));
#8374 = ( GEOMETRIC_REPRESENTATION_CONTEXT(2) 
PARAMETRIC_REPRESENTATION_CONTEXT() REPRESENTATION_CONTEXT('2D SPACE',''
  ) );
#8375 = ORIENTED_EDGE('',*,*,#2205,.T.);
#8376 = ORIENTED_EDGE('',*,*,#8355,.F.);
#8377 = ORIENTED_EDGE('',*,*,#5521,.F.);
#8378 = ADVANCED_FACE('',(#8379),#2261,.F.);
#8379 = FACE_BOUND('',#8380,.F.);
#8380 = EDGE_LOOP('',(#8381,#8402,#8403,#8404));
#8381 = ORIENTED_EDGE('',*,*,#8382,.T.);
#8382 = EDGE_CURVE('',#5552,#2241,#8383,.T.);
#8383 = SEAM_CURVE('',#8384,(#8388,#8395),.PCURVE_S1.);
#8384 = LINE('',#8385,#8386);
#8385 = CARTESIAN_POINT('',(71.75,67.,-0.1));
#8386 = VECTOR('',#8387,1.);
#8387 = DIRECTION('',(0.,0.,1.));
#8388 = PCURVE('',#2261,#8389);
#8389 = DEFINITIONAL_REPRESENTATION('',(#8390),#8394);
#8390 = LINE('',#8391,#8392);
#8391 = CARTESIAN_POINT('',(-4.138911435803E-13,0.));
#8392 = VECTOR('',#8393,1.);
#8393 = DIRECTION('',(-0.,-1.));
#8394 = ( GEOMETRIC_REPRESENTATION_CONTEXT(2) 
PARAMETRIC_REPRESENTATION_CONTEXT() REPRESENTATION_CONTEXT('2D SPACE',''
  ) );
#8395 = PCURVE('',#2261,#8396);
#8396 = DEFINITIONAL_REPRESENTATION('',(#8397),#8401);
#8397 = LINE('',#8398,#8399);
#8398 = CARTESIAN_POINT('',(6.28318530718,0.));
#8399 = VECTOR('',#8400,1.);
#8400 = DIRECTION('',(-0.,-1.));
#8401 = ( GEOMETRIC_REPRESENTATION_CONTEXT(2) 
PARAMETRIC_REPRESENTATION_CONTEXT() REPRESENTATION_CONTEXT('2D SPACE',''
  ) );
#8402 = ORIENTED_EDGE('',*,*,#2240,.T.);
#8403 = ORIENTED_EDGE('',*,*,#8382,.F.);
#8404 = ORIENTED_EDGE('',*,*,#5551,.F.);
#8405 = ADVANCED_FACE('',(#8406),#2296,.F.);
#8406 = FACE_BOUND('',#8407,.F.);
#8407 = EDGE_LOOP('',(#8408,#8429,#8430,#8431));
#8408 = ORIENTED_EDGE('',*,*,#8409,.T.);
#8409 = EDGE_CURVE('',#5582,#2276,#8410,.T.);
#8410 = SEAM_CURVE('',#8411,(#8415,#8422),.PCURVE_S1.);
#8411 = LINE('',#8412,#8413);
#8412 = CARTESIAN_POINT('',(71.75,77.,-0.1));
#8413 = VECTOR('',#8414,1.);
#8414 = DIRECTION('',(0.,0.,1.));
#8415 = PCURVE('',#2296,#8416);
#8416 = DEFINITIONAL_REPRESENTATION('',(#8417),#8421);
#8417 = LINE('',#8418,#8419);
#8418 = CARTESIAN_POINT('',(-4.138911435803E-13,0.));
#8419 = VECTOR('',#8420,1.);
#8420 = DIRECTION('',(-0.,-1.));
#8421 = ( GEOMETRIC_REPRESENTATION_CONTEXT(2) 
PARAMETRIC_REPRESENTATION_CONTEXT() REPRESENTATION_CONTEXT('2D SPACE',''
  ) );
#8422 = PCURVE('',#2296,#8423);
#8423 = DEFINITIONAL_REPRESENTATION('',(#8424),#8428);
#8424 = LINE('',#8425,#8426);
#8425 = CARTESIAN_POINT('',(6.28318530718,0.));
#8426 = VECTOR('',#8427,1.);
#8427 = DIRECTION('',(-0.,-1.));
#8428 = ( GEOMETRIC_REPRESENTATION_CONTEXT(2) 
PARAMETRIC_REPRESENTATION_CONTEXT() REPRESENTATION_CONTEXT('2D SPACE',''
  ) );
#8429 = ORIENTED_EDGE('',*,*,#2275,.T.);
#8430 = ORIENTED_EDGE('',*,*,#8409,.F.);
#8431 = ORIENTED_EDGE('',*,*,#5581,.F.);
#8432 = ADVANCED_FACE('',(#8433),#2331,.F.);
#8433 = FACE_BOUND('',#8434,.F.);
#8434 = EDGE_LOOP('',(#8435,#8456,#8457,#8458));
#8435 = ORIENTED_EDGE('',*,*,#8436,.T.);
#8436 = EDGE_CURVE('',#5612,#2311,#8437,.T.);
#8437 = SEAM_CURVE('',#8438,(#8442,#8449),.PCURVE_S1.);
#8438 = LINE('',#8439,#8440);
#8439 = CARTESIAN_POINT('',(71.75,87.,-0.1));
#8440 = VECTOR('',#8441,1.);
#8441 = DIRECTION('',(0.,0.,1.));
#8442 = PCURVE('',#2331,#8443);
#8443 = DEFINITIONAL_REPRESENTATION('',(#8444),#8448);
#8444 = LINE('',#8445,#8446);
#8445 = CARTESIAN_POINT('',(-4.138911435803E-13,0.));
#8446 = VECTOR('',#8447,1.);
#8447 = DIRECTION('',(-0.,-1.));
#8448 = ( GEOMETRIC_REPRESENTATION_CONTEXT(2) 
PARAMETRIC_REPRESENTATION_CONTEXT() REPRESENTATION_CONTEXT('2D SPACE',''
  ) );
#8449 = PCURVE('',#2331,#8450);
#8450 = DEFINITIONAL_REPRESENTATION('',(#8451),#8455);
#8451 = LINE('',#8452,#8453);
#8452 = CARTESIAN_POINT('',(6.28318530718,0.));
#8453 = VECTOR('',#8454,1.);
#8454 = DIRECTION('',(-0.,-1.));
#8455 = ( GEOMETRIC_REPRESENTATION_CONTEXT(2) 
PARAMETRIC_REPRESENTATION_CONTEXT() REPRESENTATION_CONTEXT('2D SPACE',''
  ) );
#8456 = ORIENTED_EDGE('',*,*,#2310,.T.);
#8457 = ORIENTED_EDGE('',*,*,#8436,.F.);
#8458 = ORIENTED_EDGE('',*,*,#5611,.F.);
#8459 = ADVANCED_FACE('',(#8460),#2366,.F.);
#8460 = FACE_BOUND('',#8461,.F.);
#8461 = EDGE_LOOP('',(#8462,#8483,#8484,#8485));
#8462 = ORIENTED_EDGE('',*,*,#8463,.T.);
#8463 = EDGE_CURVE('',#5642,#2346,#8464,.T.);
#8464 = SEAM_CURVE('',#8465,(#8469,#8476),.PCURVE_S1.);
#8465 = LINE('',#8466,#8467);
#8466 = CARTESIAN_POINT('',(71.75,97.,-0.1));
#8467 = VECTOR('',#8468,1.);
#8468 = DIRECTION('',(0.,0.,1.));
#8469 = PCURVE('',#2366,#8470);
#8470 = DEFINITIONAL_REPRESENTATION('',(#8471),#8475);
#8471 = LINE('',#8472,#8473);
#8472 = CARTESIAN_POINT('',(-4.138911435803E-13,0.));
#8473 = VECTOR('',#8474,1.);
#8474 = DIRECTION('',(-0.,-1.));
#8475 = ( GEOMETRIC_REPRESENTATION_CONTEXT(2) 
PARAMETRIC_REPRESENTATION_CONTEXT() REPRESENTATION_CONTEXT('2D SPACE',''
  ) );
#8476 = PCURVE('',#2366,#8477);
#8477 = DEFINITIONAL_REPRESENTATION('',(#8478),#8482);
#8478 = LINE('',#8479,#8480);
#8479 = CARTESIAN_POINT('',(6.28318530718,0.));
#8480 = VECTOR('',#8481,1.);
#8481 = DIRECTION('',(-0.,-1.));
#8482 = ( GEOMETRIC_REPRESENTATION_CONTEXT(2) 
PARAMETRIC_REPRESENTATION_CONTEXT() REPRESENTATION_CONTEXT('2D SPACE',''
  ) );
#8483 = ORIENTED_EDGE('',*,*,#2345,.T.);
#8484 = ORIENTED_EDGE('',*,*,#8463,.F.);
#8485 = ORIENTED_EDGE('',*,*,#5641,.F.);
#8486 = ADVANCED_FACE('',(#8487),#2401,.F.);
#8487 = FACE_BOUND('',#8488,.F.);
#8488 = EDGE_LOOP('',(#8489,#8510,#8511,#8512));
#8489 = ORIENTED_EDGE('',*,*,#8490,.T.);
#8490 = EDGE_CURVE('',#5672,#2381,#8491,.T.);
#8491 = SEAM_CURVE('',#8492,(#8496,#8503),.PCURVE_S1.);
#8492 = LINE('',#8493,#8494);
#8493 = CARTESIAN_POINT('',(71.75,107.,-0.1));
#8494 = VECTOR('',#8495,1.);
#8495 = DIRECTION('',(0.,0.,1.));
#8496 = PCURVE('',#2401,#8497);
#8497 = DEFINITIONAL_REPRESENTATION('',(#8498),#8502);
#8498 = LINE('',#8499,#8500);
#8499 = CARTESIAN_POINT('',(-4.138911435803E-13,0.));
#8500 = VECTOR('',#8501,1.);
#8501 = DIRECTION('',(-0.,-1.));
#8502 = ( GEOMETRIC_REPRESENTATION_CONTEXT(2) 
PARAMETRIC_REPRESENTATION_CONTEXT() REPRESENTATION_CONTEXT('2D SPACE',''
  ) );
#8503 = PCURVE('',#2401,#8504);
#8504 = DEFINITIONAL_REPRESENTATION('',(#8505),#8509);
#8505 = LINE('',#8506,#8507);
#8506 = CARTESIAN_POINT('',(6.28318530718,0.));
#8507 = VECTOR('',#8508,1.);
#8508 = DIRECTION('',(-0.,-1.));
#8509 = ( GEOMETRIC_REPRESENTATION_CONTEXT(2) 
PARAMETRIC_REPRESENTATION_CONTEXT() REPRESENTATION_CONTEXT('2D SPACE',''
  ) );
#8510 = ORIENTED_EDGE('',*,*,#2380,.T.);
#8511 = ORIENTED_EDGE('',*,*,#8490,.F.);
#8512 = ORIENTED_EDGE('',*,*,#5671,.F.);
#8513 = ADVANCED_FACE('',(#8514),#2436,.F.);
#8514 = FACE_BOUND('',#8515,.F.);
#8515 = EDGE_LOOP('',(#8516,#8537,#8538,#8539));
#8516 = ORIENTED_EDGE('',*,*,#8517,.T.);
#8517 = EDGE_CURVE('',#5702,#2416,#8518,.T.);
#8518 = SEAM_CURVE('',#8519,(#8523,#8530),.PCURVE_S1.);
#8519 = LINE('',#8520,#8521);
#8520 = CARTESIAN_POINT('',(13.75,117.,-0.1));
#8521 = VECTOR('',#8522,1.);
#8522 = DIRECTION('',(0.,0.,1.));
#8523 = PCURVE('',#2436,#8524);
#8524 = DEFINITIONAL_REPRESENTATION('',(#8525),#8529);
#8525 = LINE('',#8526,#8527);
#8526 = CARTESIAN_POINT('',(-4.138911435803E-13,0.));
#8527 = VECTOR('',#8528,1.);
#8528 = DIRECTION('',(-0.,-1.));
#8529 = ( GEOMETRIC_REPRESENTATION_CONTEXT(2) 
PARAMETRIC_REPRESENTATION_CONTEXT() REPRESENTATION_CONTEXT('2D SPACE',''
  ) );
#8530 = PCURVE('',#2436,#8531);
#8531 = DEFINITIONAL_REPRESENTATION('',(#8532),#8536);
#8532 = LINE('',#8533,#8534);
#8533 = CARTESIAN_POINT('',(6.28318530718,0.));
#8534 = VECTOR('',#8535,1.);
#8535 = DIRECTION('',(-0.,-1.));
#8536 = ( GEOMETRIC_REPRESENTATION_CONTEXT(2) 
PARAMETRIC_REPRESENTATION_CONTEXT() REPRESENTATION_CONTEXT('2D SPACE',''
  ) );
#8537 = ORIENTED_EDGE('',*,*,#2415,.T.);
#8538 = ORIENTED_EDGE('',*,*,#8517,.F.);
#8539 = ORIENTED_EDGE('',*,*,#5701,.F.);
#8540 = ADVANCED_FACE('',(#8541),#2471,.F.);
#8541 = FACE_BOUND('',#8542,.F.);
#8542 = EDGE_LOOP('',(#8543,#8564,#8565,#8566));
#8543 = ORIENTED_EDGE('',*,*,#8544,.T.);
#8544 = EDGE_CURVE('',#5732,#2451,#8545,.T.);
#8545 = SEAM_CURVE('',#8546,(#8550,#8557),.PCURVE_S1.);
#8546 = LINE('',#8547,#8548);
#8547 = CARTESIAN_POINT('',(13.75,127.,-0.1));
#8548 = VECTOR('',#8549,1.);
#8549 = DIRECTION('',(0.,0.,1.));
#8550 = PCURVE('',#2471,#8551);
#8551 = DEFINITIONAL_REPRESENTATION('',(#8552),#8556);
#8552 = LINE('',#8553,#8554);
#8553 = CARTESIAN_POINT('',(-4.138911435803E-13,0.));
#8554 = VECTOR('',#8555,1.);
#8555 = DIRECTION('',(-0.,-1.));
#8556 = ( GEOMETRIC_REPRESENTATION_CONTEXT(2) 
PARAMETRIC_REPRESENTATION_CONTEXT() REPRESENTATION_CONTEXT('2D SPACE',''
  ) );
#8557 = PCURVE('',#2471,#8558);
#8558 = DEFINITIONAL_REPRESENTATION('',(#8559),#8563);
#8559 = LINE('',#8560,#8561);
#8560 = CARTESIAN_POINT('',(6.28318530718,0.));
#8561 = VECTOR('',#8562,1.);
#8562 = DIRECTION('',(-0.,-1.));
#8563 = ( GEOMETRIC_REPRESENTATION_CONTEXT(2) 
PARAMETRIC_REPRESENTATION_CONTEXT() REPRESENTATION_CONTEXT('2D SPACE',''
  ) );
#8564 = ORIENTED_EDGE('',*,*,#2450,.T.);
#8565 = ORIENTED_EDGE('',*,*,#8544,.F.);
#8566 = ORIENTED_EDGE('',*,*,#5731,.F.);
#8567 = ADVANCED_FACE('',(#8568),#2506,.F.);
#8568 = FACE_BOUND('',#8569,.F.);
#8569 = EDGE_LOOP('',(#8570,#8591,#8592,#8593));
#8570 = ORIENTED_EDGE('',*,*,#8571,.T.);
#8571 = EDGE_CURVE('',#5762,#2486,#8572,.T.);
#8572 = SEAM_CURVE('',#8573,(#8577,#8584),.PCURVE_S1.);
#8573 = LINE('',#8574,#8575);
#8574 = CARTESIAN_POINT('',(13.75,137.,-0.1));
#8575 = VECTOR('',#8576,1.);
#8576 = DIRECTION('',(0.,0.,1.));
#8577 = PCURVE('',#2506,#8578);
#8578 = DEFINITIONAL_REPRESENTATION('',(#8579),#8583);
#8579 = LINE('',#8580,#8581);
#8580 = CARTESIAN_POINT('',(-4.138911435803E-13,0.));
#8581 = VECTOR('',#8582,1.);
#8582 = DIRECTION('',(-0.,-1.));
#8583 = ( GEOMETRIC_REPRESENTATION_CONTEXT(2) 
PARAMETRIC_REPRESENTATION_CONTEXT() REPRESENTATION_CONTEXT('2D SPACE',''
  ) );
#8584 = PCURVE('',#2506,#8585);
#8585 = DEFINITIONAL_REPRESENTATION('',(#8586),#8590);
#8586 = LINE('',#8587,#8588);
#8587 = CARTESIAN_POINT('',(6.28318530718,0.));
#8588 = VECTOR('',#8589,1.);
#8589 = DIRECTION('',(-0.,-1.));
#8590 = ( GEOMETRIC_REPRESENTATION_CONTEXT(2) 
PARAMETRIC_REPRESENTATION_CONTEXT() REPRESENTATION_CONTEXT('2D SPACE',''
  ) );
#8591 = ORIENTED_EDGE('',*,*,#2485,.T.);
#8592 = ORIENTED_EDGE('',*,*,#8571,.F.);
#8593 = ORIENTED_EDGE('',*,*,#5761,.F.);
#8594 = ADVANCED_FACE('',(#8595),#2541,.F.);
#8595 = FACE_BOUND('',#8596,.F.);
#8596 = EDGE_LOOP('',(#8597,#8618,#8619,#8620));
#8597 = ORIENTED_EDGE('',*,*,#8598,.T.);
#8598 = EDGE_CURVE('',#5792,#2521,#8599,.T.);
#8599 = SEAM_CURVE('',#8600,(#8604,#8611),.PCURVE_S1.);
#8600 = LINE('',#8601,#8602);
#8601 = CARTESIAN_POINT('',(13.75,147.,-0.1));
#8602 = VECTOR('',#8603,1.);
#8603 = DIRECTION('',(0.,0.,1.));
#8604 = PCURVE('',#2541,#8605);
#8605 = DEFINITIONAL_REPRESENTATION('',(#8606),#8610);
#8606 = LINE('',#8607,#8608);
#8607 = CARTESIAN_POINT('',(-4.138911435803E-13,0.));
#8608 = VECTOR('',#8609,1.);
#8609 = DIRECTION('',(-0.,-1.));
#8610 = ( GEOMETRIC_REPRESENTATION_CONTEXT(2) 
PARAMETRIC_REPRESENTATION_CONTEXT() REPRESENTATION_CONTEXT('2D SPACE',''
  ) );
#8611 = PCURVE('',#2541,#8612);
#8612 = DEFINITIONAL_REPRESENTATION('',(#8613),#8617);
#8613 = LINE('',#8614,#8615);
#8614 = CARTESIAN_POINT('',(6.28318530718,0.));
#8615 = VECTOR('',#8616,1.);
#8616 = DIRECTION('',(-0.,-1.));
#8617 = ( GEOMETRIC_REPRESENTATION_CONTEXT(2) 
PARAMETRIC_REPRESENTATION_CONTEXT() REPRESENTATION_CONTEXT('2D SPACE',''
  ) );
#8618 = ORIENTED_EDGE('',*,*,#2520,.T.);
#8619 = ORIENTED_EDGE('',*,*,#8598,.F.);
#8620 = ORIENTED_EDGE('',*,*,#5791,.F.);
#8621 = ADVANCED_FACE('',(#8622),#2576,.F.);
#8622 = FACE_BOUND('',#8623,.F.);
#8623 = EDGE_LOOP('',(#8624,#8645,#8646,#8647));
#8624 = ORIENTED_EDGE('',*,*,#8625,.T.);
#8625 = EDGE_CURVE('',#5822,#2556,#8626,.T.);
#8626 = SEAM_CURVE('',#8627,(#8631,#8638),.PCURVE_S1.);
#8627 = LINE('',#8628,#8629);
#8628 = CARTESIAN_POINT('',(13.75,157.,-0.1));
#8629 = VECTOR('',#8630,1.);
#8630 = DIRECTION('',(0.,0.,1.));
#8631 = PCURVE('',#2576,#8632);
#8632 = DEFINITIONAL_REPRESENTATION('',(#8633),#8637);
#8633 = LINE('',#8634,#8635);
#8634 = CARTESIAN_POINT('',(-4.138911435803E-13,0.));
#8635 = VECTOR('',#8636,1.);
#8636 = DIRECTION('',(-0.,-1.));
#8637 = ( GEOMETRIC_REPRESENTATION_CONTEXT(2) 
PARAMETRIC_REPRESENTATION_CONTEXT() REPRESENTATION_CONTEXT('2D SPACE',''
  ) );
#8638 = PCURVE('',#2576,#8639);
#8639 = DEFINITIONAL_REPRESENTATION('',(#8640),#8644);
#8640 = LINE('',#8641,#8642);
#8641 = CARTESIAN_POINT('',(6.28318530718,0.));
#8642 = VECTOR('',#8643,1.);
#8643 = DIRECTION('',(-0.,-1.));
#8644 = ( GEOMETRIC_REPRESENTATION_CONTEXT(2) 
PARAMETRIC_REPRESENTATION_CONTEXT() REPRESENTATION_CONTEXT('2D SPACE',''
  ) );
#8645 = ORIENTED_EDGE('',*,*,#2555,.T.);
#8646 = ORIENTED_EDGE('',*,*,#8625,.F.);
#8647 = ORIENTED_EDGE('',*,*,#5821,.F.);
#8648 = ADVANCED_FACE('',(#8649),#2611,.F.);
#8649 = FACE_BOUND('',#8650,.F.);
#8650 = EDGE_LOOP('',(#8651,#8672,#8673,#8674));
#8651 = ORIENTED_EDGE('',*,*,#8652,.T.);
#8652 = EDGE_CURVE('',#5852,#2591,#8653,.T.);
#8653 = SEAM_CURVE('',#8654,(#8658,#8665),.PCURVE_S1.);
#8654 = LINE('',#8655,#8656);
#8655 = CARTESIAN_POINT('',(31.75,117.,-0.1));
#8656 = VECTOR('',#8657,1.);
#8657 = DIRECTION('',(0.,0.,1.));
#8658 = PCURVE('',#2611,#8659);
#8659 = DEFINITIONAL_REPRESENTATION('',(#8660),#8664);
#8660 = LINE('',#8661,#8662);
#8661 = CARTESIAN_POINT('',(-4.138911435803E-13,0.));
#8662 = VECTOR('',#8663,1.);
#8663 = DIRECTION('',(-0.,-1.));
#8664 = ( GEOMETRIC_REPRESENTATION_CONTEXT(2) 
PARAMETRIC_REPRESENTATION_CONTEXT() REPRESENTATION_CONTEXT('2D SPACE',''
  ) );
#8665 = PCURVE('',#2611,#8666);
#8666 = DEFINITIONAL_REPRESENTATION('',(#8667),#8671);
#8667 = LINE('',#8668,#8669);
#8668 = CARTESIAN_POINT('',(6.28318530718,0.));
#8669 = VECTOR('',#8670,1.);
#8670 = DIRECTION('',(-0.,-1.));
#8671 = ( GEOMETRIC_REPRESENTATION_CONTEXT(2) 
PARAMETRIC_REPRESENTATION_CONTEXT() REPRESENTATION_CONTEXT('2D SPACE',''
  ) );
#8672 = ORIENTED_EDGE('',*,*,#2590,.T.);
#8673 = ORIENTED_EDGE('',*,*,#8652,.F.);
#8674 = ORIENTED_EDGE('',*,*,#5851,.F.);
#8675 = ADVANCED_FACE('',(#8676),#2646,.F.);
#8676 = FACE_BOUND('',#8677,.F.);
#8677 = EDGE_LOOP('',(#8678,#8699,#8700,#8701));
#8678 = ORIENTED_EDGE('',*,*,#8679,.T.);
#8679 = EDGE_CURVE('',#5882,#2626,#8680,.T.);
#8680 = SEAM_CURVE('',#8681,(#8685,#8692),.PCURVE_S1.);
#8681 = LINE('',#8682,#8683);
#8682 = CARTESIAN_POINT('',(31.75,127.,-0.1));
#8683 = VECTOR('',#8684,1.);
#8684 = DIRECTION('',(0.,0.,1.));
#8685 = PCURVE('',#2646,#8686);
#8686 = DEFINITIONAL_REPRESENTATION('',(#8687),#8691);
#8687 = LINE('',#8688,#8689);
#8688 = CARTESIAN_POINT('',(-4.138911435803E-13,0.));
#8689 = VECTOR('',#8690,1.);
#8690 = DIRECTION('',(-0.,-1.));
#8691 = ( GEOMETRIC_REPRESENTATION_CONTEXT(2) 
PARAMETRIC_REPRESENTATION_CONTEXT() REPRESENTATION_CONTEXT('2D SPACE',''
  ) );
#8692 = PCURVE('',#2646,#8693);
#8693 = DEFINITIONAL_REPRESENTATION('',(#8694),#8698);
#8694 = LINE('',#8695,#8696);
#8695 = CARTESIAN_POINT('',(6.28318530718,0.));
#8696 = VECTOR('',#8697,1.);
#8697 = DIRECTION('',(-0.,-1.));
#8698 = ( GEOMETRIC_REPRESENTATION_CONTEXT(2) 
PARAMETRIC_REPRESENTATION_CONTEXT() REPRESENTATION_CONTEXT('2D SPACE',''
  ) );
#8699 = ORIENTED_EDGE('',*,*,#2625,.T.);
#8700 = ORIENTED_EDGE('',*,*,#8679,.F.);
#8701 = ORIENTED_EDGE('',*,*,#5881,.F.);
#8702 = ADVANCED_FACE('',(#8703),#2681,.F.);
#8703 = FACE_BOUND('',#8704,.F.);
#8704 = EDGE_LOOP('',(#8705,#8726,#8727,#8728));
#8705 = ORIENTED_EDGE('',*,*,#8706,.T.);
#8706 = EDGE_CURVE('',#5912,#2661,#8707,.T.);
#8707 = SEAM_CURVE('',#8708,(#8712,#8719),.PCURVE_S1.);
#8708 = LINE('',#8709,#8710);
#8709 = CARTESIAN_POINT('',(31.75,137.,-0.1));
#8710 = VECTOR('',#8711,1.);
#8711 = DIRECTION('',(0.,0.,1.));
#8712 = PCURVE('',#2681,#8713);
#8713 = DEFINITIONAL_REPRESENTATION('',(#8714),#8718);
#8714 = LINE('',#8715,#8716);
#8715 = CARTESIAN_POINT('',(-4.138911435803E-13,0.));
#8716 = VECTOR('',#8717,1.);
#8717 = DIRECTION('',(-0.,-1.));
#8718 = ( GEOMETRIC_REPRESENTATION_CONTEXT(2) 
PARAMETRIC_REPRESENTATION_CONTEXT() REPRESENTATION_CONTEXT('2D SPACE',''
  ) );
#8719 = PCURVE('',#2681,#8720);
#8720 = DEFINITIONAL_REPRESENTATION('',(#8721),#8725);
#8721 = LINE('',#8722,#8723);
#8722 = CARTESIAN_POINT('',(6.28318530718,0.));
#8723 = VECTOR('',#8724,1.);
#8724 = DIRECTION('',(-0.,-1.));
#8725 = ( GEOMETRIC_REPRESENTATION_CONTEXT(2) 
PARAMETRIC_REPRESENTATION_CONTEXT() REPRESENTATION_CONTEXT('2D SPACE',''
  ) );
#8726 = ORIENTED_EDGE('',*,*,#2660,.T.);
#8727 = ORIENTED_EDGE('',*,*,#8706,.F.);
#8728 = ORIENTED_EDGE('',*,*,#5911,.F.);
#8729 = ADVANCED_FACE('',(#8730),#2716,.F.);
#8730 = FACE_BOUND('',#8731,.F.);
#8731 = EDGE_LOOP('',(#8732,#8753,#8754,#8755));
#8732 = ORIENTED_EDGE('',*,*,#8733,.T.);
#8733 = EDGE_CURVE('',#5942,#2696,#8734,.T.);
#8734 = SEAM_CURVE('',#8735,(#8739,#8746),.PCURVE_S1.);
#8735 = LINE('',#8736,#8737);
#8736 = CARTESIAN_POINT('',(31.75,147.,-0.1));
#8737 = VECTOR('',#8738,1.);
#8738 = DIRECTION('',(0.,0.,1.));
#8739 = PCURVE('',#2716,#8740);
#8740 = DEFINITIONAL_REPRESENTATION('',(#8741),#8745);
#8741 = LINE('',#8742,#8743);
#8742 = CARTESIAN_POINT('',(-4.138911435803E-13,0.));
#8743 = VECTOR('',#8744,1.);
#8744 = DIRECTION('',(-0.,-1.));
#8745 = ( GEOMETRIC_REPRESENTATION_CONTEXT(2) 
PARAMETRIC_REPRESENTATION_CONTEXT() REPRESENTATION_CONTEXT('2D SPACE',''
  ) );
#8746 = PCURVE('',#2716,#8747);
#8747 = DEFINITIONAL_REPRESENTATION('',(#8748),#8752);
#8748 = LINE('',#8749,#8750);
#8749 = CARTESIAN_POINT('',(6.28318530718,0.));
#8750 = VECTOR('',#8751,1.);
#8751 = DIRECTION('',(-0.,-1.));
#8752 = ( GEOMETRIC_REPRESENTATION_CONTEXT(2) 
PARAMETRIC_REPRESENTATION_CONTEXT() REPRESENTATION_CONTEXT('2D SPACE',''
  ) );
#8753 = ORIENTED_EDGE('',*,*,#2695,.T.);
#8754 = ORIENTED_EDGE('',*,*,#8733,.F.);
#8755 = ORIENTED_EDGE('',*,*,#5941,.F.);
#8756 = ADVANCED_FACE('',(#8757),#2751,.F.);
#8757 = FACE_BOUND('',#8758,.F.);
#8758 = EDGE_LOOP('',(#8759,#8780,#8781,#8782));
#8759 = ORIENTED_EDGE('',*,*,#8760,.T.);
#8760 = EDGE_CURVE('',#5972,#2731,#8761,.T.);
#8761 = SEAM_CURVE('',#8762,(#8766,#8773),.PCURVE_S1.);
#8762 = LINE('',#8763,#8764);
#8763 = CARTESIAN_POINT('',(31.75,157.,-0.1));
#8764 = VECTOR('',#8765,1.);
#8765 = DIRECTION('',(0.,0.,1.));
#8766 = PCURVE('',#2751,#8767);
#8767 = DEFINITIONAL_REPRESENTATION('',(#8768),#8772);
#8768 = LINE('',#8769,#8770);
#8769 = CARTESIAN_POINT('',(-4.138911435803E-13,0.));
#8770 = VECTOR('',#8771,1.);
#8771 = DIRECTION('',(-0.,-1.));
#8772 = ( GEOMETRIC_REPRESENTATION_CONTEXT(2) 
PARAMETRIC_REPRESENTATION_CONTEXT() REPRESENTATION_CONTEXT('2D SPACE',''
  ) );
#8773 = PCURVE('',#2751,#8774);
#8774 = DEFINITIONAL_REPRESENTATION('',(#8775),#8779);
#8775 = LINE('',#8776,#8777);
#8776 = CARTESIAN_POINT('',(6.28318530718,0.));
#8777 = VECTOR('',#8778,1.);
#8778 = DIRECTION('',(-0.,-1.));
#8779 = ( GEOMETRIC_REPRESENTATION_CONTEXT(2) 
PARAMETRIC_REPRESENTATION_CONTEXT() REPRESENTATION_CONTEXT('2D SPACE',''
  ) );
#8780 = ORIENTED_EDGE('',*,*,#2730,.T.);
#8781 = ORIENTED_EDGE('',*,*,#8760,.F.);
#8782 = ORIENTED_EDGE('',*,*,#5971,.F.);
#8783 = ADVANCED_FACE('',(#8784),#2786,.F.);
#8784 = FACE_BOUND('',#8785,.F.);
#8785 = EDGE_LOOP('',(#8786,#8807,#8808,#8809));
#8786 = ORIENTED_EDGE('',*,*,#8787,.T.);
#8787 = EDGE_CURVE('',#6002,#2766,#8788,.T.);
#8788 = SEAM_CURVE('',#8789,(#8793,#8800),.PCURVE_S1.);
#8789 = LINE('',#8790,#8791);
#8790 = CARTESIAN_POINT('',(13.75,167.,-0.1));
#8791 = VECTOR('',#8792,1.);
#8792 = DIRECTION('',(0.,0.,1.));
#8793 = PCURVE('',#2786,#8794);
#8794 = DEFINITIONAL_REPRESENTATION('',(#8795),#8799);
#8795 = LINE('',#8796,#8797);
#8796 = CARTESIAN_POINT('',(-4.138911435803E-13,0.));
#8797 = VECTOR('',#8798,1.);
#8798 = DIRECTION('',(-0.,-1.));
#8799 = ( GEOMETRIC_REPRESENTATION_CONTEXT(2) 
PARAMETRIC_REPRESENTATION_CONTEXT() REPRESENTATION_CONTEXT('2D SPACE',''
  ) );
#8800 = PCURVE('',#2786,#8801);
#8801 = DEFINITIONAL_REPRESENTATION('',(#8802),#8806);
#8802 = LINE('',#8803,#8804);
#8803 = CARTESIAN_POINT('',(6.28318530718,0.));
#8804 = VECTOR('',#8805,1.);
#8805 = DIRECTION('',(-0.,-1.));
#8806 = ( GEOMETRIC_REPRESENTATION_CONTEXT(2) 
PARAMETRIC_REPRESENTATION_CONTEXT() REPRESENTATION_CONTEXT('2D SPACE',''
  ) );
#8807 = ORIENTED_EDGE('',*,*,#2765,.T.);
#8808 = ORIENTED_EDGE('',*,*,#8787,.F.);
#8809 = ORIENTED_EDGE('',*,*,#6001,.F.);
#8810 = ADVANCED_FACE('',(#8811),#2821,.F.);
#8811 = FACE_BOUND('',#8812,.F.);
#8812 = EDGE_LOOP('',(#8813,#8834,#8835,#8836));
#8813 = ORIENTED_EDGE('',*,*,#8814,.T.);
#8814 = EDGE_CURVE('',#6032,#2801,#8815,.T.);
#8815 = SEAM_CURVE('',#8816,(#8820,#8827),.PCURVE_S1.);
#8816 = LINE('',#8817,#8818);
#8817 = CARTESIAN_POINT('',(13.75,177.,-0.1));
#8818 = VECTOR('',#8819,1.);
#8819 = DIRECTION('',(0.,0.,1.));
#8820 = PCURVE('',#2821,#8821);
#8821 = DEFINITIONAL_REPRESENTATION('',(#8822),#8826);
#8822 = LINE('',#8823,#8824);
#8823 = CARTESIAN_POINT('',(-4.138911435803E-13,0.));
#8824 = VECTOR('',#8825,1.);
#8825 = DIRECTION('',(-0.,-1.));
#8826 = ( GEOMETRIC_REPRESENTATION_CONTEXT(2) 
PARAMETRIC_REPRESENTATION_CONTEXT() REPRESENTATION_CONTEXT('2D SPACE',''
  ) );
#8827 = PCURVE('',#2821,#8828);
#8828 = DEFINITIONAL_REPRESENTATION('',(#8829),#8833);
#8829 = LINE('',#8830,#8831);
#8830 = CARTESIAN_POINT('',(6.28318530718,0.));
#8831 = VECTOR('',#8832,1.);
#8832 = DIRECTION('',(-0.,-1.));
#8833 = ( GEOMETRIC_REPRESENTATION_CONTEXT(2) 
PARAMETRIC_REPRESENTATION_CONTEXT() REPRESENTATION_CONTEXT('2D SPACE',''
  ) );
#8834 = ORIENTED_EDGE('',*,*,#2800,.T.);
#8835 = ORIENTED_EDGE('',*,*,#8814,.F.);
#8836 = ORIENTED_EDGE('',*,*,#6031,.F.);
#8837 = ADVANCED_FACE('',(#8838),#2856,.F.);
#8838 = FACE_BOUND('',#8839,.F.);
#8839 = EDGE_LOOP('',(#8840,#8861,#8862,#8863));
#8840 = ORIENTED_EDGE('',*,*,#8841,.T.);
#8841 = EDGE_CURVE('',#6062,#2836,#8842,.T.);
#8842 = SEAM_CURVE('',#8843,(#8847,#8854),.PCURVE_S1.);
#8843 = LINE('',#8844,#8845);
#8844 = CARTESIAN_POINT('',(13.75,187.,-0.1));
#8845 = VECTOR('',#8846,1.);
#8846 = DIRECTION('',(0.,0.,1.));
#8847 = PCURVE('',#2856,#8848);
#8848 = DEFINITIONAL_REPRESENTATION('',(#8849),#8853);
#8849 = LINE('',#8850,#8851);
#8850 = CARTESIAN_POINT('',(-4.138911435803E-13,0.));
#8851 = VECTOR('',#8852,1.);
#8852 = DIRECTION('',(-0.,-1.));
#8853 = ( GEOMETRIC_REPRESENTATION_CONTEXT(2) 
PARAMETRIC_REPRESENTATION_CONTEXT() REPRESENTATION_CONTEXT('2D SPACE',''
  ) );
#8854 = PCURVE('',#2856,#8855);
#8855 = DEFINITIONAL_REPRESENTATION('',(#8856),#8860);
#8856 = LINE('',#8857,#8858);
#8857 = CARTESIAN_POINT('',(6.28318530718,0.));
#8858 = VECTOR('',#8859,1.);
#8859 = DIRECTION('',(-0.,-1.));
#8860 = ( GEOMETRIC_REPRESENTATION_CONTEXT(2) 
PARAMETRIC_REPRESENTATION_CONTEXT() REPRESENTATION_CONTEXT('2D SPACE',''
  ) );
#8861 = ORIENTED_EDGE('',*,*,#2835,.T.);
#8862 = ORIENTED_EDGE('',*,*,#8841,.F.);
#8863 = ORIENTED_EDGE('',*,*,#6061,.F.);
#8864 = ADVANCED_FACE('',(#8865),#2891,.F.);
#8865 = FACE_BOUND('',#8866,.F.);
#8866 = EDGE_LOOP('',(#8867,#8888,#8889,#8890));
#8867 = ORIENTED_EDGE('',*,*,#8868,.T.);
#8868 = EDGE_CURVE('',#6092,#2871,#8869,.T.);
#8869 = SEAM_CURVE('',#8870,(#8874,#8881),.PCURVE_S1.);
#8870 = LINE('',#8871,#8872);
#8871 = CARTESIAN_POINT('',(7.6,213.,-0.1));
#8872 = VECTOR('',#8873,1.);
#8873 = DIRECTION('',(0.,0.,1.));
#8874 = PCURVE('',#2891,#8875);
#8875 = DEFINITIONAL_REPRESENTATION('',(#8876),#8880);
#8876 = LINE('',#8877,#8878);
#8877 = CARTESIAN_POINT('',(-4.138911435803E-13,0.));
#8878 = VECTOR('',#8879,1.);
#8879 = DIRECTION('',(-0.,-1.));
#8880 = ( GEOMETRIC_REPRESENTATION_CONTEXT(2) 
PARAMETRIC_REPRESENTATION_CONTEXT() REPRESENTATION_CONTEXT('2D SPACE',''
  ) );
#8881 = PCURVE('',#2891,#8882);
#8882 = DEFINITIONAL_REPRESENTATION('',(#8883),#8887);
#8883 = LINE('',#8884,#8885);
#8884 = CARTESIAN_POINT('',(6.28318530718,0.));
#8885 = VECTOR('',#8886,1.);
#8886 = DIRECTION('',(-0.,-1.));
#8887 = ( GEOMETRIC_REPRESENTATION_CONTEXT(2) 
PARAMETRIC_REPRESENTATION_CONTEXT() REPRESENTATION_CONTEXT('2D SPACE',''
  ) );
#8888 = ORIENTED_EDGE('',*,*,#2870,.T.);
#8889 = ORIENTED_EDGE('',*,*,#8868,.F.);
#8890 = ORIENTED_EDGE('',*,*,#6091,.F.);
#8891 = ADVANCED_FACE('',(#8892),#2926,.F.);
#8892 = FACE_BOUND('',#8893,.F.);
#8893 = EDGE_LOOP('',(#8894,#8915,#8916,#8917));
#8894 = ORIENTED_EDGE('',*,*,#8895,.T.);
#8895 = EDGE_CURVE('',#6122,#2906,#8896,.T.);
#8896 = SEAM_CURVE('',#8897,(#8901,#8908),.PCURVE_S1.);
#8897 = LINE('',#8898,#8899);
#8898 = CARTESIAN_POINT('',(17.42,195.,-0.1));
#8899 = VECTOR('',#8900,1.);
#8900 = DIRECTION('',(0.,0.,1.));
#8901 = PCURVE('',#2926,#8902);
#8902 = DEFINITIONAL_REPRESENTATION('',(#8903),#8907);
#8903 = LINE('',#8904,#8905);
#8904 = CARTESIAN_POINT('',(-4.138911435803E-13,0.));
#8905 = VECTOR('',#8906,1.);
#8906 = DIRECTION('',(-0.,-1.));
#8907 = ( GEOMETRIC_REPRESENTATION_CONTEXT(2) 
PARAMETRIC_REPRESENTATION_CONTEXT() REPRESENTATION_CONTEXT('2D SPACE',''
  ) );
#8908 = PCURVE('',#2926,#8909);
#8909 = DEFINITIONAL_REPRESENTATION('',(#8910),#8914);
#8910 = LINE('',#8911,#8912);
#8911 = CARTESIAN_POINT('',(6.28318530718,0.));
#8912 = VECTOR('',#8913,1.);
#8913 = DIRECTION('',(-0.,-1.));
#8914 = ( GEOMETRIC_REPRESENTATION_CONTEXT(2) 
PARAMETRIC_REPRESENTATION_CONTEXT() REPRESENTATION_CONTEXT('2D SPACE',''
  ) );
#8915 = ORIENTED_EDGE('',*,*,#2905,.T.);
#8916 = ORIENTED_EDGE('',*,*,#8895,.F.);
#8917 = ORIENTED_EDGE('',*,*,#6121,.F.);
#8918 = ADVANCED_FACE('',(#8919),#2961,.F.);
#8919 = FACE_BOUND('',#8920,.F.);
#8920 = EDGE_LOOP('',(#8921,#8942,#8943,#8944));
#8921 = ORIENTED_EDGE('',*,*,#8922,.T.);
#8922 = EDGE_CURVE('',#6152,#2941,#8923,.T.);
#8923 = SEAM_CURVE('',#8924,(#8928,#8935),.PCURVE_S1.);
#8924 = LINE('',#8925,#8926);
#8925 = CARTESIAN_POINT('',(17.42,197.54,-0.1));
#8926 = VECTOR('',#8927,1.);
#8927 = DIRECTION('',(0.,0.,1.));
#8928 = PCURVE('',#2961,#8929);
#8929 = DEFINITIONAL_REPRESENTATION('',(#8930),#8934);
#8930 = LINE('',#8931,#8932);
#8931 = CARTESIAN_POINT('',(-4.138911435803E-13,0.));
#8932 = VECTOR('',#8933,1.);
#8933 = DIRECTION('',(-0.,-1.));
#8934 = ( GEOMETRIC_REPRESENTATION_CONTEXT(2) 
PARAMETRIC_REPRESENTATION_CONTEXT() REPRESENTATION_CONTEXT('2D SPACE',''
  ) );
#8935 = PCURVE('',#2961,#8936);
#8936 = DEFINITIONAL_REPRESENTATION('',(#8937),#8941);
#8937 = LINE('',#8938,#8939);
#8938 = CARTESIAN_POINT('',(6.28318530718,0.));
#8939 = VECTOR('',#8940,1.);
#8940 = DIRECTION('',(-0.,-1.));
#8941 = ( GEOMETRIC_REPRESENTATION_CONTEXT(2) 
PARAMETRIC_REPRESENTATION_CONTEXT() REPRESENTATION_CONTEXT('2D SPACE',''
  ) );
#8942 = ORIENTED_EDGE('',*,*,#2940,.T.);
#8943 = ORIENTED_EDGE('',*,*,#8922,.F.);
#8944 = ORIENTED_EDGE('',*,*,#6151,.F.);
#8945 = ADVANCED_FACE('',(#8946),#2996,.F.);
#8946 = FACE_BOUND('',#8947,.F.);
#8947 = EDGE_LOOP('',(#8948,#8969,#8970,#8971));
#8948 = ORIENTED_EDGE('',*,*,#8949,.T.);
#8949 = EDGE_CURVE('',#6182,#2976,#8950,.T.);
#8950 = SEAM_CURVE('',#8951,(#8955,#8962),.PCURVE_S1.);
#8951 = LINE('',#8952,#8953);
#8952 = CARTESIAN_POINT('',(19.96,195.,-0.1));
#8953 = VECTOR('',#8954,1.);
#8954 = DIRECTION('',(0.,0.,1.));
#8955 = PCURVE('',#2996,#8956);
#8956 = DEFINITIONAL_REPRESENTATION('',(#8957),#8961);
#8957 = LINE('',#8958,#8959);
#8958 = CARTESIAN_POINT('',(-4.138911435803E-13,0.));
#8959 = VECTOR('',#8960,1.);
#8960 = DIRECTION('',(-0.,-1.));
#8961 = ( GEOMETRIC_REPRESENTATION_CONTEXT(2) 
PARAMETRIC_REPRESENTATION_CONTEXT() REPRESENTATION_CONTEXT('2D SPACE',''
  ) );
#8962 = PCURVE('',#2996,#8963);
#8963 = DEFINITIONAL_REPRESENTATION('',(#8964),#8968);
#8964 = LINE('',#8965,#8966);
#8965 = CARTESIAN_POINT('',(6.28318530718,0.));
#8966 = VECTOR('',#8967,1.);
#8967 = DIRECTION('',(-0.,-1.));
#8968 = ( GEOMETRIC_REPRESENTATION_CONTEXT(2) 
PARAMETRIC_REPRESENTATION_CONTEXT() REPRESENTATION_CONTEXT('2D SPACE',''
  ) );
#8969 = ORIENTED_EDGE('',*,*,#2975,.T.);
#8970 = ORIENTED_EDGE('',*,*,#8949,.F.);
#8971 = ORIENTED_EDGE('',*,*,#6181,.F.);
#8972 = ADVANCED_FACE('',(#8973),#3031,.F.);
#8973 = FACE_BOUND('',#8974,.F.);
#8974 = EDGE_LOOP('',(#8975,#8996,#8997,#8998));
#8975 = ORIENTED_EDGE('',*,*,#8976,.T.);
#8976 = EDGE_CURVE('',#6212,#3011,#8977,.T.);
#8977 = SEAM_CURVE('',#8978,(#8982,#8989),.PCURVE_S1.);
#8978 = LINE('',#8979,#8980);
#8979 = CARTESIAN_POINT('',(22.5,195.,-0.1));
#8980 = VECTOR('',#8981,1.);
#8981 = DIRECTION('',(0.,0.,1.));
#8982 = PCURVE('',#3031,#8983);
#8983 = DEFINITIONAL_REPRESENTATION('',(#8984),#8988);
#8984 = LINE('',#8985,#8986);
#8985 = CARTESIAN_POINT('',(-4.138911435803E-13,0.));
#8986 = VECTOR('',#8987,1.);
#8987 = DIRECTION('',(-0.,-1.));
#8988 = ( GEOMETRIC_REPRESENTATION_CONTEXT(2) 
PARAMETRIC_REPRESENTATION_CONTEXT() REPRESENTATION_CONTEXT('2D SPACE',''
  ) );
#8989 = PCURVE('',#3031,#8990);
#8990 = DEFINITIONAL_REPRESENTATION('',(#8991),#8995);
#8991 = LINE('',#8992,#8993);
#8992 = CARTESIAN_POINT('',(6.28318530718,0.));
#8993 = VECTOR('',#8994,1.);
#8994 = DIRECTION('',(-0.,-1.));
#8995 = ( GEOMETRIC_REPRESENTATION_CONTEXT(2) 
PARAMETRIC_REPRESENTATION_CONTEXT() REPRESENTATION_CONTEXT('2D SPACE',''
  ) );
#8996 = ORIENTED_EDGE('',*,*,#3010,.T.);
#8997 = ORIENTED_EDGE('',*,*,#8976,.F.);
#8998 = ORIENTED_EDGE('',*,*,#6211,.F.);
#8999 = ADVANCED_FACE('',(#9000),#3066,.F.);
#9000 = FACE_BOUND('',#9001,.F.);
#9001 = EDGE_LOOP('',(#9002,#9023,#9024,#9025));
#9002 = ORIENTED_EDGE('',*,*,#9003,.T.);
#9003 = EDGE_CURVE('',#6242,#3046,#9004,.T.);
#9004 = SEAM_CURVE('',#9005,(#9009,#9016),.PCURVE_S1.);
#9005 = LINE('',#9006,#9007);
#9006 = CARTESIAN_POINT('',(19.96,197.54,-0.1));
#9007 = VECTOR('',#9008,1.);
#9008 = DIRECTION('',(0.,0.,1.));
#9009 = PCURVE('',#3066,#9010);
#9010 = DEFINITIONAL_REPRESENTATION('',(#9011),#9015);
#9011 = LINE('',#9012,#9013);
#9012 = CARTESIAN_POINT('',(-4.138911435803E-13,0.));
#9013 = VECTOR('',#9014,1.);
#9014 = DIRECTION('',(-0.,-1.));
#9015 = ( GEOMETRIC_REPRESENTATION_CONTEXT(2) 
PARAMETRIC_REPRESENTATION_CONTEXT() REPRESENTATION_CONTEXT('2D SPACE',''
  ) );
#9016 = PCURVE('',#3066,#9017);
#9017 = DEFINITIONAL_REPRESENTATION('',(#9018),#9022);
#9018 = LINE('',#9019,#9020);
#9019 = CARTESIAN_POINT('',(6.28318530718,0.));
#9020 = VECTOR('',#9021,1.);
#9021 = DIRECTION('',(-0.,-1.));
#9022 = ( GEOMETRIC_REPRESENTATION_CONTEXT(2) 
PARAMETRIC_REPRESENTATION_CONTEXT() REPRESENTATION_CONTEXT('2D SPACE',''
  ) );
#9023 = ORIENTED_EDGE('',*,*,#3045,.T.);
#9024 = ORIENTED_EDGE('',*,*,#9003,.F.);
#9025 = ORIENTED_EDGE('',*,*,#6241,.F.);
#9026 = ADVANCED_FACE('',(#9027),#3101,.F.);
#9027 = FACE_BOUND('',#9028,.F.);
#9028 = EDGE_LOOP('',(#9029,#9050,#9051,#9052));
#9029 = ORIENTED_EDGE('',*,*,#9030,.T.);
#9030 = EDGE_CURVE('',#6272,#3081,#9031,.T.);
#9031 = SEAM_CURVE('',#9032,(#9036,#9043),.PCURVE_S1.);
#9032 = LINE('',#9033,#9034);
#9033 = CARTESIAN_POINT('',(22.5,197.54,-0.1));
#9034 = VECTOR('',#9035,1.);
#9035 = DIRECTION('',(0.,0.,1.));
#9036 = PCURVE('',#3101,#9037);
#9037 = DEFINITIONAL_REPRESENTATION('',(#9038),#9042);
#9038 = LINE('',#9039,#9040);
#9039 = CARTESIAN_POINT('',(-4.138911435803E-13,0.));
#9040 = VECTOR('',#9041,1.);
#9041 = DIRECTION('',(-0.,-1.));
#9042 = ( GEOMETRIC_REPRESENTATION_CONTEXT(2) 
PARAMETRIC_REPRESENTATION_CONTEXT() REPRESENTATION_CONTEXT('2D SPACE',''
  ) );
#9043 = PCURVE('',#3101,#9044);
#9044 = DEFINITIONAL_REPRESENTATION('',(#9045),#9049);
#9045 = LINE('',#9046,#9047);
#9046 = CARTESIAN_POINT('',(6.28318530718,0.));
#9047 = VECTOR('',#9048,1.);
#9048 = DIRECTION('',(-0.,-1.));
#9049 = ( GEOMETRIC_REPRESENTATION_CONTEXT(2) 
PARAMETRIC_REPRESENTATION_CONTEXT() REPRESENTATION_CONTEXT('2D SPACE',''
  ) );
#9050 = ORIENTED_EDGE('',*,*,#3080,.T.);
#9051 = ORIENTED_EDGE('',*,*,#9030,.F.);
#9052 = ORIENTED_EDGE('',*,*,#6271,.F.);
#9053 = ADVANCED_FACE('',(#9054),#3136,.F.);
#9054 = FACE_BOUND('',#9055,.F.);
#9055 = EDGE_LOOP('',(#9056,#9077,#9078,#9079));
#9056 = ORIENTED_EDGE('',*,*,#9057,.T.);
#9057 = EDGE_CURVE('',#6302,#3116,#9058,.T.);
#9058 = SEAM_CURVE('',#9059,(#9063,#9070),.PCURVE_S1.);
#9059 = LINE('',#9060,#9061);
#9060 = CARTESIAN_POINT('',(31.75,167.,-0.1));
#9061 = VECTOR('',#9062,1.);
#9062 = DIRECTION('',(0.,0.,1.));
#9063 = PCURVE('',#3136,#9064);
#9064 = DEFINITIONAL_REPRESENTATION('',(#9065),#9069);
#9065 = LINE('',#9066,#9067);
#9066 = CARTESIAN_POINT('',(-4.138911435803E-13,0.));
#9067 = VECTOR('',#9068,1.);
#9068 = DIRECTION('',(-0.,-1.));
#9069 = ( GEOMETRIC_REPRESENTATION_CONTEXT(2) 
PARAMETRIC_REPRESENTATION_CONTEXT() REPRESENTATION_CONTEXT('2D SPACE',''
  ) );
#9070 = PCURVE('',#3136,#9071);
#9071 = DEFINITIONAL_REPRESENTATION('',(#9072),#9076);
#9072 = LINE('',#9073,#9074);
#9073 = CARTESIAN_POINT('',(6.28318530718,0.));
#9074 = VECTOR('',#9075,1.);
#9075 = DIRECTION('',(-0.,-1.));
#9076 = ( GEOMETRIC_REPRESENTATION_CONTEXT(2) 
PARAMETRIC_REPRESENTATION_CONTEXT() REPRESENTATION_CONTEXT('2D SPACE',''
  ) );
#9077 = ORIENTED_EDGE('',*,*,#3115,.T.);
#9078 = ORIENTED_EDGE('',*,*,#9057,.F.);
#9079 = ORIENTED_EDGE('',*,*,#6301,.F.);
#9080 = ADVANCED_FACE('',(#9081),#3171,.F.);
#9081 = FACE_BOUND('',#9082,.F.);
#9082 = EDGE_LOOP('',(#9083,#9104,#9105,#9106));
#9083 = ORIENTED_EDGE('',*,*,#9084,.T.);
#9084 = EDGE_CURVE('',#6332,#3151,#9085,.T.);
#9085 = SEAM_CURVE('',#9086,(#9090,#9097),.PCURVE_S1.);
#9086 = LINE('',#9087,#9088);
#9087 = CARTESIAN_POINT('',(31.75,177.,-0.1));
#9088 = VECTOR('',#9089,1.);
#9089 = DIRECTION('',(0.,0.,1.));
#9090 = PCURVE('',#3171,#9091);
#9091 = DEFINITIONAL_REPRESENTATION('',(#9092),#9096);
#9092 = LINE('',#9093,#9094);
#9093 = CARTESIAN_POINT('',(-4.138911435803E-13,0.));
#9094 = VECTOR('',#9095,1.);
#9095 = DIRECTION('',(-0.,-1.));
#9096 = ( GEOMETRIC_REPRESENTATION_CONTEXT(2) 
PARAMETRIC_REPRESENTATION_CONTEXT() REPRESENTATION_CONTEXT('2D SPACE',''
  ) );
#9097 = PCURVE('',#3171,#9098);
#9098 = DEFINITIONAL_REPRESENTATION('',(#9099),#9103);
#9099 = LINE('',#9100,#9101);
#9100 = CARTESIAN_POINT('',(6.28318530718,0.));
#9101 = VECTOR('',#9102,1.);
#9102 = DIRECTION('',(-0.,-1.));
#9103 = ( GEOMETRIC_REPRESENTATION_CONTEXT(2) 
PARAMETRIC_REPRESENTATION_CONTEXT() REPRESENTATION_CONTEXT('2D SPACE',''
  ) );
#9104 = ORIENTED_EDGE('',*,*,#3150,.T.);
#9105 = ORIENTED_EDGE('',*,*,#9084,.F.);
#9106 = ORIENTED_EDGE('',*,*,#6331,.F.);
#9107 = ADVANCED_FACE('',(#9108),#3206,.F.);
#9108 = FACE_BOUND('',#9109,.F.);
#9109 = EDGE_LOOP('',(#9110,#9131,#9132,#9133));
#9110 = ORIENTED_EDGE('',*,*,#9111,.T.);
#9111 = EDGE_CURVE('',#6362,#3186,#9112,.T.);
#9112 = SEAM_CURVE('',#9113,(#9117,#9124),.PCURVE_S1.);
#9113 = LINE('',#9114,#9115);
#9114 = CARTESIAN_POINT('',(31.75,187.,-0.1));
#9115 = VECTOR('',#9116,1.);
#9116 = DIRECTION('',(0.,0.,1.));
#9117 = PCURVE('',#3206,#9118);
#9118 = DEFINITIONAL_REPRESENTATION('',(#9119),#9123);
#9119 = LINE('',#9120,#9121);
#9120 = CARTESIAN_POINT('',(-4.138911435803E-13,0.));
#9121 = VECTOR('',#9122,1.);
#9122 = DIRECTION('',(-0.,-1.));
#9123 = ( GEOMETRIC_REPRESENTATION_CONTEXT(2) 
PARAMETRIC_REPRESENTATION_CONTEXT() REPRESENTATION_CONTEXT('2D SPACE',''
  ) );
#9124 = PCURVE('',#3206,#9125);
#9125 = DEFINITIONAL_REPRESENTATION('',(#9126),#9130);
#9126 = LINE('',#9127,#9128);
#9127 = CARTESIAN_POINT('',(6.28318530718,0.));
#9128 = VECTOR('',#9129,1.);
#9129 = DIRECTION('',(-0.,-1.));
#9130 = ( GEOMETRIC_REPRESENTATION_CONTEXT(2) 
PARAMETRIC_REPRESENTATION_CONTEXT() REPRESENTATION_CONTEXT('2D SPACE',''
  ) );
#9131 = ORIENTED_EDGE('',*,*,#3185,.T.);
#9132 = ORIENTED_EDGE('',*,*,#9111,.F.);
#9133 = ORIENTED_EDGE('',*,*,#6361,.F.);
#9134 = ADVANCED_FACE('',(#9135),#3241,.F.);
#9135 = FACE_BOUND('',#9136,.F.);
#9136 = EDGE_LOOP('',(#9137,#9158,#9159,#9160));
#9137 = ORIENTED_EDGE('',*,*,#9138,.T.);
#9138 = EDGE_CURVE('',#6392,#3221,#9139,.T.);
#9139 = SEAM_CURVE('',#9140,(#9144,#9151),.PCURVE_S1.);
#9140 = LINE('',#9141,#9142);
#9141 = CARTESIAN_POINT('',(25.04,195.,-0.1));
#9142 = VECTOR('',#9143,1.);
#9143 = DIRECTION('',(0.,0.,1.));
#9144 = PCURVE('',#3241,#9145);
#9145 = DEFINITIONAL_REPRESENTATION('',(#9146),#9150);
#9146 = LINE('',#9147,#9148);
#9147 = CARTESIAN_POINT('',(-4.138911435803E-13,0.));
#9148 = VECTOR('',#9149,1.);
#9149 = DIRECTION('',(-0.,-1.));
#9150 = ( GEOMETRIC_REPRESENTATION_CONTEXT(2) 
PARAMETRIC_REPRESENTATION_CONTEXT() REPRESENTATION_CONTEXT('2D SPACE',''
  ) );
#9151 = PCURVE('',#3241,#9152);
#9152 = DEFINITIONAL_REPRESENTATION('',(#9153),#9157);
#9153 = LINE('',#9154,#9155);
#9154 = CARTESIAN_POINT('',(6.28318530718,0.));
#9155 = VECTOR('',#9156,1.);
#9156 = DIRECTION('',(-0.,-1.));
#9157 = ( GEOMETRIC_REPRESENTATION_CONTEXT(2) 
PARAMETRIC_REPRESENTATION_CONTEXT() REPRESENTATION_CONTEXT('2D SPACE',''
  ) );
#9158 = ORIENTED_EDGE('',*,*,#3220,.T.);
#9159 = ORIENTED_EDGE('',*,*,#9138,.F.);
#9160 = ORIENTED_EDGE('',*,*,#6391,.F.);
#9161 = ADVANCED_FACE('',(#9162),#3276,.F.);
#9162 = FACE_BOUND('',#9163,.F.);
#9163 = EDGE_LOOP('',(#9164,#9185,#9186,#9187));
#9164 = ORIENTED_EDGE('',*,*,#9165,.T.);
#9165 = EDGE_CURVE('',#6422,#3256,#9166,.T.);
#9166 = SEAM_CURVE('',#9167,(#9171,#9178),.PCURVE_S1.);
#9167 = LINE('',#9168,#9169);
#9168 = CARTESIAN_POINT('',(27.58,195.,-0.1));
#9169 = VECTOR('',#9170,1.);
#9170 = DIRECTION('',(0.,0.,1.));
#9171 = PCURVE('',#3276,#9172);
#9172 = DEFINITIONAL_REPRESENTATION('',(#9173),#9177);
#9173 = LINE('',#9174,#9175);
#9174 = CARTESIAN_POINT('',(-4.138911435803E-13,0.));
#9175 = VECTOR('',#9176,1.);
#9176 = DIRECTION('',(-0.,-1.));
#9177 = ( GEOMETRIC_REPRESENTATION_CONTEXT(2) 
PARAMETRIC_REPRESENTATION_CONTEXT() REPRESENTATION_CONTEXT('2D SPACE',''
  ) );
#9178 = PCURVE('',#3276,#9179);
#9179 = DEFINITIONAL_REPRESENTATION('',(#9180),#9184);
#9180 = LINE('',#9181,#9182);
#9181 = CARTESIAN_POINT('',(6.28318530718,0.));
#9182 = VECTOR('',#9183,1.);
#9183 = DIRECTION('',(-0.,-1.));
#9184 = ( GEOMETRIC_REPRESENTATION_CONTEXT(2) 
PARAMETRIC_REPRESENTATION_CONTEXT() REPRESENTATION_CONTEXT('2D SPACE',''
  ) );
#9185 = ORIENTED_EDGE('',*,*,#3255,.T.);
#9186 = ORIENTED_EDGE('',*,*,#9165,.F.);
#9187 = ORIENTED_EDGE('',*,*,#6421,.F.);
#9188 = ADVANCED_FACE('',(#9189),#3311,.F.);
#9189 = FACE_BOUND('',#9190,.F.);
#9190 = EDGE_LOOP('',(#9191,#9212,#9213,#9214));
#9191 = ORIENTED_EDGE('',*,*,#9192,.T.);
#9192 = EDGE_CURVE('',#6452,#3291,#9193,.T.);
#9193 = SEAM_CURVE('',#9194,(#9198,#9205),.PCURVE_S1.);
#9194 = LINE('',#9195,#9196);
#9195 = CARTESIAN_POINT('',(25.04,197.54,-0.1));
#9196 = VECTOR('',#9197,1.);
#9197 = DIRECTION('',(0.,0.,1.));
#9198 = PCURVE('',#3311,#9199);
#9199 = DEFINITIONAL_REPRESENTATION('',(#9200),#9204);
#9200 = LINE('',#9201,#9202);
#9201 = CARTESIAN_POINT('',(-4.138911435803E-13,0.));
#9202 = VECTOR('',#9203,1.);
#9203 = DIRECTION('',(-0.,-1.));
#9204 = ( GEOMETRIC_REPRESENTATION_CONTEXT(2) 
PARAMETRIC_REPRESENTATION_CONTEXT() REPRESENTATION_CONTEXT('2D SPACE',''
  ) );
#9205 = PCURVE('',#3311,#9206);
#9206 = DEFINITIONAL_REPRESENTATION('',(#9207),#9211);
#9207 = LINE('',#9208,#9209);
#9208 = CARTESIAN_POINT('',(6.28318530718,0.));
#9209 = VECTOR('',#9210,1.);
#9210 = DIRECTION('',(-0.,-1.));
#9211 = ( GEOMETRIC_REPRESENTATION_CONTEXT(2) 
PARAMETRIC_REPRESENTATION_CONTEXT() REPRESENTATION_CONTEXT('2D SPACE',''
  ) );
#9212 = ORIENTED_EDGE('',*,*,#3290,.T.);
#9213 = ORIENTED_EDGE('',*,*,#9192,.F.);
#9214 = ORIENTED_EDGE('',*,*,#6451,.F.);
#9215 = ADVANCED_FACE('',(#9216),#3346,.F.);
#9216 = FACE_BOUND('',#9217,.F.);
#9217 = EDGE_LOOP('',(#9218,#9239,#9240,#9241));
#9218 = ORIENTED_EDGE('',*,*,#9219,.T.);
#9219 = EDGE_CURVE('',#6482,#3326,#9220,.T.);
#9220 = SEAM_CURVE('',#9221,(#9225,#9232),.PCURVE_S1.);
#9221 = LINE('',#9222,#9223);
#9222 = CARTESIAN_POINT('',(27.58,197.54,-0.1));
#9223 = VECTOR('',#9224,1.);
#9224 = DIRECTION('',(0.,0.,1.));
#9225 = PCURVE('',#3346,#9226);
#9226 = DEFINITIONAL_REPRESENTATION('',(#9227),#9231);
#9227 = LINE('',#9228,#9229);
#9228 = CARTESIAN_POINT('',(-4.138911435803E-13,0.));
#9229 = VECTOR('',#9230,1.);
#9230 = DIRECTION('',(-0.,-1.));
#9231 = ( GEOMETRIC_REPRESENTATION_CONTEXT(2) 
PARAMETRIC_REPRESENTATION_CONTEXT() REPRESENTATION_CONTEXT('2D SPACE',''
  ) );
#9232 = PCURVE('',#3346,#9233);
#9233 = DEFINITIONAL_REPRESENTATION('',(#9234),#9238);
#9234 = LINE('',#9235,#9236);
#9235 = CARTESIAN_POINT('',(6.28318530718,0.));
#9236 = VECTOR('',#9237,1.);
#9237 = DIRECTION('',(-0.,-1.));
#9238 = ( GEOMETRIC_REPRESENTATION_CONTEXT(2) 
PARAMETRIC_REPRESENTATION_CONTEXT() REPRESENTATION_CONTEXT('2D SPACE',''
  ) );
#9239 = ORIENTED_EDGE('',*,*,#3325,.T.);
#9240 = ORIENTED_EDGE('',*,*,#9219,.F.);
#9241 = ORIENTED_EDGE('',*,*,#6481,.F.);
#9242 = ADVANCED_FACE('',(#9243),#3381,.F.);
#9243 = FACE_BOUND('',#9244,.F.);
#9244 = EDGE_LOOP('',(#9245,#9266,#9267,#9268));
#9245 = ORIENTED_EDGE('',*,*,#9246,.T.);
#9246 = EDGE_CURVE('',#6512,#3361,#9247,.T.);
#9247 = SEAM_CURVE('',#9248,(#9252,#9259),.PCURVE_S1.);
#9248 = LINE('',#9249,#9250);
#9249 = CARTESIAN_POINT('',(53.75,117.,-0.1));
#9250 = VECTOR('',#9251,1.);
#9251 = DIRECTION('',(0.,0.,1.));
#9252 = PCURVE('',#3381,#9253);
#9253 = DEFINITIONAL_REPRESENTATION('',(#9254),#9258);
#9254 = LINE('',#9255,#9256);
#9255 = CARTESIAN_POINT('',(-4.138911435803E-13,0.));
#9256 = VECTOR('',#9257,1.);
#9257 = DIRECTION('',(-0.,-1.));
#9258 = ( GEOMETRIC_REPRESENTATION_CONTEXT(2) 
PARAMETRIC_REPRESENTATION_CONTEXT() REPRESENTATION_CONTEXT('2D SPACE',''
  ) );
#9259 = PCURVE('',#3381,#9260);
#9260 = DEFINITIONAL_REPRESENTATION('',(#9261),#9265);
#9261 = LINE('',#9262,#9263);
#9262 = CARTESIAN_POINT('',(6.28318530718,0.));
#9263 = VECTOR('',#9264,1.);
#9264 = DIRECTION('',(-0.,-1.));
#9265 = ( GEOMETRIC_REPRESENTATION_CONTEXT(2) 
PARAMETRIC_REPRESENTATION_CONTEXT() REPRESENTATION_CONTEXT('2D SPACE',''
  ) );
#9266 = ORIENTED_EDGE('',*,*,#3360,.T.);
#9267 = ORIENTED_EDGE('',*,*,#9246,.F.);
#9268 = ORIENTED_EDGE('',*,*,#6511,.F.);
#9269 = ADVANCED_FACE('',(#9270),#3416,.F.);
#9270 = FACE_BOUND('',#9271,.F.);
#9271 = EDGE_LOOP('',(#9272,#9293,#9294,#9295));
#9272 = ORIENTED_EDGE('',*,*,#9273,.T.);
#9273 = EDGE_CURVE('',#6542,#3396,#9274,.T.);
#9274 = SEAM_CURVE('',#9275,(#9279,#9286),.PCURVE_S1.);
#9275 = LINE('',#9276,#9277);
#9276 = CARTESIAN_POINT('',(53.75,127.,-0.1));
#9277 = VECTOR('',#9278,1.);
#9278 = DIRECTION('',(0.,0.,1.));
#9279 = PCURVE('',#3416,#9280);
#9280 = DEFINITIONAL_REPRESENTATION('',(#9281),#9285);
#9281 = LINE('',#9282,#9283);
#9282 = CARTESIAN_POINT('',(-4.138911435803E-13,0.));
#9283 = VECTOR('',#9284,1.);
#9284 = DIRECTION('',(-0.,-1.));
#9285 = ( GEOMETRIC_REPRESENTATION_CONTEXT(2) 
PARAMETRIC_REPRESENTATION_CONTEXT() REPRESENTATION_CONTEXT('2D SPACE',''
  ) );
#9286 = PCURVE('',#3416,#9287);
#9287 = DEFINITIONAL_REPRESENTATION('',(#9288),#9292);
#9288 = LINE('',#9289,#9290);
#9289 = CARTESIAN_POINT('',(6.28318530718,0.));
#9290 = VECTOR('',#9291,1.);
#9291 = DIRECTION('',(-0.,-1.));
#9292 = ( GEOMETRIC_REPRESENTATION_CONTEXT(2) 
PARAMETRIC_REPRESENTATION_CONTEXT() REPRESENTATION_CONTEXT('2D SPACE',''
  ) );
#9293 = ORIENTED_EDGE('',*,*,#3395,.T.);
#9294 = ORIENTED_EDGE('',*,*,#9273,.F.);
#9295 = ORIENTED_EDGE('',*,*,#6541,.F.);
#9296 = ADVANCED_FACE('',(#9297),#3451,.F.);
#9297 = FACE_BOUND('',#9298,.F.);
#9298 = EDGE_LOOP('',(#9299,#9320,#9321,#9322));
#9299 = ORIENTED_EDGE('',*,*,#9300,.T.);
#9300 = EDGE_CURVE('',#6572,#3431,#9301,.T.);
#9301 = SEAM_CURVE('',#9302,(#9306,#9313),.PCURVE_S1.);
#9302 = LINE('',#9303,#9304);
#9303 = CARTESIAN_POINT('',(53.75,137.,-0.1));
#9304 = VECTOR('',#9305,1.);
#9305 = DIRECTION('',(0.,0.,1.));
#9306 = PCURVE('',#3451,#9307);
#9307 = DEFINITIONAL_REPRESENTATION('',(#9308),#9312);
#9308 = LINE('',#9309,#9310);
#9309 = CARTESIAN_POINT('',(-4.138911435803E-13,0.));
#9310 = VECTOR('',#9311,1.);
#9311 = DIRECTION('',(-0.,-1.));
#9312 = ( GEOMETRIC_REPRESENTATION_CONTEXT(2) 
PARAMETRIC_REPRESENTATION_CONTEXT() REPRESENTATION_CONTEXT('2D SPACE',''
  ) );
#9313 = PCURVE('',#3451,#9314);
#9314 = DEFINITIONAL_REPRESENTATION('',(#9315),#9319);
#9315 = LINE('',#9316,#9317);
#9316 = CARTESIAN_POINT('',(6.28318530718,0.));
#9317 = VECTOR('',#9318,1.);
#9318 = DIRECTION('',(-0.,-1.));
#9319 = ( GEOMETRIC_REPRESENTATION_CONTEXT(2) 
PARAMETRIC_REPRESENTATION_CONTEXT() REPRESENTATION_CONTEXT('2D SPACE',''
  ) );
#9320 = ORIENTED_EDGE('',*,*,#3430,.T.);
#9321 = ORIENTED_EDGE('',*,*,#9300,.F.);
#9322 = ORIENTED_EDGE('',*,*,#6571,.F.);
#9323 = ADVANCED_FACE('',(#9324),#3486,.F.);
#9324 = FACE_BOUND('',#9325,.F.);
#9325 = EDGE_LOOP('',(#9326,#9347,#9348,#9349));
#9326 = ORIENTED_EDGE('',*,*,#9327,.T.);
#9327 = EDGE_CURVE('',#6602,#3466,#9328,.T.);
#9328 = SEAM_CURVE('',#9329,(#9333,#9340),.PCURVE_S1.);
#9329 = LINE('',#9330,#9331);
#9330 = CARTESIAN_POINT('',(53.75,147.,-0.1));
#9331 = VECTOR('',#9332,1.);
#9332 = DIRECTION('',(0.,0.,1.));
#9333 = PCURVE('',#3486,#9334);
#9334 = DEFINITIONAL_REPRESENTATION('',(#9335),#9339);
#9335 = LINE('',#9336,#9337);
#9336 = CARTESIAN_POINT('',(-4.138911435803E-13,0.));
#9337 = VECTOR('',#9338,1.);
#9338 = DIRECTION('',(-0.,-1.));
#9339 = ( GEOMETRIC_REPRESENTATION_CONTEXT(2) 
PARAMETRIC_REPRESENTATION_CONTEXT() REPRESENTATION_CONTEXT('2D SPACE',''
  ) );
#9340 = PCURVE('',#3486,#9341);
#9341 = DEFINITIONAL_REPRESENTATION('',(#9342),#9346);
#9342 = LINE('',#9343,#9344);
#9343 = CARTESIAN_POINT('',(6.28318530718,0.));
#9344 = VECTOR('',#9345,1.);
#9345 = DIRECTION('',(-0.,-1.));
#9346 = ( GEOMETRIC_REPRESENTATION_CONTEXT(2) 
PARAMETRIC_REPRESENTATION_CONTEXT() REPRESENTATION_CONTEXT('2D SPACE',''
  ) );
#9347 = ORIENTED_EDGE('',*,*,#3465,.T.);
#9348 = ORIENTED_EDGE('',*,*,#9327,.F.);
#9349 = ORIENTED_EDGE('',*,*,#6601,.F.);
#9350 = ADVANCED_FACE('',(#9351),#3521,.F.);
#9351 = FACE_BOUND('',#9352,.F.);
#9352 = EDGE_LOOP('',(#9353,#9374,#9375,#9376));
#9353 = ORIENTED_EDGE('',*,*,#9354,.T.);
#9354 = EDGE_CURVE('',#6632,#3501,#9355,.T.);
#9355 = SEAM_CURVE('',#9356,(#9360,#9367),.PCURVE_S1.);
#9356 = LINE('',#9357,#9358);
#9357 = CARTESIAN_POINT('',(53.75,157.,-0.1));
#9358 = VECTOR('',#9359,1.);
#9359 = DIRECTION('',(0.,0.,1.));
#9360 = PCURVE('',#3521,#9361);
#9361 = DEFINITIONAL_REPRESENTATION('',(#9362),#9366);
#9362 = LINE('',#9363,#9364);
#9363 = CARTESIAN_POINT('',(-4.138911435803E-13,0.));
#9364 = VECTOR('',#9365,1.);
#9365 = DIRECTION('',(-0.,-1.));
#9366 = ( GEOMETRIC_REPRESENTATION_CONTEXT(2) 
PARAMETRIC_REPRESENTATION_CONTEXT() REPRESENTATION_CONTEXT('2D SPACE',''
  ) );
#9367 = PCURVE('',#3521,#9368);
#9368 = DEFINITIONAL_REPRESENTATION('',(#9369),#9373);
#9369 = LINE('',#9370,#9371);
#9370 = CARTESIAN_POINT('',(6.28318530718,0.));
#9371 = VECTOR('',#9372,1.);
#9372 = DIRECTION('',(-0.,-1.));
#9373 = ( GEOMETRIC_REPRESENTATION_CONTEXT(2) 
PARAMETRIC_REPRESENTATION_CONTEXT() REPRESENTATION_CONTEXT('2D SPACE',''
  ) );
#9374 = ORIENTED_EDGE('',*,*,#3500,.T.);
#9375 = ORIENTED_EDGE('',*,*,#9354,.F.);
#9376 = ORIENTED_EDGE('',*,*,#6631,.F.);
#9377 = ADVANCED_FACE('',(#9378),#3556,.F.);
#9378 = FACE_BOUND('',#9379,.F.);
#9379 = EDGE_LOOP('',(#9380,#9401,#9402,#9403));
#9380 = ORIENTED_EDGE('',*,*,#9381,.T.);
#9381 = EDGE_CURVE('',#6662,#3536,#9382,.T.);
#9382 = SEAM_CURVE('',#9383,(#9387,#9394),.PCURVE_S1.);
#9383 = LINE('',#9384,#9385);
#9384 = CARTESIAN_POINT('',(71.75,117.,-0.1));
#9385 = VECTOR('',#9386,1.);
#9386 = DIRECTION('',(0.,0.,1.));
#9387 = PCURVE('',#3556,#9388);
#9388 = DEFINITIONAL_REPRESENTATION('',(#9389),#9393);
#9389 = LINE('',#9390,#9391);
#9390 = CARTESIAN_POINT('',(-4.138911435803E-13,0.));
#9391 = VECTOR('',#9392,1.);
#9392 = DIRECTION('',(-0.,-1.));
#9393 = ( GEOMETRIC_REPRESENTATION_CONTEXT(2) 
PARAMETRIC_REPRESENTATION_CONTEXT() REPRESENTATION_CONTEXT('2D SPACE',''
  ) );
#9394 = PCURVE('',#3556,#9395);
#9395 = DEFINITIONAL_REPRESENTATION('',(#9396),#9400);
#9396 = LINE('',#9397,#9398);
#9397 = CARTESIAN_POINT('',(6.28318530718,0.));
#9398 = VECTOR('',#9399,1.);
#9399 = DIRECTION('',(-0.,-1.));
#9400 = ( GEOMETRIC_REPRESENTATION_CONTEXT(2) 
PARAMETRIC_REPRESENTATION_CONTEXT() REPRESENTATION_CONTEXT('2D SPACE',''
  ) );
#9401 = ORIENTED_EDGE('',*,*,#3535,.T.);
#9402 = ORIENTED_EDGE('',*,*,#9381,.F.);
#9403 = ORIENTED_EDGE('',*,*,#6661,.F.);
#9404 = ADVANCED_FACE('',(#9405),#3591,.F.);
#9405 = FACE_BOUND('',#9406,.F.);
#9406 = EDGE_LOOP('',(#9407,#9428,#9429,#9430));
#9407 = ORIENTED_EDGE('',*,*,#9408,.T.);
#9408 = EDGE_CURVE('',#6692,#3571,#9409,.T.);
#9409 = SEAM_CURVE('',#9410,(#9414,#9421),.PCURVE_S1.);
#9410 = LINE('',#9411,#9412);
#9411 = CARTESIAN_POINT('',(71.75,127.,-0.1));
#9412 = VECTOR('',#9413,1.);
#9413 = DIRECTION('',(0.,0.,1.));
#9414 = PCURVE('',#3591,#9415);
#9415 = DEFINITIONAL_REPRESENTATION('',(#9416),#9420);
#9416 = LINE('',#9417,#9418);
#9417 = CARTESIAN_POINT('',(-4.138911435803E-13,0.));
#9418 = VECTOR('',#9419,1.);
#9419 = DIRECTION('',(-0.,-1.));
#9420 = ( GEOMETRIC_REPRESENTATION_CONTEXT(2) 
PARAMETRIC_REPRESENTATION_CONTEXT() REPRESENTATION_CONTEXT('2D SPACE',''
  ) );
#9421 = PCURVE('',#3591,#9422);
#9422 = DEFINITIONAL_REPRESENTATION('',(#9423),#9427);
#9423 = LINE('',#9424,#9425);
#9424 = CARTESIAN_POINT('',(6.28318530718,0.));
#9425 = VECTOR('',#9426,1.);
#9426 = DIRECTION('',(-0.,-1.));
#9427 = ( GEOMETRIC_REPRESENTATION_CONTEXT(2) 
PARAMETRIC_REPRESENTATION_CONTEXT() REPRESENTATION_CONTEXT('2D SPACE',''
  ) );
#9428 = ORIENTED_EDGE('',*,*,#3570,.T.);
#9429 = ORIENTED_EDGE('',*,*,#9408,.F.);
#9430 = ORIENTED_EDGE('',*,*,#6691,.F.);
#9431 = ADVANCED_FACE('',(#9432),#3626,.F.);
#9432 = FACE_BOUND('',#9433,.F.);
#9433 = EDGE_LOOP('',(#9434,#9455,#9456,#9457));
#9434 = ORIENTED_EDGE('',*,*,#9435,.T.);
#9435 = EDGE_CURVE('',#6722,#3606,#9436,.T.);
#9436 = SEAM_CURVE('',#9437,(#9441,#9448),.PCURVE_S1.);
#9437 = LINE('',#9438,#9439);
#9438 = CARTESIAN_POINT('',(71.75,137.,-0.1));
#9439 = VECTOR('',#9440,1.);
#9440 = DIRECTION('',(0.,0.,1.));
#9441 = PCURVE('',#3626,#9442);
#9442 = DEFINITIONAL_REPRESENTATION('',(#9443),#9447);
#9443 = LINE('',#9444,#9445);
#9444 = CARTESIAN_POINT('',(-4.138911435803E-13,0.));
#9445 = VECTOR('',#9446,1.);
#9446 = DIRECTION('',(-0.,-1.));
#9447 = ( GEOMETRIC_REPRESENTATION_CONTEXT(2) 
PARAMETRIC_REPRESENTATION_CONTEXT() REPRESENTATION_CONTEXT('2D SPACE',''
  ) );
#9448 = PCURVE('',#3626,#9449);
#9449 = DEFINITIONAL_REPRESENTATION('',(#9450),#9454);
#9450 = LINE('',#9451,#9452);
#9451 = CARTESIAN_POINT('',(6.28318530718,0.));
#9452 = VECTOR('',#9453,1.);
#9453 = DIRECTION('',(-0.,-1.));
#9454 = ( GEOMETRIC_REPRESENTATION_CONTEXT(2) 
PARAMETRIC_REPRESENTATION_CONTEXT() REPRESENTATION_CONTEXT('2D SPACE',''
  ) );
#9455 = ORIENTED_EDGE('',*,*,#3605,.T.);
#9456 = ORIENTED_EDGE('',*,*,#9435,.F.);
#9457 = ORIENTED_EDGE('',*,*,#6721,.F.);
#9458 = ADVANCED_FACE('',(#9459),#3661,.F.);
#9459 = FACE_BOUND('',#9460,.F.);
#9460 = EDGE_LOOP('',(#9461,#9482,#9483,#9484));
#9461 = ORIENTED_EDGE('',*,*,#9462,.T.);
#9462 = EDGE_CURVE('',#6752,#3641,#9463,.T.);
#9463 = SEAM_CURVE('',#9464,(#9468,#9475),.PCURVE_S1.);
#9464 = LINE('',#9465,#9466);
#9465 = CARTESIAN_POINT('',(71.75,147.,-0.1));
#9466 = VECTOR('',#9467,1.);
#9467 = DIRECTION('',(0.,0.,1.));
#9468 = PCURVE('',#3661,#9469);
#9469 = DEFINITIONAL_REPRESENTATION('',(#9470),#9474);
#9470 = LINE('',#9471,#9472);
#9471 = CARTESIAN_POINT('',(-4.138911435803E-13,0.));
#9472 = VECTOR('',#9473,1.);
#9473 = DIRECTION('',(-0.,-1.));
#9474 = ( GEOMETRIC_REPRESENTATION_CONTEXT(2) 
PARAMETRIC_REPRESENTATION_CONTEXT() REPRESENTATION_CONTEXT('2D SPACE',''
  ) );
#9475 = PCURVE('',#3661,#9476);
#9476 = DEFINITIONAL_REPRESENTATION('',(#9477),#9481);
#9477 = LINE('',#9478,#9479);
#9478 = CARTESIAN_POINT('',(6.28318530718,0.));
#9479 = VECTOR('',#9480,1.);
#9480 = DIRECTION('',(-0.,-1.));
#9481 = ( GEOMETRIC_REPRESENTATION_CONTEXT(2) 
PARAMETRIC_REPRESENTATION_CONTEXT() REPRESENTATION_CONTEXT('2D SPACE',''
  ) );
#9482 = ORIENTED_EDGE('',*,*,#3640,.T.);
#9483 = ORIENTED_EDGE('',*,*,#9462,.F.);
#9484 = ORIENTED_EDGE('',*,*,#6751,.F.);
#9485 = ADVANCED_FACE('',(#9486),#3696,.F.);
#9486 = FACE_BOUND('',#9487,.F.);
#9487 = EDGE_LOOP('',(#9488,#9509,#9510,#9511));
#9488 = ORIENTED_EDGE('',*,*,#9489,.T.);
#9489 = EDGE_CURVE('',#6782,#3676,#9490,.T.);
#9490 = SEAM_CURVE('',#9491,(#9495,#9502),.PCURVE_S1.);
#9491 = LINE('',#9492,#9493);
#9492 = CARTESIAN_POINT('',(71.75,157.,-0.1));
#9493 = VECTOR('',#9494,1.);
#9494 = DIRECTION('',(0.,0.,1.));
#9495 = PCURVE('',#3696,#9496);
#9496 = DEFINITIONAL_REPRESENTATION('',(#9497),#9501);
#9497 = LINE('',#9498,#9499);
#9498 = CARTESIAN_POINT('',(-4.138911435803E-13,0.));
#9499 = VECTOR('',#9500,1.);
#9500 = DIRECTION('',(-0.,-1.));
#9501 = ( GEOMETRIC_REPRESENTATION_CONTEXT(2) 
PARAMETRIC_REPRESENTATION_CONTEXT() REPRESENTATION_CONTEXT('2D SPACE',''
  ) );
#9502 = PCURVE('',#3696,#9503);
#9503 = DEFINITIONAL_REPRESENTATION('',(#9504),#9508);
#9504 = LINE('',#9505,#9506);
#9505 = CARTESIAN_POINT('',(6.28318530718,0.));
#9506 = VECTOR('',#9507,1.);
#9507 = DIRECTION('',(-0.,-1.));
#9508 = ( GEOMETRIC_REPRESENTATION_CONTEXT(2) 
PARAMETRIC_REPRESENTATION_CONTEXT() REPRESENTATION_CONTEXT('2D SPACE',''
  ) );
#9509 = ORIENTED_EDGE('',*,*,#3675,.T.);
#9510 = ORIENTED_EDGE('',*,*,#9489,.F.);
#9511 = ORIENTED_EDGE('',*,*,#6781,.F.);
#9512 = ADVANCED_FACE('',(#9513),#3731,.F.);
#9513 = FACE_BOUND('',#9514,.F.);
#9514 = EDGE_LOOP('',(#9515,#9536,#9537,#9538));
#9515 = ORIENTED_EDGE('',*,*,#9516,.T.);
#9516 = EDGE_CURVE('',#6812,#3711,#9517,.T.);
#9517 = SEAM_CURVE('',#9518,(#9522,#9529),.PCURVE_S1.);
#9518 = LINE('',#9519,#9520);
#9519 = CARTESIAN_POINT('',(53.75,167.,-0.1));
#9520 = VECTOR('',#9521,1.);
#9521 = DIRECTION('',(0.,0.,1.));
#9522 = PCURVE('',#3731,#9523);
#9523 = DEFINITIONAL_REPRESENTATION('',(#9524),#9528);
#9524 = LINE('',#9525,#9526);
#9525 = CARTESIAN_POINT('',(-4.138911435803E-13,0.));
#9526 = VECTOR('',#9527,1.);
#9527 = DIRECTION('',(-0.,-1.));
#9528 = ( GEOMETRIC_REPRESENTATION_CONTEXT(2) 
PARAMETRIC_REPRESENTATION_CONTEXT() REPRESENTATION_CONTEXT('2D SPACE',''
  ) );
#9529 = PCURVE('',#3731,#9530);
#9530 = DEFINITIONAL_REPRESENTATION('',(#9531),#9535);
#9531 = LINE('',#9532,#9533);
#9532 = CARTESIAN_POINT('',(6.28318530718,0.));
#9533 = VECTOR('',#9534,1.);
#9534 = DIRECTION('',(-0.,-1.));
#9535 = ( GEOMETRIC_REPRESENTATION_CONTEXT(2) 
PARAMETRIC_REPRESENTATION_CONTEXT() REPRESENTATION_CONTEXT('2D SPACE',''
  ) );
#9536 = ORIENTED_EDGE('',*,*,#3710,.T.);
#9537 = ORIENTED_EDGE('',*,*,#9516,.F.);
#9538 = ORIENTED_EDGE('',*,*,#6811,.F.);
#9539 = ADVANCED_FACE('',(#9540),#3766,.F.);
#9540 = FACE_BOUND('',#9541,.F.);
#9541 = EDGE_LOOP('',(#9542,#9563,#9564,#9565));
#9542 = ORIENTED_EDGE('',*,*,#9543,.T.);
#9543 = EDGE_CURVE('',#6842,#3746,#9544,.T.);
#9544 = SEAM_CURVE('',#9545,(#9549,#9556),.PCURVE_S1.);
#9545 = LINE('',#9546,#9547);
#9546 = CARTESIAN_POINT('',(53.75,177.,-0.1));
#9547 = VECTOR('',#9548,1.);
#9548 = DIRECTION('',(0.,0.,1.));
#9549 = PCURVE('',#3766,#9550);
#9550 = DEFINITIONAL_REPRESENTATION('',(#9551),#9555);
#9551 = LINE('',#9552,#9553);
#9552 = CARTESIAN_POINT('',(-4.138911435803E-13,0.));
#9553 = VECTOR('',#9554,1.);
#9554 = DIRECTION('',(-0.,-1.));
#9555 = ( GEOMETRIC_REPRESENTATION_CONTEXT(2) 
PARAMETRIC_REPRESENTATION_CONTEXT() REPRESENTATION_CONTEXT('2D SPACE',''
  ) );
#9556 = PCURVE('',#3766,#9557);
#9557 = DEFINITIONAL_REPRESENTATION('',(#9558),#9562);
#9558 = LINE('',#9559,#9560);
#9559 = CARTESIAN_POINT('',(6.28318530718,0.));
#9560 = VECTOR('',#9561,1.);
#9561 = DIRECTION('',(-0.,-1.));
#9562 = ( GEOMETRIC_REPRESENTATION_CONTEXT(2) 
PARAMETRIC_REPRESENTATION_CONTEXT() REPRESENTATION_CONTEXT('2D SPACE',''
  ) );
#9563 = ORIENTED_EDGE('',*,*,#3745,.T.);
#9564 = ORIENTED_EDGE('',*,*,#9543,.F.);
#9565 = ORIENTED_EDGE('',*,*,#6841,.F.);
#9566 = ADVANCED_FACE('',(#9567),#3801,.F.);
#9567 = FACE_BOUND('',#9568,.F.);
#9568 = EDGE_LOOP('',(#9569,#9590,#9591,#9592));
#9569 = ORIENTED_EDGE('',*,*,#9570,.T.);
#9570 = EDGE_CURVE('',#6872,#3781,#9571,.T.);
#9571 = SEAM_CURVE('',#9572,(#9576,#9583),.PCURVE_S1.);
#9572 = LINE('',#9573,#9574);
#9573 = CARTESIAN_POINT('',(53.75,187.,-0.1));
#9574 = VECTOR('',#9575,1.);
#9575 = DIRECTION('',(0.,0.,1.));
#9576 = PCURVE('',#3801,#9577);
#9577 = DEFINITIONAL_REPRESENTATION('',(#9578),#9582);
#9578 = LINE('',#9579,#9580);
#9579 = CARTESIAN_POINT('',(-4.138911435803E-13,0.));
#9580 = VECTOR('',#9581,1.);
#9581 = DIRECTION('',(-0.,-1.));
#9582 = ( GEOMETRIC_REPRESENTATION_CONTEXT(2) 
PARAMETRIC_REPRESENTATION_CONTEXT() REPRESENTATION_CONTEXT('2D SPACE',''
  ) );
#9583 = PCURVE('',#3801,#9584);
#9584 = DEFINITIONAL_REPRESENTATION('',(#9585),#9589);
#9585 = LINE('',#9586,#9587);
#9586 = CARTESIAN_POINT('',(6.28318530718,0.));
#9587 = VECTOR('',#9588,1.);
#9588 = DIRECTION('',(-0.,-1.));
#9589 = ( GEOMETRIC_REPRESENTATION_CONTEXT(2) 
PARAMETRIC_REPRESENTATION_CONTEXT() REPRESENTATION_CONTEXT('2D SPACE',''
  ) );
#9590 = ORIENTED_EDGE('',*,*,#3780,.T.);
#9591 = ORIENTED_EDGE('',*,*,#9570,.F.);
#9592 = ORIENTED_EDGE('',*,*,#6871,.F.);
#9593 = ADVANCED_FACE('',(#9594),#3836,.F.);
#9594 = FACE_BOUND('',#9595,.F.);
#9595 = EDGE_LOOP('',(#9596,#9617,#9618,#9619));
#9596 = ORIENTED_EDGE('',*,*,#9597,.T.);
#9597 = EDGE_CURVE('',#6902,#3816,#9598,.T.);
#9598 = SEAM_CURVE('',#9599,(#9603,#9610),.PCURVE_S1.);
#9599 = LINE('',#9600,#9601);
#9600 = CARTESIAN_POINT('',(57.42,195.,-0.1));
#9601 = VECTOR('',#9602,1.);
#9602 = DIRECTION('',(0.,0.,1.));
#9603 = PCURVE('',#3836,#9604);
#9604 = DEFINITIONAL_REPRESENTATION('',(#9605),#9609);
#9605 = LINE('',#9606,#9607);
#9606 = CARTESIAN_POINT('',(-4.138911435803E-13,0.));
#9607 = VECTOR('',#9608,1.);
#9608 = DIRECTION('',(-0.,-1.));
#9609 = ( GEOMETRIC_REPRESENTATION_CONTEXT(2) 
PARAMETRIC_REPRESENTATION_CONTEXT() REPRESENTATION_CONTEXT('2D SPACE',''
  ) );
#9610 = PCURVE('',#3836,#9611);
#9611 = DEFINITIONAL_REPRESENTATION('',(#9612),#9616);
#9612 = LINE('',#9613,#9614);
#9613 = CARTESIAN_POINT('',(6.28318530718,0.));
#9614 = VECTOR('',#9615,1.);
#9615 = DIRECTION('',(-0.,-1.));
#9616 = ( GEOMETRIC_REPRESENTATION_CONTEXT(2) 
PARAMETRIC_REPRESENTATION_CONTEXT() REPRESENTATION_CONTEXT('2D SPACE',''
  ) );
#9617 = ORIENTED_EDGE('',*,*,#3815,.T.);
#9618 = ORIENTED_EDGE('',*,*,#9597,.F.);
#9619 = ORIENTED_EDGE('',*,*,#6901,.F.);
#9620 = ADVANCED_FACE('',(#9621),#3871,.F.);
#9621 = FACE_BOUND('',#9622,.F.);
#9622 = EDGE_LOOP('',(#9623,#9644,#9645,#9646));
#9623 = ORIENTED_EDGE('',*,*,#9624,.T.);
#9624 = EDGE_CURVE('',#6932,#3851,#9625,.T.);
#9625 = SEAM_CURVE('',#9626,(#9630,#9637),.PCURVE_S1.);
#9626 = LINE('',#9627,#9628);
#9627 = CARTESIAN_POINT('',(59.96,195.,-0.1));
#9628 = VECTOR('',#9629,1.);
#9629 = DIRECTION('',(0.,0.,1.));
#9630 = PCURVE('',#3871,#9631);
#9631 = DEFINITIONAL_REPRESENTATION('',(#9632),#9636);
#9632 = LINE('',#9633,#9634);
#9633 = CARTESIAN_POINT('',(-4.138911435803E-13,0.));
#9634 = VECTOR('',#9635,1.);
#9635 = DIRECTION('',(-0.,-1.));
#9636 = ( GEOMETRIC_REPRESENTATION_CONTEXT(2) 
PARAMETRIC_REPRESENTATION_CONTEXT() REPRESENTATION_CONTEXT('2D SPACE',''
  ) );
#9637 = PCURVE('',#3871,#9638);
#9638 = DEFINITIONAL_REPRESENTATION('',(#9639),#9643);
#9639 = LINE('',#9640,#9641);
#9640 = CARTESIAN_POINT('',(6.28318530718,0.));
#9641 = VECTOR('',#9642,1.);
#9642 = DIRECTION('',(-0.,-1.));
#9643 = ( GEOMETRIC_REPRESENTATION_CONTEXT(2) 
PARAMETRIC_REPRESENTATION_CONTEXT() REPRESENTATION_CONTEXT('2D SPACE',''
  ) );
#9644 = ORIENTED_EDGE('',*,*,#3850,.T.);
#9645 = ORIENTED_EDGE('',*,*,#9624,.F.);
#9646 = ORIENTED_EDGE('',*,*,#6931,.F.);
#9647 = ADVANCED_FACE('',(#9648),#3906,.F.);
#9648 = FACE_BOUND('',#9649,.F.);
#9649 = EDGE_LOOP('',(#9650,#9671,#9672,#9673));
#9650 = ORIENTED_EDGE('',*,*,#9651,.T.);
#9651 = EDGE_CURVE('',#6962,#3886,#9652,.T.);
#9652 = SEAM_CURVE('',#9653,(#9657,#9664),.PCURVE_S1.);
#9653 = LINE('',#9654,#9655);
#9654 = CARTESIAN_POINT('',(57.42,197.54,-0.1));
#9655 = VECTOR('',#9656,1.);
#9656 = DIRECTION('',(0.,0.,1.));
#9657 = PCURVE('',#3906,#9658);
#9658 = DEFINITIONAL_REPRESENTATION('',(#9659),#9663);
#9659 = LINE('',#9660,#9661);
#9660 = CARTESIAN_POINT('',(-4.138911435803E-13,0.));
#9661 = VECTOR('',#9662,1.);
#9662 = DIRECTION('',(-0.,-1.));
#9663 = ( GEOMETRIC_REPRESENTATION_CONTEXT(2) 
PARAMETRIC_REPRESENTATION_CONTEXT() REPRESENTATION_CONTEXT('2D SPACE',''
  ) );
#9664 = PCURVE('',#3906,#9665);
#9665 = DEFINITIONAL_REPRESENTATION('',(#9666),#9670);
#9666 = LINE('',#9667,#9668);
#9667 = CARTESIAN_POINT('',(6.28318530718,0.));
#9668 = VECTOR('',#9669,1.);
#9669 = DIRECTION('',(-0.,-1.));
#9670 = ( GEOMETRIC_REPRESENTATION_CONTEXT(2) 
PARAMETRIC_REPRESENTATION_CONTEXT() REPRESENTATION_CONTEXT('2D SPACE',''
  ) );
#9671 = ORIENTED_EDGE('',*,*,#3885,.T.);
#9672 = ORIENTED_EDGE('',*,*,#9651,.F.);
#9673 = ORIENTED_EDGE('',*,*,#6961,.F.);
#9674 = ADVANCED_FACE('',(#9675),#3941,.F.);
#9675 = FACE_BOUND('',#9676,.F.);
#9676 = EDGE_LOOP('',(#9677,#9698,#9699,#9700));
#9677 = ORIENTED_EDGE('',*,*,#9678,.T.);
#9678 = EDGE_CURVE('',#6992,#3921,#9679,.T.);
#9679 = SEAM_CURVE('',#9680,(#9684,#9691),.PCURVE_S1.);
#9680 = LINE('',#9681,#9682);
#9681 = CARTESIAN_POINT('',(59.96,197.54,-0.1));
#9682 = VECTOR('',#9683,1.);
#9683 = DIRECTION('',(0.,0.,1.));
#9684 = PCURVE('',#3941,#9685);
#9685 = DEFINITIONAL_REPRESENTATION('',(#9686),#9690);
#9686 = LINE('',#9687,#9688);
#9687 = CARTESIAN_POINT('',(-4.138911435803E-13,0.));
#9688 = VECTOR('',#9689,1.);
#9689 = DIRECTION('',(-0.,-1.));
#9690 = ( GEOMETRIC_REPRESENTATION_CONTEXT(2) 
PARAMETRIC_REPRESENTATION_CONTEXT() REPRESENTATION_CONTEXT('2D SPACE',''
  ) );
#9691 = PCURVE('',#3941,#9692);
#9692 = DEFINITIONAL_REPRESENTATION('',(#9693),#9697);
#9693 = LINE('',#9694,#9695);
#9694 = CARTESIAN_POINT('',(6.28318530718,0.));
#9695 = VECTOR('',#9696,1.);
#9696 = DIRECTION('',(-0.,-1.));
#9697 = ( GEOMETRIC_REPRESENTATION_CONTEXT(2) 
PARAMETRIC_REPRESENTATION_CONTEXT() REPRESENTATION_CONTEXT('2D SPACE',''
  ) );
#9698 = ORIENTED_EDGE('',*,*,#3920,.T.);
#9699 = ORIENTED_EDGE('',*,*,#9678,.F.);
#9700 = ORIENTED_EDGE('',*,*,#6991,.F.);
#9701 = ADVANCED_FACE('',(#9702),#3976,.F.);
#9702 = FACE_BOUND('',#9703,.F.);
#9703 = EDGE_LOOP('',(#9704,#9725,#9726,#9727));
#9704 = ORIENTED_EDGE('',*,*,#9705,.T.);
#9705 = EDGE_CURVE('',#7022,#3956,#9706,.T.);
#9706 = SEAM_CURVE('',#9707,(#9711,#9718),.PCURVE_S1.);
#9707 = LINE('',#9708,#9709);
#9708 = CARTESIAN_POINT('',(71.75,167.,-0.1));
#9709 = VECTOR('',#9710,1.);
#9710 = DIRECTION('',(0.,0.,1.));
#9711 = PCURVE('',#3976,#9712);
#9712 = DEFINITIONAL_REPRESENTATION('',(#9713),#9717);
#9713 = LINE('',#9714,#9715);
#9714 = CARTESIAN_POINT('',(-4.138911435803E-13,0.));
#9715 = VECTOR('',#9716,1.);
#9716 = DIRECTION('',(-0.,-1.));
#9717 = ( GEOMETRIC_REPRESENTATION_CONTEXT(2) 
PARAMETRIC_REPRESENTATION_CONTEXT() REPRESENTATION_CONTEXT('2D SPACE',''
  ) );
#9718 = PCURVE('',#3976,#9719);
#9719 = DEFINITIONAL_REPRESENTATION('',(#9720),#9724);
#9720 = LINE('',#9721,#9722);
#9721 = CARTESIAN_POINT('',(6.28318530718,0.));
#9722 = VECTOR('',#9723,1.);
#9723 = DIRECTION('',(-0.,-1.));
#9724 = ( GEOMETRIC_REPRESENTATION_CONTEXT(2) 
PARAMETRIC_REPRESENTATION_CONTEXT() REPRESENTATION_CONTEXT('2D SPACE',''
  ) );
#9725 = ORIENTED_EDGE('',*,*,#3955,.T.);
#9726 = ORIENTED_EDGE('',*,*,#9705,.F.);
#9727 = ORIENTED_EDGE('',*,*,#7021,.F.);
#9728 = ADVANCED_FACE('',(#9729),#4011,.F.);
#9729 = FACE_BOUND('',#9730,.F.);
#9730 = EDGE_LOOP('',(#9731,#9752,#9753,#9754));
#9731 = ORIENTED_EDGE('',*,*,#9732,.T.);
#9732 = EDGE_CURVE('',#7052,#3991,#9733,.T.);
#9733 = SEAM_CURVE('',#9734,(#9738,#9745),.PCURVE_S1.);
#9734 = LINE('',#9735,#9736);
#9735 = CARTESIAN_POINT('',(71.75,177.,-0.1));
#9736 = VECTOR('',#9737,1.);
#9737 = DIRECTION('',(0.,0.,1.));
#9738 = PCURVE('',#4011,#9739);
#9739 = DEFINITIONAL_REPRESENTATION('',(#9740),#9744);
#9740 = LINE('',#9741,#9742);
#9741 = CARTESIAN_POINT('',(-4.138911435803E-13,0.));
#9742 = VECTOR('',#9743,1.);
#9743 = DIRECTION('',(-0.,-1.));
#9744 = ( GEOMETRIC_REPRESENTATION_CONTEXT(2) 
PARAMETRIC_REPRESENTATION_CONTEXT() REPRESENTATION_CONTEXT('2D SPACE',''
  ) );
#9745 = PCURVE('',#4011,#9746);
#9746 = DEFINITIONAL_REPRESENTATION('',(#9747),#9751);
#9747 = LINE('',#9748,#9749);
#9748 = CARTESIAN_POINT('',(6.28318530718,0.));
#9749 = VECTOR('',#9750,1.);
#9750 = DIRECTION('',(-0.,-1.));
#9751 = ( GEOMETRIC_REPRESENTATION_CONTEXT(2) 
PARAMETRIC_REPRESENTATION_CONTEXT() REPRESENTATION_CONTEXT('2D SPACE',''
  ) );
#9752 = ORIENTED_EDGE('',*,*,#3990,.T.);
#9753 = ORIENTED_EDGE('',*,*,#9732,.F.);
#9754 = ORIENTED_EDGE('',*,*,#7051,.F.);
#9755 = ADVANCED_FACE('',(#9756),#4046,.F.);
#9756 = FACE_BOUND('',#9757,.F.);
#9757 = EDGE_LOOP('',(#9758,#9779,#9780,#9781));
#9758 = ORIENTED_EDGE('',*,*,#9759,.T.);
#9759 = EDGE_CURVE('',#7082,#4026,#9760,.T.);
#9760 = SEAM_CURVE('',#9761,(#9765,#9772),.PCURVE_S1.);
#9761 = LINE('',#9762,#9763);
#9762 = CARTESIAN_POINT('',(71.75,187.,-0.1));
#9763 = VECTOR('',#9764,1.);
#9764 = DIRECTION('',(0.,0.,1.));
#9765 = PCURVE('',#4046,#9766);
#9766 = DEFINITIONAL_REPRESENTATION('',(#9767),#9771);
#9767 = LINE('',#9768,#9769);
#9768 = CARTESIAN_POINT('',(-4.138911435803E-13,0.));
#9769 = VECTOR('',#9770,1.);
#9770 = DIRECTION('',(-0.,-1.));
#9771 = ( GEOMETRIC_REPRESENTATION_CONTEXT(2) 
PARAMETRIC_REPRESENTATION_CONTEXT() REPRESENTATION_CONTEXT('2D SPACE',''
  ) );
#9772 = PCURVE('',#4046,#9773);
#9773 = DEFINITIONAL_REPRESENTATION('',(#9774),#9778);
#9774 = LINE('',#9775,#9776);
#9775 = CARTESIAN_POINT('',(6.28318530718,0.));
#9776 = VECTOR('',#9777,1.);
#9777 = DIRECTION('',(-0.,-1.));
#9778 = ( GEOMETRIC_REPRESENTATION_CONTEXT(2) 
PARAMETRIC_REPRESENTATION_CONTEXT() REPRESENTATION_CONTEXT('2D SPACE',''
  ) );
#9779 = ORIENTED_EDGE('',*,*,#4025,.T.);
#9780 = ORIENTED_EDGE('',*,*,#9759,.F.);
#9781 = ORIENTED_EDGE('',*,*,#7081,.F.);
#9782 = ADVANCED_FACE('',(#9783),#4081,.F.);
#9783 = FACE_BOUND('',#9784,.F.);
#9784 = EDGE_LOOP('',(#9785,#9806,#9807,#9808));
#9785 = ORIENTED_EDGE('',*,*,#9786,.T.);
#9786 = EDGE_CURVE('',#7112,#4061,#9787,.T.);
#9787 = SEAM_CURVE('',#9788,(#9792,#9799),.PCURVE_S1.);
#9788 = LINE('',#9789,#9790);
#9789 = CARTESIAN_POINT('',(62.5,195.,-0.1));
#9790 = VECTOR('',#9791,1.);
#9791 = DIRECTION('',(0.,0.,1.));
#9792 = PCURVE('',#4081,#9793);
#9793 = DEFINITIONAL_REPRESENTATION('',(#9794),#9798);
#9794 = LINE('',#9795,#9796);
#9795 = CARTESIAN_POINT('',(-4.138911435803E-13,0.));
#9796 = VECTOR('',#9797,1.);
#9797 = DIRECTION('',(-0.,-1.));
#9798 = ( GEOMETRIC_REPRESENTATION_CONTEXT(2) 
PARAMETRIC_REPRESENTATION_CONTEXT() REPRESENTATION_CONTEXT('2D SPACE',''
  ) );
#9799 = PCURVE('',#4081,#9800);
#9800 = DEFINITIONAL_REPRESENTATION('',(#9801),#9805);
#9801 = LINE('',#9802,#9803);
#9802 = CARTESIAN_POINT('',(6.28318530718,0.));
#9803 = VECTOR('',#9804,1.);
#9804 = DIRECTION('',(-0.,-1.));
#9805 = ( GEOMETRIC_REPRESENTATION_CONTEXT(2) 
PARAMETRIC_REPRESENTATION_CONTEXT() REPRESENTATION_CONTEXT('2D SPACE',''
  ) );
#9806 = ORIENTED_EDGE('',*,*,#4060,.T.);
#9807 = ORIENTED_EDGE('',*,*,#9786,.F.);
#9808 = ORIENTED_EDGE('',*,*,#7111,.F.);
#9809 = ADVANCED_FACE('',(#9810),#4116,.F.);
#9810 = FACE_BOUND('',#9811,.F.);
#9811 = EDGE_LOOP('',(#9812,#9833,#9834,#9835));
#9812 = ORIENTED_EDGE('',*,*,#9813,.T.);
#9813 = EDGE_CURVE('',#7142,#4096,#9814,.T.);
#9814 = SEAM_CURVE('',#9815,(#9819,#9826),.PCURVE_S1.);
#9815 = LINE('',#9816,#9817);
#9816 = CARTESIAN_POINT('',(65.04,195.,-0.1));
#9817 = VECTOR('',#9818,1.);
#9818 = DIRECTION('',(0.,0.,1.));
#9819 = PCURVE('',#4116,#9820);
#9820 = DEFINITIONAL_REPRESENTATION('',(#9821),#9825);
#9821 = LINE('',#9822,#9823);
#9822 = CARTESIAN_POINT('',(-4.138911435803E-13,0.));
#9823 = VECTOR('',#9824,1.);
#9824 = DIRECTION('',(-0.,-1.));
#9825 = ( GEOMETRIC_REPRESENTATION_CONTEXT(2) 
PARAMETRIC_REPRESENTATION_CONTEXT() REPRESENTATION_CONTEXT('2D SPACE',''
  ) );
#9826 = PCURVE('',#4116,#9827);
#9827 = DEFINITIONAL_REPRESENTATION('',(#9828),#9832);
#9828 = LINE('',#9829,#9830);
#9829 = CARTESIAN_POINT('',(6.28318530718,0.));
#9830 = VECTOR('',#9831,1.);
#9831 = DIRECTION('',(-0.,-1.));
#9832 = ( GEOMETRIC_REPRESENTATION_CONTEXT(2) 
PARAMETRIC_REPRESENTATION_CONTEXT() REPRESENTATION_CONTEXT('2D SPACE',''
  ) );
#9833 = ORIENTED_EDGE('',*,*,#4095,.T.);
#9834 = ORIENTED_EDGE('',*,*,#9813,.F.);
#9835 = ORIENTED_EDGE('',*,*,#7141,.F.);
#9836 = ADVANCED_FACE('',(#9837),#4151,.F.);
#9837 = FACE_BOUND('',#9838,.F.);
#9838 = EDGE_LOOP('',(#9839,#9860,#9861,#9862));
#9839 = ORIENTED_EDGE('',*,*,#9840,.T.);
#9840 = EDGE_CURVE('',#7172,#4131,#9841,.T.);
#9841 = SEAM_CURVE('',#9842,(#9846,#9853),.PCURVE_S1.);
#9842 = LINE('',#9843,#9844);
#9843 = CARTESIAN_POINT('',(62.5,197.54,-0.1));
#9844 = VECTOR('',#9845,1.);
#9845 = DIRECTION('',(0.,0.,1.));
#9846 = PCURVE('',#4151,#9847);
#9847 = DEFINITIONAL_REPRESENTATION('',(#9848),#9852);
#9848 = LINE('',#9849,#9850);
#9849 = CARTESIAN_POINT('',(-4.138911435803E-13,0.));
#9850 = VECTOR('',#9851,1.);
#9851 = DIRECTION('',(-0.,-1.));
#9852 = ( GEOMETRIC_REPRESENTATION_CONTEXT(2) 
PARAMETRIC_REPRESENTATION_CONTEXT() REPRESENTATION_CONTEXT('2D SPACE',''
  ) );
#9853 = PCURVE('',#4151,#9854);
#9854 = DEFINITIONAL_REPRESENTATION('',(#9855),#9859);
#9855 = LINE('',#9856,#9857);
#9856 = CARTESIAN_POINT('',(6.28318530718,0.));
#9857 = VECTOR('',#9858,1.);
#9858 = DIRECTION('',(-0.,-1.));
#9859 = ( GEOMETRIC_REPRESENTATION_CONTEXT(2) 
PARAMETRIC_REPRESENTATION_CONTEXT() REPRESENTATION_CONTEXT('2D SPACE',''
  ) );
#9860 = ORIENTED_EDGE('',*,*,#4130,.T.);
#9861 = ORIENTED_EDGE('',*,*,#9840,.F.);
#9862 = ORIENTED_EDGE('',*,*,#7171,.F.);
#9863 = ADVANCED_FACE('',(#9864),#4186,.F.);
#9864 = FACE_BOUND('',#9865,.F.);
#9865 = EDGE_LOOP('',(#9866,#9887,#9888,#9889));
#9866 = ORIENTED_EDGE('',*,*,#9867,.T.);
#9867 = EDGE_CURVE('',#7202,#4166,#9868,.T.);
#9868 = SEAM_CURVE('',#9869,(#9873,#9880),.PCURVE_S1.);
#9869 = LINE('',#9870,#9871);
#9870 = CARTESIAN_POINT('',(65.04,197.54,-0.1));
#9871 = VECTOR('',#9872,1.);
#9872 = DIRECTION('',(0.,0.,1.));
#9873 = PCURVE('',#4186,#9874);
#9874 = DEFINITIONAL_REPRESENTATION('',(#9875),#9879);
#9875 = LINE('',#9876,#9877);
#9876 = CARTESIAN_POINT('',(-4.138911435803E-13,0.));
#9877 = VECTOR('',#9878,1.);
#9878 = DIRECTION('',(-0.,-1.));
#9879 = ( GEOMETRIC_REPRESENTATION_CONTEXT(2) 
PARAMETRIC_REPRESENTATION_CONTEXT() REPRESENTATION_CONTEXT('2D SPACE',''
  ) );
#9880 = PCURVE('',#4186,#9881);
#9881 = DEFINITIONAL_REPRESENTATION('',(#9882),#9886);
#9882 = LINE('',#9883,#9884);
#9883 = CARTESIAN_POINT('',(6.28318530718,0.));
#9884 = VECTOR('',#9885,1.);
#9885 = DIRECTION('',(-0.,-1.));
#9886 = ( GEOMETRIC_REPRESENTATION_CONTEXT(2) 
PARAMETRIC_REPRESENTATION_CONTEXT() REPRESENTATION_CONTEXT('2D SPACE',''
  ) );
#9887 = ORIENTED_EDGE('',*,*,#4165,.T.);
#9888 = ORIENTED_EDGE('',*,*,#9867,.F.);
#9889 = ORIENTED_EDGE('',*,*,#7201,.F.);
#9890 = ADVANCED_FACE('',(#9891),#4221,.F.);
#9891 = FACE_BOUND('',#9892,.F.);
#9892 = EDGE_LOOP('',(#9893,#9914,#9915,#9916));
#9893 = ORIENTED_EDGE('',*,*,#9894,.T.);
#9894 = EDGE_CURVE('',#7232,#4201,#9895,.T.);
#9895 = SEAM_CURVE('',#9896,(#9900,#9907),.PCURVE_S1.);
#9896 = LINE('',#9897,#9898);
#9897 = CARTESIAN_POINT('',(67.58,195.,-0.1));
#9898 = VECTOR('',#9899,1.);
#9899 = DIRECTION('',(0.,0.,1.));
#9900 = PCURVE('',#4221,#9901);
#9901 = DEFINITIONAL_REPRESENTATION('',(#9902),#9906);
#9902 = LINE('',#9903,#9904);
#9903 = CARTESIAN_POINT('',(-4.138911435803E-13,0.));
#9904 = VECTOR('',#9905,1.);
#9905 = DIRECTION('',(-0.,-1.));
#9906 = ( GEOMETRIC_REPRESENTATION_CONTEXT(2) 
PARAMETRIC_REPRESENTATION_CONTEXT() REPRESENTATION_CONTEXT('2D SPACE',''
  ) );
#9907 = PCURVE('',#4221,#9908);
#9908 = DEFINITIONAL_REPRESENTATION('',(#9909),#9913);
#9909 = LINE('',#9910,#9911);
#9910 = CARTESIAN_POINT('',(6.28318530718,0.));
#9911 = VECTOR('',#9912,1.);
#9912 = DIRECTION('',(-0.,-1.));
#9913 = ( GEOMETRIC_REPRESENTATION_CONTEXT(2) 
PARAMETRIC_REPRESENTATION_CONTEXT() REPRESENTATION_CONTEXT('2D SPACE',''
  ) );
#9914 = ORIENTED_EDGE('',*,*,#4200,.T.);
#9915 = ORIENTED_EDGE('',*,*,#9894,.F.);
#9916 = ORIENTED_EDGE('',*,*,#7231,.F.);
#9917 = ADVANCED_FACE('',(#9918),#4256,.F.);
#9918 = FACE_BOUND('',#9919,.F.);
#9919 = EDGE_LOOP('',(#9920,#9941,#9942,#9943));
#9920 = ORIENTED_EDGE('',*,*,#9921,.T.);
#9921 = EDGE_CURVE('',#7262,#4236,#9922,.T.);
#9922 = SEAM_CURVE('',#9923,(#9927,#9934),.PCURVE_S1.);
#9923 = LINE('',#9924,#9925);
#9924 = CARTESIAN_POINT('',(67.58,197.54,-0.1));
#9925 = VECTOR('',#9926,1.);
#9926 = DIRECTION('',(0.,0.,1.));
#9927 = PCURVE('',#4256,#9928);
#9928 = DEFINITIONAL_REPRESENTATION('',(#9929),#9933);
#9929 = LINE('',#9930,#9931);
#9930 = CARTESIAN_POINT('',(-4.138911435803E-13,0.));
#9931 = VECTOR('',#9932,1.);
#9932 = DIRECTION('',(-0.,-1.));
#9933 = ( GEOMETRIC_REPRESENTATION_CONTEXT(2) 
PARAMETRIC_REPRESENTATION_CONTEXT() REPRESENTATION_CONTEXT('2D SPACE',''
  ) );
#9934 = PCURVE('',#4256,#9935);
#9935 = DEFINITIONAL_REPRESENTATION('',(#9936),#9940);
#9936 = LINE('',#9937,#9938);
#9937 = CARTESIAN_POINT('',(6.28318530718,0.));
#9938 = VECTOR('',#9939,1.);
#9939 = DIRECTION('',(-0.,-1.));
#9940 = ( GEOMETRIC_REPRESENTATION_CONTEXT(2) 
PARAMETRIC_REPRESENTATION_CONTEXT() REPRESENTATION_CONTEXT('2D SPACE',''
  ) );
#9941 = ORIENTED_EDGE('',*,*,#4235,.T.);
#9942 = ORIENTED_EDGE('',*,*,#9921,.F.);
#9943 = ORIENTED_EDGE('',*,*,#7261,.F.);
#9944 = ADVANCED_FACE('',(#9945),#4291,.F.);
#9945 = FACE_BOUND('',#9946,.F.);
#9946 = EDGE_LOOP('',(#9947,#9968,#9969,#9970));
#9947 = ORIENTED_EDGE('',*,*,#9948,.T.);
#9948 = EDGE_CURVE('',#7292,#4271,#9949,.T.);
#9949 = SEAM_CURVE('',#9950,(#9954,#9961),.PCURVE_S1.);
#9950 = LINE('',#9951,#9952);
#9951 = CARTESIAN_POINT('',(79.6,213.,-0.1));
#9952 = VECTOR('',#9953,1.);
#9953 = DIRECTION('',(0.,0.,1.));
#9954 = PCURVE('',#4291,#9955);
#9955 = DEFINITIONAL_REPRESENTATION('',(#9956),#9960);
#9956 = LINE('',#9957,#9958);
#9957 = CARTESIAN_POINT('',(-4.138911435803E-13,0.));
#9958 = VECTOR('',#9959,1.);
#9959 = DIRECTION('',(-0.,-1.));
#9960 = ( GEOMETRIC_REPRESENTATION_CONTEXT(2) 
PARAMETRIC_REPRESENTATION_CONTEXT() REPRESENTATION_CONTEXT('2D SPACE',''
  ) );
#9961 = PCURVE('',#4291,#9962);
#9962 = DEFINITIONAL_REPRESENTATION('',(#9963),#9967);
#9963 = LINE('',#9964,#9965);
#9964 = CARTESIAN_POINT('',(6.28318530718,0.));
#9965 = VECTOR('',#9966,1.);
#9966 = DIRECTION('',(-0.,-1.));
#9967 = ( GEOMETRIC_REPRESENTATION_CONTEXT(2) 
PARAMETRIC_REPRESENTATION_CONTEXT() REPRESENTATION_CONTEXT('2D SPACE',''
  ) );
#9968 = ORIENTED_EDGE('',*,*,#4270,.T.);
#9969 = ORIENTED_EDGE('',*,*,#9948,.F.);
#9970 = ORIENTED_EDGE('',*,*,#7291,.F.);
#9971 = ( GEOMETRIC_REPRESENTATION_CONTEXT(3) 
GLOBAL_UNCERTAINTY_ASSIGNED_CONTEXT((#9975)) 
GLOBAL_UNIT_ASSIGNED_CONTEXT((#9972,#9973,#9974)) REPRESENTATION_CONTEXT
('Context #1','3D Context with UNIT and UNCERTAINTY') );
#9972 = ( LENGTH_UNIT() NAMED_UNIT(*) SI_UNIT(.MILLI.,.METRE.) );
#9973 = ( NAMED_UNIT(*) PLANE_ANGLE_UNIT() SI_UNIT($,.RADIAN.) );
#9974 = ( NAMED_UNIT(*) SI_UNIT($,.STERADIAN.) SOLID_ANGLE_UNIT() );
#9975 = UNCERTAINTY_MEASURE_WITH_UNIT(LENGTH_MEASURE(1.E-07),#9972,
  'distance_accuracy_value','confusion accuracy');
#9976 = CONTEXT_DEPENDENT_SHAPE_REPRESENTATION(#9977,#9979);
#9977 = ( REPRESENTATION_RELATIONSHIP('','',#624,#10) 
REPRESENTATION_RELATIONSHIP_WITH_TRANSFORMATION(#9978) 
SHAPE_REPRESENTATION_RELATIONSHIP() );
#9978 = ITEM_DEFINED_TRANSFORMATION('','',#11,#15);
#9979 = PRODUCT_DEFINITION_SHAPE('Placement','Placement of an item',
  #9980);
#9980 = NEXT_ASSEMBLY_USAGE_OCCURRENCE('12','PCB','',#5,#619,$);
#9981 = PRODUCT_RELATED_PRODUCT_CATEGORY('part',$,(#621));
#9982 = SHAPE_DEFINITION_REPRESENTATION(#9983,#9989);
#9983 = PRODUCT_DEFINITION_SHAPE('','',#9984);
#9984 = PRODUCT_DEFINITION('design','',#9985,#9988);
#9985 = PRODUCT_DEFINITION_FORMATION('','',#9986);
#9986 = PRODUCT('C1','C1','',(#9987));
#9987 = PRODUCT_CONTEXT('',#2,'mechanical');
#9988 = PRODUCT_DEFINITION_CONTEXT('part definition',#2,'design');
#9989 = ADVANCED_BREP_SHAPE_REPRESENTATION('',(#11,#9990),#10320);
#9990 = MANIFOLD_SOLID_BREP('',#9991);
#9991 = CLOSED_SHELL('',(#9992,#10112,#10212,#10259,#10306,#10313));
#9992 = ADVANCED_FACE('',(#9993),#10007,.F.);
#9993 = FACE_BOUND('',#9994,.F.);
#9994 = EDGE_LOOP('',(#9995,#10030,#10058,#10086));
#9995 = ORIENTED_EDGE('',*,*,#9996,.F.);
#9996 = EDGE_CURVE('',#9997,#9999,#10001,.T.);
#9997 = VERTEX_POINT('',#9998);
#9998 = CARTESIAN_POINT('',(-1.,-0.625,0.));
#9999 = VERTEX_POINT('',#10000);
#10000 = CARTESIAN_POINT('',(-1.,-0.625,1.25));
#10001 = SURFACE_CURVE('',#10002,(#10006,#10018),.PCURVE_S1.);
#10002 = LINE('',#10003,#10004);
#10003 = CARTESIAN_POINT('',(-1.,-0.625,0.));
#10004 = VECTOR('',#10005,1.);
#10005 = DIRECTION('',(0.,0.,1.));
#10006 = PCURVE('',#10007,#10012);
#10007 = PLANE('',#10008);
#10008 = AXIS2_PLACEMENT_3D('',#10009,#10010,#10011);
#10009 = CARTESIAN_POINT('',(-1.,-0.625,0.));
#10010 = DIRECTION('',(1.,0.,0.));
#10011 = DIRECTION('',(0.,0.,1.));
#10012 = DEFINITIONAL_REPRESENTATION('',(#10013),#10017);
#10013 = LINE('',#10014,#10015);
#10014 = CARTESIAN_POINT('',(0.,0.));
#10015 = VECTOR('',#10016,1.);
#10016 = DIRECTION('',(1.,0.));
#10017 = ( GEOMETRIC_REPRESENTATION_CONTEXT(2) 
PARAMETRIC_REPRESENTATION_CONTEXT() REPRESENTATION_CONTEXT('2D SPACE',''
  ) );
#10018 = PCURVE('',#10019,#10024);
#10019 = PLANE('',#10020);
#10020 = AXIS2_PLACEMENT_3D('',#10021,#10022,#10023);
#10021 = CARTESIAN_POINT('',(-1.,-0.625,0.));
#10022 = DIRECTION('',(0.,1.,0.));
#10023 = DIRECTION('',(0.,-0.,1.));
#10024 = DEFINITIONAL_REPRESENTATION('',(#10025),#10029);
#10025 = LINE('',#10026,#10027);
#10026 = CARTESIAN_POINT('',(0.,0.));
#10027 = VECTOR('',#10028,1.);
#10028 = DIRECTION('',(1.,0.));
#10029 = ( GEOMETRIC_REPRESENTATION_CONTEXT(2) 
PARAMETRIC_REPRESENTATION_CONTEXT() REPRESENTATION_CONTEXT('2D SPACE',''
  ) );
#10030 = ORIENTED_EDGE('',*,*,#10031,.T.);
#10031 = EDGE_CURVE('',#9997,#10032,#10034,.T.);
#10032 = VERTEX_POINT('',#10033);
#10033 = CARTESIAN_POINT('',(-1.,0.625,0.));
#10034 = SURFACE_CURVE('',#10035,(#10039,#10046),.PCURVE_S1.);
#10035 = LINE('',#10036,#10037);
#10036 = CARTESIAN_POINT('',(-1.,-0.625,0.));
#10037 = VECTOR('',#10038,1.);
#10038 = DIRECTION('',(0.,1.,0.));
#10039 = PCURVE('',#10007,#10040);
#10040 = DEFINITIONAL_REPRESENTATION('',(#10041),#10045);
#10041 = LINE('',#10042,#10043);
#10042 = CARTESIAN_POINT('',(0.,0.));
#10043 = VECTOR('',#10044,1.);
#10044 = DIRECTION('',(0.,-1.));
#10045 = ( GEOMETRIC_REPRESENTATION_CONTEXT(2) 
PARAMETRIC_REPRESENTATION_CONTEXT() REPRESENTATION_CONTEXT('2D SPACE',''
  ) );
#10046 = PCURVE('',#10047,#10052);
#10047 = PLANE('',#10048);
#10048 = AXIS2_PLACEMENT_3D('',#10049,#10050,#10051);
#10049 = CARTESIAN_POINT('',(-1.,-0.625,0.));
#10050 = DIRECTION('',(0.,0.,1.));
#10051 = DIRECTION('',(1.,0.,-0.));
#10052 = DEFINITIONAL_REPRESENTATION('',(#10053),#10057);
#10053 = LINE('',#10054,#10055);
#10054 = CARTESIAN_POINT('',(0.,0.));
#10055 = VECTOR('',#10056,1.);
#10056 = DIRECTION('',(0.,1.));
#10057 = ( GEOMETRIC_REPRESENTATION_CONTEXT(2) 
PARAMETRIC_REPRESENTATION_CONTEXT() REPRESENTATION_CONTEXT('2D SPACE',''
  ) );
#10058 = ORIENTED_EDGE('',*,*,#10059,.T.);
#10059 = EDGE_CURVE('',#10032,#10060,#10062,.T.);
#10060 = VERTEX_POINT('',#10061);
#10061 = CARTESIAN_POINT('',(-1.,0.625,1.25));
#10062 = SURFACE_CURVE('',#10063,(#10067,#10074),.PCURVE_S1.);
#10063 = LINE('',#10064,#10065);
#10064 = CARTESIAN_POINT('',(-1.,0.625,0.));
#10065 = VECTOR('',#10066,1.);
#10066 = DIRECTION('',(0.,0.,1.));
#10067 = PCURVE('',#10007,#10068);
#10068 = DEFINITIONAL_REPRESENTATION('',(#10069),#10073);
#10069 = LINE('',#10070,#10071);
#10070 = CARTESIAN_POINT('',(0.,-1.25));
#10071 = VECTOR('',#10072,1.);
#10072 = DIRECTION('',(1.,0.));
#10073 = ( GEOMETRIC_REPRESENTATION_CONTEXT(2) 
PARAMETRIC_REPRESENTATION_CONTEXT() REPRESENTATION_CONTEXT('2D SPACE',''
  ) );
#10074 = PCURVE('',#10075,#10080);
#10075 = PLANE('',#10076);
#10076 = AXIS2_PLACEMENT_3D('',#10077,#10078,#10079);
#10077 = CARTESIAN_POINT('',(-1.,0.625,0.));
#10078 = DIRECTION('',(0.,1.,0.));
#10079 = DIRECTION('',(0.,-0.,1.));
#10080 = DEFINITIONAL_REPRESENTATION('',(#10081),#10085);
#10081 = LINE('',#10082,#10083);
#10082 = CARTESIAN_POINT('',(0.,0.));
#10083 = VECTOR('',#10084,1.);
#10084 = DIRECTION('',(1.,0.));
#10085 = ( GEOMETRIC_REPRESENTATION_CONTEXT(2) 
PARAMETRIC_REPRESENTATION_CONTEXT() REPRESENTATION_CONTEXT('2D SPACE',''
  ) );
#10086 = ORIENTED_EDGE('',*,*,#10087,.F.);
#10087 = EDGE_CURVE('',#9999,#10060,#10088,.T.);
#10088 = SURFACE_CURVE('',#10089,(#10093,#10100),.PCURVE_S1.);
#10089 = LINE('',#10090,#10091);
#10090 = CARTESIAN_POINT('',(-1.,-0.625,1.25));
#10091 = VECTOR('',#10092,1.);
#10092 = DIRECTION('',(0.,1.,0.));
#10093 = PCURVE('',#10007,#10094);
#10094 = DEFINITIONAL_REPRESENTATION('',(#10095),#10099);
#10095 = LINE('',#10096,#10097);
#10096 = CARTESIAN_POINT('',(1.25,0.));
#10097 = VECTOR('',#10098,1.);
#10098 = DIRECTION('',(0.,-1.));
#10099 = ( GEOMETRIC_REPRESENTATION_CONTEXT(2) 
PARAMETRIC_REPRESENTATION_CONTEXT() REPRESENTATION_CONTEXT('2D SPACE',''
  ) );
#10100 = PCURVE('',#10101,#10106);
#10101 = PLANE('',#10102);
#10102 = AXIS2_PLACEMENT_3D('',#10103,#10104,#10105);
#10103 = CARTESIAN_POINT('',(-1.,-0.625,1.25));
#10104 = DIRECTION('',(0.,0.,1.));
#10105 = DIRECTION('',(1.,0.,-0.));
#10106 = DEFINITIONAL_REPRESENTATION('',(#10107),#10111);
#10107 = LINE('',#10108,#10109);
#10108 = CARTESIAN_POINT('',(0.,0.));
#10109 = VECTOR('',#10110,1.);
#10110 = DIRECTION('',(0.,1.));
#10111 = ( GEOMETRIC_REPRESENTATION_CONTEXT(2) 
PARAMETRIC_REPRESENTATION_CONTEXT() REPRESENTATION_CONTEXT('2D SPACE',''
  ) );
#10112 = ADVANCED_FACE('',(#10113),#10127,.T.);
#10113 = FACE_BOUND('',#10114,.T.);
#10114 = EDGE_LOOP('',(#10115,#10145,#10168,#10191));
#10115 = ORIENTED_EDGE('',*,*,#10116,.F.);
#10116 = EDGE_CURVE('',#10117,#10119,#10121,.T.);
#10117 = VERTEX_POINT('',#10118);
#10118 = CARTESIAN_POINT('',(1.,-0.625,0.));
#10119 = VERTEX_POINT('',#10120);
#10120 = CARTESIAN_POINT('',(1.,-0.625,1.25));
#10121 = SURFACE_CURVE('',#10122,(#10126,#10138),.PCURVE_S1.);
#10122 = LINE('',#10123,#10124);
#10123 = CARTESIAN_POINT('',(1.,-0.625,0.));
#10124 = VECTOR('',#10125,1.);
#10125 = DIRECTION('',(0.,0.,1.));
#10126 = PCURVE('',#10127,#10132);
#10127 = PLANE('',#10128);
#10128 = AXIS2_PLACEMENT_3D('',#10129,#10130,#10131);
#10129 = CARTESIAN_POINT('',(1.,-0.625,0.));
#10130 = DIRECTION('',(1.,0.,0.));
#10131 = DIRECTION('',(0.,0.,1.));
#10132 = DEFINITIONAL_REPRESENTATION('',(#10133),#10137);
#10133 = LINE('',#10134,#10135);
#10134 = CARTESIAN_POINT('',(0.,0.));
#10135 = VECTOR('',#10136,1.);
#10136 = DIRECTION('',(1.,0.));
#10137 = ( GEOMETRIC_REPRESENTATION_CONTEXT(2) 
PARAMETRIC_REPRESENTATION_CONTEXT() REPRESENTATION_CONTEXT('2D SPACE',''
  ) );
#10138 = PCURVE('',#10019,#10139);
#10139 = DEFINITIONAL_REPRESENTATION('',(#10140),#10144);
#10140 = LINE('',#10141,#10142);
#10141 = CARTESIAN_POINT('',(0.,2.));
#10142 = VECTOR('',#10143,1.);
#10143 = DIRECTION('',(1.,0.));
#10144 = ( GEOMETRIC_REPRESENTATION_CONTEXT(2) 
PARAMETRIC_REPRESENTATION_CONTEXT() REPRESENTATION_CONTEXT('2D SPACE',''
  ) );
#10145 = ORIENTED_EDGE('',*,*,#10146,.T.);
#10146 = EDGE_CURVE('',#10117,#10147,#10149,.T.);
#10147 = VERTEX_POINT('',#10148);
#10148 = CARTESIAN_POINT('',(1.,0.625,0.));
#10149 = SURFACE_CURVE('',#10150,(#10154,#10161),.PCURVE_S1.);
#10150 = LINE('',#10151,#10152);
#10151 = CARTESIAN_POINT('',(1.,-0.625,0.));
#10152 = VECTOR('',#10153,1.);
#10153 = DIRECTION('',(0.,1.,0.));
#10154 = PCURVE('',#10127,#10155);
#10155 = DEFINITIONAL_REPRESENTATION('',(#10156),#10160);
#10156 = LINE('',#10157,#10158);
#10157 = CARTESIAN_POINT('',(0.,0.));
#10158 = VECTOR('',#10159,1.);
#10159 = DIRECTION('',(0.,-1.));
#10160 = ( GEOMETRIC_REPRESENTATION_CONTEXT(2) 
PARAMETRIC_REPRESENTATION_CONTEXT() REPRESENTATION_CONTEXT('2D SPACE',''
  ) );
#10161 = PCURVE('',#10047,#10162);
#10162 = DEFINITIONAL_REPRESENTATION('',(#10163),#10167);
#10163 = LINE('',#10164,#10165);
#10164 = CARTESIAN_POINT('',(2.,0.));
#10165 = VECTOR('',#10166,1.);
#10166 = DIRECTION('',(0.,1.));
#10167 = ( GEOMETRIC_REPRESENTATION_CONTEXT(2) 
PARAMETRIC_REPRESENTATION_CONTEXT() REPRESENTATION_CONTEXT('2D SPACE',''
  ) );
#10168 = ORIENTED_EDGE('',*,*,#10169,.T.);
#10169 = EDGE_CURVE('',#10147,#10170,#10172,.T.);
#10170 = VERTEX_POINT('',#10171);
#10171 = CARTESIAN_POINT('',(1.,0.625,1.25));
#10172 = SURFACE_CURVE('',#10173,(#10177,#10184),.PCURVE_S1.);
#10173 = LINE('',#10174,#10175);
#10174 = CARTESIAN_POINT('',(1.,0.625,0.));
#10175 = VECTOR('',#10176,1.);
#10176 = DIRECTION('',(0.,0.,1.));
#10177 = PCURVE('',#10127,#10178);
#10178 = DEFINITIONAL_REPRESENTATION('',(#10179),#10183);
#10179 = LINE('',#10180,#10181);
#10180 = CARTESIAN_POINT('',(0.,-1.25));
#10181 = VECTOR('',#10182,1.);
#10182 = DIRECTION('',(1.,0.));
#10183 = ( GEOMETRIC_REPRESENTATION_CONTEXT(2) 
PARAMETRIC_REPRESENTATION_CONTEXT() REPRESENTATION_CONTEXT('2D SPACE',''
  ) );
#10184 = PCURVE('',#10075,#10185);
#10185 = DEFINITIONAL_REPRESENTATION('',(#10186),#10190);
#10186 = LINE('',#10187,#10188);
#10187 = CARTESIAN_POINT('',(0.,2.));
#10188 = VECTOR('',#10189,1.);
#10189 = DIRECTION('',(1.,0.));
#10190 = ( GEOMETRIC_REPRESENTATION_CONTEXT(2) 
PARAMETRIC_REPRESENTATION_CONTEXT() REPRESENTATION_CONTEXT('2D SPACE',''
  ) );
#10191 = ORIENTED_EDGE('',*,*,#10192,.F.);
#10192 = EDGE_CURVE('',#10119,#10170,#10193,.T.);
#10193 = SURFACE_CURVE('',#10194,(#10198,#10205),.PCURVE_S1.);
#10194 = LINE('',#10195,#10196);
#10195 = CARTESIAN_POINT('',(1.,-0.625,1.25));
#10196 = VECTOR('',#10197,1.);
#10197 = DIRECTION('',(0.,1.,0.));
#10198 = PCURVE('',#10127,#10199);
#10199 = DEFINITIONAL_REPRESENTATION('',(#10200),#10204);
#10200 = LINE('',#10201,#10202);
#10201 = CARTESIAN_POINT('',(1.25,0.));
#10202 = VECTOR('',#10203,1.);
#10203 = DIRECTION('',(0.,-1.));
#10204 = ( GEOMETRIC_REPRESENTATION_CONTEXT(2) 
PARAMETRIC_REPRESENTATION_CONTEXT() REPRESENTATION_CONTEXT('2D SPACE',''
  ) );
#10205 = PCURVE('',#10101,#10206);
#10206 = DEFINITIONAL_REPRESENTATION('',(#10207),#10211);
#10207 = LINE('',#10208,#10209);
#10208 = CARTESIAN_POINT('',(2.,0.));
#10209 = VECTOR('',#10210,1.);
#10210 = DIRECTION('',(0.,1.));
#10211 = ( GEOMETRIC_REPRESENTATION_CONTEXT(2) 
PARAMETRIC_REPRESENTATION_CONTEXT() REPRESENTATION_CONTEXT('2D SPACE',''
  ) );
#10212 = ADVANCED_FACE('',(#10213),#10019,.F.);
#10213 = FACE_BOUND('',#10214,.F.);
#10214 = EDGE_LOOP('',(#10215,#10236,#10237,#10258));
#10215 = ORIENTED_EDGE('',*,*,#10216,.F.);
#10216 = EDGE_CURVE('',#9997,#10117,#10217,.T.);
#10217 = SURFACE_CURVE('',#10218,(#10222,#10229),.PCURVE_S1.);
#10218 = LINE('',#10219,#10220);
#10219 = CARTESIAN_POINT('',(-1.,-0.625,0.));
#10220 = VECTOR('',#10221,1.);
#10221 = DIRECTION('',(1.,0.,0.));
#10222 = PCURVE('',#10019,#10223);
#10223 = DEFINITIONAL_REPRESENTATION('',(#10224),#10228);
#10224 = LINE('',#10225,#10226);
#10225 = CARTESIAN_POINT('',(0.,0.));
#10226 = VECTOR('',#10227,1.);
#10227 = DIRECTION('',(0.,1.));
#10228 = ( GEOMETRIC_REPRESENTATION_CONTEXT(2) 
PARAMETRIC_REPRESENTATION_CONTEXT() REPRESENTATION_CONTEXT('2D SPACE',''
  ) );
#10229 = PCURVE('',#10047,#10230);
#10230 = DEFINITIONAL_REPRESENTATION('',(#10231),#10235);
#10231 = LINE('',#10232,#10233);
#10232 = CARTESIAN_POINT('',(0.,0.));
#10233 = VECTOR('',#10234,1.);
#10234 = DIRECTION('',(1.,0.));
#10235 = ( GEOMETRIC_REPRESENTATION_CONTEXT(2) 
PARAMETRIC_REPRESENTATION_CONTEXT() REPRESENTATION_CONTEXT('2D SPACE',''
  ) );
#10236 = ORIENTED_EDGE('',*,*,#9996,.T.);
#10237 = ORIENTED_EDGE('',*,*,#10238,.T.);
#10238 = EDGE_CURVE('',#9999,#10119,#10239,.T.);
#10239 = SURFACE_CURVE('',#10240,(#10244,#10251),.PCURVE_S1.);
#10240 = LINE('',#10241,#10242);
#10241 = CARTESIAN_POINT('',(-1.,-0.625,1.25));
#10242 = VECTOR('',#10243,1.);
#10243 = DIRECTION('',(1.,0.,0.));
#10244 = PCURVE('',#10019,#10245);
#10245 = DEFINITIONAL_REPRESENTATION('',(#10246),#10250);
#10246 = LINE('',#10247,#10248);
#10247 = CARTESIAN_POINT('',(1.25,0.));
#10248 = VECTOR('',#10249,1.);
#10249 = DIRECTION('',(0.,1.));
#10250 = ( GEOMETRIC_REPRESENTATION_CONTEXT(2) 
PARAMETRIC_REPRESENTATION_CONTEXT() REPRESENTATION_CONTEXT('2D SPACE',''
  ) );
#10251 = PCURVE('',#10101,#10252);
#10252 = DEFINITIONAL_REPRESENTATION('',(#10253),#10257);
#10253 = LINE('',#10254,#10255);
#10254 = CARTESIAN_POINT('',(0.,0.));
#10255 = VECTOR('',#10256,1.);
#10256 = DIRECTION('',(1.,0.));
#10257 = ( GEOMETRIC_REPRESENTATION_CONTEXT(2) 
PARAMETRIC_REPRESENTATION_CONTEXT() REPRESENTATION_CONTEXT('2D SPACE',''
  ) );
#10258 = ORIENTED_EDGE('',*,*,#10116,.F.);
#10259 = ADVANCED_FACE('',(#10260),#10075,.T.);
#10260 = FACE_BOUND('',#10261,.T.);
#10261 = EDGE_LOOP('',(#10262,#10283,#10284,#10305));
#10262 = ORIENTED_EDGE('',*,*,#10263,.F.);
#10263 = EDGE_CURVE('',#10032,#10147,#10264,.T.);
#10264 = SURFACE_CURVE('',#10265,(#10269,#10276),.PCURVE_S1.);
#10265 = LINE('',#10266,#10267);
#10266 = CARTESIAN_POINT('',(-1.,0.625,0.));
#10267 = VECTOR('',#10268,1.);
#10268 = DIRECTION('',(1.,0.,0.));
#10269 = PCURVE('',#10075,#10270);
#10270 = DEFINITIONAL_REPRESENTATION('',(#10271),#10275);
#10271 = LINE('',#10272,#10273);
#10272 = CARTESIAN_POINT('',(0.,0.));
#10273 = VECTOR('',#10274,1.);
#10274 = DIRECTION('',(0.,1.));
#10275 = ( GEOMETRIC_REPRESENTATION_CONTEXT(2) 
PARAMETRIC_REPRESENTATION_CONTEXT() REPRESENTATION_CONTEXT('2D SPACE',''
  ) );
#10276 = PCURVE('',#10047,#10277);
#10277 = DEFINITIONAL_REPRESENTATION('',(#10278),#10282);
#10278 = LINE('',#10279,#10280);
#10279 = CARTESIAN_POINT('',(0.,1.25));
#10280 = VECTOR('',#10281,1.);
#10281 = DIRECTION('',(1.,0.));
#10282 = ( GEOMETRIC_REPRESENTATION_CONTEXT(2) 
PARAMETRIC_REPRESENTATION_CONTEXT() REPRESENTATION_CONTEXT('2D SPACE',''
  ) );
#10283 = ORIENTED_EDGE('',*,*,#10059,.T.);
#10284 = ORIENTED_EDGE('',*,*,#10285,.T.);
#10285 = EDGE_CURVE('',#10060,#10170,#10286,.T.);
#10286 = SURFACE_CURVE('',#10287,(#10291,#10298),.PCURVE_S1.);
#10287 = LINE('',#10288,#10289);
#10288 = CARTESIAN_POINT('',(-1.,0.625,1.25));
#10289 = VECTOR('',#10290,1.);
#10290 = DIRECTION('',(1.,0.,0.));
#10291 = PCURVE('',#10075,#10292);
#10292 = DEFINITIONAL_REPRESENTATION('',(#10293),#10297);
#10293 = LINE('',#10294,#10295);
#10294 = CARTESIAN_POINT('',(1.25,0.));
#10295 = VECTOR('',#10296,1.);
#10296 = DIRECTION('',(0.,1.));
#10297 = ( GEOMETRIC_REPRESENTATION_CONTEXT(2) 
PARAMETRIC_REPRESENTATION_CONTEXT() REPRESENTATION_CONTEXT('2D SPACE',''
  ) );
#10298 = PCURVE('',#10101,#10299);
#10299 = DEFINITIONAL_REPRESENTATION('',(#10300),#10304);
#10300 = LINE('',#10301,#10302);
#10301 = CARTESIAN_POINT('',(0.,1.25));
#10302 = VECTOR('',#10303,1.);
#10303 = DIRECTION('',(1.,0.));
#10304 = ( GEOMETRIC_REPRESENTATION_CONTEXT(2) 
PARAMETRIC_REPRESENTATION_CONTEXT() REPRESENTATION_CONTEXT('2D SPACE',''
  ) );
#10305 = ORIENTED_EDGE('',*,*,#10169,.F.);
#10306 = ADVANCED_FACE('',(#10307),#10047,.F.);
#10307 = FACE_BOUND('',#10308,.F.);
#10308 = EDGE_LOOP('',(#10309,#10310,#10311,#10312));
#10309 = ORIENTED_EDGE('',*,*,#10031,.F.);
#10310 = ORIENTED_EDGE('',*,*,#10216,.T.);
#10311 = ORIENTED_EDGE('',*,*,#10146,.T.);
#10312 = ORIENTED_EDGE('',*,*,#10263,.F.);
#10313 = ADVANCED_FACE('',(#10314),#10101,.T.);
#10314 = FACE_BOUND('',#10315,.T.);
#10315 = EDGE_LOOP('',(#10316,#10317,#10318,#10319));
#10316 = ORIENTED_EDGE('',*,*,#10087,.F.);
#10317 = ORIENTED_EDGE('',*,*,#10238,.T.);
#10318 = ORIENTED_EDGE('',*,*,#10192,.T.);
#10319 = ORIENTED_EDGE('',*,*,#10285,.F.);
#10320 = ( GEOMETRIC_REPRESENTATION_CONTEXT(3) 
GLOBAL_UNCERTAINTY_ASSIGNED_CONTEXT((#10324)) 
GLOBAL_UNIT_ASSIGNED_CONTEXT((#10321,#10322,#10323)) 
REPRESENTATION_CONTEXT('Context #1',
  '3D Context with UNIT and UNCERTAINTY') );
#10321 = ( LENGTH_UNIT() NAMED_UNIT(*) SI_UNIT(.MILLI.,.METRE.) );
#10322 = ( NAMED_UNIT(*) PLANE_ANGLE_UNIT() SI_UNIT($,.RADIAN.) );
#10323 = ( NAMED_UNIT(*) SI_UNIT($,.STERADIAN.) SOLID_ANGLE_UNIT() );
#10324 = UNCERTAINTY_MEASURE_WITH_UNIT(LENGTH_MEASURE(1.E-07),#10321,
  'distance_accuracy_value','confusion accuracy');
#10325 = CONTEXT_DEPENDENT_SHAPE_REPRESENTATION(#10326,#10328);
#10326 = ( REPRESENTATION_RELATIONSHIP('','',#9989,#10) 
REPRESENTATION_RELATIONSHIP_WITH_TRANSFORMATION(#10327) 
SHAPE_REPRESENTATION_RELATIONSHIP() );
#10327 = ITEM_DEFINED_TRANSFORMATION('','',#11,#19);
#10328 = PRODUCT_DEFINITION_SHAPE('Placement','Placement of an item',
  #10329);
#10329 = NEXT_ASSEMBLY_USAGE_OCCURRENCE('13','C1','',#5,#9984,$);
#10330 = PRODUCT_RELATED_PRODUCT_CATEGORY('part',$,(#9986));
#10331 = CONTEXT_DEPENDENT_SHAPE_REPRESENTATION(#10332,#10334);
#10332 = ( REPRESENTATION_RELATIONSHIP('','',#9989,#10) 
REPRESENTATION_RELATIONSHIP_WITH_TRANSFORMATION(#10333) 
SHAPE_REPRESENTATION_RELATIONSHIP() );
#10333 = ITEM_DEFINED_TRANSFORMATION('','',#11,#23);
#10334 = PRODUCT_DEFINITION_SHAPE('Placement','Placement of an item',
  #10335);
#10335 = NEXT_ASSEMBLY_USAGE_OCCURRENCE('14','C10','',#5,#9984,$);
#10336 = CONTEXT_DEPENDENT_SHAPE_REPRESENTATION(#10337,#10339);
#10337 = ( REPRESENTATION_RELATIONSHIP('','',#9989,#10) 
REPRESENTATION_RELATIONSHIP_WITH_TRANSFORMATION(#10338) 
SHAPE_REPRESENTATION_RELATIONSHIP() );
#10338 = ITEM_DEFINED_TRANSFORMATION('','',#11,#27);
#10339 = PRODUCT_DEFINITION_SHAPE('Placement','Placement of an item',
  #10340);
#10340 = NEXT_ASSEMBLY_USAGE_OCCURRENCE('15','C11','',#5,#9984,$);
#10341 = CONTEXT_DEPENDENT_SHAPE_REPRESENTATION(#10342,#10344);
#10342 = ( REPRESENTATION_RELATIONSHIP('','',#9989,#10) 
REPRESENTATION_RELATIONSHIP_WITH_TRANSFORMATION(#10343) 
SHAPE_REPRESENTATION_RELATIONSHIP() );
#10343 = ITEM_DEFINED_TRANSFORMATION('','',#11,#31);
#10344 = PRODUCT_DEFINITION_SHAPE('Placement','Placement of an item',
  #10345);
#10345 = NEXT_ASSEMBLY_USAGE_OCCURRENCE('16','C12','',#5,#9984,$);
#10346 = CONTEXT_DEPENDENT_SHAPE_REPRESENTATION(#10347,#10349);
#10347 = ( REPRESENTATION_RELATIONSHIP('','',#9989,#10) 
REPRESENTATION_RELATIONSHIP_WITH_TRANSFORMATION(#10348) 
SHAPE_REPRESENTATION_RELATIONSHIP() );
#10348 = ITEM_DEFINED_TRANSFORMATION('','',#11,#35);
#10349 = PRODUCT_DEFINITION_SHAPE('Placement','Placement of an item',
  #10350);
#10350 = NEXT_ASSEMBLY_USAGE_OCCURRENCE('17','C13','',#5,#9984,$);
#10351 = CONTEXT_DEPENDENT_SHAPE_REPRESENTATION(#10352,#10354);
#10352 = ( REPRESENTATION_RELATIONSHIP('','',#9989,#10) 
REPRESENTATION_RELATIONSHIP_WITH_TRANSFORMATION(#10353) 
SHAPE_REPRESENTATION_RELATIONSHIP() );
#10353 = ITEM_DEFINED_TRANSFORMATION('','',#11,#39);
#10354 = PRODUCT_DEFINITION_SHAPE('Placement','Placement of an item',
  #10355);
#10355 = NEXT_ASSEMBLY_USAGE_OCCURRENCE('18','C14','',#5,#9984,$);
#10356 = CONTEXT_DEPENDENT_SHAPE_REPRESENTATION(#10357,#10359);
#10357 = ( REPRESENTATION_RELATIONSHIP('','',#9989,#10) 
REPRESENTATION_RELATIONSHIP_WITH_TRANSFORMATION(#10358) 
SHAPE_REPRESENTATION_RELATIONSHIP() );
#10358 = ITEM_DEFINED_TRANSFORMATION('','',#11,#43);
#10359 = PRODUCT_DEFINITION_SHAPE('Placement','Placement of an item',
  #10360);
#10360 = NEXT_ASSEMBLY_USAGE_OCCURRENCE('19','C15','',#5,#9984,$);
#10361 = CONTEXT_DEPENDENT_SHAPE_REPRESENTATION(#10362,#10364);
#10362 = ( REPRESENTATION_RELATIONSHIP('','',#9989,#10) 
REPRESENTATION_RELATIONSHIP_WITH_TRANSFORMATION(#10363) 
SHAPE_REPRESENTATION_RELATIONSHIP() );
#10363 = ITEM_DEFINED_TRANSFORMATION('','',#11,#47);
#10364 = PRODUCT_DEFINITION_SHAPE('Placement','Placement of an item',
  #10365);
#10365 = NEXT_ASSEMBLY_USAGE_OCCURRENCE('20','C16','',#5,#9984,$);
#10366 = CONTEXT_DEPENDENT_SHAPE_REPRESENTATION(#10367,#10369);
#10367 = ( REPRESENTATION_RELATIONSHIP('','',#9989,#10) 
REPRESENTATION_RELATIONSHIP_WITH_TRANSFORMATION(#10368) 
SHAPE_REPRESENTATION_RELATIONSHIP() );
#10368 = ITEM_DEFINED_TRANSFORMATION('','',#11,#51);
#10369 = PRODUCT_DEFINITION_SHAPE('Placement','Placement of an item',
  #10370);
#10370 = NEXT_ASSEMBLY_USAGE_OCCURRENCE('21','C17','',#5,#9984,$);
#10371 = CONTEXT_DEPENDENT_SHAPE_REPRESENTATION(#10372,#10374);
#10372 = ( REPRESENTATION_RELATIONSHIP('','',#9989,#10) 
REPRESENTATION_RELATIONSHIP_WITH_TRANSFORMATION(#10373) 
SHAPE_REPRESENTATION_RELATIONSHIP() );
#10373 = ITEM_DEFINED_TRANSFORMATION('','',#11,#55);
#10374 = PRODUCT_DEFINITION_SHAPE('Placement','Placement of an item',
  #10375);
#10375 = NEXT_ASSEMBLY_USAGE_OCCURRENCE('22','C18','',#5,#9984,$);
#10376 = SHAPE_DEFINITION_REPRESENTATION(#10377,#10383);
#10377 = PRODUCT_DEFINITION_SHAPE('','',#10378);
#10378 = PRODUCT_DEFINITION('design','',#10379,#10382);
#10379 = PRODUCT_DEFINITION_FORMATION('','',#10380);
#10380 = PRODUCT('C19','C19','',(#10381));
#10381 = PRODUCT_CONTEXT('',#2,'mechanical');
#10382 = PRODUCT_DEFINITION_CONTEXT('part definition',#2,'design');
#10383 = ADVANCED_BREP_SHAPE_REPRESENTATION('',(#11,#10384),#10482);
#10384 = MANIFOLD_SOLID_BREP('',#10385);
#10385 = CLOSED_SHELL('',(#10386,#10474,#10478));
#10386 = ADVANCED_FACE('',(#10387),#10400,.T.);
#10387 = FACE_BOUND('',#10388,.T.);
#10388 = EDGE_LOOP('',(#10389,#10423,#10446,#10473));
#10389 = ORIENTED_EDGE('',*,*,#10390,.T.);
#10390 = EDGE_CURVE('',#10391,#10391,#10393,.T.);
#10391 = VERTEX_POINT('',#10392);
#10392 = CARTESIAN_POINT('',(3.15,0.,0.));
#10393 = SURFACE_CURVE('',#10394,(#10399,#10411),.PCURVE_S1.);
#10394 = CIRCLE('',#10395,3.15);
#10395 = AXIS2_PLACEMENT_3D('',#10396,#10397,#10398);
#10396 = CARTESIAN_POINT('',(0.,0.,0.));
#10397 = DIRECTION('',(0.,0.,1.));
#10398 = DIRECTION('',(1.,0.,-0.));
#10399 = PCURVE('',#10400,#10405);
#10400 = CYLINDRICAL_SURFACE('',#10401,3.15);
#10401 = AXIS2_PLACEMENT_3D('',#10402,#10403,#10404);
#10402 = CARTESIAN_POINT('',(0.,0.,0.));
#10403 = DIRECTION('',(-0.,-0.,-1.));
#10404 = DIRECTION('',(1.,0.,0.));
#10405 = DEFINITIONAL_REPRESENTATION('',(#10406),#10410);
#10406 = LINE('',#10407,#10408);
#10407 = CARTESIAN_POINT('',(6.28318530718,0.));
#10408 = VECTOR('',#10409,1.);
#10409 = DIRECTION('',(-1.,0.));
#10410 = ( GEOMETRIC_REPRESENTATION_CONTEXT(2) 
PARAMETRIC_REPRESENTATION_CONTEXT() REPRESENTATION_CONTEXT('2D SPACE',''
  ) );
#10411 = PCURVE('',#10412,#10417);
#10412 = PLANE('',#10413);
#10413 = AXIS2_PLACEMENT_3D('',#10414,#10415,#10416);
#10414 = CARTESIAN_POINT('',(-2.17053989292E-16,8.84660753815E-17,0.));
#10415 = DIRECTION('',(0.,0.,1.));
#10416 = DIRECTION('',(1.,0.,-0.));
#10417 = DEFINITIONAL_REPRESENTATION('',(#10418),#10422);
#10418 = CIRCLE('',#10419,3.15);
#10419 = AXIS2_PLACEMENT_2D('',#10420,#10421);
#10420 = CARTESIAN_POINT('',(2.17053989292E-16,-8.84660753815E-17));
#10421 = DIRECTION('',(1.,0.));
#10422 = ( GEOMETRIC_REPRESENTATION_CONTEXT(2) 
PARAMETRIC_REPRESENTATION_CONTEXT() REPRESENTATION_CONTEXT('2D SPACE',''
  ) );
#10423 = ORIENTED_EDGE('',*,*,#10424,.T.);
#10424 = EDGE_CURVE('',#10391,#10425,#10427,.T.);
#10425 = VERTEX_POINT('',#10426);
#10426 = CARTESIAN_POINT('',(3.15,0.,11.));
#10427 = SEAM_CURVE('',#10428,(#10432,#10439),.PCURVE_S1.);
#10428 = LINE('',#10429,#10430);
#10429 = CARTESIAN_POINT('',(3.15,0.,0.));
#10430 = VECTOR('',#10431,1.);
#10431 = DIRECTION('',(0.,0.,1.));
#10432 = PCURVE('',#10400,#10433);
#10433 = DEFINITIONAL_REPRESENTATION('',(#10434),#10438);
#10434 = LINE('',#10435,#10436);
#10435 = CARTESIAN_POINT('',(-4.138911435803E-13,0.));
#10436 = VECTOR('',#10437,1.);
#10437 = DIRECTION('',(-0.,-1.));
#10438 = ( GEOMETRIC_REPRESENTATION_CONTEXT(2) 
PARAMETRIC_REPRESENTATION_CONTEXT() REPRESENTATION_CONTEXT('2D SPACE',''
  ) );
#10439 = PCURVE('',#10400,#10440);
#10440 = DEFINITIONAL_REPRESENTATION('',(#10441),#10445);
#10441 = LINE('',#10442,#10443);
#10442 = CARTESIAN_POINT('',(6.28318530718,0.));
#10443 = VECTOR('',#10444,1.);
#10444 = DIRECTION('',(-0.,-1.));
#10445 = ( GEOMETRIC_REPRESENTATION_CONTEXT(2) 
PARAMETRIC_REPRESENTATION_CONTEXT() REPRESENTATION_CONTEXT('2D SPACE',''
  ) );
#10446 = ORIENTED_EDGE('',*,*,#10447,.F.);
#10447 = EDGE_CURVE('',#10425,#10425,#10448,.T.);
#10448 = SURFACE_CURVE('',#10449,(#10454,#10461),.PCURVE_S1.);
#10449 = CIRCLE('',#10450,3.15);
#10450 = AXIS2_PLACEMENT_3D('',#10451,#10452,#10453);
#10451 = CARTESIAN_POINT('',(0.,0.,11.));
#10452 = DIRECTION('',(0.,0.,1.));
#10453 = DIRECTION('',(1.,0.,-0.));
#10454 = PCURVE('',#10400,#10455);
#10455 = DEFINITIONAL_REPRESENTATION('',(#10456),#10460);
#10456 = LINE('',#10457,#10458);
#10457 = CARTESIAN_POINT('',(6.28318530718,-11.));
#10458 = VECTOR('',#10459,1.);
#10459 = DIRECTION('',(-1.,0.));
#10460 = ( GEOMETRIC_REPRESENTATION_CONTEXT(2) 
PARAMETRIC_REPRESENTATION_CONTEXT() REPRESENTATION_CONTEXT('2D SPACE',''
  ) );
#10461 = PCURVE('',#10462,#10467);
#10462 = PLANE('',#10463);
#10463 = AXIS2_PLACEMENT_3D('',#10464,#10465,#10466);
#10464 = CARTESIAN_POINT('',(-2.17053989292E-16,8.84660753815E-17,11.));
#10465 = DIRECTION('',(0.,0.,1.));
#10466 = DIRECTION('',(1.,0.,-0.));
#10467 = DEFINITIONAL_REPRESENTATION('',(#10468),#10472);
#10468 = CIRCLE('',#10469,3.15);
#10469 = AXIS2_PLACEMENT_2D('',#10470,#10471);
#10470 = CARTESIAN_POINT('',(2.17053989292E-16,-8.84660753815E-17));
#10471 = DIRECTION('',(1.,0.));
#10472 = ( GEOMETRIC_REPRESENTATION_CONTEXT(2) 
PARAMETRIC_REPRESENTATION_CONTEXT() REPRESENTATION_CONTEXT('2D SPACE',''
  ) );
#10473 = ORIENTED_EDGE('',*,*,#10424,.F.);
#10474 = ADVANCED_FACE('',(#10475),#10412,.F.);
#10475 = FACE_BOUND('',#10476,.F.);
#10476 = EDGE_LOOP('',(#10477));
#10477 = ORIENTED_EDGE('',*,*,#10390,.T.);
#10478 = ADVANCED_FACE('',(#10479),#10462,.T.);
#10479 = FACE_BOUND('',#10480,.T.);
#10480 = EDGE_LOOP('',(#10481));
#10481 = ORIENTED_EDGE('',*,*,#10447,.T.);
#10482 = ( GEOMETRIC_REPRESENTATION_CONTEXT(3) 
GLOBAL_UNCERTAINTY_ASSIGNED_CONTEXT((#10486)) 
GLOBAL_UNIT_ASSIGNED_CONTEXT((#10483,#10484,#10485)) 
REPRESENTATION_CONTEXT('Context #1',
  '3D Context with UNIT and UNCERTAINTY') );
#10483 = ( LENGTH_UNIT() NAMED_UNIT(*) SI_UNIT(.MILLI.,.METRE.) );
#10484 = ( NAMED_UNIT(*) PLANE_ANGLE_UNIT() SI_UNIT($,.RADIAN.) );
#10485 = ( NAMED_UNIT(*) SI_UNIT($,.STERADIAN.) SOLID_ANGLE_UNIT() );
#10486 = UNCERTAINTY_MEASURE_WITH_UNIT(LENGTH_MEASURE(1.E-07),#10483,
  'distance_accuracy_value','confusion accuracy');
#10487 = CONTEXT_DEPENDENT_SHAPE_REPRESENTATION(#10488,#10490);
#10488 = ( REPRESENTATION_RELATIONSHIP('','',#10383,#10) 
REPRESENTATION_RELATIONSHIP_WITH_TRANSFORMATION(#10489) 
SHAPE_REPRESENTATION_RELATIONSHIP() );
#10489 = ITEM_DEFINED_TRANSFORMATION('','',#11,#59);
#10490 = PRODUCT_DEFINITION_SHAPE('Placement','Placement of an item',
  #10491);
#10491 = NEXT_ASSEMBLY_USAGE_OCCURRENCE('23','C19','',#5,#10378,$);
#10492 = PRODUCT_RELATED_PRODUCT_CATEGORY('part',$,(#10380));
#10493 = CONTEXT_DEPENDENT_SHAPE_REPRESENTATION(#10494,#10496);
#10494 = ( REPRESENTATION_RELATIONSHIP('','',#9989,#10) 
REPRESENTATION_RELATIONSHIP_WITH_TRANSFORMATION(#10495) 
SHAPE_REPRESENTATION_RELATIONSHIP() );
#10495 = ITEM_DEFINED_TRANSFORMATION('','',#11,#63);
#10496 = PRODUCT_DEFINITION_SHAPE('Placement','Placement of an item',
  #10497);
#10497 = NEXT_ASSEMBLY_USAGE_OCCURRENCE('24','C2','',#5,#9984,$);
#10498 = CONTEXT_DEPENDENT_SHAPE_REPRESENTATION(#10499,#10501);
#10499 = ( REPRESENTATION_RELATIONSHIP('','',#9989,#10) 
REPRESENTATION_RELATIONSHIP_WITH_TRANSFORMATION(#10500) 
SHAPE_REPRESENTATION_RELATIONSHIP() );
#10500 = ITEM_DEFINED_TRANSFORMATION('','',#11,#67);
#10501 = PRODUCT_DEFINITION_SHAPE('Placement','Placement of an item',
  #10502);
#10502 = NEXT_ASSEMBLY_USAGE_OCCURRENCE('25','C20','',#5,#9984,$);
#10503 = CONTEXT_DEPENDENT_SHAPE_REPRESENTATION(#10504,#10506);
#10504 = ( REPRESENTATION_RELATIONSHIP('','',#9989,#10) 
REPRESENTATION_RELATIONSHIP_WITH_TRANSFORMATION(#10505) 
SHAPE_REPRESENTATION_RELATIONSHIP() );
#10505 = ITEM_DEFINED_TRANSFORMATION('','',#11,#71);
#10506 = PRODUCT_DEFINITION_SHAPE('Placement','Placement of an item',
  #10507);
#10507 = NEXT_ASSEMBLY_USAGE_OCCURRENCE('26','C21','',#5,#9984,$);
#10508 = CONTEXT_DEPENDENT_SHAPE_REPRESENTATION(#10509,#10511);
#10509 = ( REPRESENTATION_RELATIONSHIP('','',#9989,#10) 
REPRESENTATION_RELATIONSHIP_WITH_TRANSFORMATION(#10510) 
SHAPE_REPRESENTATION_RELATIONSHIP() );
#10510 = ITEM_DEFINED_TRANSFORMATION('','',#11,#75);
#10511 = PRODUCT_DEFINITION_SHAPE('Placement','Placement of an item',
  #10512);
#10512 = NEXT_ASSEMBLY_USAGE_OCCURRENCE('27','C22','',#5,#9984,$);
#10513 = CONTEXT_DEPENDENT_SHAPE_REPRESENTATION(#10514,#10516);
#10514 = ( REPRESENTATION_RELATIONSHIP('','',#9989,#10) 
REPRESENTATION_RELATIONSHIP_WITH_TRANSFORMATION(#10515) 
SHAPE_REPRESENTATION_RELATIONSHIP() );
#10515 = ITEM_DEFINED_TRANSFORMATION('','',#11,#79);
#10516 = PRODUCT_DEFINITION_SHAPE('Placement','Placement of an item',
  #10517);
#10517 = NEXT_ASSEMBLY_USAGE_OCCURRENCE('28','C23','',#5,#9984,$);
#10518 = CONTEXT_DEPENDENT_SHAPE_REPRESENTATION(#10519,#10521);
#10519 = ( REPRESENTATION_RELATIONSHIP('','',#9989,#10) 
REPRESENTATION_RELATIONSHIP_WITH_TRANSFORMATION(#10520) 
SHAPE_REPRESENTATION_RELATIONSHIP() );
#10520 = ITEM_DEFINED_TRANSFORMATION('','',#11,#83);
#10521 = PRODUCT_DEFINITION_SHAPE('Placement','Placement of an item',
  #10522);
#10522 = NEXT_ASSEMBLY_USAGE_OCCURRENCE('29','C24','',#5,#9984,$);
#10523 = CONTEXT_DEPENDENT_SHAPE_REPRESENTATION(#10524,#10526);
#10524 = ( REPRESENTATION_RELATIONSHIP('','',#9989,#10) 
REPRESENTATION_RELATIONSHIP_WITH_TRANSFORMATION(#10525) 
SHAPE_REPRESENTATION_RELATIONSHIP() );
#10525 = ITEM_DEFINED_TRANSFORMATION('','',#11,#87);
#10526 = PRODUCT_DEFINITION_SHAPE('Placement','Placement of an item',
  #10527);
#10527 = NEXT_ASSEMBLY_USAGE_OCCURRENCE('30','C25','',#5,#9984,$);
#10528 = CONTEXT_DEPENDENT_SHAPE_REPRESENTATION(#10529,#10531);
#10529 = ( REPRESENTATION_RELATIONSHIP('','',#9989,#10) 
REPRESENTATION_RELATIONSHIP_WITH_TRANSFORMATION(#10530) 
SHAPE_REPRESENTATION_RELATIONSHIP() );
#10530 = ITEM_DEFINED_TRANSFORMATION('','',#11,#91);
#10531 = PRODUCT_DEFINITION_SHAPE('Placement','Placement of an item',
  #10532);
#10532 = NEXT_ASSEMBLY_USAGE_OCCURRENCE('31','C26','',#5,#9984,$);
#10533 = CONTEXT_DEPENDENT_SHAPE_REPRESENTATION(#10534,#10536);
#10534 = ( REPRESENTATION_RELATIONSHIP('','',#9989,#10) 
REPRESENTATION_RELATIONSHIP_WITH_TRANSFORMATION(#10535) 
SHAPE_REPRESENTATION_RELATIONSHIP() );
#10535 = ITEM_DEFINED_TRANSFORMATION('','',#11,#95);
#10536 = PRODUCT_DEFINITION_SHAPE('Placement','Placement of an item',
  #10537);
#10537 = NEXT_ASSEMBLY_USAGE_OCCURRENCE('32','C27','',#5,#9984,$);
#10538 = CONTEXT_DEPENDENT_SHAPE_REPRESENTATION(#10539,#10541);
#10539 = ( REPRESENTATION_RELATIONSHIP('','',#9989,#10) 
REPRESENTATION_RELATIONSHIP_WITH_TRANSFORMATION(#10540) 
SHAPE_REPRESENTATION_RELATIONSHIP() );
#10540 = ITEM_DEFINED_TRANSFORMATION('','',#11,#99);
#10541 = PRODUCT_DEFINITION_SHAPE('Placement','Placement of an item',
  #10542);
#10542 = NEXT_ASSEMBLY_USAGE_OCCURRENCE('33','C28','',#5,#9984,$);
#10543 = CONTEXT_DEPENDENT_SHAPE_REPRESENTATION(#10544,#10546);
#10544 = ( REPRESENTATION_RELATIONSHIP('','',#9989,#10) 
REPRESENTATION_RELATIONSHIP_WITH_TRANSFORMATION(#10545) 
SHAPE_REPRESENTATION_RELATIONSHIP() );
#10545 = ITEM_DEFINED_TRANSFORMATION('','',#11,#103);
#10546 = PRODUCT_DEFINITION_SHAPE('Placement','Placement of an item',
  #10547);
#10547 = NEXT_ASSEMBLY_USAGE_OCCURRENCE('34','C29','',#5,#9984,$);
#10548 = CONTEXT_DEPENDENT_SHAPE_REPRESENTATION(#10549,#10551);
#10549 = ( REPRESENTATION_RELATIONSHIP('','',#9989,#10) 
REPRESENTATION_RELATIONSHIP_WITH_TRANSFORMATION(#10550) 
SHAPE_REPRESENTATION_RELATIONSHIP() );
#10550 = ITEM_DEFINED_TRANSFORMATION('','',#11,#107);
#10551 = PRODUCT_DEFINITION_SHAPE('Placement','Placement of an item',
  #10552);
#10552 = NEXT_ASSEMBLY_USAGE_OCCURRENCE('35','C3','',#5,#9984,$);
#10553 = CONTEXT_DEPENDENT_SHAPE_REPRESENTATION(#10554,#10556);
#10554 = ( REPRESENTATION_RELATIONSHIP('','',#9989,#10) 
REPRESENTATION_RELATIONSHIP_WITH_TRANSFORMATION(#10555) 
SHAPE_REPRESENTATION_RELATIONSHIP() );
#10555 = ITEM_DEFINED_TRANSFORMATION('','',#11,#111);
#10556 = PRODUCT_DEFINITION_SHAPE('Placement','Placement of an item',
  #10557);
#10557 = NEXT_ASSEMBLY_USAGE_OCCURRENCE('36','C30','',#5,#9984,$);
#10558 = CONTEXT_DEPENDENT_SHAPE_REPRESENTATION(#10559,#10561);
#10559 = ( REPRESENTATION_RELATIONSHIP('','',#9989,#10) 
REPRESENTATION_RELATIONSHIP_WITH_TRANSFORMATION(#10560) 
SHAPE_REPRESENTATION_RELATIONSHIP() );
#10560 = ITEM_DEFINED_TRANSFORMATION('','',#11,#115);
#10561 = PRODUCT_DEFINITION_SHAPE('Placement','Placement of an item',
  #10562);
#10562 = NEXT_ASSEMBLY_USAGE_OCCURRENCE('37','C31','',#5,#9984,$);
#10563 = CONTEXT_DEPENDENT_SHAPE_REPRESENTATION(#10564,#10566);
#10564 = ( REPRESENTATION_RELATIONSHIP('','',#9989,#10) 
REPRESENTATION_RELATIONSHIP_WITH_TRANSFORMATION(#10565) 
SHAPE_REPRESENTATION_RELATIONSHIP() );
#10565 = ITEM_DEFINED_TRANSFORMATION('','',#11,#119);
#10566 = PRODUCT_DEFINITION_SHAPE('Placement','Placement of an item',
  #10567);
#10567 = NEXT_ASSEMBLY_USAGE_OCCURRENCE('38','C32','',#5,#9984,$);
#10568 = CONTEXT_DEPENDENT_SHAPE_REPRESENTATION(#10569,#10571);
#10569 = ( REPRESENTATION_RELATIONSHIP('','',#9989,#10) 
REPRESENTATION_RELATIONSHIP_WITH_TRANSFORMATION(#10570) 
SHAPE_REPRESENTATION_RELATIONSHIP() );
#10570 = ITEM_DEFINED_TRANSFORMATION('','',#11,#123);
#10571 = PRODUCT_DEFINITION_SHAPE('Placement','Placement of an item',
  #10572);
#10572 = NEXT_ASSEMBLY_USAGE_OCCURRENCE('39','C33','',#5,#9984,$);
#10573 = CONTEXT_DEPENDENT_SHAPE_REPRESENTATION(#10574,#10576);
#10574 = ( REPRESENTATION_RELATIONSHIP('','',#9989,#10) 
REPRESENTATION_RELATIONSHIP_WITH_TRANSFORMATION(#10575) 
SHAPE_REPRESENTATION_RELATIONSHIP() );
#10575 = ITEM_DEFINED_TRANSFORMATION('','',#11,#127);
#10576 = PRODUCT_DEFINITION_SHAPE('Placement','Placement of an item',
  #10577);
#10577 = NEXT_ASSEMBLY_USAGE_OCCURRENCE('40','C34','',#5,#9984,$);
#10578 = CONTEXT_DEPENDENT_SHAPE_REPRESENTATION(#10579,#10581);
#10579 = ( REPRESENTATION_RELATIONSHIP('','',#9989,#10) 
REPRESENTATION_RELATIONSHIP_WITH_TRANSFORMATION(#10580) 
SHAPE_REPRESENTATION_RELATIONSHIP() );
#10580 = ITEM_DEFINED_TRANSFORMATION('','',#11,#131);
#10581 = PRODUCT_DEFINITION_SHAPE('Placement','Placement of an item',
  #10582);
#10582 = NEXT_ASSEMBLY_USAGE_OCCURRENCE('41','C35','',#5,#9984,$);
#10583 = CONTEXT_DEPENDENT_SHAPE_REPRESENTATION(#10584,#10586);
#10584 = ( REPRESENTATION_RELATIONSHIP('','',#9989,#10) 
REPRESENTATION_RELATIONSHIP_WITH_TRANSFORMATION(#10585) 
SHAPE_REPRESENTATION_RELATIONSHIP() );
#10585 = ITEM_DEFINED_TRANSFORMATION('','',#11,#135);
#10586 = PRODUCT_DEFINITION_SHAPE('Placement','Placement of an item',
  #10587);
#10587 = NEXT_ASSEMBLY_USAGE_OCCURRENCE('42','C36','',#5,#9984,$);
#10588 = CONTEXT_DEPENDENT_SHAPE_REPRESENTATION(#10589,#10591);
#10589 = ( REPRESENTATION_RELATIONSHIP('','',#9989,#10) 
REPRESENTATION_RELATIONSHIP_WITH_TRANSFORMATION(#10590) 
SHAPE_REPRESENTATION_RELATIONSHIP() );
#10590 = ITEM_DEFINED_TRANSFORMATION('','',#11,#139);
#10591 = PRODUCT_DEFINITION_SHAPE('Placement','Placement of an item',
  #10592);
#10592 = NEXT_ASSEMBLY_USAGE_OCCURRENCE('43','C37','',#5,#9984,$);
#10593 = CONTEXT_DEPENDENT_SHAPE_REPRESENTATION(#10594,#10596);
#10594 = ( REPRESENTATION_RELATIONSHIP('','',#9989,#10) 
REPRESENTATION_RELATIONSHIP_WITH_TRANSFORMATION(#10595) 
SHAPE_REPRESENTATION_RELATIONSHIP() );
#10595 = ITEM_DEFINED_TRANSFORMATION('','',#11,#143);
#10596 = PRODUCT_DEFINITION_SHAPE('Placement','Placement of an item',
  #10597);
#10597 = NEXT_ASSEMBLY_USAGE_OCCURRENCE('44','C38','',#5,#9984,$);
#10598 = CONTEXT_DEPENDENT_SHAPE_REPRESENTATION(#10599,#10601);
#10599 = ( REPRESENTATION_RELATIONSHIP('','',#10383,#10) 
REPRESENTATION_RELATIONSHIP_WITH_TRANSFORMATION(#10600) 
SHAPE_REPRESENTATION_RELATIONSHIP() );
#10600 = ITEM_DEFINED_TRANSFORMATION('','',#11,#147);
#10601 = PRODUCT_DEFINITION_SHAPE('Placement','Placement of an item',
  #10602);
#10602 = NEXT_ASSEMBLY_USAGE_OCCURRENCE('45','C39','',#5,#10378,$);
#10603 = CONTEXT_DEPENDENT_SHAPE_REPRESENTATION(#10604,#10606);
#10604 = ( REPRESENTATION_RELATIONSHIP('','',#9989,#10) 
REPRESENTATION_RELATIONSHIP_WITH_TRANSFORMATION(#10605) 
SHAPE_REPRESENTATION_RELATIONSHIP() );
#10605 = ITEM_DEFINED_TRANSFORMATION('','',#11,#151);
#10606 = PRODUCT_DEFINITION_SHAPE('Placement','Placement of an item',
  #10607);
#10607 = NEXT_ASSEMBLY_USAGE_OCCURRENCE('46','C4','',#5,#9984,$);
#10608 = CONTEXT_DEPENDENT_SHAPE_REPRESENTATION(#10609,#10611);
#10609 = ( REPRESENTATION_RELATIONSHIP('','',#9989,#10) 
REPRESENTATION_RELATIONSHIP_WITH_TRANSFORMATION(#10610) 
SHAPE_REPRESENTATION_RELATIONSHIP() );
#10610 = ITEM_DEFINED_TRANSFORMATION('','',#11,#155);
#10611 = PRODUCT_DEFINITION_SHAPE('Placement','Placement of an item',
  #10612);
#10612 = NEXT_ASSEMBLY_USAGE_OCCURRENCE('47','C40','',#5,#9984,$);
#10613 = CONTEXT_DEPENDENT_SHAPE_REPRESENTATION(#10614,#10616);
#10614 = ( REPRESENTATION_RELATIONSHIP('','',#9989,#10) 
REPRESENTATION_RELATIONSHIP_WITH_TRANSFORMATION(#10615) 
SHAPE_REPRESENTATION_RELATIONSHIP() );
#10615 = ITEM_DEFINED_TRANSFORMATION('','',#11,#159);
#10616 = PRODUCT_DEFINITION_SHAPE('Placement','Placement of an item',
  #10617);
#10617 = NEXT_ASSEMBLY_USAGE_OCCURRENCE('48','C5','',#5,#9984,$);
#10618 = CONTEXT_DEPENDENT_SHAPE_REPRESENTATION(#10619,#10621);
#10619 = ( REPRESENTATION_RELATIONSHIP('','',#9989,#10) 
REPRESENTATION_RELATIONSHIP_WITH_TRANSFORMATION(#10620) 
SHAPE_REPRESENTATION_RELATIONSHIP() );
#10620 = ITEM_DEFINED_TRANSFORMATION('','',#11,#163);
#10621 = PRODUCT_DEFINITION_SHAPE('Placement','Placement of an item',
  #10622);
#10622 = NEXT_ASSEMBLY_USAGE_OCCURRENCE('49','C6','',#5,#9984,$);
#10623 = CONTEXT_DEPENDENT_SHAPE_REPRESENTATION(#10624,#10626);
#10624 = ( REPRESENTATION_RELATIONSHIP('','',#9989,#10) 
REPRESENTATION_RELATIONSHIP_WITH_TRANSFORMATION(#10625) 
SHAPE_REPRESENTATION_RELATIONSHIP() );
#10625 = ITEM_DEFINED_TRANSFORMATION('','',#11,#167);
#10626 = PRODUCT_DEFINITION_SHAPE('Placement','Placement of an item',
  #10627);
#10627 = NEXT_ASSEMBLY_USAGE_OCCURRENCE('50','C7','',#5,#9984,$);
#10628 = CONTEXT_DEPENDENT_SHAPE_REPRESENTATION(#10629,#10631);
#10629 = ( REPRESENTATION_RELATIONSHIP('','',#9989,#10) 
REPRESENTATION_RELATIONSHIP_WITH_TRANSFORMATION(#10630) 
SHAPE_REPRESENTATION_RELATIONSHIP() );
#10630 = ITEM_DEFINED_TRANSFORMATION('','',#11,#171);
#10631 = PRODUCT_DEFINITION_SHAPE('Placement','Placement of an item',
  #10632);
#10632 = NEXT_ASSEMBLY_USAGE_OCCURRENCE('51','C8','',#5,#9984,$);
#10633 = CONTEXT_DEPENDENT_SHAPE_REPRESENTATION(#10634,#10636);
#10634 = ( REPRESENTATION_RELATIONSHIP('','',#9989,#10) 
REPRESENTATION_RELATIONSHIP_WITH_TRANSFORMATION(#10635) 
SHAPE_REPRESENTATION_RELATIONSHIP() );
#10635 = ITEM_DEFINED_TRANSFORMATION('','',#11,#175);
#10636 = PRODUCT_DEFINITION_SHAPE('Placement','Placement of an item',
  #10637);
#10637 = NEXT_ASSEMBLY_USAGE_OCCURRENCE('52','C9','',#5,#9984,$);
#10638 = SHAPE_DEFINITION_REPRESENTATION(#10639,#10645);
#10639 = PRODUCT_DEFINITION_SHAPE('','',#10640);
#10640 = PRODUCT_DEFINITION('design','',#10641,#10644);
#10641 = PRODUCT_DEFINITION_FORMATION('','',#10642);
#10642 = PRODUCT('J1','J1','',(#10643));
#10643 = PRODUCT_CONTEXT('',#2,'mechanical');
#10644 = PRODUCT_DEFINITION_CONTEXT('part definition',#2,'design');
#10645 = ADVANCED_BREP_SHAPE_REPRESENTATION('',(#11,#10646),#10976);
#10646 = MANIFOLD_SOLID_BREP('',#10647);
#10647 = CLOSED_SHELL('',(#10648,#10768,#10868,#10915,#10962,#10969));
#10648 = ADVANCED_FACE('',(#10649),#10663,.F.);
#10649 = FACE_BOUND('',#10650,.F.);
#10650 = EDGE_LOOP('',(#10651,#10686,#10714,#10742));
#10651 = ORIENTED_EDGE('',*,*,#10652,.F.);
#10652 = EDGE_CURVE('',#10653,#10655,#10657,.T.);
#10653 = VERTEX_POINT('',#10654);
#10654 = CARTESIAN_POINT('',(-2.54,-6.35,0.));
#10655 = VERTEX_POINT('',#10656);
#10656 = CARTESIAN_POINT('',(-2.54,-6.35,8.5));
#10657 = SURFACE_CURVE('',#10658,(#10662,#10674),.PCURVE_S1.);
#10658 = LINE('',#10659,#10660);
#10659 = CARTESIAN_POINT('',(-2.54,-6.35,0.));
#10660 = VECTOR('',#10661,1.);
#10661 = DIRECTION('',(0.,0.,1.));
#10662 = PCURVE('',#10663,#10668);
#10663 = PLANE('',#10664);
#10664 = AXIS2_PLACEMENT_3D('',#10665,#10666,#10667);
#10665 = CARTESIAN_POINT('',(-2.54,-6.35,0.));
#10666 = DIRECTION('',(1.,0.,0.));
#10667 = DIRECTION('',(0.,0.,1.));
#10668 = DEFINITIONAL_REPRESENTATION('',(#10669),#10673);
#10669 = LINE('',#10670,#10671);
#10670 = CARTESIAN_POINT('',(0.,0.));
#10671 = VECTOR('',#10672,1.);
#10672 = DIRECTION('',(1.,0.));
#10673 = ( GEOMETRIC_REPRESENTATION_CONTEXT(2) 
PARAMETRIC_REPRESENTATION_CONTEXT() REPRESENTATION_CONTEXT('2D SPACE',''
  ) );
#10674 = PCURVE('',#10675,#10680);
#10675 = PLANE('',#10676);
#10676 = AXIS2_PLACEMENT_3D('',#10677,#10678,#10679);
#10677 = CARTESIAN_POINT('',(-2.54,-6.35,0.));
#10678 = DIRECTION('',(0.,1.,0.));
#10679 = DIRECTION('',(0.,-0.,1.));
#10680 = DEFINITIONAL_REPRESENTATION('',(#10681),#10685);
#10681 = LINE('',#10682,#10683);
#10682 = CARTESIAN_POINT('',(0.,0.));
#10683 = VECTOR('',#10684,1.);
#10684 = DIRECTION('',(1.,0.));
#10685 = ( GEOMETRIC_REPRESENTATION_CONTEXT(2) 
PARAMETRIC_REPRESENTATION_CONTEXT() REPRESENTATION_CONTEXT('2D SPACE',''
  ) );
#10686 = ORIENTED_EDGE('',*,*,#10687,.T.);
#10687 = EDGE_CURVE('',#10653,#10688,#10690,.T.);
#10688 = VERTEX_POINT('',#10689);
#10689 = CARTESIAN_POINT('',(-2.54,6.35,0.));
#10690 = SURFACE_CURVE('',#10691,(#10695,#10702),.PCURVE_S1.);
#10691 = LINE('',#10692,#10693);
#10692 = CARTESIAN_POINT('',(-2.54,-6.35,0.));
#10693 = VECTOR('',#10694,1.);
#10694 = DIRECTION('',(0.,1.,0.));
#10695 = PCURVE('',#10663,#10696);
#10696 = DEFINITIONAL_REPRESENTATION('',(#10697),#10701);
#10697 = LINE('',#10698,#10699);
#10698 = CARTESIAN_POINT('',(0.,0.));
#10699 = VECTOR('',#10700,1.);
#10700 = DIRECTION('',(0.,-1.));
#10701 = ( GEOMETRIC_REPRESENTATION_CONTEXT(2) 
PARAMETRIC_REPRESENTATION_CONTEXT() REPRESENTATION_CONTEXT('2D SPACE',''
  ) );
#10702 = PCURVE('',#10703,#10708);
#10703 = PLANE('',#10704);
#10704 = AXIS2_PLACEMENT_3D('',#10705,#10706,#10707);
#10705 = CARTESIAN_POINT('',(-2.54,-6.35,0.));
#10706 = DIRECTION('',(0.,0.,1.));
#10707 = DIRECTION('',(1.,0.,-0.));
#10708 = DEFINITIONAL_REPRESENTATION('',(#10709),#10713);
#10709 = LINE('',#10710,#10711);
#10710 = CARTESIAN_POINT('',(0.,0.));
#10711 = VECTOR('',#10712,1.);
#10712 = DIRECTION('',(0.,1.));
#10713 = ( GEOMETRIC_REPRESENTATION_CONTEXT(2) 
PARAMETRIC_REPRESENTATION_CONTEXT() REPRESENTATION_CONTEXT('2D SPACE',''
  ) );
#10714 = ORIENTED_EDGE('',*,*,#10715,.T.);
#10715 = EDGE_CURVE('',#10688,#10716,#10718,.T.);
#10716 = VERTEX_POINT('',#10717);
#10717 = CARTESIAN_POINT('',(-2.54,6.35,8.5));
#10718 = SURFACE_CURVE('',#10719,(#10723,#10730),.PCURVE_S1.);
#10719 = LINE('',#10720,#10721);
#10720 = CARTESIAN_POINT('',(-2.54,6.35,0.));
#10721 = VECTOR('',#10722,1.);
#10722 = DIRECTION('',(0.,0.,1.));
#10723 = PCURVE('',#10663,#10724);
#10724 = DEFINITIONAL_REPRESENTATION('',(#10725),#10729);
#10725 = LINE('',#10726,#10727);
#10726 = CARTESIAN_POINT('',(0.,-12.7));
#10727 = VECTOR('',#10728,1.);
#10728 = DIRECTION('',(1.,0.));
#10729 = ( GEOMETRIC_REPRESENTATION_CONTEXT(2) 
PARAMETRIC_REPRESENTATION_CONTEXT() REPRESENTATION_CONTEXT('2D SPACE',''
  ) );
#10730 = PCURVE('',#10731,#10736);
#10731 = PLANE('',#10732);
#10732 = AXIS2_PLACEMENT_3D('',#10733,#10734,#10735);
#10733 = CARTESIAN_POINT('',(-2.54,6.35,0.));
#10734 = DIRECTION('',(0.,1.,0.));
#10735 = DIRECTION('',(0.,-0.,1.));
#10736 = DEFINITIONAL_REPRESENTATION('',(#10737),#10741);
#10737 = LINE('',#10738,#10739);
#10738 = CARTESIAN_POINT('',(0.,0.));
#10739 = VECTOR('',#10740,1.);
#10740 = DIRECTION('',(1.,0.));
#10741 = ( GEOMETRIC_REPRESENTATION_CONTEXT(2) 
PARAMETRIC_REPRESENTATION_CONTEXT() REPRESENTATION_CONTEXT('2D SPACE',''
  ) );
#10742 = ORIENTED_EDGE('',*,*,#10743,.F.);
#10743 = EDGE_CURVE('',#10655,#10716,#10744,.T.);
#10744 = SURFACE_CURVE('',#10745,(#10749,#10756),.PCURVE_S1.);
#10745 = LINE('',#10746,#10747);
#10746 = CARTESIAN_POINT('',(-2.54,-6.35,8.5));
#10747 = VECTOR('',#10748,1.);
#10748 = DIRECTION('',(0.,1.,0.));
#10749 = PCURVE('',#10663,#10750);
#10750 = DEFINITIONAL_REPRESENTATION('',(#10751),#10755);
#10751 = LINE('',#10752,#10753);
#10752 = CARTESIAN_POINT('',(8.5,0.));
#10753 = VECTOR('',#10754,1.);
#10754 = DIRECTION('',(0.,-1.));
#10755 = ( GEOMETRIC_REPRESENTATION_CONTEXT(2) 
PARAMETRIC_REPRESENTATION_CONTEXT() REPRESENTATION_CONTEXT('2D SPACE',''
  ) );
#10756 = PCURVE('',#10757,#10762);
#10757 = PLANE('',#10758);
#10758 = AXIS2_PLACEMENT_3D('',#10759,#10760,#10761);
#10759 = CARTESIAN_POINT('',(-2.54,-6.35,8.5));
#10760 = DIRECTION('',(0.,0.,1.));
#10761 = DIRECTION('',(1.,0.,-0.));
#10762 = DEFINITIONAL_REPRESENTATION('',(#10763),#10767);
#10763 = LINE('',#10764,#10765);
#10764 = CARTESIAN_POINT('',(0.,0.));
#10765 = VECTOR('',#10766,1.);
#10766 = DIRECTION('',(0.,1.));
#10767 = ( GEOMETRIC_REPRESENTATION_CONTEXT(2) 
PARAMETRIC_REPRESENTATION_CONTEXT() REPRESENTATION_CONTEXT('2D SPACE',''
  ) );
#10768 = ADVANCED_FACE('',(#10769),#10783,.T.);
#10769 = FACE_BOUND('',#10770,.T.);
#10770 = EDGE_LOOP('',(#10771,#10801,#10824,#10847));
#10771 = ORIENTED_EDGE('',*,*,#10772,.F.);
#10772 = EDGE_CURVE('',#10773,#10775,#10777,.T.);
#10773 = VERTEX_POINT('',#10774);
#10774 = CARTESIAN_POINT('',(2.54,-6.35,0.));
#10775 = VERTEX_POINT('',#10776);
#10776 = CARTESIAN_POINT('',(2.54,-6.35,8.5));
#10777 = SURFACE_CURVE('',#10778,(#10782,#10794),.PCURVE_S1.);
#10778 = LINE('',#10779,#10780);
#10779 = CARTESIAN_POINT('',(2.54,-6.35,0.));
#10780 = VECTOR('',#10781,1.);
#10781 = DIRECTION('',(0.,0.,1.));
#10782 = PCURVE('',#10783,#10788);
#10783 = PLANE('',#10784);
#10784 = AXIS2_PLACEMENT_3D('',#10785,#10786,#10787);
#10785 = CARTESIAN_POINT('',(2.54,-6.35,0.));
#10786 = DIRECTION('',(1.,0.,0.));
#10787 = DIRECTION('',(0.,0.,1.));
#10788 = DEFINITIONAL_REPRESENTATION('',(#10789),#10793);
#10789 = LINE('',#10790,#10791);
#10790 = CARTESIAN_POINT('',(0.,0.));
#10791 = VECTOR('',#10792,1.);
#10792 = DIRECTION('',(1.,0.));
#10793 = ( GEOMETRIC_REPRESENTATION_CONTEXT(2) 
PARAMETRIC_REPRESENTATION_CONTEXT() REPRESENTATION_CONTEXT('2D SPACE',''
  ) );
#10794 = PCURVE('',#10675,#10795);
#10795 = DEFINITIONAL_REPRESENTATION('',(#10796),#10800);
#10796 = LINE('',#10797,#10798);
#10797 = CARTESIAN_POINT('',(0.,5.08));
#10798 = VECTOR('',#10799,1.);
#10799 = DIRECTION('',(1.,0.));
#10800 = ( GEOMETRIC_REPRESENTATION_CONTEXT(2) 
PARAMETRIC_REPRESENTATION_CONTEXT() REPRESENTATION_CONTEXT('2D SPACE',''
  ) );
#10801 = ORIENTED_EDGE('',*,*,#10802,.T.);
#10802 = EDGE_CURVE('',#10773,#10803,#10805,.T.);
#10803 = VERTEX_POINT('',#10804);
#10804 = CARTESIAN_POINT('',(2.54,6.35,0.));
#10805 = SURFACE_CURVE('',#10806,(#10810,#10817),.PCURVE_S1.);
#10806 = LINE('',#10807,#10808);
#10807 = CARTESIAN_POINT('',(2.54,-6.35,0.));
#10808 = VECTOR('',#10809,1.);
#10809 = DIRECTION('',(0.,1.,0.));
#10810 = PCURVE('',#10783,#10811);
#10811 = DEFINITIONAL_REPRESENTATION('',(#10812),#10816);
#10812 = LINE('',#10813,#10814);
#10813 = CARTESIAN_POINT('',(0.,0.));
#10814 = VECTOR('',#10815,1.);
#10815 = DIRECTION('',(0.,-1.));
#10816 = ( GEOMETRIC_REPRESENTATION_CONTEXT(2) 
PARAMETRIC_REPRESENTATION_CONTEXT() REPRESENTATION_CONTEXT('2D SPACE',''
  ) );
#10817 = PCURVE('',#10703,#10818);
#10818 = DEFINITIONAL_REPRESENTATION('',(#10819),#10823);
#10819 = LINE('',#10820,#10821);
#10820 = CARTESIAN_POINT('',(5.08,0.));
#10821 = VECTOR('',#10822,1.);
#10822 = DIRECTION('',(0.,1.));
#10823 = ( GEOMETRIC_REPRESENTATION_CONTEXT(2) 
PARAMETRIC_REPRESENTATION_CONTEXT() REPRESENTATION_CONTEXT('2D SPACE',''
  ) );
#10824 = ORIENTED_EDGE('',*,*,#10825,.T.);
#10825 = EDGE_CURVE('',#10803,#10826,#10828,.T.);
#10826 = VERTEX_POINT('',#10827);
#10827 = CARTESIAN_POINT('',(2.54,6.35,8.5));
#10828 = SURFACE_CURVE('',#10829,(#10833,#10840),.PCURVE_S1.);
#10829 = LINE('',#10830,#10831);
#10830 = CARTESIAN_POINT('',(2.54,6.35,0.));
#10831 = VECTOR('',#10832,1.);
#10832 = DIRECTION('',(0.,0.,1.));
#10833 = PCURVE('',#10783,#10834);
#10834 = DEFINITIONAL_REPRESENTATION('',(#10835),#10839);
#10835 = LINE('',#10836,#10837);
#10836 = CARTESIAN_POINT('',(0.,-12.7));
#10837 = VECTOR('',#10838,1.);
#10838 = DIRECTION('',(1.,0.));
#10839 = ( GEOMETRIC_REPRESENTATION_CONTEXT(2) 
PARAMETRIC_REPRESENTATION_CONTEXT() REPRESENTATION_CONTEXT('2D SPACE',''
  ) );
#10840 = PCURVE('',#10731,#10841);
#10841 = DEFINITIONAL_REPRESENTATION('',(#10842),#10846);
#10842 = LINE('',#10843,#10844);
#10843 = CARTESIAN_POINT('',(0.,5.08));
#10844 = VECTOR('',#10845,1.);
#10845 = DIRECTION('',(1.,0.));
#10846 = ( GEOMETRIC_REPRESENTATION_CONTEXT(2) 
PARAMETRIC_REPRESENTATION_CONTEXT() REPRESENTATION_CONTEXT('2D SPACE',''
  ) );
#10847 = ORIENTED_EDGE('',*,*,#10848,.F.);
#10848 = EDGE_CURVE('',#10775,#10826,#10849,.T.);
#10849 = SURFACE_CURVE('',#10850,(#10854,#10861),.PCURVE_S1.);
#10850 = LINE('',#10851,#10852);
#10851 = CARTESIAN_POINT('',(2.54,-6.35,8.5));
#10852 = VECTOR('',#10853,1.);
#10853 = DIRECTION('',(0.,1.,0.));
#10854 = PCURVE('',#10783,#10855);
#10855 = DEFINITIONAL_REPRESENTATION('',(#10856),#10860);
#10856 = LINE('',#10857,#10858);
#10857 = CARTESIAN_POINT('',(8.5,0.));
#10858 = VECTOR('',#10859,1.);
#10859 = DIRECTION('',(0.,-1.));
#10860 = ( GEOMETRIC_REPRESENTATION_CONTEXT(2) 
PARAMETRIC_REPRESENTATION_CONTEXT() REPRESENTATION_CONTEXT('2D SPACE',''
  ) );
#10861 = PCURVE('',#10757,#10862);
#10862 = DEFINITIONAL_REPRESENTATION('',(#10863),#10867);
#10863 = LINE('',#10864,#10865);
#10864 = CARTESIAN_POINT('',(5.08,0.));
#10865 = VECTOR('',#10866,1.);
#10866 = DIRECTION('',(0.,1.));
#10867 = ( GEOMETRIC_REPRESENTATION_CONTEXT(2) 
PARAMETRIC_REPRESENTATION_CONTEXT() REPRESENTATION_CONTEXT('2D SPACE',''
  ) );
#10868 = ADVANCED_FACE('',(#10869),#10675,.F.);
#10869 = FACE_BOUND('',#10870,.F.);
#10870 = EDGE_LOOP('',(#10871,#10892,#10893,#10914));
#10871 = ORIENTED_EDGE('',*,*,#10872,.F.);
#10872 = EDGE_CURVE('',#10653,#10773,#10873,.T.);
#10873 = SURFACE_CURVE('',#10874,(#10878,#10885),.PCURVE_S1.);
#10874 = LINE('',#10875,#10876);
#10875 = CARTESIAN_POINT('',(-2.54,-6.35,0.));
#10876 = VECTOR('',#10877,1.);
#10877 = DIRECTION('',(1.,0.,0.));
#10878 = PCURVE('',#10675,#10879);
#10879 = DEFINITIONAL_REPRESENTATION('',(#10880),#10884);
#10880 = LINE('',#10881,#10882);
#10881 = CARTESIAN_POINT('',(0.,0.));
#10882 = VECTOR('',#10883,1.);
#10883 = DIRECTION('',(0.,1.));
#10884 = ( GEOMETRIC_REPRESENTATION_CONTEXT(2) 
PARAMETRIC_REPRESENTATION_CONTEXT() REPRESENTATION_CONTEXT('2D SPACE',''
  ) );
#10885 = PCURVE('',#10703,#10886);
#10886 = DEFINITIONAL_REPRESENTATION('',(#10887),#10891);
#10887 = LINE('',#10888,#10889);
#10888 = CARTESIAN_POINT('',(0.,0.));
#10889 = VECTOR('',#10890,1.);
#10890 = DIRECTION('',(1.,0.));
#10891 = ( GEOMETRIC_REPRESENTATION_CONTEXT(2) 
PARAMETRIC_REPRESENTATION_CONTEXT() REPRESENTATION_CONTEXT('2D SPACE',''
  ) );
#10892 = ORIENTED_EDGE('',*,*,#10652,.T.);
#10893 = ORIENTED_EDGE('',*,*,#10894,.T.);
#10894 = EDGE_CURVE('',#10655,#10775,#10895,.T.);
#10895 = SURFACE_CURVE('',#10896,(#10900,#10907),.PCURVE_S1.);
#10896 = LINE('',#10897,#10898);
#10897 = CARTESIAN_POINT('',(-2.54,-6.35,8.5));
#10898 = VECTOR('',#10899,1.);
#10899 = DIRECTION('',(1.,0.,0.));
#10900 = PCURVE('',#10675,#10901);
#10901 = DEFINITIONAL_REPRESENTATION('',(#10902),#10906);
#10902 = LINE('',#10903,#10904);
#10903 = CARTESIAN_POINT('',(8.5,0.));
#10904 = VECTOR('',#10905,1.);
#10905 = DIRECTION('',(0.,1.));
#10906 = ( GEOMETRIC_REPRESENTATION_CONTEXT(2) 
PARAMETRIC_REPRESENTATION_CONTEXT() REPRESENTATION_CONTEXT('2D SPACE',''
  ) );
#10907 = PCURVE('',#10757,#10908);
#10908 = DEFINITIONAL_REPRESENTATION('',(#10909),#10913);
#10909 = LINE('',#10910,#10911);
#10910 = CARTESIAN_POINT('',(0.,0.));
#10911 = VECTOR('',#10912,1.);
#10912 = DIRECTION('',(1.,0.));
#10913 = ( GEOMETRIC_REPRESENTATION_CONTEXT(2) 
PARAMETRIC_REPRESENTATION_CONTEXT() REPRESENTATION_CONTEXT('2D SPACE',''
  ) );
#10914 = ORIENTED_EDGE('',*,*,#10772,.F.);
#10915 = ADVANCED_FACE('',(#10916),#10731,.T.);
#10916 = FACE_BOUND('',#10917,.T.);
#10917 = EDGE_LOOP('',(#10918,#10939,#10940,#10961));
#10918 = ORIENTED_EDGE('',*,*,#10919,.F.);
#10919 = EDGE_CURVE('',#10688,#10803,#10920,.T.);
#10920 = SURFACE_CURVE('',#10921,(#10925,#10932),.PCURVE_S1.);
#10921 = LINE('',#10922,#10923);
#10922 = CARTESIAN_POINT('',(-2.54,6.35,0.));
#10923 = VECTOR('',#10924,1.);
#10924 = DIRECTION('',(1.,0.,0.));
#10925 = PCURVE('',#10731,#10926);
#10926 = DEFINITIONAL_REPRESENTATION('',(#10927),#10931);
#10927 = LINE('',#10928,#10929);
#10928 = CARTESIAN_POINT('',(0.,0.));
#10929 = VECTOR('',#10930,1.);
#10930 = DIRECTION('',(0.,1.));
#10931 = ( GEOMETRIC_REPRESENTATION_CONTEXT(2) 
PARAMETRIC_REPRESENTATION_CONTEXT() REPRESENTATION_CONTEXT('2D SPACE',''
  ) );
#10932 = PCURVE('',#10703,#10933);
#10933 = DEFINITIONAL_REPRESENTATION('',(#10934),#10938);
#10934 = LINE('',#10935,#10936);
#10935 = CARTESIAN_POINT('',(0.,12.7));
#10936 = VECTOR('',#10937,1.);
#10937 = DIRECTION('',(1.,0.));
#10938 = ( GEOMETRIC_REPRESENTATION_CONTEXT(2) 
PARAMETRIC_REPRESENTATION_CONTEXT() REPRESENTATION_CONTEXT('2D SPACE',''
  ) );
#10939 = ORIENTED_EDGE('',*,*,#10715,.T.);
#10940 = ORIENTED_EDGE('',*,*,#10941,.T.);
#10941 = EDGE_CURVE('',#10716,#10826,#10942,.T.);
#10942 = SURFACE_CURVE('',#10943,(#10947,#10954),.PCURVE_S1.);
#10943 = LINE('',#10944,#10945);
#10944 = CARTESIAN_POINT('',(-2.54,6.35,8.5));
#10945 = VECTOR('',#10946,1.);
#10946 = DIRECTION('',(1.,0.,0.));
#10947 = PCURVE('',#10731,#10948);
#10948 = DEFINITIONAL_REPRESENTATION('',(#10949),#10953);
#10949 = LINE('',#10950,#10951);
#10950 = CARTESIAN_POINT('',(8.5,0.));
#10951 = VECTOR('',#10952,1.);
#10952 = DIRECTION('',(0.,1.));
#10953 = ( GEOMETRIC_REPRESENTATION_CONTEXT(2) 
PARAMETRIC_REPRESENTATION_CONTEXT() REPRESENTATION_CONTEXT('2D SPACE',''
  ) );
#10954 = PCURVE('',#10757,#10955);
#10955 = DEFINITIONAL_REPRESENTATION('',(#10956),#10960);
#10956 = LINE('',#10957,#10958);
#10957 = CARTESIAN_POINT('',(0.,12.7));
#10958 = VECTOR('',#10959,1.);
#10959 = DIRECTION('',(1.,0.));
#10960 = ( GEOMETRIC_REPRESENTATION_CONTEXT(2) 
PARAMETRIC_REPRESENTATION_CONTEXT() REPRESENTATION_CONTEXT('2D SPACE',''
  ) );
#10961 = ORIENTED_EDGE('',*,*,#10825,.F.);
#10962 = ADVANCED_FACE('',(#10963),#10703,.F.);
#10963 = FACE_BOUND('',#10964,.F.);
#10964 = EDGE_LOOP('',(#10965,#10966,#10967,#10968));
#10965 = ORIENTED_EDGE('',*,*,#10687,.F.);
#10966 = ORIENTED_EDGE('',*,*,#10872,.T.);
#10967 = ORIENTED_EDGE('',*,*,#10802,.T.);
#10968 = ORIENTED_EDGE('',*,*,#10919,.F.);
#10969 = ADVANCED_FACE('',(#10970),#10757,.T.);
#10970 = FACE_BOUND('',#10971,.T.);
#10971 = EDGE_LOOP('',(#10972,#10973,#10974,#10975));
#10972 = ORIENTED_EDGE('',*,*,#10743,.F.);
#10973 = ORIENTED_EDGE('',*,*,#10894,.T.);
#10974 = ORIENTED_EDGE('',*,*,#10848,.T.);
#10975 = ORIENTED_EDGE('',*,*,#10941,.F.);
#10976 = ( GEOMETRIC_REPRESENTATION_CONTEXT(3) 
GLOBAL_UNCERTAINTY_ASSIGNED_CONTEXT((#10980)) 
GLOBAL_UNIT_ASSIGNED_CONTEXT((#10977,#10978,#10979)) 
REPRESENTATION_CONTEXT('Context #1',
  '3D Context with UNIT and UNCERTAINTY') );
#10977 = ( LENGTH_UNIT() NAMED_UNIT(*) SI_UNIT(.MILLI.,.METRE.) );
#10978 = ( NAMED_UNIT(*) PLANE_ANGLE_UNIT() SI_UNIT($,.RADIAN.) );
#10979 = ( NAMED_UNIT(*) SI_UNIT($,.STERADIAN.) SOLID_ANGLE_UNIT() );
#10980 = UNCERTAINTY_MEASURE_WITH_UNIT(LENGTH_MEASURE(1.E-07),#10977,
  'distance_accuracy_value','confusion accuracy');
#10981 = CONTEXT_DEPENDENT_SHAPE_REPRESENTATION(#10982,#10984);
#10982 = ( REPRESENTATION_RELATIONSHIP('','',#10645,#10) 
REPRESENTATION_RELATIONSHIP_WITH_TRANSFORMATION(#10983) 
SHAPE_REPRESENTATION_RELATIONSHIP() );
#10983 = ITEM_DEFINED_TRANSFORMATION('','',#11,#179);
#10984 = PRODUCT_DEFINITION_SHAPE('Placement','Placement of an item',
  #10985);
#10985 = NEXT_ASSEMBLY_USAGE_OCCURRENCE('53','J1','',#5,#10640,$);
#10986 = PRODUCT_RELATED_PRODUCT_CATEGORY('part',$,(#10642));
#10987 = CONTEXT_DEPENDENT_SHAPE_REPRESENTATION(#10988,#10990);
#10988 = ( REPRESENTATION_RELATIONSHIP('','',#10645,#10) 
REPRESENTATION_RELATIONSHIP_WITH_TRANSFORMATION(#10989) 
SHAPE_REPRESENTATION_RELATIONSHIP() );
#10989 = ITEM_DEFINED_TRANSFORMATION('','',#11,#183);
#10990 = PRODUCT_DEFINITION_SHAPE('Placement','Placement of an item',
  #10991);
#10991 = NEXT_ASSEMBLY_USAGE_OCCURRENCE('54','J2','',#5,#10640,$);
#10992 = SHAPE_DEFINITION_REPRESENTATION(#10993,#10999);
#10993 = PRODUCT_DEFINITION_SHAPE('','',#10994);
#10994 = PRODUCT_DEFINITION('design','',#10995,#10998);
#10995 = PRODUCT_DEFINITION_FORMATION('','',#10996);
#10996 = PRODUCT('J3','J3','',(#10997));
#10997 = PRODUCT_CONTEXT('',#2,'mechanical');
#10998 = PRODUCT_DEFINITION_CONTEXT('part definition',#2,'design');
#10999 = ADVANCED_BREP_SHAPE_REPRESENTATION('',(#11,#11000),#11330);
#11000 = MANIFOLD_SOLID_BREP('',#11001);
#11001 = CLOSED_SHELL('',(#11002,#11122,#11222,#11269,#11316,#11323));
#11002 = ADVANCED_FACE('',(#11003),#11017,.F.);
#11003 = FACE_BOUND('',#11004,.F.);
#11004 = EDGE_LOOP('',(#11005,#11040,#11068,#11096));
#11005 = ORIENTED_EDGE('',*,*,#11006,.F.);
#11006 = EDGE_CURVE('',#11007,#11009,#11011,.T.);
#11007 = VERTEX_POINT('',#11008);
#11008 = CARTESIAN_POINT('',(-1.27,-3.81,0.));
#11009 = VERTEX_POINT('',#11010);
#11010 = CARTESIAN_POINT('',(-1.27,-3.81,8.5));
#11011 = SURFACE_CURVE('',#11012,(#11016,#11028),.PCURVE_S1.);
#11012 = LINE('',#11013,#11014);
#11013 = CARTESIAN_POINT('',(-1.27,-3.81,0.));
#11014 = VECTOR('',#11015,1.);
#11015 = DIRECTION('',(0.,0.,1.));
#11016 = PCURVE('',#11017,#11022);
#11017 = PLANE('',#11018);
#11018 = AXIS2_PLACEMENT_3D('',#11019,#11020,#11021);
#11019 = CARTESIAN_POINT('',(-1.27,-3.81,0.));
#11020 = DIRECTION('',(1.,0.,0.));
#11021 = DIRECTION('',(0.,0.,1.));
#11022 = DEFINITIONAL_REPRESENTATION('',(#11023),#11027);
#11023 = LINE('',#11024,#11025);
#11024 = CARTESIAN_POINT('',(0.,0.));
#11025 = VECTOR('',#11026,1.);
#11026 = DIRECTION('',(1.,0.));
#11027 = ( GEOMETRIC_REPRESENTATION_CONTEXT(2) 
PARAMETRIC_REPRESENTATION_CONTEXT() REPRESENTATION_CONTEXT('2D SPACE',''
  ) );
#11028 = PCURVE('',#11029,#11034);
#11029 = PLANE('',#11030);
#11030 = AXIS2_PLACEMENT_3D('',#11031,#11032,#11033);
#11031 = CARTESIAN_POINT('',(-1.27,-3.81,0.));
#11032 = DIRECTION('',(0.,1.,0.));
#11033 = DIRECTION('',(0.,-0.,1.));
#11034 = DEFINITIONAL_REPRESENTATION('',(#11035),#11039);
#11035 = LINE('',#11036,#11037);
#11036 = CARTESIAN_POINT('',(0.,0.));
#11037 = VECTOR('',#11038,1.);
#11038 = DIRECTION('',(1.,0.));
#11039 = ( GEOMETRIC_REPRESENTATION_CONTEXT(2) 
PARAMETRIC_REPRESENTATION_CONTEXT() REPRESENTATION_CONTEXT('2D SPACE',''
  ) );
#11040 = ORIENTED_EDGE('',*,*,#11041,.T.);
#11041 = EDGE_CURVE('',#11007,#11042,#11044,.T.);
#11042 = VERTEX_POINT('',#11043);
#11043 = CARTESIAN_POINT('',(-1.27,3.81,0.));
#11044 = SURFACE_CURVE('',#11045,(#11049,#11056),.PCURVE_S1.);
#11045 = LINE('',#11046,#11047);
#11046 = CARTESIAN_POINT('',(-1.27,-3.81,0.));
#11047 = VECTOR('',#11048,1.);
#11048 = DIRECTION('',(0.,1.,0.));
#11049 = PCURVE('',#11017,#11050);
#11050 = DEFINITIONAL_REPRESENTATION('',(#11051),#11055);
#11051 = LINE('',#11052,#11053);
#11052 = CARTESIAN_POINT('',(0.,0.));
#11053 = VECTOR('',#11054,1.);
#11054 = DIRECTION('',(0.,-1.));
#11055 = ( GEOMETRIC_REPRESENTATION_CONTEXT(2) 
PARAMETRIC_REPRESENTATION_CONTEXT() REPRESENTATION_CONTEXT('2D SPACE',''
  ) );
#11056 = PCURVE('',#11057,#11062);
#11057 = PLANE('',#11058);
#11058 = AXIS2_PLACEMENT_3D('',#11059,#11060,#11061);
#11059 = CARTESIAN_POINT('',(-1.27,-3.81,0.));
#11060 = DIRECTION('',(0.,0.,1.));
#11061 = DIRECTION('',(1.,0.,-0.));
#11062 = DEFINITIONAL_REPRESENTATION('',(#11063),#11067);
#11063 = LINE('',#11064,#11065);
#11064 = CARTESIAN_POINT('',(0.,0.));
#11065 = VECTOR('',#11066,1.);
#11066 = DIRECTION('',(0.,1.));
#11067 = ( GEOMETRIC_REPRESENTATION_CONTEXT(2) 
PARAMETRIC_REPRESENTATION_CONTEXT() REPRESENTATION_CONTEXT('2D SPACE',''
  ) );
#11068 = ORIENTED_EDGE('',*,*,#11069,.T.);
#11069 = EDGE_CURVE('',#11042,#11070,#11072,.T.);
#11070 = VERTEX_POINT('',#11071);
#11071 = CARTESIAN_POINT('',(-1.27,3.81,8.5));
#11072 = SURFACE_CURVE('',#11073,(#11077,#11084),.PCURVE_S1.);
#11073 = LINE('',#11074,#11075);
#11074 = CARTESIAN_POINT('',(-1.27,3.81,0.));
#11075 = VECTOR('',#11076,1.);
#11076 = DIRECTION('',(0.,0.,1.));
#11077 = PCURVE('',#11017,#11078);
#11078 = DEFINITIONAL_REPRESENTATION('',(#11079),#11083);
#11079 = LINE('',#11080,#11081);
#11080 = CARTESIAN_POINT('',(0.,-7.62));
#11081 = VECTOR('',#11082,1.);
#11082 = DIRECTION('',(1.,0.));
#11083 = ( GEOMETRIC_REPRESENTATION_CONTEXT(2) 
PARAMETRIC_REPRESENTATION_CONTEXT() REPRESENTATION_CONTEXT('2D SPACE',''
  ) );
#11084 = PCURVE('',#11085,#11090);
#11085 = PLANE('',#11086);
#11086 = AXIS2_PLACEMENT_3D('',#11087,#11088,#11089);
#11087 = CARTESIAN_POINT('',(-1.27,3.81,0.));
#11088 = DIRECTION('',(0.,1.,0.));
#11089 = DIRECTION('',(0.,-0.,1.));
#11090 = DEFINITIONAL_REPRESENTATION('',(#11091),#11095);
#11091 = LINE('',#11092,#11093);
#11092 = CARTESIAN_POINT('',(0.,0.));
#11093 = VECTOR('',#11094,1.);
#11094 = DIRECTION('',(1.,0.));
#11095 = ( GEOMETRIC_REPRESENTATION_CONTEXT(2) 
PARAMETRIC_REPRESENTATION_CONTEXT() REPRESENTATION_CONTEXT('2D SPACE',''
  ) );
#11096 = ORIENTED_EDGE('',*,*,#11097,.F.);
#11097 = EDGE_CURVE('',#11009,#11070,#11098,.T.);
#11098 = SURFACE_CURVE('',#11099,(#11103,#11110),.PCURVE_S1.);
#11099 = LINE('',#11100,#11101);
#11100 = CARTESIAN_POINT('',(-1.27,-3.81,8.5));
#11101 = VECTOR('',#11102,1.);
#11102 = DIRECTION('',(0.,1.,0.));
#11103 = PCURVE('',#11017,#11104);
#11104 = DEFINITIONAL_REPRESENTATION('',(#11105),#11109);
#11105 = LINE('',#11106,#11107);
#11106 = CARTESIAN_POINT('',(8.5,0.));
#11107 = VECTOR('',#11108,1.);
#11108 = DIRECTION('',(0.,-1.));
#11109 = ( GEOMETRIC_REPRESENTATION_CONTEXT(2) 
PARAMETRIC_REPRESENTATION_CONTEXT() REPRESENTATION_CONTEXT('2D SPACE',''
  ) );
#11110 = PCURVE('',#11111,#11116);
#11111 = PLANE('',#11112);
#11112 = AXIS2_PLACEMENT_3D('',#11113,#11114,#11115);
#11113 = CARTESIAN_POINT('',(-1.27,-3.81,8.5));
#11114 = DIRECTION('',(0.,0.,1.));
#11115 = DIRECTION('',(1.,0.,-0.));
#11116 = DEFINITIONAL_REPRESENTATION('',(#11117),#11121);
#11117 = LINE('',#11118,#11119);
#11118 = CARTESIAN_POINT('',(0.,0.));
#11119 = VECTOR('',#11120,1.);
#11120 = DIRECTION('',(0.,1.));
#11121 = ( GEOMETRIC_REPRESENTATION_CONTEXT(2) 
PARAMETRIC_REPRESENTATION_CONTEXT() REPRESENTATION_CONTEXT('2D SPACE',''
  ) );
#11122 = ADVANCED_FACE('',(#11123),#11137,.T.);
#11123 = FACE_BOUND('',#11124,.T.);
#11124 = EDGE_LOOP('',(#11125,#11155,#11178,#11201));
#11125 = ORIENTED_EDGE('',*,*,#11126,.F.);
#11126 = EDGE_CURVE('',#11127,#11129,#11131,.T.);
#11127 = VERTEX_POINT('',#11128);
#11128 = CARTESIAN_POINT('',(1.27,-3.81,0.));
#11129 = VERTEX_POINT('',#11130);
#11130 = CARTESIAN_POINT('',(1.27,-3.81,8.5));
#11131 = SURFACE_CURVE('',#11132,(#11136,#11148),.PCURVE_S1.);
#11132 = LINE('',#11133,#11134);
#11133 = CARTESIAN_POINT('',(1.27,-3.81,0.));
#11134 = VECTOR('',#11135,1.);
#11135 = DIRECTION('',(0.,0.,1.));
#11136 = PCURVE('',#11137,#11142);
#11137 = PLANE('',#11138);
#11138 = AXIS2_PLACEMENT_3D('',#11139,#11140,#11141);
#11139 = CARTESIAN_POINT('',(1.27,-3.81,0.));
#11140 = DIRECTION('',(1.,0.,0.));
#11141 = DIRECTION('',(0.,0.,1.));
#11142 = DEFINITIONAL_REPRESENTATION('',(#11143),#11147);
#11143 = LINE('',#11144,#11145);
#11144 = CARTESIAN_POINT('',(0.,0.));
#11145 = VECTOR('',#11146,1.);
#11146 = DIRECTION('',(1.,0.));
#11147 = ( GEOMETRIC_REPRESENTATION_CONTEXT(2) 
PARAMETRIC_REPRESENTATION_CONTEXT() REPRESENTATION_CONTEXT('2D SPACE',''
  ) );
#11148 = PCURVE('',#11029,#11149);
#11149 = DEFINITIONAL_REPRESENTATION('',(#11150),#11154);
#11150 = LINE('',#11151,#11152);
#11151 = CARTESIAN_POINT('',(0.,2.54));
#11152 = VECTOR('',#11153,1.);
#11153 = DIRECTION('',(1.,0.));
#11154 = ( GEOMETRIC_REPRESENTATION_CONTEXT(2) 
PARAMETRIC_REPRESENTATION_CONTEXT() REPRESENTATION_CONTEXT('2D SPACE',''
  ) );
#11155 = ORIENTED_EDGE('',*,*,#11156,.T.);
#11156 = EDGE_CURVE('',#11127,#11157,#11159,.T.);
#11157 = VERTEX_POINT('',#11158);
#11158 = CARTESIAN_POINT('',(1.27,3.81,0.));
#11159 = SURFACE_CURVE('',#11160,(#11164,#11171),.PCURVE_S1.);
#11160 = LINE('',#11161,#11162);
#11161 = CARTESIAN_POINT('',(1.27,-3.81,0.));
#11162 = VECTOR('',#11163,1.);
#11163 = DIRECTION('',(0.,1.,0.));
#11164 = PCURVE('',#11137,#11165);
#11165 = DEFINITIONAL_REPRESENTATION('',(#11166),#11170);
#11166 = LINE('',#11167,#11168);
#11167 = CARTESIAN_POINT('',(0.,0.));
#11168 = VECTOR('',#11169,1.);
#11169 = DIRECTION('',(0.,-1.));
#11170 = ( GEOMETRIC_REPRESENTATION_CONTEXT(2) 
PARAMETRIC_REPRESENTATION_CONTEXT() REPRESENTATION_CONTEXT('2D SPACE',''
  ) );
#11171 = PCURVE('',#11057,#11172);
#11172 = DEFINITIONAL_REPRESENTATION('',(#11173),#11177);
#11173 = LINE('',#11174,#11175);
#11174 = CARTESIAN_POINT('',(2.54,0.));
#11175 = VECTOR('',#11176,1.);
#11176 = DIRECTION('',(0.,1.));
#11177 = ( GEOMETRIC_REPRESENTATION_CONTEXT(2) 
PARAMETRIC_REPRESENTATION_CONTEXT() REPRESENTATION_CONTEXT('2D SPACE',''
  ) );
#11178 = ORIENTED_EDGE('',*,*,#11179,.T.);
#11179 = EDGE_CURVE('',#11157,#11180,#11182,.T.);
#11180 = VERTEX_POINT('',#11181);
#11181 = CARTESIAN_POINT('',(1.27,3.81,8.5));
#11182 = SURFACE_CURVE('',#11183,(#11187,#11194),.PCURVE_S1.);
#11183 = LINE('',#11184,#11185);
#11184 = CARTESIAN_POINT('',(1.27,3.81,0.));
#11185 = VECTOR('',#11186,1.);
#11186 = DIRECTION('',(0.,0.,1.));
#11187 = PCURVE('',#11137,#11188);
#11188 = DEFINITIONAL_REPRESENTATION('',(#11189),#11193);
#11189 = LINE('',#11190,#11191);
#11190 = CARTESIAN_POINT('',(0.,-7.62));
#11191 = VECTOR('',#11192,1.);
#11192 = DIRECTION('',(1.,0.));
#11193 = ( GEOMETRIC_REPRESENTATION_CONTEXT(2) 
PARAMETRIC_REPRESENTATION_CONTEXT() REPRESENTATION_CONTEXT('2D SPACE',''
  ) );
#11194 = PCURVE('',#11085,#11195);
#11195 = DEFINITIONAL_REPRESENTATION('',(#11196),#11200);
#11196 = LINE('',#11197,#11198);
#11197 = CARTESIAN_POINT('',(0.,2.54));
#11198 = VECTOR('',#11199,1.);
#11199 = DIRECTION('',(1.,0.));
#11200 = ( GEOMETRIC_REPRESENTATION_CONTEXT(2) 
PARAMETRIC_REPRESENTATION_CONTEXT() REPRESENTATION_CONTEXT('2D SPACE',''
  ) );
#11201 = ORIENTED_EDGE('',*,*,#11202,.F.);
#11202 = EDGE_CURVE('',#11129,#11180,#11203,.T.);
#11203 = SURFACE_CURVE('',#11204,(#11208,#11215),.PCURVE_S1.);
#11204 = LINE('',#11205,#11206);
#11205 = CARTESIAN_POINT('',(1.27,-3.81,8.5));
#11206 = VECTOR('',#11207,1.);
#11207 = DIRECTION('',(0.,1.,0.));
#11208 = PCURVE('',#11137,#11209);
#11209 = DEFINITIONAL_REPRESENTATION('',(#11210),#11214);
#11210 = LINE('',#11211,#11212);
#11211 = CARTESIAN_POINT('',(8.5,0.));
#11212 = VECTOR('',#11213,1.);
#11213 = DIRECTION('',(0.,-1.));
#11214 = ( GEOMETRIC_REPRESENTATION_CONTEXT(2) 
PARAMETRIC_REPRESENTATION_CONTEXT() REPRESENTATION_CONTEXT('2D SPACE',''
  ) );
#11215 = PCURVE('',#11111,#11216);
#11216 = DEFINITIONAL_REPRESENTATION('',(#11217),#11221);
#11217 = LINE('',#11218,#11219);
#11218 = CARTESIAN_POINT('',(2.54,0.));
#11219 = VECTOR('',#11220,1.);
#11220 = DIRECTION('',(0.,1.));
#11221 = ( GEOMETRIC_REPRESENTATION_CONTEXT(2) 
PARAMETRIC_REPRESENTATION_CONTEXT() REPRESENTATION_CONTEXT('2D SPACE',''
  ) );
#11222 = ADVANCED_FACE('',(#11223),#11029,.F.);
#11223 = FACE_BOUND('',#11224,.F.);
#11224 = EDGE_LOOP('',(#11225,#11246,#11247,#11268));
#11225 = ORIENTED_EDGE('',*,*,#11226,.F.);
#11226 = EDGE_CURVE('',#11007,#11127,#11227,.T.);
#11227 = SURFACE_CURVE('',#11228,(#11232,#11239),.PCURVE_S1.);
#11228 = LINE('',#11229,#11230);
#11229 = CARTESIAN_POINT('',(-1.27,-3.81,0.));
#11230 = VECTOR('',#11231,1.);
#11231 = DIRECTION('',(1.,0.,0.));
#11232 = PCURVE('',#11029,#11233);
#11233 = DEFINITIONAL_REPRESENTATION('',(#11234),#11238);
#11234 = LINE('',#11235,#11236);
#11235 = CARTESIAN_POINT('',(0.,0.));
#11236 = VECTOR('',#11237,1.);
#11237 = DIRECTION('',(0.,1.));
#11238 = ( GEOMETRIC_REPRESENTATION_CONTEXT(2) 
PARAMETRIC_REPRESENTATION_CONTEXT() REPRESENTATION_CONTEXT('2D SPACE',''
  ) );
#11239 = PCURVE('',#11057,#11240);
#11240 = DEFINITIONAL_REPRESENTATION('',(#11241),#11245);
#11241 = LINE('',#11242,#11243);
#11242 = CARTESIAN_POINT('',(0.,0.));
#11243 = VECTOR('',#11244,1.);
#11244 = DIRECTION('',(1.,0.));
#11245 = ( GEOMETRIC_REPRESENTATION_CONTEXT(2) 
PARAMETRIC_REPRESENTATION_CONTEXT() REPRESENTATION_CONTEXT('2D SPACE',''
  ) );
#11246 = ORIENTED_EDGE('',*,*,#11006,.T.);
#11247 = ORIENTED_EDGE('',*,*,#11248,.T.);
#11248 = EDGE_CURVE('',#11009,#11129,#11249,.T.);
#11249 = SURFACE_CURVE('',#11250,(#11254,#11261),.PCURVE_S1.);
#11250 = LINE('',#11251,#11252);
#11251 = CARTESIAN_POINT('',(-1.27,-3.81,8.5));
#11252 = VECTOR('',#11253,1.);
#11253 = DIRECTION('',(1.,0.,0.));
#11254 = PCURVE('',#11029,#11255);
#11255 = DEFINITIONAL_REPRESENTATION('',(#11256),#11260);
#11256 = LINE('',#11257,#11258);
#11257 = CARTESIAN_POINT('',(8.5,0.));
#11258 = VECTOR('',#11259,1.);
#11259 = DIRECTION('',(0.,1.));
#11260 = ( GEOMETRIC_REPRESENTATION_CONTEXT(2) 
PARAMETRIC_REPRESENTATION_CONTEXT() REPRESENTATION_CONTEXT('2D SPACE',''
  ) );
#11261 = PCURVE('',#11111,#11262);
#11262 = DEFINITIONAL_REPRESENTATION('',(#11263),#11267);
#11263 = LINE('',#11264,#11265);
#11264 = CARTESIAN_POINT('',(0.,0.));
#11265 = VECTOR('',#11266,1.);
#11266 = DIRECTION('',(1.,0.));
#11267 = ( GEOMETRIC_REPRESENTATION_CONTEXT(2) 
PARAMETRIC_REPRESENTATION_CONTEXT() REPRESENTATION_CONTEXT('2D SPACE',''
  ) );
#11268 = ORIENTED_EDGE('',*,*,#11126,.F.);
#11269 = ADVANCED_FACE('',(#11270),#11085,.T.);
#11270 = FACE_BOUND('',#11271,.T.);
#11271 = EDGE_LOOP('',(#11272,#11293,#11294,#11315));
#11272 = ORIENTED_EDGE('',*,*,#11273,.F.);
#11273 = EDGE_CURVE('',#11042,#11157,#11274,.T.);
#11274 = SURFACE_CURVE('',#11275,(#11279,#11286),.PCURVE_S1.);
#11275 = LINE('',#11276,#11277);
#11276 = CARTESIAN_POINT('',(-1.27,3.81,0.));
#11277 = VECTOR('',#11278,1.);
#11278 = DIRECTION('',(1.,0.,0.));
#11279 = PCURVE('',#11085,#11280);
#11280 = DEFINITIONAL_REPRESENTATION('',(#11281),#11285);
#11281 = LINE('',#11282,#11283);
#11282 = CARTESIAN_POINT('',(0.,0.));
#11283 = VECTOR('',#11284,1.);
#11284 = DIRECTION('',(0.,1.));
#11285 = ( GEOMETRIC_REPRESENTATION_CONTEXT(2) 
PARAMETRIC_REPRESENTATION_CONTEXT() REPRESENTATION_CONTEXT('2D SPACE',''
  ) );
#11286 = PCURVE('',#11057,#11287);
#11287 = DEFINITIONAL_REPRESENTATION('',(#11288),#11292);
#11288 = LINE('',#11289,#11290);
#11289 = CARTESIAN_POINT('',(0.,7.62));
#11290 = VECTOR('',#11291,1.);
#11291 = DIRECTION('',(1.,0.));
#11292 = ( GEOMETRIC_REPRESENTATION_CONTEXT(2) 
PARAMETRIC_REPRESENTATION_CONTEXT() REPRESENTATION_CONTEXT('2D SPACE',''
  ) );
#11293 = ORIENTED_EDGE('',*,*,#11069,.T.);
#11294 = ORIENTED_EDGE('',*,*,#11295,.T.);
#11295 = EDGE_CURVE('',#11070,#11180,#11296,.T.);
#11296 = SURFACE_CURVE('',#11297,(#11301,#11308),.PCURVE_S1.);
#11297 = LINE('',#11298,#11299);
#11298 = CARTESIAN_POINT('',(-1.27,3.81,8.5));
#11299 = VECTOR('',#11300,1.);
#11300 = DIRECTION('',(1.,0.,0.));
#11301 = PCURVE('',#11085,#11302);
#11302 = DEFINITIONAL_REPRESENTATION('',(#11303),#11307);
#11303 = LINE('',#11304,#11305);
#11304 = CARTESIAN_POINT('',(8.5,0.));
#11305 = VECTOR('',#11306,1.);
#11306 = DIRECTION('',(0.,1.));
#11307 = ( GEOMETRIC_REPRESENTATION_CONTEXT(2) 
PARAMETRIC_REPRESENTATION_CONTEXT() REPRESENTATION_CONTEXT('2D SPACE',''
  ) );
#11308 = PCURVE('',#11111,#11309);
#11309 = DEFINITIONAL_REPRESENTATION('',(#11310),#11314);
#11310 = LINE('',#11311,#11312);
#11311 = CARTESIAN_POINT('',(0.,7.62));
#11312 = VECTOR('',#11313,1.);
#11313 = DIRECTION('',(1.,0.));
#11314 = ( GEOMETRIC_REPRESENTATION_CONTEXT(2) 
PARAMETRIC_REPRESENTATION_CONTEXT() REPRESENTATION_CONTEXT('2D SPACE',''
  ) );
#11315 = ORIENTED_EDGE('',*,*,#11179,.F.);
#11316 = ADVANCED_FACE('',(#11317),#11057,.F.);
#11317 = FACE_BOUND('',#11318,.F.);
#11318 = EDGE_LOOP('',(#11319,#11320,#11321,#11322));
#11319 = ORIENTED_EDGE('',*,*,#11041,.F.);
#11320 = ORIENTED_EDGE('',*,*,#11226,.T.);
#11321 = ORIENTED_EDGE('',*,*,#11156,.T.);
#11322 = ORIENTED_EDGE('',*,*,#11273,.F.);
#11323 = ADVANCED_FACE('',(#11324),#11111,.T.);
#11324 = FACE_BOUND('',#11325,.T.);
#11325 = EDGE_LOOP('',(#11326,#11327,#11328,#11329));
#11326 = ORIENTED_EDGE('',*,*,#11097,.F.);
#11327 = ORIENTED_EDGE('',*,*,#11248,.T.);
#11328 = ORIENTED_EDGE('',*,*,#11202,.T.);
#11329 = ORIENTED_EDGE('',*,*,#11295,.F.);
#11330 = ( GEOMETRIC_REPRESENTATION_CONTEXT(3) 
GLOBAL_UNCERTAINTY_ASSIGNED_CONTEXT((#11334)) 
GLOBAL_UNIT_ASSIGNED_CONTEXT((#11331,#11332,#11333)) 
REPRESENTATION_CONTEXT('Context #1',
  '3D Context with UNIT and UNCERTAINTY') );
#11331 = ( LENGTH_UNIT() NAMED_UNIT(*) SI_UNIT(.MILLI.,.METRE.) );
#11332 = ( NAMED_UNIT(*) PLANE_ANGLE_UNIT() SI_UNIT($,.RADIAN.) );
#11333 = ( NAMED_UNIT(*) SI_UNIT($,.STERADIAN.) SOLID_ANGLE_UNIT() );
#11334 = UNCERTAINTY_MEASURE_WITH_UNIT(LENGTH_MEASURE(1.E-07),#11331,
  'distance_accuracy_value','confusion accuracy');
#11335 = CONTEXT_DEPENDENT_SHAPE_REPRESENTATION(#11336,#11338);
#11336 = ( REPRESENTATION_RELATIONSHIP('','',#10999,#10) 
REPRESENTATION_RELATIONSHIP_WITH_TRANSFORMATION(#11337) 
SHAPE_REPRESENTATION_RELATIONSHIP() );
#11337 = ITEM_DEFINED_TRANSFORMATION('','',#11,#187);
#11338 = PRODUCT_DEFINITION_SHAPE('Placement','Placement of an item',
  #11339);
#11339 = NEXT_ASSEMBLY_USAGE_OCCURRENCE('55','J3','',#5,#10994,$);
#11340 = PRODUCT_RELATED_PRODUCT_CATEGORY('part',$,(#10996));
#11341 = CONTEXT_DEPENDENT_SHAPE_REPRESENTATION(#11342,#11344);
#11342 = ( REPRESENTATION_RELATIONSHIP('','',#10999,#10) 
REPRESENTATION_RELATIONSHIP_WITH_TRANSFORMATION(#11343) 
SHAPE_REPRESENTATION_RELATIONSHIP() );
#11343 = ITEM_DEFINED_TRANSFORMATION('','',#11,#191);
#11344 = PRODUCT_DEFINITION_SHAPE('Placement','Placement of an item',
  #11345);
#11345 = NEXT_ASSEMBLY_USAGE_OCCURRENCE('56','J4','',#5,#10994,$);
#11346 = SHAPE_DEFINITION_REPRESENTATION(#11347,#11353);
#11347 = PRODUCT_DEFINITION_SHAPE('','',#11348);
#11348 = PRODUCT_DEFINITION('design','',#11349,#11352);
#11349 = PRODUCT_DEFINITION_FORMATION('','',#11350);
#11350 = PRODUCT('Q1','Q1','',(#11351));
#11351 = PRODUCT_CONTEXT('',#2,'mechanical');
#11352 = PRODUCT_DEFINITION_CONTEXT('part definition',#2,'design');
#11353 = ADVANCED_BREP_SHAPE_REPRESENTATION('',(#11,#11354),#11684);
#11354 = MANIFOLD_SOLID_BREP('',#11355);
#11355 = CLOSED_SHELL('',(#11356,#11476,#11576,#11623,#11670,#11677));
#11356 = ADVANCED_FACE('',(#11357),#11371,.F.);
#11357 = FACE_BOUND('',#11358,.F.);
#11358 = EDGE_LOOP('',(#11359,#11394,#11422,#11450));
#11359 = ORIENTED_EDGE('',*,*,#11360,.F.);
#11360 = EDGE_CURVE('',#11361,#11363,#11365,.T.);
#11361 = VERTEX_POINT('',#11362);
#11362 = CARTESIAN_POINT('',(-0.7,-1.45,0.));
#11363 = VERTEX_POINT('',#11364);
#11364 = CARTESIAN_POINT('',(-0.7,-1.45,1.1));
#11365 = SURFACE_CURVE('',#11366,(#11370,#11382),.PCURVE_S1.);
#11366 = LINE('',#11367,#11368);
#11367 = CARTESIAN_POINT('',(-0.7,-1.45,0.));
#11368 = VECTOR('',#11369,1.);
#11369 = DIRECTION('',(0.,0.,1.));
#11370 = PCURVE('',#11371,#11376);
#11371 = PLANE('',#11372);
#11372 = AXIS2_PLACEMENT_3D('',#11373,#11374,#11375);
#11373 = CARTESIAN_POINT('',(-0.7,-1.45,0.));
#11374 = DIRECTION('',(1.,0.,0.));
#11375 = DIRECTION('',(0.,0.,1.));
#11376 = DEFINITIONAL_REPRESENTATION('',(#11377),#11381);
#11377 = LINE('',#11378,#11379);
#11378 = CARTESIAN_POINT('',(0.,0.));
#11379 = VECTOR('',#11380,1.);
#11380 = DIRECTION('',(1.,0.));
#11381 = ( GEOMETRIC_REPRESENTATION_CONTEXT(2) 
PARAMETRIC_REPRESENTATION_CONTEXT() REPRESENTATION_CONTEXT('2D SPACE',''
  ) );
#11382 = PCURVE('',#11383,#11388);
#11383 = PLANE('',#11384);
#11384 = AXIS2_PLACEMENT_3D('',#11385,#11386,#11387);
#11385 = CARTESIAN_POINT('',(-0.7,-1.45,0.));
#11386 = DIRECTION('',(0.,1.,0.));
#11387 = DIRECTION('',(0.,-0.,1.));
#11388 = DEFINITIONAL_REPRESENTATION('',(#11389),#11393);
#11389 = LINE('',#11390,#11391);
#11390 = CARTESIAN_POINT('',(0.,0.));
#11391 = VECTOR('',#11392,1.);
#11392 = DIRECTION('',(1.,0.));
#11393 = ( GEOMETRIC_REPRESENTATION_CONTEXT(2) 
PARAMETRIC_REPRESENTATION_CONTEXT() REPRESENTATION_CONTEXT('2D SPACE',''
  ) );
#11394 = ORIENTED_EDGE('',*,*,#11395,.T.);
#11395 = EDGE_CURVE('',#11361,#11396,#11398,.T.);
#11396 = VERTEX_POINT('',#11397);
#11397 = CARTESIAN_POINT('',(-0.7,1.45,0.));
#11398 = SURFACE_CURVE('',#11399,(#11403,#11410),.PCURVE_S1.);
#11399 = LINE('',#11400,#11401);
#11400 = CARTESIAN_POINT('',(-0.7,-1.45,0.));
#11401 = VECTOR('',#11402,1.);
#11402 = DIRECTION('',(0.,1.,0.));
#11403 = PCURVE('',#11371,#11404);
#11404 = DEFINITIONAL_REPRESENTATION('',(#11405),#11409);
#11405 = LINE('',#11406,#11407);
#11406 = CARTESIAN_POINT('',(0.,0.));
#11407 = VECTOR('',#11408,1.);
#11408 = DIRECTION('',(0.,-1.));
#11409 = ( GEOMETRIC_REPRESENTATION_CONTEXT(2) 
PARAMETRIC_REPRESENTATION_CONTEXT() REPRESENTATION_CONTEXT('2D SPACE',''
  ) );
#11410 = PCURVE('',#11411,#11416);
#11411 = PLANE('',#11412);
#11412 = AXIS2_PLACEMENT_3D('',#11413,#11414,#11415);
#11413 = CARTESIAN_POINT('',(-0.7,-1.45,0.));
#11414 = DIRECTION('',(0.,0.,1.));
#11415 = DIRECTION('',(1.,0.,-0.));
#11416 = DEFINITIONAL_REPRESENTATION('',(#11417),#11421);
#11417 = LINE('',#11418,#11419);
#11418 = CARTESIAN_POINT('',(0.,0.));
#11419 = VECTOR('',#11420,1.);
#11420 = DIRECTION('',(0.,1.));
#11421 = ( GEOMETRIC_REPRESENTATION_CONTEXT(2) 
PARAMETRIC_REPRESENTATION_CONTEXT() REPRESENTATION_CONTEXT('2D SPACE',''
  ) );
#11422 = ORIENTED_EDGE('',*,*,#11423,.T.);
#11423 = EDGE_CURVE('',#11396,#11424,#11426,.T.);
#11424 = VERTEX_POINT('',#11425);
#11425 = CARTESIAN_POINT('',(-0.7,1.45,1.1));
#11426 = SURFACE_CURVE('',#11427,(#11431,#11438),.PCURVE_S1.);
#11427 = LINE('',#11428,#11429);
#11428 = CARTESIAN_POINT('',(-0.7,1.45,0.));
#11429 = VECTOR('',#11430,1.);
#11430 = DIRECTION('',(0.,0.,1.));
#11431 = PCURVE('',#11371,#11432);
#11432 = DEFINITIONAL_REPRESENTATION('',(#11433),#11437);
#11433 = LINE('',#11434,#11435);
#11434 = CARTESIAN_POINT('',(0.,-2.9));
#11435 = VECTOR('',#11436,1.);
#11436 = DIRECTION('',(1.,0.));
#11437 = ( GEOMETRIC_REPRESENTATION_CONTEXT(2) 
PARAMETRIC_REPRESENTATION_CONTEXT() REPRESENTATION_CONTEXT('2D SPACE',''
  ) );
#11438 = PCURVE('',#11439,#11444);
#11439 = PLANE('',#11440);
#11440 = AXIS2_PLACEMENT_3D('',#11441,#11442,#11443);
#11441 = CARTESIAN_POINT('',(-0.7,1.45,0.));
#11442 = DIRECTION('',(0.,1.,0.));
#11443 = DIRECTION('',(0.,-0.,1.));
#11444 = DEFINITIONAL_REPRESENTATION('',(#11445),#11449);
#11445 = LINE('',#11446,#11447);
#11446 = CARTESIAN_POINT('',(0.,0.));
#11447 = VECTOR('',#11448,1.);
#11448 = DIRECTION('',(1.,0.));
#11449 = ( GEOMETRIC_REPRESENTATION_CONTEXT(2) 
PARAMETRIC_REPRESENTATION_CONTEXT() REPRESENTATION_CONTEXT('2D SPACE',''
  ) );
#11450 = ORIENTED_EDGE('',*,*,#11451,.F.);
#11451 = EDGE_CURVE('',#11363,#11424,#11452,.T.);
#11452 = SURFACE_CURVE('',#11453,(#11457,#11464),.PCURVE_S1.);
#11453 = LINE('',#11454,#11455);
#11454 = CARTESIAN_POINT('',(-0.7,-1.45,1.1));
#11455 = VECTOR('',#11456,1.);
#11456 = DIRECTION('',(0.,1.,0.));
#11457 = PCURVE('',#11371,#11458);
#11458 = DEFINITIONAL_REPRESENTATION('',(#11459),#11463);
#11459 = LINE('',#11460,#11461);
#11460 = CARTESIAN_POINT('',(1.1,0.));
#11461 = VECTOR('',#11462,1.);
#11462 = DIRECTION('',(0.,-1.));
#11463 = ( GEOMETRIC_REPRESENTATION_CONTEXT(2) 
PARAMETRIC_REPRESENTATION_CONTEXT() REPRESENTATION_CONTEXT('2D SPACE',''
  ) );
#11464 = PCURVE('',#11465,#11470);
#11465 = PLANE('',#11466);
#11466 = AXIS2_PLACEMENT_3D('',#11467,#11468,#11469);
#11467 = CARTESIAN_POINT('',(-0.7,-1.45,1.1));
#11468 = DIRECTION('',(0.,0.,1.));
#11469 = DIRECTION('',(1.,0.,-0.));
#11470 = DEFINITIONAL_REPRESENTATION('',(#11471),#11475);
#11471 = LINE('',#11472,#11473);
#11472 = CARTESIAN_POINT('',(0.,0.));
#11473 = VECTOR('',#11474,1.);
#11474 = DIRECTION('',(0.,1.));
#11475 = ( GEOMETRIC_REPRESENTATION_CONTEXT(2) 
PARAMETRIC_REPRESENTATION_CONTEXT() REPRESENTATION_CONTEXT('2D SPACE',''
  ) );
#11476 = ADVANCED_FACE('',(#11477),#11491,.T.);
#11477 = FACE_BOUND('',#11478,.T.);
#11478 = EDGE_LOOP('',(#11479,#11509,#11532,#11555));
#11479 = ORIENTED_EDGE('',*,*,#11480,.F.);
#11480 = EDGE_CURVE('',#11481,#11483,#11485,.T.);
#11481 = VERTEX_POINT('',#11482);
#11482 = CARTESIAN_POINT('',(0.7,-1.45,0.));
#11483 = VERTEX_POINT('',#11484);
#11484 = CARTESIAN_POINT('',(0.7,-1.45,1.1));
#11485 = SURFACE_CURVE('',#11486,(#11490,#11502),.PCURVE_S1.);
#11486 = LINE('',#11487,#11488);
#11487 = CARTESIAN_POINT('',(0.7,-1.45,0.));
#11488 = VECTOR('',#11489,1.);
#11489 = DIRECTION('',(0.,0.,1.));
#11490 = PCURVE('',#11491,#11496);
#11491 = PLANE('',#11492);
#11492 = AXIS2_PLACEMENT_3D('',#11493,#11494,#11495);
#11493 = CARTESIAN_POINT('',(0.7,-1.45,0.));
#11494 = DIRECTION('',(1.,0.,0.));
#11495 = DIRECTION('',(0.,0.,1.));
#11496 = DEFINITIONAL_REPRESENTATION('',(#11497),#11501);
#11497 = LINE('',#11498,#11499);
#11498 = CARTESIAN_POINT('',(0.,0.));
#11499 = VECTOR('',#11500,1.);
#11500 = DIRECTION('',(1.,0.));
#11501 = ( GEOMETRIC_REPRESENTATION_CONTEXT(2) 
PARAMETRIC_REPRESENTATION_CONTEXT() REPRESENTATION_CONTEXT('2D SPACE',''
  ) );
#11502 = PCURVE('',#11383,#11503);
#11503 = DEFINITIONAL_REPRESENTATION('',(#11504),#11508);
#11504 = LINE('',#11505,#11506);
#11505 = CARTESIAN_POINT('',(0.,1.4));
#11506 = VECTOR('',#11507,1.);
#11507 = DIRECTION('',(1.,0.));
#11508 = ( GEOMETRIC_REPRESENTATION_CONTEXT(2) 
PARAMETRIC_REPRESENTATION_CONTEXT() REPRESENTATION_CONTEXT('2D SPACE',''
  ) );
#11509 = ORIENTED_EDGE('',*,*,#11510,.T.);
#11510 = EDGE_CURVE('',#11481,#11511,#11513,.T.);
#11511 = VERTEX_POINT('',#11512);
#11512 = CARTESIAN_POINT('',(0.7,1.45,0.));
#11513 = SURFACE_CURVE('',#11514,(#11518,#11525),.PCURVE_S1.);
#11514 = LINE('',#11515,#11516);
#11515 = CARTESIAN_POINT('',(0.7,-1.45,0.));
#11516 = VECTOR('',#11517,1.);
#11517 = DIRECTION('',(0.,1.,0.));
#11518 = PCURVE('',#11491,#11519);
#11519 = DEFINITIONAL_REPRESENTATION('',(#11520),#11524);
#11520 = LINE('',#11521,#11522);
#11521 = CARTESIAN_POINT('',(0.,0.));
#11522 = VECTOR('',#11523,1.);
#11523 = DIRECTION('',(0.,-1.));
#11524 = ( GEOMETRIC_REPRESENTATION_CONTEXT(2) 
PARAMETRIC_REPRESENTATION_CONTEXT() REPRESENTATION_CONTEXT('2D SPACE',''
  ) );
#11525 = PCURVE('',#11411,#11526);
#11526 = DEFINITIONAL_REPRESENTATION('',(#11527),#11531);
#11527 = LINE('',#11528,#11529);
#11528 = CARTESIAN_POINT('',(1.4,0.));
#11529 = VECTOR('',#11530,1.);
#11530 = DIRECTION('',(0.,1.));
#11531 = ( GEOMETRIC_REPRESENTATION_CONTEXT(2) 
PARAMETRIC_REPRESENTATION_CONTEXT() REPRESENTATION_CONTEXT('2D SPACE',''
  ) );
#11532 = ORIENTED_EDGE('',*,*,#11533,.T.);
#11533 = EDGE_CURVE('',#11511,#11534,#11536,.T.);
#11534 = VERTEX_POINT('',#11535);
#11535 = CARTESIAN_POINT('',(0.7,1.45,1.1));
#11536 = SURFACE_CURVE('',#11537,(#11541,#11548),.PCURVE_S1.);
#11537 = LINE('',#11538,#11539);
#11538 = CARTESIAN_POINT('',(0.7,1.45,0.));
#11539 = VECTOR('',#11540,1.);
#11540 = DIRECTION('',(0.,0.,1.));
#11541 = PCURVE('',#11491,#11542);
#11542 = DEFINITIONAL_REPRESENTATION('',(#11543),#11547);
#11543 = LINE('',#11544,#11545);
#11544 = CARTESIAN_POINT('',(0.,-2.9));
#11545 = VECTOR('',#11546,1.);
#11546 = DIRECTION('',(1.,0.));
#11547 = ( GEOMETRIC_REPRESENTATION_CONTEXT(2) 
PARAMETRIC_REPRESENTATION_CONTEXT() REPRESENTATION_CONTEXT('2D SPACE',''
  ) );
#11548 = PCURVE('',#11439,#11549);
#11549 = DEFINITIONAL_REPRESENTATION('',(#11550),#11554);
#11550 = LINE('',#11551,#11552);
#11551 = CARTESIAN_POINT('',(0.,1.4));
#11552 = VECTOR('',#11553,1.);
#11553 = DIRECTION('',(1.,0.));
#11554 = ( GEOMETRIC_REPRESENTATION_CONTEXT(2) 
PARAMETRIC_REPRESENTATION_CONTEXT() REPRESENTATION_CONTEXT('2D SPACE',''
  ) );
#11555 = ORIENTED_EDGE('',*,*,#11556,.F.);
#11556 = EDGE_CURVE('',#11483,#11534,#11557,.T.);
#11557 = SURFACE_CURVE('',#11558,(#11562,#11569),.PCURVE_S1.);
#11558 = LINE('',#11559,#11560);
#11559 = CARTESIAN_POINT('',(0.7,-1.45,1.1));
#11560 = VECTOR('',#11561,1.);
#11561 = DIRECTION('',(0.,1.,0.));
#11562 = PCURVE('',#11491,#11563);
#11563 = DEFINITIONAL_REPRESENTATION('',(#11564),#11568);
#11564 = LINE('',#11565,#11566);
#11565 = CARTESIAN_POINT('',(1.1,0.));
#11566 = VECTOR('',#11567,1.);
#11567 = DIRECTION('',(0.,-1.));
#11568 = ( GEOMETRIC_REPRESENTATION_CONTEXT(2) 
PARAMETRIC_REPRESENTATION_CONTEXT() REPRESENTATION_CONTEXT('2D SPACE',''
  ) );
#11569 = PCURVE('',#11465,#11570);
#11570 = DEFINITIONAL_REPRESENTATION('',(#11571),#11575);
#11571 = LINE('',#11572,#11573);
#11572 = CARTESIAN_POINT('',(1.4,0.));
#11573 = VECTOR('',#11574,1.);
#11574 = DIRECTION('',(0.,1.));
#11575 = ( GEOMETRIC_REPRESENTATION_CONTEXT(2) 
PARAMETRIC_REPRESENTATION_CONTEXT() REPRESENTATION_CONTEXT('2D SPACE',''
  ) );
#11576 = ADVANCED_FACE('',(#11577),#11383,.F.);
#11577 = FACE_BOUND('',#11578,.F.);
#11578 = EDGE_LOOP('',(#11579,#11600,#11601,#11622));
#11579 = ORIENTED_EDGE('',*,*,#11580,.F.);
#11580 = EDGE_CURVE('',#11361,#11481,#11581,.T.);
#11581 = SURFACE_CURVE('',#11582,(#11586,#11593),.PCURVE_S1.);
#11582 = LINE('',#11583,#11584);
#11583 = CARTESIAN_POINT('',(-0.7,-1.45,0.));
#11584 = VECTOR('',#11585,1.);
#11585 = DIRECTION('',(1.,0.,0.));
#11586 = PCURVE('',#11383,#11587);
#11587 = DEFINITIONAL_REPRESENTATION('',(#11588),#11592);
#11588 = LINE('',#11589,#11590);
#11589 = CARTESIAN_POINT('',(0.,0.));
#11590 = VECTOR('',#11591,1.);
#11591 = DIRECTION('',(0.,1.));
#11592 = ( GEOMETRIC_REPRESENTATION_CONTEXT(2) 
PARAMETRIC_REPRESENTATION_CONTEXT() REPRESENTATION_CONTEXT('2D SPACE',''
  ) );
#11593 = PCURVE('',#11411,#11594);
#11594 = DEFINITIONAL_REPRESENTATION('',(#11595),#11599);
#11595 = LINE('',#11596,#11597);
#11596 = CARTESIAN_POINT('',(0.,0.));
#11597 = VECTOR('',#11598,1.);
#11598 = DIRECTION('',(1.,0.));
#11599 = ( GEOMETRIC_REPRESENTATION_CONTEXT(2) 
PARAMETRIC_REPRESENTATION_CONTEXT() REPRESENTATION_CONTEXT('2D SPACE',''
  ) );
#11600 = ORIENTED_EDGE('',*,*,#11360,.T.);
#11601 = ORIENTED_EDGE('',*,*,#11602,.T.);
#11602 = EDGE_CURVE('',#11363,#11483,#11603,.T.);
#11603 = SURFACE_CURVE('',#11604,(#11608,#11615),.PCURVE_S1.);
#11604 = LINE('',#11605,#11606);
#11605 = CARTESIAN_POINT('',(-0.7,-1.45,1.1));
#11606 = VECTOR('',#11607,1.);
#11607 = DIRECTION('',(1.,0.,0.));
#11608 = PCURVE('',#11383,#11609);
#11609 = DEFINITIONAL_REPRESENTATION('',(#11610),#11614);
#11610 = LINE('',#11611,#11612);
#11611 = CARTESIAN_POINT('',(1.1,0.));
#11612 = VECTOR('',#11613,1.);
#11613 = DIRECTION('',(0.,1.));
#11614 = ( GEOMETRIC_REPRESENTATION_CONTEXT(2) 
PARAMETRIC_REPRESENTATION_CONTEXT() REPRESENTATION_CONTEXT('2D SPACE',''
  ) );
#11615 = PCURVE('',#11465,#11616);
#11616 = DEFINITIONAL_REPRESENTATION('',(#11617),#11621);
#11617 = LINE('',#11618,#11619);
#11618 = CARTESIAN_POINT('',(0.,0.));
#11619 = VECTOR('',#11620,1.);
#11620 = DIRECTION('',(1.,0.));
#11621 = ( GEOMETRIC_REPRESENTATION_CONTEXT(2) 
PARAMETRIC_REPRESENTATION_CONTEXT() REPRESENTATION_CONTEXT('2D SPACE',''
  ) );
#11622 = ORIENTED_EDGE('',*,*,#11480,.F.);
#11623 = ADVANCED_FACE('',(#11624),#11439,.T.);
#11624 = FACE_BOUND('',#11625,.T.);
#11625 = EDGE_LOOP('',(#11626,#11647,#11648,#11669));
#11626 = ORIENTED_EDGE('',*,*,#11627,.F.);
#11627 = EDGE_CURVE('',#11396,#11511,#11628,.T.);
#11628 = SURFACE_CURVE('',#11629,(#11633,#11640),.PCURVE_S1.);
#11629 = LINE('',#11630,#11631);
#11630 = CARTESIAN_POINT('',(-0.7,1.45,0.));
#11631 = VECTOR('',#11632,1.);
#11632 = DIRECTION('',(1.,0.,0.));
#11633 = PCURVE('',#11439,#11634);
#11634 = DEFINITIONAL_REPRESENTATION('',(#11635),#11639);
#11635 = LINE('',#11636,#11637);
#11636 = CARTESIAN_POINT('',(0.,0.));
#11637 = VECTOR('',#11638,1.);
#11638 = DIRECTION('',(0.,1.));
#11639 = ( GEOMETRIC_REPRESENTATION_CONTEXT(2) 
PARAMETRIC_REPRESENTATION_CONTEXT() REPRESENTATION_CONTEXT('2D SPACE',''
  ) );
#11640 = PCURVE('',#11411,#11641);
#11641 = DEFINITIONAL_REPRESENTATION('',(#11642),#11646);
#11642 = LINE('',#11643,#11644);
#11643 = CARTESIAN_POINT('',(0.,2.9));
#11644 = VECTOR('',#11645,1.);
#11645 = DIRECTION('',(1.,0.));
#11646 = ( GEOMETRIC_REPRESENTATION_CONTEXT(2) 
PARAMETRIC_REPRESENTATION_CONTEXT() REPRESENTATION_CONTEXT('2D SPACE',''
  ) );
#11647 = ORIENTED_EDGE('',*,*,#11423,.T.);
#11648 = ORIENTED_EDGE('',*,*,#11649,.T.);
#11649 = EDGE_CURVE('',#11424,#11534,#11650,.T.);
#11650 = SURFACE_CURVE('',#11651,(#11655,#11662),.PCURVE_S1.);
#11651 = LINE('',#11652,#11653);
#11652 = CARTESIAN_POINT('',(-0.7,1.45,1.1));
#11653 = VECTOR('',#11654,1.);
#11654 = DIRECTION('',(1.,0.,0.));
#11655 = PCURVE('',#11439,#11656);
#11656 = DEFINITIONAL_REPRESENTATION('',(#11657),#11661);
#11657 = LINE('',#11658,#11659);
#11658 = CARTESIAN_POINT('',(1.1,0.));
#11659 = VECTOR('',#11660,1.);
#11660 = DIRECTION('',(0.,1.));
#11661 = ( GEOMETRIC_REPRESENTATION_CONTEXT(2) 
PARAMETRIC_REPRESENTATION_CONTEXT() REPRESENTATION_CONTEXT('2D SPACE',''
  ) );
#11662 = PCURVE('',#11465,#11663);
#11663 = DEFINITIONAL_REPRESENTATION('',(#11664),#11668);
#11664 = LINE('',#11665,#11666);
#11665 = CARTESIAN_POINT('',(0.,2.9));
#11666 = VECTOR('',#11667,1.);
#11667 = DIRECTION('',(1.,0.));
#11668 = ( GEOMETRIC_REPRESENTATION_CONTEXT(2) 
PARAMETRIC_REPRESENTATION_CONTEXT() REPRESENTATION_CONTEXT('2D SPACE',''
  ) );
#11669 = ORIENTED_EDGE('',*,*,#11533,.F.);
#11670 = ADVANCED_FACE('',(#11671),#11411,.F.);
#11671 = FACE_BOUND('',#11672,.F.);
#11672 = EDGE_LOOP('',(#11673,#11674,#11675,#11676));
#11673 = ORIENTED_EDGE('',*,*,#11395,.F.);
#11674 = ORIENTED_EDGE('',*,*,#11580,.T.);
#11675 = ORIENTED_EDGE('',*,*,#11510,.T.);
#11676 = ORIENTED_EDGE('',*,*,#11627,.F.);
#11677 = ADVANCED_FACE('',(#11678),#11465,.T.);
#11678 = FACE_BOUND('',#11679,.T.);
#11679 = EDGE_LOOP('',(#11680,#11681,#11682,#11683));
#11680 = ORIENTED_EDGE('',*,*,#11451,.F.);
#11681 = ORIENTED_EDGE('',*,*,#11602,.T.);
#11682 = ORIENTED_EDGE('',*,*,#11556,.T.);
#11683 = ORIENTED_EDGE('',*,*,#11649,.F.);
#11684 = ( GEOMETRIC_REPRESENTATION_CONTEXT(3) 
GLOBAL_UNCERTAINTY_ASSIGNED_CONTEXT((#11688)) 
GLOBAL_UNIT_ASSIGNED_CONTEXT((#11685,#11686,#11687)) 
REPRESENTATION_CONTEXT('Context #1',
  '3D Context with UNIT and UNCERTAINTY') );
#11685 = ( LENGTH_UNIT() NAMED_UNIT(*) SI_UNIT(.MILLI.,.METRE.) );
#11686 = ( NAMED_UNIT(*) PLANE_ANGLE_UNIT() SI_UNIT($,.RADIAN.) );
#11687 = ( NAMED_UNIT(*) SI_UNIT($,.STERADIAN.) SOLID_ANGLE_UNIT() );
#11688 = UNCERTAINTY_MEASURE_WITH_UNIT(LENGTH_MEASURE(1.E-07),#11685,
  'distance_accuracy_value','confusion accuracy');
#11689 = CONTEXT_DEPENDENT_SHAPE_REPRESENTATION(#11690,#11692);
#11690 = ( REPRESENTATION_RELATIONSHIP('','',#11353,#10) 
REPRESENTATION_RELATIONSHIP_WITH_TRANSFORMATION(#11691) 
SHAPE_REPRESENTATION_RELATIONSHIP() );
#11691 = ITEM_DEFINED_TRANSFORMATION('','',#11,#195);
#11692 = PRODUCT_DEFINITION_SHAPE('Placement','Placement of an item',
  #11693);
#11693 = NEXT_ASSEMBLY_USAGE_OCCURRENCE('57','Q1','',#5,#11348,$);
#11694 = PRODUCT_RELATED_PRODUCT_CATEGORY('part',$,(#11350));
#11695 = CONTEXT_DEPENDENT_SHAPE_REPRESENTATION(#11696,#11698);
#11696 = ( REPRESENTATION_RELATIONSHIP('','',#11353,#10) 
REPRESENTATION_RELATIONSHIP_WITH_TRANSFORMATION(#11697) 
SHAPE_REPRESENTATION_RELATIONSHIP() );
#11697 = ITEM_DEFINED_TRANSFORMATION('','',#11,#199);
#11698 = PRODUCT_DEFINITION_SHAPE('Placement','Placement of an item',
  #11699);
#11699 = NEXT_ASSEMBLY_USAGE_OCCURRENCE('58','Q2','',#5,#11348,$);
#11700 = SHAPE_DEFINITION_REPRESENTATION(#11701,#11707);
#11701 = PRODUCT_DEFINITION_SHAPE('','',#11702);
#11702 = PRODUCT_DEFINITION('design','',#11703,#11706);
#11703 = PRODUCT_DEFINITION_FORMATION('','',#11704);
#11704 = PRODUCT('R1','R1','',(#11705));
#11705 = PRODUCT_CONTEXT('',#2,'mechanical');
#11706 = PRODUCT_DEFINITION_CONTEXT('part definition',#2,'design');
#11707 = ADVANCED_BREP_SHAPE_REPRESENTATION('',(#11,#11708),#12038);
#11708 = MANIFOLD_SOLID_BREP('',#11709);
#11709 = CLOSED_SHELL('',(#11710,#11830,#11930,#11977,#12024,#12031));
#11710 = ADVANCED_FACE('',(#11711),#11725,.F.);
#11711 = FACE_BOUND('',#11712,.F.);
#11712 = EDGE_LOOP('',(#11713,#11748,#11776,#11804));
#11713 = ORIENTED_EDGE('',*,*,#11714,.F.);
#11714 = EDGE_CURVE('',#11715,#11717,#11719,.T.);
#11715 = VERTEX_POINT('',#11716);
#11716 = CARTESIAN_POINT('',(-1.,-0.625,0.));
#11717 = VERTEX_POINT('',#11718);
#11718 = CARTESIAN_POINT('',(-1.,-0.625,0.6));
#11719 = SURFACE_CURVE('',#11720,(#11724,#11736),.PCURVE_S1.);
#11720 = LINE('',#11721,#11722);
#11721 = CARTESIAN_POINT('',(-1.,-0.625,0.));
#11722 = VECTOR('',#11723,1.);
#11723 = DIRECTION('',(0.,0.,1.));
#11724 = PCURVE('',#11725,#11730);
#11725 = PLANE('',#11726);
#11726 = AXIS2_PLACEMENT_3D('',#11727,#11728,#11729);
#11727 = CARTESIAN_POINT('',(-1.,-0.625,0.));
#11728 = DIRECTION('',(1.,0.,0.));
#11729 = DIRECTION('',(0.,0.,1.));
#11730 = DEFINITIONAL_REPRESENTATION('',(#11731),#11735);
#11731 = LINE('',#11732,#11733);
#11732 = CARTESIAN_POINT('',(0.,0.));
#11733 = VECTOR('',#11734,1.);
#11734 = DIRECTION('',(1.,0.));
#11735 = ( GEOMETRIC_REPRESENTATION_CONTEXT(2) 
PARAMETRIC_REPRESENTATION_CONTEXT() REPRESENTATION_CONTEXT('2D SPACE',''
  ) );
#11736 = PCURVE('',#11737,#11742);
#11737 = PLANE('',#11738);
#11738 = AXIS2_PLACEMENT_3D('',#11739,#11740,#11741);
#11739 = CARTESIAN_POINT('',(-1.,-0.625,0.));
#11740 = DIRECTION('',(0.,1.,0.));
#11741 = DIRECTION('',(0.,-0.,1.));
#11742 = DEFINITIONAL_REPRESENTATION('',(#11743),#11747);
#11743 = LINE('',#11744,#11745);
#11744 = CARTESIAN_POINT('',(0.,0.));
#11745 = VECTOR('',#11746,1.);
#11746 = DIRECTION('',(1.,0.));
#11747 = ( GEOMETRIC_REPRESENTATION_CONTEXT(2) 
PARAMETRIC_REPRESENTATION_CONTEXT() REPRESENTATION_CONTEXT('2D SPACE',''
  ) );
#11748 = ORIENTED_EDGE('',*,*,#11749,.T.);
#11749 = EDGE_CURVE('',#11715,#11750,#11752,.T.);
#11750 = VERTEX_POINT('',#11751);
#11751 = CARTESIAN_POINT('',(-1.,0.625,0.));
#11752 = SURFACE_CURVE('',#11753,(#11757,#11764),.PCURVE_S1.);
#11753 = LINE('',#11754,#11755);
#11754 = CARTESIAN_POINT('',(-1.,-0.625,0.));
#11755 = VECTOR('',#11756,1.);
#11756 = DIRECTION('',(0.,1.,0.));
#11757 = PCURVE('',#11725,#11758);
#11758 = DEFINITIONAL_REPRESENTATION('',(#11759),#11763);
#11759 = LINE('',#11760,#11761);
#11760 = CARTESIAN_POINT('',(0.,0.));
#11761 = VECTOR('',#11762,1.);
#11762 = DIRECTION('',(0.,-1.));
#11763 = ( GEOMETRIC_REPRESENTATION_CONTEXT(2) 
PARAMETRIC_REPRESENTATION_CONTEXT() REPRESENTATION_CONTEXT('2D SPACE',''
  ) );
#11764 = PCURVE('',#11765,#11770);
#11765 = PLANE('',#11766);
#11766 = AXIS2_PLACEMENT_3D('',#11767,#11768,#11769);
#11767 = CARTESIAN_POINT('',(-1.,-0.625,0.));
#11768 = DIRECTION('',(0.,0.,1.));
#11769 = DIRECTION('',(1.,0.,-0.));
#11770 = DEFINITIONAL_REPRESENTATION('',(#11771),#11775);
#11771 = LINE('',#11772,#11773);
#11772 = CARTESIAN_POINT('',(0.,0.));
#11773 = VECTOR('',#11774,1.);
#11774 = DIRECTION('',(0.,1.));
#11775 = ( GEOMETRIC_REPRESENTATION_CONTEXT(2) 
PARAMETRIC_REPRESENTATION_CONTEXT() REPRESENTATION_CONTEXT('2D SPACE',''
  ) );
#11776 = ORIENTED_EDGE('',*,*,#11777,.T.);
#11777 = EDGE_CURVE('',#11750,#11778,#11780,.T.);
#11778 = VERTEX_POINT('',#11779);
#11779 = CARTESIAN_POINT('',(-1.,0.625,0.6));
#11780 = SURFACE_CURVE('',#11781,(#11785,#11792),.PCURVE_S1.);
#11781 = LINE('',#11782,#11783);
#11782 = CARTESIAN_POINT('',(-1.,0.625,0.));
#11783 = VECTOR('',#11784,1.);
#11784 = DIRECTION('',(0.,0.,1.));
#11785 = PCURVE('',#11725,#11786);
#11786 = DEFINITIONAL_REPRESENTATION('',(#11787),#11791);
#11787 = LINE('',#11788,#11789);
#11788 = CARTESIAN_POINT('',(0.,-1.25));
#11789 = VECTOR('',#11790,1.);
#11790 = DIRECTION('',(1.,0.));
#11791 = ( GEOMETRIC_REPRESENTATION_CONTEXT(2) 
PARAMETRIC_REPRESENTATION_CONTEXT() REPRESENTATION_CONTEXT('2D SPACE',''
  ) );
#11792 = PCURVE('',#11793,#11798);
#11793 = PLANE('',#11794);
#11794 = AXIS2_PLACEMENT_3D('',#11795,#11796,#11797);
#11795 = CARTESIAN_POINT('',(-1.,0.625,0.));
#11796 = DIRECTION('',(0.,1.,0.));
#11797 = DIRECTION('',(0.,-0.,1.));
#11798 = DEFINITIONAL_REPRESENTATION('',(#11799),#11803);
#11799 = LINE('',#11800,#11801);
#11800 = CARTESIAN_POINT('',(0.,0.));
#11801 = VECTOR('',#11802,1.);
#11802 = DIRECTION('',(1.,0.));
#11803 = ( GEOMETRIC_REPRESENTATION_CONTEXT(2) 
PARAMETRIC_REPRESENTATION_CONTEXT() REPRESENTATION_CONTEXT('2D SPACE',''
  ) );
#11804 = ORIENTED_EDGE('',*,*,#11805,.F.);
#11805 = EDGE_CURVE('',#11717,#11778,#11806,.T.);
#11806 = SURFACE_CURVE('',#11807,(#11811,#11818),.PCURVE_S1.);
#11807 = LINE('',#11808,#11809);
#11808 = CARTESIAN_POINT('',(-1.,-0.625,0.6));
#11809 = VECTOR('',#11810,1.);
#11810 = DIRECTION('',(0.,1.,0.));
#11811 = PCURVE('',#11725,#11812);
#11812 = DEFINITIONAL_REPRESENTATION('',(#11813),#11817);
#11813 = LINE('',#11814,#11815);
#11814 = CARTESIAN_POINT('',(0.6,0.));
#11815 = VECTOR('',#11816,1.);
#11816 = DIRECTION('',(0.,-1.));
#11817 = ( GEOMETRIC_REPRESENTATION_CONTEXT(2) 
PARAMETRIC_REPRESENTATION_CONTEXT() REPRESENTATION_CONTEXT('2D SPACE',''
  ) );
#11818 = PCURVE('',#11819,#11824);
#11819 = PLANE('',#11820);
#11820 = AXIS2_PLACEMENT_3D('',#11821,#11822,#11823);
#11821 = CARTESIAN_POINT('',(-1.,-0.625,0.6));
#11822 = DIRECTION('',(0.,0.,1.));
#11823 = DIRECTION('',(1.,0.,-0.));
#11824 = DEFINITIONAL_REPRESENTATION('',(#11825),#11829);
#11825 = LINE('',#11826,#11827);
#11826 = CARTESIAN_POINT('',(0.,0.));
#11827 = VECTOR('',#11828,1.);
#11828 = DIRECTION('',(0.,1.));
#11829 = ( GEOMETRIC_REPRESENTATION_CONTEXT(2) 
PARAMETRIC_REPRESENTATION_CONTEXT() REPRESENTATION_CONTEXT('2D SPACE',''
  ) );
#11830 = ADVANCED_FACE('',(#11831),#11845,.T.);
#11831 = FACE_BOUND('',#11832,.T.);
#11832 = EDGE_LOOP('',(#11833,#11863,#11886,#11909));
#11833 = ORIENTED_EDGE('',*,*,#11834,.F.);
#11834 = EDGE_CURVE('',#11835,#11837,#11839,.T.);
#11835 = VERTEX_POINT('',#11836);
#11836 = CARTESIAN_POINT('',(1.,-0.625,0.));
#11837 = VERTEX_POINT('',#11838);
#11838 = CARTESIAN_POINT('',(1.,-0.625,0.6));
#11839 = SURFACE_CURVE('',#11840,(#11844,#11856),.PCURVE_S1.);
#11840 = LINE('',#11841,#11842);
#11841 = CARTESIAN_POINT('',(1.,-0.625,0.));
#11842 = VECTOR('',#11843,1.);
#11843 = DIRECTION('',(0.,0.,1.));
#11844 = PCURVE('',#11845,#11850);
#11845 = PLANE('',#11846);
#11846 = AXIS2_PLACEMENT_3D('',#11847,#11848,#11849);
#11847 = CARTESIAN_POINT('',(1.,-0.625,0.));
#11848 = DIRECTION('',(1.,0.,0.));
#11849 = DIRECTION('',(0.,0.,1.));
#11850 = DEFINITIONAL_REPRESENTATION('',(#11851),#11855);
#11851 = LINE('',#11852,#11853);
#11852 = CARTESIAN_POINT('',(0.,0.));
#11853 = VECTOR('',#11854,1.);
#11854 = DIRECTION('',(1.,0.));
#11855 = ( GEOMETRIC_REPRESENTATION_CONTEXT(2) 
PARAMETRIC_REPRESENTATION_CONTEXT() REPRESENTATION_CONTEXT('2D SPACE',''
  ) );
#11856 = PCURVE('',#11737,#11857);
#11857 = DEFINITIONAL_REPRESENTATION('',(#11858),#11862);
#11858 = LINE('',#11859,#11860);
#11859 = CARTESIAN_POINT('',(0.,2.));
#11860 = VECTOR('',#11861,1.);
#11861 = DIRECTION('',(1.,0.));
#11862 = ( GEOMETRIC_REPRESENTATION_CONTEXT(2) 
PARAMETRIC_REPRESENTATION_CONTEXT() REPRESENTATION_CONTEXT('2D SPACE',''
  ) );
#11863 = ORIENTED_EDGE('',*,*,#11864,.T.);
#11864 = EDGE_CURVE('',#11835,#11865,#11867,.T.);
#11865 = VERTEX_POINT('',#11866);
#11866 = CARTESIAN_POINT('',(1.,0.625,0.));
#11867 = SURFACE_CURVE('',#11868,(#11872,#11879),.PCURVE_S1.);
#11868 = LINE('',#11869,#11870);
#11869 = CARTESIAN_POINT('',(1.,-0.625,0.));
#11870 = VECTOR('',#11871,1.);
#11871 = DIRECTION('',(0.,1.,0.));
#11872 = PCURVE('',#11845,#11873);
#11873 = DEFINITIONAL_REPRESENTATION('',(#11874),#11878);
#11874 = LINE('',#11875,#11876);
#11875 = CARTESIAN_POINT('',(0.,0.));
#11876 = VECTOR('',#11877,1.);
#11877 = DIRECTION('',(0.,-1.));
#11878 = ( GEOMETRIC_REPRESENTATION_CONTEXT(2) 
PARAMETRIC_REPRESENTATION_CONTEXT() REPRESENTATION_CONTEXT('2D SPACE',''
  ) );
#11879 = PCURVE('',#11765,#11880);
#11880 = DEFINITIONAL_REPRESENTATION('',(#11881),#11885);
#11881 = LINE('',#11882,#11883);
#11882 = CARTESIAN_POINT('',(2.,0.));
#11883 = VECTOR('',#11884,1.);
#11884 = DIRECTION('',(0.,1.));
#11885 = ( GEOMETRIC_REPRESENTATION_CONTEXT(2) 
PARAMETRIC_REPRESENTATION_CONTEXT() REPRESENTATION_CONTEXT('2D SPACE',''
  ) );
#11886 = ORIENTED_EDGE('',*,*,#11887,.T.);
#11887 = EDGE_CURVE('',#11865,#11888,#11890,.T.);
#11888 = VERTEX_POINT('',#11889);
#11889 = CARTESIAN_POINT('',(1.,0.625,0.6));
#11890 = SURFACE_CURVE('',#11891,(#11895,#11902),.PCURVE_S1.);
#11891 = LINE('',#11892,#11893);
#11892 = CARTESIAN_POINT('',(1.,0.625,0.));
#11893 = VECTOR('',#11894,1.);
#11894 = DIRECTION('',(0.,0.,1.));
#11895 = PCURVE('',#11845,#11896);
#11896 = DEFINITIONAL_REPRESENTATION('',(#11897),#11901);
#11897 = LINE('',#11898,#11899);
#11898 = CARTESIAN_POINT('',(0.,-1.25));
#11899 = VECTOR('',#11900,1.);
#11900 = DIRECTION('',(1.,0.));
#11901 = ( GEOMETRIC_REPRESENTATION_CONTEXT(2) 
PARAMETRIC_REPRESENTATION_CONTEXT() REPRESENTATION_CONTEXT('2D SPACE',''
  ) );
#11902 = PCURVE('',#11793,#11903);
#11903 = DEFINITIONAL_REPRESENTATION('',(#11904),#11908);
#11904 = LINE('',#11905,#11906);
#11905 = CARTESIAN_POINT('',(0.,2.));
#11906 = VECTOR('',#11907,1.);
#11907 = DIRECTION('',(1.,0.));
#11908 = ( GEOMETRIC_REPRESENTATION_CONTEXT(2) 
PARAMETRIC_REPRESENTATION_CONTEXT() REPRESENTATION_CONTEXT('2D SPACE',''
  ) );
#11909 = ORIENTED_EDGE('',*,*,#11910,.F.);
#11910 = EDGE_CURVE('',#11837,#11888,#11911,.T.);
#11911 = SURFACE_CURVE('',#11912,(#11916,#11923),.PCURVE_S1.);
#11912 = LINE('',#11913,#11914);
#11913 = CARTESIAN_POINT('',(1.,-0.625,0.6));
#11914 = VECTOR('',#11915,1.);
#11915 = DIRECTION('',(0.,1.,0.));
#11916 = PCURVE('',#11845,#11917);
#11917 = DEFINITIONAL_REPRESENTATION('',(#11918),#11922);
#11918 = LINE('',#11919,#11920);
#11919 = CARTESIAN_POINT('',(0.6,0.));
#11920 = VECTOR('',#11921,1.);
#11921 = DIRECTION('',(0.,-1.));
#11922 = ( GEOMETRIC_REPRESENTATION_CONTEXT(2) 
PARAMETRIC_REPRESENTATION_CONTEXT() REPRESENTATION_CONTEXT('2D SPACE',''
  ) );
#11923 = PCURVE('',#11819,#11924);
#11924 = DEFINITIONAL_REPRESENTATION('',(#11925),#11929);
#11925 = LINE('',#11926,#11927);
#11926 = CARTESIAN_POINT('',(2.,0.));
#11927 = VECTOR('',#11928,1.);
#11928 = DIRECTION('',(0.,1.));
#11929 = ( GEOMETRIC_REPRESENTATION_CONTEXT(2) 
PARAMETRIC_REPRESENTATION_CONTEXT() REPRESENTATION_CONTEXT('2D SPACE',''
  ) );
#11930 = ADVANCED_FACE('',(#11931),#11737,.F.);
#11931 = FACE_BOUND('',#11932,.F.);
#11932 = EDGE_LOOP('',(#11933,#11954,#11955,#11976));
#11933 = ORIENTED_EDGE('',*,*,#11934,.F.);
#11934 = EDGE_CURVE('',#11715,#11835,#11935,.T.);
#11935 = SURFACE_CURVE('',#11936,(#11940,#11947),.PCURVE_S1.);
#11936 = LINE('',#11937,#11938);
#11937 = CARTESIAN_POINT('',(-1.,-0.625,0.));
#11938 = VECTOR('',#11939,1.);
#11939 = DIRECTION('',(1.,0.,0.));
#11940 = PCURVE('',#11737,#11941);
#11941 = DEFINITIONAL_REPRESENTATION('',(#11942),#11946);
#11942 = LINE('',#11943,#11944);
#11943 = CARTESIAN_POINT('',(0.,0.));
#11944 = VECTOR('',#11945,1.);
#11945 = DIRECTION('',(0.,1.));
#11946 = ( GEOMETRIC_REPRESENTATION_CONTEXT(2) 
PARAMETRIC_REPRESENTATION_CONTEXT() REPRESENTATION_CONTEXT('2D SPACE',''
  ) );
#11947 = PCURVE('',#11765,#11948);
#11948 = DEFINITIONAL_REPRESENTATION('',(#11949),#11953);
#11949 = LINE('',#11950,#11951);
#11950 = CARTESIAN_POINT('',(0.,0.));
#11951 = VECTOR('',#11952,1.);
#11952 = DIRECTION('',(1.,0.));
#11953 = ( GEOMETRIC_REPRESENTATION_CONTEXT(2) 
PARAMETRIC_REPRESENTATION_CONTEXT() REPRESENTATION_CONTEXT('2D SPACE',''
  ) );
#11954 = ORIENTED_EDGE('',*,*,#11714,.T.);
#11955 = ORIENTED_EDGE('',*,*,#11956,.T.);
#11956 = EDGE_CURVE('',#11717,#11837,#11957,.T.);
#11957 = SURFACE_CURVE('',#11958,(#11962,#11969),.PCURVE_S1.);
#11958 = LINE('',#11959,#11960);
#11959 = CARTESIAN_POINT('',(-1.,-0.625,0.6));
#11960 = VECTOR('',#11961,1.);
#11961 = DIRECTION('',(1.,0.,0.));
#11962 = PCURVE('',#11737,#11963);
#11963 = DEFINITIONAL_REPRESENTATION('',(#11964),#11968);
#11964 = LINE('',#11965,#11966);
#11965 = CARTESIAN_POINT('',(0.6,0.));
#11966 = VECTOR('',#11967,1.);
#11967 = DIRECTION('',(0.,1.));
#11968 = ( GEOMETRIC_REPRESENTATION_CONTEXT(2) 
PARAMETRIC_REPRESENTATION_CONTEXT() REPRESENTATION_CONTEXT('2D SPACE',''
  ) );
#11969 = PCURVE('',#11819,#11970);
#11970 = DEFINITIONAL_REPRESENTATION('',(#11971),#11975);
#11971 = LINE('',#11972,#11973);
#11972 = CARTESIAN_POINT('',(0.,0.));
#11973 = VECTOR('',#11974,1.);
#11974 = DIRECTION('',(1.,0.));
#11975 = ( GEOMETRIC_REPRESENTATION_CONTEXT(2) 
PARAMETRIC_REPRESENTATION_CONTEXT() REPRESENTATION_CONTEXT('2D SPACE',''
  ) );
#11976 = ORIENTED_EDGE('',*,*,#11834,.F.);
#11977 = ADVANCED_FACE('',(#11978),#11793,.T.);
#11978 = FACE_BOUND('',#11979,.T.);
#11979 = EDGE_LOOP('',(#11980,#12001,#12002,#12023));
#11980 = ORIENTED_EDGE('',*,*,#11981,.F.);
#11981 = EDGE_CURVE('',#11750,#11865,#11982,.T.);
#11982 = SURFACE_CURVE('',#11983,(#11987,#11994),.PCURVE_S1.);
#11983 = LINE('',#11984,#11985);
#11984 = CARTESIAN_POINT('',(-1.,0.625,0.));
#11985 = VECTOR('',#11986,1.);
#11986 = DIRECTION('',(1.,0.,0.));
#11987 = PCURVE('',#11793,#11988);
#11988 = DEFINITIONAL_REPRESENTATION('',(#11989),#11993);
#11989 = LINE('',#11990,#11991);
#11990 = CARTESIAN_POINT('',(0.,0.));
#11991 = VECTOR('',#11992,1.);
#11992 = DIRECTION('',(0.,1.));
#11993 = ( GEOMETRIC_REPRESENTATION_CONTEXT(2) 
PARAMETRIC_REPRESENTATION_CONTEXT() REPRESENTATION_CONTEXT('2D SPACE',''
  ) );
#11994 = PCURVE('',#11765,#11995);
#11995 = DEFINITIONAL_REPRESENTATION('',(#11996),#12000);
#11996 = LINE('',#11997,#11998);
#11997 = CARTESIAN_POINT('',(0.,1.25));
#11998 = VECTOR('',#11999,1.);
#11999 = DIRECTION('',(1.,0.));
#12000 = ( GEOMETRIC_REPRESENTATION_CONTEXT(2) 
PARAMETRIC_REPRESENTATION_CONTEXT() REPRESENTATION_CONTEXT('2D SPACE',''
  ) );
#12001 = ORIENTED_EDGE('',*,*,#11777,.T.);
#12002 = ORIENTED_EDGE('',*,*,#12003,.T.);
#12003 = EDGE_CURVE('',#11778,#11888,#12004,.T.);
#12004 = SURFACE_CURVE('',#12005,(#12009,#12016),.PCURVE_S1.);
#12005 = LINE('',#12006,#12007);
#12006 = CARTESIAN_POINT('',(-1.,0.625,0.6));
#12007 = VECTOR('',#12008,1.);
#12008 = DIRECTION('',(1.,0.,0.));
#12009 = PCURVE('',#11793,#12010);
#12010 = DEFINITIONAL_REPRESENTATION('',(#12011),#12015);
#12011 = LINE('',#12012,#12013);
#12012 = CARTESIAN_POINT('',(0.6,0.));
#12013 = VECTOR('',#12014,1.);
#12014 = DIRECTION('',(0.,1.));
#12015 = ( GEOMETRIC_REPRESENTATION_CONTEXT(2) 
PARAMETRIC_REPRESENTATION_CONTEXT() REPRESENTATION_CONTEXT('2D SPACE',''
  ) );
#12016 = PCURVE('',#11819,#12017);
#12017 = DEFINITIONAL_REPRESENTATION('',(#12018),#12022);
#12018 = LINE('',#12019,#12020);
#12019 = CARTESIAN_POINT('',(0.,1.25));
#12020 = VECTOR('',#12021,1.);
#12021 = DIRECTION('',(1.,0.));
#12022 = ( GEOMETRIC_REPRESENTATION_CONTEXT(2) 
PARAMETRIC_REPRESENTATION_CONTEXT() REPRESENTATION_CONTEXT('2D SPACE',''
  ) );
#12023 = ORIENTED_EDGE('',*,*,#11887,.F.);
#12024 = ADVANCED_FACE('',(#12025),#11765,.F.);
#12025 = FACE_BOUND('',#12026,.F.);
#12026 = EDGE_LOOP('',(#12027,#12028,#12029,#12030));
#12027 = ORIENTED_EDGE('',*,*,#11749,.F.);
#12028 = ORIENTED_EDGE('',*,*,#11934,.T.);
#12029 = ORIENTED_EDGE('',*,*,#11864,.T.);
#12030 = ORIENTED_EDGE('',*,*,#11981,.F.);
#12031 = ADVANCED_FACE('',(#12032),#11819,.T.);
#12032 = FACE_BOUND('',#12033,.T.);
#12033 = EDGE_LOOP('',(#12034,#12035,#12036,#12037));
#12034 = ORIENTED_EDGE('',*,*,#11805,.F.);
#12035 = ORIENTED_EDGE('',*,*,#11956,.T.);
#12036 = ORIENTED_EDGE('',*,*,#11910,.T.);
#12037 = ORIENTED_EDGE('',*,*,#12003,.F.);
#12038 = ( GEOMETRIC_REPRESENTATION_CONTEXT(3) 
GLOBAL_UNCERTAINTY_ASSIGNED_CONTEXT((#12042)) 
GLOBAL_UNIT_ASSIGNED_CONTEXT((#12039,#12040,#12041)) 
REPRESENTATION_CONTEXT('Context #1',
  '3D Context with UNIT and UNCERTAINTY') );
#12039 = ( LENGTH_UNIT() NAMED_UNIT(*) SI_UNIT(.MILLI.,.METRE.) );
#12040 = ( NAMED_UNIT(*) PLANE_ANGLE_UNIT() SI_UNIT($,.RADIAN.) );
#12041 = ( NAMED_UNIT(*) SI_UNIT($,.STERADIAN.) SOLID_ANGLE_UNIT() );
#12042 = UNCERTAINTY_MEASURE_WITH_UNIT(LENGTH_MEASURE(1.E-07),#12039,
  'distance_accuracy_value','confusion accuracy');
#12043 = CONTEXT_DEPENDENT_SHAPE_REPRESENTATION(#12044,#12046);
#12044 = ( REPRESENTATION_RELATIONSHIP('','',#11707,#10) 
REPRESENTATION_RELATIONSHIP_WITH_TRANSFORMATION(#12045) 
SHAPE_REPRESENTATION_RELATIONSHIP() );
#12045 = ITEM_DEFINED_TRANSFORMATION('','',#11,#203);
#12046 = PRODUCT_DEFINITION_SHAPE('Placement','Placement of an item',
  #12047);
#12047 = NEXT_ASSEMBLY_USAGE_OCCURRENCE('59','R1','',#5,#11702,$);
#12048 = PRODUCT_RELATED_PRODUCT_CATEGORY('part',$,(#11704));
#12049 = CONTEXT_DEPENDENT_SHAPE_REPRESENTATION(#12050,#12052);
#12050 = ( REPRESENTATION_RELATIONSHIP('','',#11707,#10) 
REPRESENTATION_RELATIONSHIP_WITH_TRANSFORMATION(#12051) 
SHAPE_REPRESENTATION_RELATIONSHIP() );
#12051 = ITEM_DEFINED_TRANSFORMATION('','',#11,#207);
#12052 = PRODUCT_DEFINITION_SHAPE('Placement','Placement of an item',
  #12053);
#12053 = NEXT_ASSEMBLY_USAGE_OCCURRENCE('60','R10','',#5,#11702,$);
#12054 = CONTEXT_DEPENDENT_SHAPE_REPRESENTATION(#12055,#12057);
#12055 = ( REPRESENTATION_RELATIONSHIP('','',#11707,#10) 
REPRESENTATION_RELATIONSHIP_WITH_TRANSFORMATION(#12056) 
SHAPE_REPRESENTATION_RELATIONSHIP() );
#12056 = ITEM_DEFINED_TRANSFORMATION('','',#11,#211);
#12057 = PRODUCT_DEFINITION_SHAPE('Placement','Placement of an item',
  #12058);
#12058 = NEXT_ASSEMBLY_USAGE_OCCURRENCE('61','R11','',#5,#11702,$);
#12059 = CONTEXT_DEPENDENT_SHAPE_REPRESENTATION(#12060,#12062);
#12060 = ( REPRESENTATION_RELATIONSHIP('','',#11707,#10) 
REPRESENTATION_RELATIONSHIP_WITH_TRANSFORMATION(#12061) 
SHAPE_REPRESENTATION_RELATIONSHIP() );
#12061 = ITEM_DEFINED_TRANSFORMATION('','',#11,#215);
#12062 = PRODUCT_DEFINITION_SHAPE('Placement','Placement of an item',
  #12063);
#12063 = NEXT_ASSEMBLY_USAGE_OCCURRENCE('62','R12','',#5,#11702,$);
#12064 = CONTEXT_DEPENDENT_SHAPE_REPRESENTATION(#12065,#12067);
#12065 = ( REPRESENTATION_RELATIONSHIP('','',#11707,#10) 
REPRESENTATION_RELATIONSHIP_WITH_TRANSFORMATION(#12066) 
SHAPE_REPRESENTATION_RELATIONSHIP() );
#12066 = ITEM_DEFINED_TRANSFORMATION('','',#11,#219);
#12067 = PRODUCT_DEFINITION_SHAPE('Placement','Placement of an item',
  #12068);
#12068 = NEXT_ASSEMBLY_USAGE_OCCURRENCE('63','R13','',#5,#11702,$);
#12069 = CONTEXT_DEPENDENT_SHAPE_REPRESENTATION(#12070,#12072);
#12070 = ( REPRESENTATION_RELATIONSHIP('','',#11707,#10) 
REPRESENTATION_RELATIONSHIP_WITH_TRANSFORMATION(#12071) 
SHAPE_REPRESENTATION_RELATIONSHIP() );
#12071 = ITEM_DEFINED_TRANSFORMATION('','',#11,#223);
#12072 = PRODUCT_DEFINITION_SHAPE('Placement','Placement of an item',
  #12073);
#12073 = NEXT_ASSEMBLY_USAGE_OCCURRENCE('64','R14','',#5,#11702,$);
#12074 = CONTEXT_DEPENDENT_SHAPE_REPRESENTATION(#12075,#12077);
#12075 = ( REPRESENTATION_RELATIONSHIP('','',#11707,#10) 
REPRESENTATION_RELATIONSHIP_WITH_TRANSFORMATION(#12076) 
SHAPE_REPRESENTATION_RELATIONSHIP() );
#12076 = ITEM_DEFINED_TRANSFORMATION('','',#11,#227);
#12077 = PRODUCT_DEFINITION_SHAPE('Placement','Placement of an item',
  #12078);
#12078 = NEXT_ASSEMBLY_USAGE_OCCURRENCE('65','R15','',#5,#11702,$);
#12079 = CONTEXT_DEPENDENT_SHAPE_REPRESENTATION(#12080,#12082);
#12080 = ( REPRESENTATION_RELATIONSHIP('','',#11707,#10) 
REPRESENTATION_RELATIONSHIP_WITH_TRANSFORMATION(#12081) 
SHAPE_REPRESENTATION_RELATIONSHIP() );
#12081 = ITEM_DEFINED_TRANSFORMATION('','',#11,#231);
#12082 = PRODUCT_DEFINITION_SHAPE('Placement','Placement of an item',
  #12083);
#12083 = NEXT_ASSEMBLY_USAGE_OCCURRENCE('66','R16','',#5,#11702,$);
#12084 = CONTEXT_DEPENDENT_SHAPE_REPRESENTATION(#12085,#12087);
#12085 = ( REPRESENTATION_RELATIONSHIP('','',#11707,#10) 
REPRESENTATION_RELATIONSHIP_WITH_TRANSFORMATION(#12086) 
SHAPE_REPRESENTATION_RELATIONSHIP() );
#12086 = ITEM_DEFINED_TRANSFORMATION('','',#11,#235);
#12087 = PRODUCT_DEFINITION_SHAPE('Placement','Placement of an item',
  #12088);
#12088 = NEXT_ASSEMBLY_USAGE_OCCURRENCE('67','R17','',#5,#11702,$);
#12089 = CONTEXT_DEPENDENT_SHAPE_REPRESENTATION(#12090,#12092);
#12090 = ( REPRESENTATION_RELATIONSHIP('','',#11707,#10) 
REPRESENTATION_RELATIONSHIP_WITH_TRANSFORMATION(#12091) 
SHAPE_REPRESENTATION_RELATIONSHIP() );
#12091 = ITEM_DEFINED_TRANSFORMATION('','',#11,#239);
#12092 = PRODUCT_DEFINITION_SHAPE('Placement','Placement of an item',
  #12093);
#12093 = NEXT_ASSEMBLY_USAGE_OCCURRENCE('68','R18','',#5,#11702,$);
#12094 = CONTEXT_DEPENDENT_SHAPE_REPRESENTATION(#12095,#12097);
#12095 = ( REPRESENTATION_RELATIONSHIP('','',#11707,#10) 
REPRESENTATION_RELATIONSHIP_WITH_TRANSFORMATION(#12096) 
SHAPE_REPRESENTATION_RELATIONSHIP() );
#12096 = ITEM_DEFINED_TRANSFORMATION('','',#11,#243);
#12097 = PRODUCT_DEFINITION_SHAPE('Placement','Placement of an item',
  #12098);
#12098 = NEXT_ASSEMBLY_USAGE_OCCURRENCE('69','R19','',#5,#11702,$);
#12099 = CONTEXT_DEPENDENT_SHAPE_REPRESENTATION(#12100,#12102);
#12100 = ( REPRESENTATION_RELATIONSHIP('','',#11707,#10) 
REPRESENTATION_RELATIONSHIP_WITH_TRANSFORMATION(#12101) 
SHAPE_REPRESENTATION_RELATIONSHIP() );
#12101 = ITEM_DEFINED_TRANSFORMATION('','',#11,#247);
#12102 = PRODUCT_DEFINITION_SHAPE('Placement','Placement of an item',
  #12103);
#12103 = NEXT_ASSEMBLY_USAGE_OCCURRENCE('70','R2','',#5,#11702,$);
#12104 = CONTEXT_DEPENDENT_SHAPE_REPRESENTATION(#12105,#12107);
#12105 = ( REPRESENTATION_RELATIONSHIP('','',#11707,#10) 
REPRESENTATION_RELATIONSHIP_WITH_TRANSFORMATION(#12106) 
SHAPE_REPRESENTATION_RELATIONSHIP() );
#12106 = ITEM_DEFINED_TRANSFORMATION('','',#11,#251);
#12107 = PRODUCT_DEFINITION_SHAPE('Placement','Placement of an item',
  #12108);
#12108 = NEXT_ASSEMBLY_USAGE_OCCURRENCE('71','R20','',#5,#11702,$);
#12109 = CONTEXT_DEPENDENT_SHAPE_REPRESENTATION(#12110,#12112);
#12110 = ( REPRESENTATION_RELATIONSHIP('','',#11707,#10) 
REPRESENTATION_RELATIONSHIP_WITH_TRANSFORMATION(#12111) 
SHAPE_REPRESENTATION_RELATIONSHIP() );
#12111 = ITEM_DEFINED_TRANSFORMATION('','',#11,#255);
#12112 = PRODUCT_DEFINITION_SHAPE('Placement','Placement of an item',
  #12113);
#12113 = NEXT_ASSEMBLY_USAGE_OCCURRENCE('72','R21','',#5,#11702,$);
#12114 = CONTEXT_DEPENDENT_SHAPE_REPRESENTATION(#12115,#12117);
#12115 = ( REPRESENTATION_RELATIONSHIP('','',#11707,#10) 
REPRESENTATION_RELATIONSHIP_WITH_TRANSFORMATION(#12116) 
SHAPE_REPRESENTATION_RELATIONSHIP() );
#12116 = ITEM_DEFINED_TRANSFORMATION('','',#11,#259);
#12117 = PRODUCT_DEFINITION_SHAPE('Placement','Placement of an item',
  #12118);
#12118 = NEXT_ASSEMBLY_USAGE_OCCURRENCE('73','R22','',#5,#11702,$);
#12119 = CONTEXT_DEPENDENT_SHAPE_REPRESENTATION(#12120,#12122);
#12120 = ( REPRESENTATION_RELATIONSHIP('','',#11707,#10) 
REPRESENTATION_RELATIONSHIP_WITH_TRANSFORMATION(#12121) 
SHAPE_REPRESENTATION_RELATIONSHIP() );
#12121 = ITEM_DEFINED_TRANSFORMATION('','',#11,#263);
#12122 = PRODUCT_DEFINITION_SHAPE('Placement','Placement of an item',
  #12123);
#12123 = NEXT_ASSEMBLY_USAGE_OCCURRENCE('74','R23','',#5,#11702,$);
#12124 = CONTEXT_DEPENDENT_SHAPE_REPRESENTATION(#12125,#12127);
#12125 = ( REPRESENTATION_RELATIONSHIP('','',#11707,#10) 
REPRESENTATION_RELATIONSHIP_WITH_TRANSFORMATION(#12126) 
SHAPE_REPRESENTATION_RELATIONSHIP() );
#12126 = ITEM_DEFINED_TRANSFORMATION('','',#11,#267);
#12127 = PRODUCT_DEFINITION_SHAPE('Placement','Placement of an item',
  #12128);
#12128 = NEXT_ASSEMBLY_USAGE_OCCURRENCE('75','R24','',#5,#11702,$);
#12129 = CONTEXT_DEPENDENT_SHAPE_REPRESENTATION(#12130,#12132);
#12130 = ( REPRESENTATION_RELATIONSHIP('','',#11707,#10) 
REPRESENTATION_RELATIONSHIP_WITH_TRANSFORMATION(#12131) 
SHAPE_REPRESENTATION_RELATIONSHIP() );
#12131 = ITEM_DEFINED_TRANSFORMATION('','',#11,#271);
#12132 = PRODUCT_DEFINITION_SHAPE('Placement','Placement of an item',
  #12133);
#12133 = NEXT_ASSEMBLY_USAGE_OCCURRENCE('76','R25','',#5,#11702,$);
#12134 = CONTEXT_DEPENDENT_SHAPE_REPRESENTATION(#12135,#12137);
#12135 = ( REPRESENTATION_RELATIONSHIP('','',#11707,#10) 
REPRESENTATION_RELATIONSHIP_WITH_TRANSFORMATION(#12136) 
SHAPE_REPRESENTATION_RELATIONSHIP() );
#12136 = ITEM_DEFINED_TRANSFORMATION('','',#11,#275);
#12137 = PRODUCT_DEFINITION_SHAPE('Placement','Placement of an item',
  #12138);
#12138 = NEXT_ASSEMBLY_USAGE_OCCURRENCE('77','R26','',#5,#11702,$);
#12139 = CONTEXT_DEPENDENT_SHAPE_REPRESENTATION(#12140,#12142);
#12140 = ( REPRESENTATION_RELATIONSHIP('','',#11707,#10) 
REPRESENTATION_RELATIONSHIP_WITH_TRANSFORMATION(#12141) 
SHAPE_REPRESENTATION_RELATIONSHIP() );
#12141 = ITEM_DEFINED_TRANSFORMATION('','',#11,#279);
#12142 = PRODUCT_DEFINITION_SHAPE('Placement','Placement of an item',
  #12143);
#12143 = NEXT_ASSEMBLY_USAGE_OCCURRENCE('78','R27','',#5,#11702,$);
#12144 = CONTEXT_DEPENDENT_SHAPE_REPRESENTATION(#12145,#12147);
#12145 = ( REPRESENTATION_RELATIONSHIP('','',#11707,#10) 
REPRESENTATION_RELATIONSHIP_WITH_TRANSFORMATION(#12146) 
SHAPE_REPRESENTATION_RELATIONSHIP() );
#12146 = ITEM_DEFINED_TRANSFORMATION('','',#11,#283);
#12147 = PRODUCT_DEFINITION_SHAPE('Placement','Placement of an item',
  #12148);
#12148 = NEXT_ASSEMBLY_USAGE_OCCURRENCE('79','R28','',#5,#11702,$);
#12149 = CONTEXT_DEPENDENT_SHAPE_REPRESENTATION(#12150,#12152);
#12150 = ( REPRESENTATION_RELATIONSHIP('','',#11707,#10) 
REPRESENTATION_RELATIONSHIP_WITH_TRANSFORMATION(#12151) 
SHAPE_REPRESENTATION_RELATIONSHIP() );
#12151 = ITEM_DEFINED_TRANSFORMATION('','',#11,#287);
#12152 = PRODUCT_DEFINITION_SHAPE('Placement','Placement of an item',
  #12153);
#12153 = NEXT_ASSEMBLY_USAGE_OCCURRENCE('80','R29','',#5,#11702,$);
#12154 = CONTEXT_DEPENDENT_SHAPE_REPRESENTATION(#12155,#12157);
#12155 = ( REPRESENTATION_RELATIONSHIP('','',#11707,#10) 
REPRESENTATION_RELATIONSHIP_WITH_TRANSFORMATION(#12156) 
SHAPE_REPRESENTATION_RELATIONSHIP() );
#12156 = ITEM_DEFINED_TRANSFORMATION('','',#11,#291);
#12157 = PRODUCT_DEFINITION_SHAPE('Placement','Placement of an item',
  #12158);
#12158 = NEXT_ASSEMBLY_USAGE_OCCURRENCE('81','R3','',#5,#11702,$);
#12159 = CONTEXT_DEPENDENT_SHAPE_REPRESENTATION(#12160,#12162);
#12160 = ( REPRESENTATION_RELATIONSHIP('','',#11707,#10) 
REPRESENTATION_RELATIONSHIP_WITH_TRANSFORMATION(#12161) 
SHAPE_REPRESENTATION_RELATIONSHIP() );
#12161 = ITEM_DEFINED_TRANSFORMATION('','',#11,#295);
#12162 = PRODUCT_DEFINITION_SHAPE('Placement','Placement of an item',
  #12163);
#12163 = NEXT_ASSEMBLY_USAGE_OCCURRENCE('82','R30','',#5,#11702,$);
#12164 = CONTEXT_DEPENDENT_SHAPE_REPRESENTATION(#12165,#12167);
#12165 = ( REPRESENTATION_RELATIONSHIP('','',#11707,#10) 
REPRESENTATION_RELATIONSHIP_WITH_TRANSFORMATION(#12166) 
SHAPE_REPRESENTATION_RELATIONSHIP() );
#12166 = ITEM_DEFINED_TRANSFORMATION('','',#11,#299);
#12167 = PRODUCT_DEFINITION_SHAPE('Placement','Placement of an item',
  #12168);
#12168 = NEXT_ASSEMBLY_USAGE_OCCURRENCE('83','R31','',#5,#11702,$);
#12169 = CONTEXT_DEPENDENT_SHAPE_REPRESENTATION(#12170,#12172);
#12170 = ( REPRESENTATION_RELATIONSHIP('','',#11707,#10) 
REPRESENTATION_RELATIONSHIP_WITH_TRANSFORMATION(#12171) 
SHAPE_REPRESENTATION_RELATIONSHIP() );
#12171 = ITEM_DEFINED_TRANSFORMATION('','',#11,#303);
#12172 = PRODUCT_DEFINITION_SHAPE('Placement','Placement of an item',
  #12173);
#12173 = NEXT_ASSEMBLY_USAGE_OCCURRENCE('84','R32','',#5,#11702,$);
#12174 = CONTEXT_DEPENDENT_SHAPE_REPRESENTATION(#12175,#12177);
#12175 = ( REPRESENTATION_RELATIONSHIP('','',#11707,#10) 
REPRESENTATION_RELATIONSHIP_WITH_TRANSFORMATION(#12176) 
SHAPE_REPRESENTATION_RELATIONSHIP() );
#12176 = ITEM_DEFINED_TRANSFORMATION('','',#11,#307);
#12177 = PRODUCT_DEFINITION_SHAPE('Placement','Placement of an item',
  #12178);
#12178 = NEXT_ASSEMBLY_USAGE_OCCURRENCE('85','R33','',#5,#11702,$);
#12179 = CONTEXT_DEPENDENT_SHAPE_REPRESENTATION(#12180,#12182);
#12180 = ( REPRESENTATION_RELATIONSHIP('','',#11707,#10) 
REPRESENTATION_RELATIONSHIP_WITH_TRANSFORMATION(#12181) 
SHAPE_REPRESENTATION_RELATIONSHIP() );
#12181 = ITEM_DEFINED_TRANSFORMATION('','',#11,#311);
#12182 = PRODUCT_DEFINITION_SHAPE('Placement','Placement of an item',
  #12183);
#12183 = NEXT_ASSEMBLY_USAGE_OCCURRENCE('86','R34','',#5,#11702,$);
#12184 = CONTEXT_DEPENDENT_SHAPE_REPRESENTATION(#12185,#12187);
#12185 = ( REPRESENTATION_RELATIONSHIP('','',#11707,#10) 
REPRESENTATION_RELATIONSHIP_WITH_TRANSFORMATION(#12186) 
SHAPE_REPRESENTATION_RELATIONSHIP() );
#12186 = ITEM_DEFINED_TRANSFORMATION('','',#11,#315);
#12187 = PRODUCT_DEFINITION_SHAPE('Placement','Placement of an item',
  #12188);
#12188 = NEXT_ASSEMBLY_USAGE_OCCURRENCE('87','R35','',#5,#11702,$);
#12189 = CONTEXT_DEPENDENT_SHAPE_REPRESENTATION(#12190,#12192);
#12190 = ( REPRESENTATION_RELATIONSHIP('','',#11707,#10) 
REPRESENTATION_RELATIONSHIP_WITH_TRANSFORMATION(#12191) 
SHAPE_REPRESENTATION_RELATIONSHIP() );
#12191 = ITEM_DEFINED_TRANSFORMATION('','',#11,#319);
#12192 = PRODUCT_DEFINITION_SHAPE('Placement','Placement of an item',
  #12193);
#12193 = NEXT_ASSEMBLY_USAGE_OCCURRENCE('88','R36','',#5,#11702,$);
#12194 = CONTEXT_DEPENDENT_SHAPE_REPRESENTATION(#12195,#12197);
#12195 = ( REPRESENTATION_RELATIONSHIP('','',#11707,#10) 
REPRESENTATION_RELATIONSHIP_WITH_TRANSFORMATION(#12196) 
SHAPE_REPRESENTATION_RELATIONSHIP() );
#12196 = ITEM_DEFINED_TRANSFORMATION('','',#11,#323);
#12197 = PRODUCT_DEFINITION_SHAPE('Placement','Placement of an item',
  #12198);
#12198 = NEXT_ASSEMBLY_USAGE_OCCURRENCE('89','R37','',#5,#11702,$);
#12199 = CONTEXT_DEPENDENT_SHAPE_REPRESENTATION(#12200,#12202);
#12200 = ( REPRESENTATION_RELATIONSHIP('','',#11707,#10) 
REPRESENTATION_RELATIONSHIP_WITH_TRANSFORMATION(#12201) 
SHAPE_REPRESENTATION_RELATIONSHIP() );
#12201 = ITEM_DEFINED_TRANSFORMATION('','',#11,#327);
#12202 = PRODUCT_DEFINITION_SHAPE('Placement','Placement of an item',
  #12203);
#12203 = NEXT_ASSEMBLY_USAGE_OCCURRENCE('90','R38','',#5,#11702,$);
#12204 = CONTEXT_DEPENDENT_SHAPE_REPRESENTATION(#12205,#12207);
#12205 = ( REPRESENTATION_RELATIONSHIP('','',#11707,#10) 
REPRESENTATION_RELATIONSHIP_WITH_TRANSFORMATION(#12206) 
SHAPE_REPRESENTATION_RELATIONSHIP() );
#12206 = ITEM_DEFINED_TRANSFORMATION('','',#11,#331);
#12207 = PRODUCT_DEFINITION_SHAPE('Placement','Placement of an item',
  #12208);
#12208 = NEXT_ASSEMBLY_USAGE_OCCURRENCE('91','R39','',#5,#11702,$);
#12209 = CONTEXT_DEPENDENT_SHAPE_REPRESENTATION(#12210,#12212);
#12210 = ( REPRESENTATION_RELATIONSHIP('','',#11707,#10) 
REPRESENTATION_RELATIONSHIP_WITH_TRANSFORMATION(#12211) 
SHAPE_REPRESENTATION_RELATIONSHIP() );
#12211 = ITEM_DEFINED_TRANSFORMATION('','',#11,#335);
#12212 = PRODUCT_DEFINITION_SHAPE('Placement','Placement of an item',
  #12213);
#12213 = NEXT_ASSEMBLY_USAGE_OCCURRENCE('92','R4','',#5,#11702,$);
#12214 = CONTEXT_DEPENDENT_SHAPE_REPRESENTATION(#12215,#12217);
#12215 = ( REPRESENTATION_RELATIONSHIP('','',#11707,#10) 
REPRESENTATION_RELATIONSHIP_WITH_TRANSFORMATION(#12216) 
SHAPE_REPRESENTATION_RELATIONSHIP() );
#12216 = ITEM_DEFINED_TRANSFORMATION('','',#11,#339);
#12217 = PRODUCT_DEFINITION_SHAPE('Placement','Placement of an item',
  #12218);
#12218 = NEXT_ASSEMBLY_USAGE_OCCURRENCE('93','R40','',#5,#11702,$);
#12219 = CONTEXT_DEPENDENT_SHAPE_REPRESENTATION(#12220,#12222);
#12220 = ( REPRESENTATION_RELATIONSHIP('','',#11707,#10) 
REPRESENTATION_RELATIONSHIP_WITH_TRANSFORMATION(#12221) 
SHAPE_REPRESENTATION_RELATIONSHIP() );
#12221 = ITEM_DEFINED_TRANSFORMATION('','',#11,#343);
#12222 = PRODUCT_DEFINITION_SHAPE('Placement','Placement of an item',
  #12223);
#12223 = NEXT_ASSEMBLY_USAGE_OCCURRENCE('94','R41','',#5,#11702,$);
#12224 = CONTEXT_DEPENDENT_SHAPE_REPRESENTATION(#12225,#12227);
#12225 = ( REPRESENTATION_RELATIONSHIP('','',#11707,#10) 
REPRESENTATION_RELATIONSHIP_WITH_TRANSFORMATION(#12226) 
SHAPE_REPRESENTATION_RELATIONSHIP() );
#12226 = ITEM_DEFINED_TRANSFORMATION('','',#11,#347);
#12227 = PRODUCT_DEFINITION_SHAPE('Placement','Placement of an item',
  #12228);
#12228 = NEXT_ASSEMBLY_USAGE_OCCURRENCE('95','R42','',#5,#11702,$);
#12229 = CONTEXT_DEPENDENT_SHAPE_REPRESENTATION(#12230,#12232);
#12230 = ( REPRESENTATION_RELATIONSHIP('','',#11707,#10) 
REPRESENTATION_RELATIONSHIP_WITH_TRANSFORMATION(#12231) 
SHAPE_REPRESENTATION_RELATIONSHIP() );
#12231 = ITEM_DEFINED_TRANSFORMATION('','',#11,#351);
#12232 = PRODUCT_DEFINITION_SHAPE('Placement','Placement of an item',
  #12233);
#12233 = NEXT_ASSEMBLY_USAGE_OCCURRENCE('96','R43','',#5,#11702,$);
#12234 = CONTEXT_DEPENDENT_SHAPE_REPRESENTATION(#12235,#12237);
#12235 = ( REPRESENTATION_RELATIONSHIP('','',#11707,#10) 
REPRESENTATION_RELATIONSHIP_WITH_TRANSFORMATION(#12236) 
SHAPE_REPRESENTATION_RELATIONSHIP() );
#12236 = ITEM_DEFINED_TRANSFORMATION('','',#11,#355);
#12237 = PRODUCT_DEFINITION_SHAPE('Placement','Placement of an item',
  #12238);
#12238 = NEXT_ASSEMBLY_USAGE_OCCURRENCE('97','R44','',#5,#11702,$);
#12239 = CONTEXT_DEPENDENT_SHAPE_REPRESENTATION(#12240,#12242);
#12240 = ( REPRESENTATION_RELATIONSHIP('','',#11707,#10) 
REPRESENTATION_RELATIONSHIP_WITH_TRANSFORMATION(#12241) 
SHAPE_REPRESENTATION_RELATIONSHIP() );
#12241 = ITEM_DEFINED_TRANSFORMATION('','',#11,#359);
#12242 = PRODUCT_DEFINITION_SHAPE('Placement','Placement of an item',
  #12243);
#12243 = NEXT_ASSEMBLY_USAGE_OCCURRENCE('98','R45','',#5,#11702,$);
#12244 = CONTEXT_DEPENDENT_SHAPE_REPRESENTATION(#12245,#12247);
#12245 = ( REPRESENTATION_RELATIONSHIP('','',#11707,#10) 
REPRESENTATION_RELATIONSHIP_WITH_TRANSFORMATION(#12246) 
SHAPE_REPRESENTATION_RELATIONSHIP() );
#12246 = ITEM_DEFINED_TRANSFORMATION('','',#11,#363);
#12247 = PRODUCT_DEFINITION_SHAPE('Placement','Placement of an item',
  #12248);
#12248 = NEXT_ASSEMBLY_USAGE_OCCURRENCE('99','R46','',#5,#11702,$);
#12249 = CONTEXT_DEPENDENT_SHAPE_REPRESENTATION(#12250,#12252);
#12250 = ( REPRESENTATION_RELATIONSHIP('','',#11707,#10) 
REPRESENTATION_RELATIONSHIP_WITH_TRANSFORMATION(#12251) 
SHAPE_REPRESENTATION_RELATIONSHIP() );
#12251 = ITEM_DEFINED_TRANSFORMATION('','',#11,#367);
#12252 = PRODUCT_DEFINITION_SHAPE('Placement','Placement of an item',
  #12253);
#12253 = NEXT_ASSEMBLY_USAGE_OCCURRENCE('100','R47','',#5,#11702,$);
#12254 = CONTEXT_DEPENDENT_SHAPE_REPRESENTATION(#12255,#12257);
#12255 = ( REPRESENTATION_RELATIONSHIP('','',#11707,#10) 
REPRESENTATION_RELATIONSHIP_WITH_TRANSFORMATION(#12256) 
SHAPE_REPRESENTATION_RELATIONSHIP() );
#12256 = ITEM_DEFINED_TRANSFORMATION('','',#11,#371);
#12257 = PRODUCT_DEFINITION_SHAPE('Placement','Placement of an item',
  #12258);
#12258 = NEXT_ASSEMBLY_USAGE_OCCURRENCE('101','R48','',#5,#11702,$);
#12259 = CONTEXT_DEPENDENT_SHAPE_REPRESENTATION(#12260,#12262);
#12260 = ( REPRESENTATION_RELATIONSHIP('','',#11707,#10) 
REPRESENTATION_RELATIONSHIP_WITH_TRANSFORMATION(#12261) 
SHAPE_REPRESENTATION_RELATIONSHIP() );
#12261 = ITEM_DEFINED_TRANSFORMATION('','',#11,#375);
#12262 = PRODUCT_DEFINITION_SHAPE('Placement','Placement of an item',
  #12263);
#12263 = NEXT_ASSEMBLY_USAGE_OCCURRENCE('102','R49','',#5,#11702,$);
#12264 = CONTEXT_DEPENDENT_SHAPE_REPRESENTATION(#12265,#12267);
#12265 = ( REPRESENTATION_RELATIONSHIP('','',#11707,#10) 
REPRESENTATION_RELATIONSHIP_WITH_TRANSFORMATION(#12266) 
SHAPE_REPRESENTATION_RELATIONSHIP() );
#12266 = ITEM_DEFINED_TRANSFORMATION('','',#11,#379);
#12267 = PRODUCT_DEFINITION_SHAPE('Placement','Placement of an item',
  #12268);
#12268 = NEXT_ASSEMBLY_USAGE_OCCURRENCE('103','R5','',#5,#11702,$);
#12269 = CONTEXT_DEPENDENT_SHAPE_REPRESENTATION(#12270,#12272);
#12270 = ( REPRESENTATION_RELATIONSHIP('','',#11707,#10) 
REPRESENTATION_RELATIONSHIP_WITH_TRANSFORMATION(#12271) 
SHAPE_REPRESENTATION_RELATIONSHIP() );
#12271 = ITEM_DEFINED_TRANSFORMATION('','',#11,#383);
#12272 = PRODUCT_DEFINITION_SHAPE('Placement','Placement of an item',
  #12273);
#12273 = NEXT_ASSEMBLY_USAGE_OCCURRENCE('104','R50','',#5,#11702,$);
#12274 = CONTEXT_DEPENDENT_SHAPE_REPRESENTATION(#12275,#12277);
#12275 = ( REPRESENTATION_RELATIONSHIP('','',#11707,#10) 
REPRESENTATION_RELATIONSHIP_WITH_TRANSFORMATION(#12276) 
SHAPE_REPRESENTATION_RELATIONSHIP() );
#12276 = ITEM_DEFINED_TRANSFORMATION('','',#11,#387);
#12277 = PRODUCT_DEFINITION_SHAPE('Placement','Placement of an item',
  #12278);
#12278 = NEXT_ASSEMBLY_USAGE_OCCURRENCE('105','R6','',#5,#11702,$);
#12279 = CONTEXT_DEPENDENT_SHAPE_REPRESENTATION(#12280,#12282);
#12280 = ( REPRESENTATION_RELATIONSHIP('','',#11707,#10) 
REPRESENTATION_RELATIONSHIP_WITH_TRANSFORMATION(#12281) 
SHAPE_REPRESENTATION_RELATIONSHIP() );
#12281 = ITEM_DEFINED_TRANSFORMATION('','',#11,#391);
#12282 = PRODUCT_DEFINITION_SHAPE('Placement','Placement of an item',
  #12283);
#12283 = NEXT_ASSEMBLY_USAGE_OCCURRENCE('106','R7','',#5,#11702,$);
#12284 = CONTEXT_DEPENDENT_SHAPE_REPRESENTATION(#12285,#12287);
#12285 = ( REPRESENTATION_RELATIONSHIP('','',#11707,#10) 
REPRESENTATION_RELATIONSHIP_WITH_TRANSFORMATION(#12286) 
SHAPE_REPRESENTATION_RELATIONSHIP() );
#12286 = ITEM_DEFINED_TRANSFORMATION('','',#11,#395);
#12287 = PRODUCT_DEFINITION_SHAPE('Placement','Placement of an item',
  #12288);
#12288 = NEXT_ASSEMBLY_USAGE_OCCURRENCE('107','R8','',#5,#11702,$);
#12289 = CONTEXT_DEPENDENT_SHAPE_REPRESENTATION(#12290,#12292);
#12290 = ( REPRESENTATION_RELATIONSHIP('','',#11707,#10) 
REPRESENTATION_RELATIONSHIP_WITH_TRANSFORMATION(#12291) 
SHAPE_REPRESENTATION_RELATIONSHIP() );
#12291 = ITEM_DEFINED_TRANSFORMATION('','',#11,#399);
#12292 = PRODUCT_DEFINITION_SHAPE('Placement','Placement of an item',
  #12293);
#12293 = NEXT_ASSEMBLY_USAGE_OCCURRENCE('108','R9','',#5,#11702,$);
#12294 = SHAPE_DEFINITION_REPRESENTATION(#12295,#12301);
#12295 = PRODUCT_DEFINITION_SHAPE('','',#12296);
#12296 = PRODUCT_DEFINITION('design','',#12297,#12300);
#12297 = PRODUCT_DEFINITION_FORMATION('','',#12298);
#12298 = PRODUCT('T1','T1','',(#12299));
#12299 = PRODUCT_CONTEXT('',#2,'mechanical');
#12300 = PRODUCT_DEFINITION_CONTEXT('part definition',#2,'design');
#12301 = ADVANCED_BREP_SHAPE_REPRESENTATION('',(#11,#12302),#12400);
#12302 = MANIFOLD_SOLID_BREP('',#12303);
#12303 = CLOSED_SHELL('',(#12304,#12392,#12396));
#12304 = ADVANCED_FACE('',(#12305),#12318,.T.);
#12305 = FACE_BOUND('',#12306,.T.);
#12306 = EDGE_LOOP('',(#12307,#12341,#12364,#12391));
#12307 = ORIENTED_EDGE('',*,*,#12308,.T.);
#12308 = EDGE_CURVE('',#12309,#12309,#12311,.T.);
#12309 = VERTEX_POINT('',#12310);
#12310 = CARTESIAN_POINT('',(8.,0.,-12.5));
#12311 = SURFACE_CURVE('',#12312,(#12317,#12329),.PCURVE_S1.);
#12312 = CIRCLE('',#12313,8.);
#12313 = AXIS2_PLACEMENT_3D('',#12314,#12315,#12316);
#12314 = CARTESIAN_POINT('',(0.,0.,-12.5));
#12315 = DIRECTION('',(0.,0.,1.));
#12316 = DIRECTION('',(1.,0.,-0.));
#12317 = PCURVE('',#12318,#12323);
#12318 = CYLINDRICAL_SURFACE('',#12319,8.);
#12319 = AXIS2_PLACEMENT_3D('',#12320,#12321,#12322);
#12320 = CARTESIAN_POINT('',(0.,0.,-12.5));
#12321 = DIRECTION('',(-0.,-0.,-1.));
#12322 = DIRECTION('',(1.,0.,0.));
#12323 = DEFINITIONAL_REPRESENTATION('',(#12324),#12328);
#12324 = LINE('',#12325,#12326);
#12325 = CARTESIAN_POINT('',(6.28318530718,0.));
#12326 = VECTOR('',#12327,1.);
#12327 = DIRECTION('',(-1.,0.));
#12328 = ( GEOMETRIC_REPRESENTATION_CONTEXT(2) 
PARAMETRIC_REPRESENTATION_CONTEXT() REPRESENTATION_CONTEXT('2D SPACE',''
  ) );
#12329 = PCURVE('',#12330,#12335);
#12330 = PLANE('',#12331);
#12331 = AXIS2_PLACEMENT_3D('',#12332,#12333,#12334);
#12332 = CARTESIAN_POINT('',(-5.127900497023E-16,1.528755336223E-17,
    -12.5));
#12333 = DIRECTION('',(0.,0.,1.));
#12334 = DIRECTION('',(1.,0.,-0.));
#12335 = DEFINITIONAL_REPRESENTATION('',(#12336),#12340);
#12336 = CIRCLE('',#12337,8.);
#12337 = AXIS2_PLACEMENT_2D('',#12338,#12339);
#12338 = CARTESIAN_POINT('',(5.127900497023E-16,-1.528755336223E-17));
#12339 = DIRECTION('',(1.,0.));
#12340 = ( GEOMETRIC_REPRESENTATION_CONTEXT(2) 
PARAMETRIC_REPRESENTATION_CONTEXT() REPRESENTATION_CONTEXT('2D SPACE',''
  ) );
#12341 = ORIENTED_EDGE('',*,*,#12342,.T.);
#12342 = EDGE_CURVE('',#12309,#12343,#12345,.T.);
#12343 = VERTEX_POINT('',#12344);
#12344 = CARTESIAN_POINT('',(8.,0.,0.));
#12345 = SEAM_CURVE('',#12346,(#12350,#12357),.PCURVE_S1.);
#12346 = LINE('',#12347,#12348);
#12347 = CARTESIAN_POINT('',(8.,0.,-12.5));
#12348 = VECTOR('',#12349,1.);
#12349 = DIRECTION('',(0.,0.,1.));
#12350 = PCURVE('',#12318,#12351);
#12351 = DEFINITIONAL_REPRESENTATION('',(#12352),#12356);
#12352 = LINE('',#12353,#12354);
#12353 = CARTESIAN_POINT('',(-4.138911435803E-13,0.));
#12354 = VECTOR('',#12355,1.);
#12355 = DIRECTION('',(-0.,-1.));
#12356 = ( GEOMETRIC_REPRESENTATION_CONTEXT(2) 
PARAMETRIC_REPRESENTATION_CONTEXT() REPRESENTATION_CONTEXT('2D SPACE',''
  ) );
#12357 = PCURVE('',#12318,#12358);
#12358 = DEFINITIONAL_REPRESENTATION('',(#12359),#12363);
#12359 = LINE('',#12360,#12361);
#12360 = CARTESIAN_POINT('',(6.28318530718,0.));
#12361 = VECTOR('',#12362,1.);
#12362 = DIRECTION('',(-0.,-1.));
#12363 = ( GEOMETRIC_REPRESENTATION_CONTEXT(2) 
PARAMETRIC_REPRESENTATION_CONTEXT() REPRESENTATION_CONTEXT('2D SPACE',''
  ) );
#12364 = ORIENTED_EDGE('',*,*,#12365,.F.);
#12365 = EDGE_CURVE('',#12343,#12343,#12366,.T.);
#12366 = SURFACE_CURVE('',#12367,(#12372,#12379),.PCURVE_S1.);
#12367 = CIRCLE('',#12368,8.);
#12368 = AXIS2_PLACEMENT_3D('',#12369,#12370,#12371);
#12369 = CARTESIAN_POINT('',(0.,0.,0.));
#12370 = DIRECTION('',(0.,0.,1.));
#12371 = DIRECTION('',(1.,0.,-0.));
#12372 = PCURVE('',#12318,#12373);
#12373 = DEFINITIONAL_REPRESENTATION('',(#12374),#12378);
#12374 = LINE('',#12375,#12376);
#12375 = CARTESIAN_POINT('',(6.28318530718,-12.5));
#12376 = VECTOR('',#12377,1.);
#12377 = DIRECTION('',(-1.,0.));
#12378 = ( GEOMETRIC_REPRESENTATION_CONTEXT(2) 
PARAMETRIC_REPRESENTATION_CONTEXT() REPRESENTATION_CONTEXT('2D SPACE',''
  ) );
#12379 = PCURVE('',#12380,#12385);
#12380 = PLANE('',#12381);
#12381 = AXIS2_PLACEMENT_3D('',#12382,#12383,#12384);
#12382 = CARTESIAN_POINT('',(-5.127900497023E-16,1.528755336223E-17,0.)
  );
#12383 = DIRECTION('',(0.,0.,1.));
#12384 = DIRECTION('',(1.,0.,-0.));
#12385 = DEFINITIONAL_REPRESENTATION('',(#12386),#12390);
#12386 = CIRCLE('',#12387,8.);
#12387 = AXIS2_PLACEMENT_2D('',#12388,#12389);
#12388 = CARTESIAN_POINT('',(5.127900497023E-16,-1.528755336223E-17));
#12389 = DIRECTION('',(1.,0.));
#12390 = ( GEOMETRIC_REPRESENTATION_CONTEXT(2) 
PARAMETRIC_REPRESENTATION_CONTEXT() REPRESENTATION_CONTEXT('2D SPACE',''
  ) );
#12391 = ORIENTED_EDGE('',*,*,#12342,.F.);
#12392 = ADVANCED_FACE('',(#12393),#12330,.F.);
#12393 = FACE_BOUND('',#12394,.F.);
#12394 = EDGE_LOOP('',(#12395));
#12395 = ORIENTED_EDGE('',*,*,#12308,.T.);
#12396 = ADVANCED_FACE('',(#12397),#12380,.T.);
#12397 = FACE_BOUND('',#12398,.T.);
#12398 = EDGE_LOOP('',(#12399));
#12399 = ORIENTED_EDGE('',*,*,#12365,.T.);
#12400 = ( GEOMETRIC_REPRESENTATION_CONTEXT(3) 
GLOBAL_UNCERTAINTY_ASSIGNED_CONTEXT((#12404)) 
GLOBAL_UNIT_ASSIGNED_CONTEXT((#12401,#12402,#12403)) 
REPRESENTATION_CONTEXT('Context #1',
  '3D Context with UNIT and UNCERTAINTY') );
#12401 = ( LENGTH_UNIT() NAMED_UNIT(*) SI_UNIT(.MILLI.,.METRE.) );
#12402 = ( NAMED_UNIT(*) PLANE_ANGLE_UNIT() SI_UNIT($,.RADIAN.) );
#12403 = ( NAMED_UNIT(*) SI_UNIT($,.STERADIAN.) SOLID_ANGLE_UNIT() );
#12404 = UNCERTAINTY_MEASURE_WITH_UNIT(LENGTH_MEASURE(1.E-07),#12401,
  'distance_accuracy_value','confusion accuracy');
#12405 = CONTEXT_DEPENDENT_SHAPE_REPRESENTATION(#12406,#12408);
#12406 = ( REPRESENTATION_RELATIONSHIP('','',#12301,#10) 
REPRESENTATION_RELATIONSHIP_WITH_TRANSFORMATION(#12407) 
SHAPE_REPRESENTATION_RELATIONSHIP() );
#12407 = ITEM_DEFINED_TRANSFORMATION('','',#11,#403);
#12408 = PRODUCT_DEFINITION_SHAPE('Placement','Placement of an item',
  #12409);
#12409 = NEXT_ASSEMBLY_USAGE_OCCURRENCE('109','T1','',#5,#12296,$);
#12410 = PRODUCT_RELATED_PRODUCT_CATEGORY('part',$,(#12298));
#12411 = CONTEXT_DEPENDENT_SHAPE_REPRESENTATION(#12412,#12414);
#12412 = ( REPRESENTATION_RELATIONSHIP('','',#12301,#10) 
REPRESENTATION_RELATIONSHIP_WITH_TRANSFORMATION(#12413) 
SHAPE_REPRESENTATION_RELATIONSHIP() );
#12413 = ITEM_DEFINED_TRANSFORMATION('','',#11,#407);
#12414 = PRODUCT_DEFINITION_SHAPE('Placement','Placement of an item',
  #12415);
#12415 = NEXT_ASSEMBLY_USAGE_OCCURRENCE('110','T10','',#5,#12296,$);
#12416 = CONTEXT_DEPENDENT_SHAPE_REPRESENTATION(#12417,#12419);
#12417 = ( REPRESENTATION_RELATIONSHIP('','',#12301,#10) 
REPRESENTATION_RELATIONSHIP_WITH_TRANSFORMATION(#12418) 
SHAPE_REPRESENTATION_RELATIONSHIP() );
#12418 = ITEM_DEFINED_TRANSFORMATION('','',#11,#411);
#12419 = PRODUCT_DEFINITION_SHAPE('Placement','Placement of an item',
  #12420);
#12420 = NEXT_ASSEMBLY_USAGE_OCCURRENCE('111','T11','',#5,#12296,$);
#12421 = CONTEXT_DEPENDENT_SHAPE_REPRESENTATION(#12422,#12424);
#12422 = ( REPRESENTATION_RELATIONSHIP('','',#12301,#10) 
REPRESENTATION_RELATIONSHIP_WITH_TRANSFORMATION(#12423) 
SHAPE_REPRESENTATION_RELATIONSHIP() );
#12423 = ITEM_DEFINED_TRANSFORMATION('','',#11,#415);
#12424 = PRODUCT_DEFINITION_SHAPE('Placement','Placement of an item',
  #12425);
#12425 = NEXT_ASSEMBLY_USAGE_OCCURRENCE('112','T12','',#5,#12296,$);
#12426 = CONTEXT_DEPENDENT_SHAPE_REPRESENTATION(#12427,#12429);
#12427 = ( REPRESENTATION_RELATIONSHIP('','',#12301,#10) 
REPRESENTATION_RELATIONSHIP_WITH_TRANSFORMATION(#12428) 
SHAPE_REPRESENTATION_RELATIONSHIP() );
#12428 = ITEM_DEFINED_TRANSFORMATION('','',#11,#419);
#12429 = PRODUCT_DEFINITION_SHAPE('Placement','Placement of an item',
  #12430);
#12430 = NEXT_ASSEMBLY_USAGE_OCCURRENCE('113','T13','',#5,#12296,$);
#12431 = CONTEXT_DEPENDENT_SHAPE_REPRESENTATION(#12432,#12434);
#12432 = ( REPRESENTATION_RELATIONSHIP('','',#12301,#10) 
REPRESENTATION_RELATIONSHIP_WITH_TRANSFORMATION(#12433) 
SHAPE_REPRESENTATION_RELATIONSHIP() );
#12433 = ITEM_DEFINED_TRANSFORMATION('','',#11,#423);
#12434 = PRODUCT_DEFINITION_SHAPE('Placement','Placement of an item',
  #12435);
#12435 = NEXT_ASSEMBLY_USAGE_OCCURRENCE('114','T14','',#5,#12296,$);
#12436 = CONTEXT_DEPENDENT_SHAPE_REPRESENTATION(#12437,#12439);
#12437 = ( REPRESENTATION_RELATIONSHIP('','',#12301,#10) 
REPRESENTATION_RELATIONSHIP_WITH_TRANSFORMATION(#12438) 
SHAPE_REPRESENTATION_RELATIONSHIP() );
#12438 = ITEM_DEFINED_TRANSFORMATION('','',#11,#427);
#12439 = PRODUCT_DEFINITION_SHAPE('Placement','Placement of an item',
  #12440);
#12440 = NEXT_ASSEMBLY_USAGE_OCCURRENCE('115','T15','',#5,#12296,$);
#12441 = CONTEXT_DEPENDENT_SHAPE_REPRESENTATION(#12442,#12444);
#12442 = ( REPRESENTATION_RELATIONSHIP('','',#12301,#10) 
REPRESENTATION_RELATIONSHIP_WITH_TRANSFORMATION(#12443) 
SHAPE_REPRESENTATION_RELATIONSHIP() );
#12443 = ITEM_DEFINED_TRANSFORMATION('','',#11,#431);
#12444 = PRODUCT_DEFINITION_SHAPE('Placement','Placement of an item',
  #12445);
#12445 = NEXT_ASSEMBLY_USAGE_OCCURRENCE('116','T16','',#5,#12296,$);
#12446 = CONTEXT_DEPENDENT_SHAPE_REPRESENTATION(#12447,#12449);
#12447 = ( REPRESENTATION_RELATIONSHIP('','',#12301,#10) 
REPRESENTATION_RELATIONSHIP_WITH_TRANSFORMATION(#12448) 
SHAPE_REPRESENTATION_RELATIONSHIP() );
#12448 = ITEM_DEFINED_TRANSFORMATION('','',#11,#435);
#12449 = PRODUCT_DEFINITION_SHAPE('Placement','Placement of an item',
  #12450);
#12450 = NEXT_ASSEMBLY_USAGE_OCCURRENCE('117','T17','',#5,#12296,$);
#12451 = CONTEXT_DEPENDENT_SHAPE_REPRESENTATION(#12452,#12454);
#12452 = ( REPRESENTATION_RELATIONSHIP('','',#12301,#10) 
REPRESENTATION_RELATIONSHIP_WITH_TRANSFORMATION(#12453) 
SHAPE_REPRESENTATION_RELATIONSHIP() );
#12453 = ITEM_DEFINED_TRANSFORMATION('','',#11,#439);
#12454 = PRODUCT_DEFINITION_SHAPE('Placement','Placement of an item',
  #12455);
#12455 = NEXT_ASSEMBLY_USAGE_OCCURRENCE('118','T18','',#5,#12296,$);
#12456 = CONTEXT_DEPENDENT_SHAPE_REPRESENTATION(#12457,#12459);
#12457 = ( REPRESENTATION_RELATIONSHIP('','',#12301,#10) 
REPRESENTATION_RELATIONSHIP_WITH_TRANSFORMATION(#12458) 
SHAPE_REPRESENTATION_RELATIONSHIP() );
#12458 = ITEM_DEFINED_TRANSFORMATION('','',#11,#443);
#12459 = PRODUCT_DEFINITION_SHAPE('Placement','Placement of an item',
  #12460);
#12460 = NEXT_ASSEMBLY_USAGE_OCCURRENCE('119','T19','',#5,#12296,$);
#12461 = CONTEXT_DEPENDENT_SHAPE_REPRESENTATION(#12462,#12464);
#12462 = ( REPRESENTATION_RELATIONSHIP('','',#12301,#10) 
REPRESENTATION_RELATIONSHIP_WITH_TRANSFORMATION(#12463) 
SHAPE_REPRESENTATION_RELATIONSHIP() );
#12463 = ITEM_DEFINED_TRANSFORMATION('','',#11,#447);
#12464 = PRODUCT_DEFINITION_SHAPE('Placement','Placement of an item',
  #12465);
#12465 = NEXT_ASSEMBLY_USAGE_OCCURRENCE('120','T2','',#5,#12296,$);
#12466 = CONTEXT_DEPENDENT_SHAPE_REPRESENTATION(#12467,#12469);
#12467 = ( REPRESENTATION_RELATIONSHIP('','',#12301,#10) 
REPRESENTATION_RELATIONSHIP_WITH_TRANSFORMATION(#12468) 
SHAPE_REPRESENTATION_RELATIONSHIP() );
#12468 = ITEM_DEFINED_TRANSFORMATION('','',#11,#451);
#12469 = PRODUCT_DEFINITION_SHAPE('Placement','Placement of an item',
  #12470);
#12470 = NEXT_ASSEMBLY_USAGE_OCCURRENCE('121','T20','',#5,#12296,$);
#12471 = CONTEXT_DEPENDENT_SHAPE_REPRESENTATION(#12472,#12474);
#12472 = ( REPRESENTATION_RELATIONSHIP('','',#12301,#10) 
REPRESENTATION_RELATIONSHIP_WITH_TRANSFORMATION(#12473) 
SHAPE_REPRESENTATION_RELATIONSHIP() );
#12473 = ITEM_DEFINED_TRANSFORMATION('','',#11,#455);
#12474 = PRODUCT_DEFINITION_SHAPE('Placement','Placement of an item',
  #12475);
#12475 = NEXT_ASSEMBLY_USAGE_OCCURRENCE('122','T21','',#5,#12296,$);
#12476 = CONTEXT_DEPENDENT_SHAPE_REPRESENTATION(#12477,#12479);
#12477 = ( REPRESENTATION_RELATIONSHIP('','',#12301,#10) 
REPRESENTATION_RELATIONSHIP_WITH_TRANSFORMATION(#12478) 
SHAPE_REPRESENTATION_RELATIONSHIP() );
#12478 = ITEM_DEFINED_TRANSFORMATION('','',#11,#459);
#12479 = PRODUCT_DEFINITION_SHAPE('Placement','Placement of an item',
  #12480);
#12480 = NEXT_ASSEMBLY_USAGE_OCCURRENCE('123','T22','',#5,#12296,$);
#12481 = CONTEXT_DEPENDENT_SHAPE_REPRESENTATION(#12482,#12484);
#12482 = ( REPRESENTATION_RELATIONSHIP('','',#12301,#10) 
REPRESENTATION_RELATIONSHIP_WITH_TRANSFORMATION(#12483) 
SHAPE_REPRESENTATION_RELATIONSHIP() );
#12483 = ITEM_DEFINED_TRANSFORMATION('','',#11,#463);
#12484 = PRODUCT_DEFINITION_SHAPE('Placement','Placement of an item',
  #12485);
#12485 = NEXT_ASSEMBLY_USAGE_OCCURRENCE('124','T23','',#5,#12296,$);
#12486 = CONTEXT_DEPENDENT_SHAPE_REPRESENTATION(#12487,#12489);
#12487 = ( REPRESENTATION_RELATIONSHIP('','',#12301,#10) 
REPRESENTATION_RELATIONSHIP_WITH_TRANSFORMATION(#12488) 
SHAPE_REPRESENTATION_RELATIONSHIP() );
#12488 = ITEM_DEFINED_TRANSFORMATION('','',#11,#467);
#12489 = PRODUCT_DEFINITION_SHAPE('Placement','Placement of an item',
  #12490);
#12490 = NEXT_ASSEMBLY_USAGE_OCCURRENCE('125','T24','',#5,#12296,$);
#12491 = CONTEXT_DEPENDENT_SHAPE_REPRESENTATION(#12492,#12494);
#12492 = ( REPRESENTATION_RELATIONSHIP('','',#12301,#10) 
REPRESENTATION_RELATIONSHIP_WITH_TRANSFORMATION(#12493) 
SHAPE_REPRESENTATION_RELATIONSHIP() );
#12493 = ITEM_DEFINED_TRANSFORMATION('','',#11,#471);
#12494 = PRODUCT_DEFINITION_SHAPE('Placement','Placement of an item',
  #12495);
#12495 = NEXT_ASSEMBLY_USAGE_OCCURRENCE('126','T25','',#5,#12296,$);
#12496 = CONTEXT_DEPENDENT_SHAPE_REPRESENTATION(#12497,#12499);
#12497 = ( REPRESENTATION_RELATIONSHIP('','',#12301,#10) 
REPRESENTATION_RELATIONSHIP_WITH_TRANSFORMATION(#12498) 
SHAPE_REPRESENTATION_RELATIONSHIP() );
#12498 = ITEM_DEFINED_TRANSFORMATION('','',#11,#475);
#12499 = PRODUCT_DEFINITION_SHAPE('Placement','Placement of an item',
  #12500);
#12500 = NEXT_ASSEMBLY_USAGE_OCCURRENCE('127','T26','',#5,#12296,$);
#12501 = CONTEXT_DEPENDENT_SHAPE_REPRESENTATION(#12502,#12504);
#12502 = ( REPRESENTATION_RELATIONSHIP('','',#12301,#10) 
REPRESENTATION_RELATIONSHIP_WITH_TRANSFORMATION(#12503) 
SHAPE_REPRESENTATION_RELATIONSHIP() );
#12503 = ITEM_DEFINED_TRANSFORMATION('','',#11,#479);
#12504 = PRODUCT_DEFINITION_SHAPE('Placement','Placement of an item',
  #12505);
#12505 = NEXT_ASSEMBLY_USAGE_OCCURRENCE('128','T27','',#5,#12296,$);
#12506 = CONTEXT_DEPENDENT_SHAPE_REPRESENTATION(#12507,#12509);
#12507 = ( REPRESENTATION_RELATIONSHIP('','',#12301,#10) 
REPRESENTATION_RELATIONSHIP_WITH_TRANSFORMATION(#12508) 
SHAPE_REPRESENTATION_RELATIONSHIP() );
#12508 = ITEM_DEFINED_TRANSFORMATION('','',#11,#483);
#12509 = PRODUCT_DEFINITION_SHAPE('Placement','Placement of an item',
  #12510);
#12510 = NEXT_ASSEMBLY_USAGE_OCCURRENCE('129','T28','',#5,#12296,$);
#12511 = CONTEXT_DEPENDENT_SHAPE_REPRESENTATION(#12512,#12514);
#12512 = ( REPRESENTATION_RELATIONSHIP('','',#12301,#10) 
REPRESENTATION_RELATIONSHIP_WITH_TRANSFORMATION(#12513) 
SHAPE_REPRESENTATION_RELATIONSHIP() );
#12513 = ITEM_DEFINED_TRANSFORMATION('','',#11,#487);
#12514 = PRODUCT_DEFINITION_SHAPE('Placement','Placement of an item',
  #12515);
#12515 = NEXT_ASSEMBLY_USAGE_OCCURRENCE('130','T29','',#5,#12296,$);
#12516 = CONTEXT_DEPENDENT_SHAPE_REPRESENTATION(#12517,#12519);
#12517 = ( REPRESENTATION_RELATIONSHIP('','',#12301,#10) 
REPRESENTATION_RELATIONSHIP_WITH_TRANSFORMATION(#12518) 
SHAPE_REPRESENTATION_RELATIONSHIP() );
#12518 = ITEM_DEFINED_TRANSFORMATION('','',#11,#491);
#12519 = PRODUCT_DEFINITION_SHAPE('Placement','Placement of an item',
  #12520);
#12520 = NEXT_ASSEMBLY_USAGE_OCCURRENCE('131','T3','',#5,#12296,$);
#12521 = CONTEXT_DEPENDENT_SHAPE_REPRESENTATION(#12522,#12524);
#12522 = ( REPRESENTATION_RELATIONSHIP('','',#12301,#10) 
REPRESENTATION_RELATIONSHIP_WITH_TRANSFORMATION(#12523) 
SHAPE_REPRESENTATION_RELATIONSHIP() );
#12523 = ITEM_DEFINED_TRANSFORMATION('','',#11,#495);
#12524 = PRODUCT_DEFINITION_SHAPE('Placement','Placement of an item',
  #12525);
#12525 = NEXT_ASSEMBLY_USAGE_OCCURRENCE('132','T30','',#5,#12296,$);
#12526 = CONTEXT_DEPENDENT_SHAPE_REPRESENTATION(#12527,#12529);
#12527 = ( REPRESENTATION_RELATIONSHIP('','',#12301,#10) 
REPRESENTATION_RELATIONSHIP_WITH_TRANSFORMATION(#12528) 
SHAPE_REPRESENTATION_RELATIONSHIP() );
#12528 = ITEM_DEFINED_TRANSFORMATION('','',#11,#499);
#12529 = PRODUCT_DEFINITION_SHAPE('Placement','Placement of an item',
  #12530);
#12530 = NEXT_ASSEMBLY_USAGE_OCCURRENCE('133','T31','',#5,#12296,$);
#12531 = CONTEXT_DEPENDENT_SHAPE_REPRESENTATION(#12532,#12534);
#12532 = ( REPRESENTATION_RELATIONSHIP('','',#12301,#10) 
REPRESENTATION_RELATIONSHIP_WITH_TRANSFORMATION(#12533) 
SHAPE_REPRESENTATION_RELATIONSHIP() );
#12533 = ITEM_DEFINED_TRANSFORMATION('','',#11,#503);
#12534 = PRODUCT_DEFINITION_SHAPE('Placement','Placement of an item',
  #12535);
#12535 = NEXT_ASSEMBLY_USAGE_OCCURRENCE('134','T32','',#5,#12296,$);
#12536 = CONTEXT_DEPENDENT_SHAPE_REPRESENTATION(#12537,#12539);
#12537 = ( REPRESENTATION_RELATIONSHIP('','',#12301,#10) 
REPRESENTATION_RELATIONSHIP_WITH_TRANSFORMATION(#12538) 
SHAPE_REPRESENTATION_RELATIONSHIP() );
#12538 = ITEM_DEFINED_TRANSFORMATION('','',#11,#507);
#12539 = PRODUCT_DEFINITION_SHAPE('Placement','Placement of an item',
  #12540);
#12540 = NEXT_ASSEMBLY_USAGE_OCCURRENCE('135','T4','',#5,#12296,$);
#12541 = CONTEXT_DEPENDENT_SHAPE_REPRESENTATION(#12542,#12544);
#12542 = ( REPRESENTATION_RELATIONSHIP('','',#12301,#10) 
REPRESENTATION_RELATIONSHIP_WITH_TRANSFORMATION(#12543) 
SHAPE_REPRESENTATION_RELATIONSHIP() );
#12543 = ITEM_DEFINED_TRANSFORMATION('','',#11,#511);
#12544 = PRODUCT_DEFINITION_SHAPE('Placement','Placement of an item',
  #12545);
#12545 = NEXT_ASSEMBLY_USAGE_OCCURRENCE('136','T5','',#5,#12296,$);
#12546 = CONTEXT_DEPENDENT_SHAPE_REPRESENTATION(#12547,#12549);
#12547 = ( REPRESENTATION_RELATIONSHIP('','',#12301,#10) 
REPRESENTATION_RELATIONSHIP_WITH_TRANSFORMATION(#12548) 
SHAPE_REPRESENTATION_RELATIONSHIP() );
#12548 = ITEM_DEFINED_TRANSFORMATION('','',#11,#515);
#12549 = PRODUCT_DEFINITION_SHAPE('Placement','Placement of an item',
  #12550);
#12550 = NEXT_ASSEMBLY_USAGE_OCCURRENCE('137','T6','',#5,#12296,$);
#12551 = CONTEXT_DEPENDENT_SHAPE_REPRESENTATION(#12552,#12554);
#12552 = ( REPRESENTATION_RELATIONSHIP('','',#12301,#10) 
REPRESENTATION_RELATIONSHIP_WITH_TRANSFORMATION(#12553) 
SHAPE_REPRESENTATION_RELATIONSHIP() );
#12553 = ITEM_DEFINED_TRANSFORMATION('','',#11,#519);
#12554 = PRODUCT_DEFINITION_SHAPE('Placement','Placement of an item',
  #12555);
#12555 = NEXT_ASSEMBLY_USAGE_OCCURRENCE('138','T7','',#5,#12296,$);
#12556 = CONTEXT_DEPENDENT_SHAPE_REPRESENTATION(#12557,#12559);
#12557 = ( REPRESENTATION_RELATIONSHIP('','',#12301,#10) 
REPRESENTATION_RELATIONSHIP_WITH_TRANSFORMATION(#12558) 
SHAPE_REPRESENTATION_RELATIONSHIP() );
#12558 = ITEM_DEFINED_TRANSFORMATION('','',#11,#523);
#12559 = PRODUCT_DEFINITION_SHAPE('Placement','Placement of an item',
  #12560);
#12560 = NEXT_ASSEMBLY_USAGE_OCCURRENCE('139','T8','',#5,#12296,$);
#12561 = CONTEXT_DEPENDENT_SHAPE_REPRESENTATION(#12562,#12564);
#12562 = ( REPRESENTATION_RELATIONSHIP('','',#12301,#10) 
REPRESENTATION_RELATIONSHIP_WITH_TRANSFORMATION(#12563) 
SHAPE_REPRESENTATION_RELATIONSHIP() );
#12563 = ITEM_DEFINED_TRANSFORMATION('','',#11,#527);
#12564 = PRODUCT_DEFINITION_SHAPE('Placement','Placement of an item',
  #12565);
#12565 = NEXT_ASSEMBLY_USAGE_OCCURRENCE('140','T9','',#5,#12296,$);
#12566 = SHAPE_DEFINITION_REPRESENTATION(#12567,#12573);
#12567 = PRODUCT_DEFINITION_SHAPE('','',#12568);
#12568 = PRODUCT_DEFINITION('design','',#12569,#12572);
#12569 = PRODUCT_DEFINITION_FORMATION('','',#12570);
#12570 = PRODUCT('U1','U1','',(#12571));
#12571 = PRODUCT_CONTEXT('',#2,'mechanical');
#12572 = PRODUCT_DEFINITION_CONTEXT('part definition',#2,'design');
#12573 = ADVANCED_BREP_SHAPE_REPRESENTATION('',(#11,#12574),#12904);
#12574 = MANIFOLD_SOLID_BREP('',#12575);
#12575 = CLOSED_SHELL('',(#12576,#12696,#12796,#12843,#12890,#12897));
#12576 = ADVANCED_FACE('',(#12577),#12591,.F.);
#12577 = FACE_BOUND('',#12578,.F.);
#12578 = EDGE_LOOP('',(#12579,#12614,#12642,#12670));
#12579 = ORIENTED_EDGE('',*,*,#12580,.F.);
#12580 = EDGE_CURVE('',#12581,#12583,#12585,.T.);
#12581 = VERTEX_POINT('',#12582);
#12582 = CARTESIAN_POINT('',(-1.95,-4.95,0.));
#12583 = VERTEX_POINT('',#12584);
#12584 = CARTESIAN_POINT('',(-1.95,-4.95,1.75));
#12585 = SURFACE_CURVE('',#12586,(#12590,#12602),.PCURVE_S1.);
#12586 = LINE('',#12587,#12588);
#12587 = CARTESIAN_POINT('',(-1.95,-4.95,0.));
#12588 = VECTOR('',#12589,1.);
#12589 = DIRECTION('',(0.,0.,1.));
#12590 = PCURVE('',#12591,#12596);
#12591 = PLANE('',#12592);
#12592 = AXIS2_PLACEMENT_3D('',#12593,#12594,#12595);
#12593 = CARTESIAN_POINT('',(-1.95,-4.95,0.));
#12594 = DIRECTION('',(1.,0.,0.));
#12595 = DIRECTION('',(0.,0.,1.));
#12596 = DEFINITIONAL_REPRESENTATION('',(#12597),#12601);
#12597 = LINE('',#12598,#12599);
#12598 = CARTESIAN_POINT('',(0.,0.));
#12599 = VECTOR('',#12600,1.);
#12600 = DIRECTION('',(1.,0.));
#12601 = ( GEOMETRIC_REPRESENTATION_CONTEXT(2) 
PARAMETRIC_REPRESENTATION_CONTEXT() REPRESENTATION_CONTEXT('2D SPACE',''
  ) );
#12602 = PCURVE('',#12603,#12608);
#12603 = PLANE('',#12604);
#12604 = AXIS2_PLACEMENT_3D('',#12605,#12606,#12607);
#12605 = CARTESIAN_POINT('',(-1.95,-4.95,0.));
#12606 = DIRECTION('',(0.,1.,0.));
#12607 = DIRECTION('',(0.,-0.,1.));
#12608 = DEFINITIONAL_REPRESENTATION('',(#12609),#12613);
#12609 = LINE('',#12610,#12611);
#12610 = CARTESIAN_POINT('',(0.,0.));
#12611 = VECTOR('',#12612,1.);
#12612 = DIRECTION('',(1.,0.));
#12613 = ( GEOMETRIC_REPRESENTATION_CONTEXT(2) 
PARAMETRIC_REPRESENTATION_CONTEXT() REPRESENTATION_CONTEXT('2D SPACE',''
  ) );
#12614 = ORIENTED_EDGE('',*,*,#12615,.T.);
#12615 = EDGE_CURVE('',#12581,#12616,#12618,.T.);
#12616 = VERTEX_POINT('',#12617);
#12617 = CARTESIAN_POINT('',(-1.95,4.95,0.));
#12618 = SURFACE_CURVE('',#12619,(#12623,#12630),.PCURVE_S1.);
#12619 = LINE('',#12620,#12621);
#12620 = CARTESIAN_POINT('',(-1.95,-4.95,0.));
#12621 = VECTOR('',#12622,1.);
#12622 = DIRECTION('',(0.,1.,0.));
#12623 = PCURVE('',#12591,#12624);
#12624 = DEFINITIONAL_REPRESENTATION('',(#12625),#12629);
#12625 = LINE('',#12626,#12627);
#12626 = CARTESIAN_POINT('',(0.,0.));
#12627 = VECTOR('',#12628,1.);
#12628 = DIRECTION('',(0.,-1.));
#12629 = ( GEOMETRIC_REPRESENTATION_CONTEXT(2) 
PARAMETRIC_REPRESENTATION_CONTEXT() REPRESENTATION_CONTEXT('2D SPACE',''
  ) );
#12630 = PCURVE('',#12631,#12636);
#12631 = PLANE('',#12632);
#12632 = AXIS2_PLACEMENT_3D('',#12633,#12634,#12635);
#12633 = CARTESIAN_POINT('',(-1.95,-4.95,0.));
#12634 = DIRECTION('',(0.,0.,1.));
#12635 = DIRECTION('',(1.,0.,-0.));
#12636 = DEFINITIONAL_REPRESENTATION('',(#12637),#12641);
#12637 = LINE('',#12638,#12639);
#12638 = CARTESIAN_POINT('',(0.,0.));
#12639 = VECTOR('',#12640,1.);
#12640 = DIRECTION('',(0.,1.));
#12641 = ( GEOMETRIC_REPRESENTATION_CONTEXT(2) 
PARAMETRIC_REPRESENTATION_CONTEXT() REPRESENTATION_CONTEXT('2D SPACE',''
  ) );
#12642 = ORIENTED_EDGE('',*,*,#12643,.T.);
#12643 = EDGE_CURVE('',#12616,#12644,#12646,.T.);
#12644 = VERTEX_POINT('',#12645);
#12645 = CARTESIAN_POINT('',(-1.95,4.95,1.75));
#12646 = SURFACE_CURVE('',#12647,(#12651,#12658),.PCURVE_S1.);
#12647 = LINE('',#12648,#12649);
#12648 = CARTESIAN_POINT('',(-1.95,4.95,0.));
#12649 = VECTOR('',#12650,1.);
#12650 = DIRECTION('',(0.,0.,1.));
#12651 = PCURVE('',#12591,#12652);
#12652 = DEFINITIONAL_REPRESENTATION('',(#12653),#12657);
#12653 = LINE('',#12654,#12655);
#12654 = CARTESIAN_POINT('',(0.,-9.9));
#12655 = VECTOR('',#12656,1.);
#12656 = DIRECTION('',(1.,0.));
#12657 = ( GEOMETRIC_REPRESENTATION_CONTEXT(2) 
PARAMETRIC_REPRESENTATION_CONTEXT() REPRESENTATION_CONTEXT('2D SPACE',''
  ) );
#12658 = PCURVE('',#12659,#12664);
#12659 = PLANE('',#12660);
#12660 = AXIS2_PLACEMENT_3D('',#12661,#12662,#12663);
#12661 = CARTESIAN_POINT('',(-1.95,4.95,0.));
#12662 = DIRECTION('',(0.,1.,0.));
#12663 = DIRECTION('',(0.,-0.,1.));
#12664 = DEFINITIONAL_REPRESENTATION('',(#12665),#12669);
#12665 = LINE('',#12666,#12667);
#12666 = CARTESIAN_POINT('',(0.,0.));
#12667 = VECTOR('',#12668,1.);
#12668 = DIRECTION('',(1.,0.));
#12669 = ( GEOMETRIC_REPRESENTATION_CONTEXT(2) 
PARAMETRIC_REPRESENTATION_CONTEXT() REPRESENTATION_CONTEXT('2D SPACE',''
  ) );
#12670 = ORIENTED_EDGE('',*,*,#12671,.F.);
#12671 = EDGE_CURVE('',#12583,#12644,#12672,.T.);
#12672 = SURFACE_CURVE('',#12673,(#12677,#12684),.PCURVE_S1.);
#12673 = LINE('',#12674,#12675);
#12674 = CARTESIAN_POINT('',(-1.95,-4.95,1.75));
#12675 = VECTOR('',#12676,1.);
#12676 = DIRECTION('',(0.,1.,0.));
#12677 = PCURVE('',#12591,#12678);
#12678 = DEFINITIONAL_REPRESENTATION('',(#12679),#12683);
#12679 = LINE('',#12680,#12681);
#12680 = CARTESIAN_POINT('',(1.75,0.));
#12681 = VECTOR('',#12682,1.);
#12682 = DIRECTION('',(0.,-1.));
#12683 = ( GEOMETRIC_REPRESENTATION_CONTEXT(2) 
PARAMETRIC_REPRESENTATION_CONTEXT() REPRESENTATION_CONTEXT('2D SPACE',''
  ) );
#12684 = PCURVE('',#12685,#12690);
#12685 = PLANE('',#12686);
#12686 = AXIS2_PLACEMENT_3D('',#12687,#12688,#12689);
#12687 = CARTESIAN_POINT('',(-1.95,-4.95,1.75));
#12688 = DIRECTION('',(0.,0.,1.));
#12689 = DIRECTION('',(1.,0.,-0.));
#12690 = DEFINITIONAL_REPRESENTATION('',(#12691),#12695);
#12691 = LINE('',#12692,#12693);
#12692 = CARTESIAN_POINT('',(0.,0.));
#12693 = VECTOR('',#12694,1.);
#12694 = DIRECTION('',(0.,1.));
#12695 = ( GEOMETRIC_REPRESENTATION_CONTEXT(2) 
PARAMETRIC_REPRESENTATION_CONTEXT() REPRESENTATION_CONTEXT('2D SPACE',''
  ) );
#12696 = ADVANCED_FACE('',(#12697),#12711,.T.);
#12697 = FACE_BOUND('',#12698,.T.);
#12698 = EDGE_LOOP('',(#12699,#12729,#12752,#12775));
#12699 = ORIENTED_EDGE('',*,*,#12700,.F.);
#12700 = EDGE_CURVE('',#12701,#12703,#12705,.T.);
#12701 = VERTEX_POINT('',#12702);
#12702 = CARTESIAN_POINT('',(1.95,-4.95,0.));
#12703 = VERTEX_POINT('',#12704);
#12704 = CARTESIAN_POINT('',(1.95,-4.95,1.75));
#12705 = SURFACE_CURVE('',#12706,(#12710,#12722),.PCURVE_S1.);
#12706 = LINE('',#12707,#12708);
#12707 = CARTESIAN_POINT('',(1.95,-4.95,0.));
#12708 = VECTOR('',#12709,1.);
#12709 = DIRECTION('',(0.,0.,1.));
#12710 = PCURVE('',#12711,#12716);
#12711 = PLANE('',#12712);
#12712 = AXIS2_PLACEMENT_3D('',#12713,#12714,#12715);
#12713 = CARTESIAN_POINT('',(1.95,-4.95,0.));
#12714 = DIRECTION('',(1.,0.,0.));
#12715 = DIRECTION('',(0.,0.,1.));
#12716 = DEFINITIONAL_REPRESENTATION('',(#12717),#12721);
#12717 = LINE('',#12718,#12719);
#12718 = CARTESIAN_POINT('',(0.,0.));
#12719 = VECTOR('',#12720,1.);
#12720 = DIRECTION('',(1.,0.));
#12721 = ( GEOMETRIC_REPRESENTATION_CONTEXT(2) 
PARAMETRIC_REPRESENTATION_CONTEXT() REPRESENTATION_CONTEXT('2D SPACE',''
  ) );
#12722 = PCURVE('',#12603,#12723);
#12723 = DEFINITIONAL_REPRESENTATION('',(#12724),#12728);
#12724 = LINE('',#12725,#12726);
#12725 = CARTESIAN_POINT('',(0.,3.9));
#12726 = VECTOR('',#12727,1.);
#12727 = DIRECTION('',(1.,0.));
#12728 = ( GEOMETRIC_REPRESENTATION_CONTEXT(2) 
PARAMETRIC_REPRESENTATION_CONTEXT() REPRESENTATION_CONTEXT('2D SPACE',''
  ) );
#12729 = ORIENTED_EDGE('',*,*,#12730,.T.);
#12730 = EDGE_CURVE('',#12701,#12731,#12733,.T.);
#12731 = VERTEX_POINT('',#12732);
#12732 = CARTESIAN_POINT('',(1.95,4.95,0.));
#12733 = SURFACE_CURVE('',#12734,(#12738,#12745),.PCURVE_S1.);
#12734 = LINE('',#12735,#12736);
#12735 = CARTESIAN_POINT('',(1.95,-4.95,0.));
#12736 = VECTOR('',#12737,1.);
#12737 = DIRECTION('',(0.,1.,0.));
#12738 = PCURVE('',#12711,#12739);
#12739 = DEFINITIONAL_REPRESENTATION('',(#12740),#12744);
#12740 = LINE('',#12741,#12742);
#12741 = CARTESIAN_POINT('',(0.,0.));
#12742 = VECTOR('',#12743,1.);
#12743 = DIRECTION('',(0.,-1.));
#12744 = ( GEOMETRIC_REPRESENTATION_CONTEXT(2) 
PARAMETRIC_REPRESENTATION_CONTEXT() REPRESENTATION_CONTEXT('2D SPACE',''
  ) );
#12745 = PCURVE('',#12631,#12746);
#12746 = DEFINITIONAL_REPRESENTATION('',(#12747),#12751);
#12747 = LINE('',#12748,#12749);
#12748 = CARTESIAN_POINT('',(3.9,0.));
#12749 = VECTOR('',#12750,1.);
#12750 = DIRECTION('',(0.,1.));
#12751 = ( GEOMETRIC_REPRESENTATION_CONTEXT(2) 
PARAMETRIC_REPRESENTATION_CONTEXT() REPRESENTATION_CONTEXT('2D SPACE',''
  ) );
#12752 = ORIENTED_EDGE('',*,*,#12753,.T.);
#12753 = EDGE_CURVE('',#12731,#12754,#12756,.T.);
#12754 = VERTEX_POINT('',#12755);
#12755 = CARTESIAN_POINT('',(1.95,4.95,1.75));
#12756 = SURFACE_CURVE('',#12757,(#12761,#12768),.PCURVE_S1.);
#12757 = LINE('',#12758,#12759);
#12758 = CARTESIAN_POINT('',(1.95,4.95,0.));
#12759 = VECTOR('',#12760,1.);
#12760 = DIRECTION('',(0.,0.,1.));
#12761 = PCURVE('',#12711,#12762);
#12762 = DEFINITIONAL_REPRESENTATION('',(#12763),#12767);
#12763 = LINE('',#12764,#12765);
#12764 = CARTESIAN_POINT('',(0.,-9.9));
#12765 = VECTOR('',#12766,1.);
#12766 = DIRECTION('',(1.,0.));
#12767 = ( GEOMETRIC_REPRESENTATION_CONTEXT(2) 
PARAMETRIC_REPRESENTATION_CONTEXT() REPRESENTATION_CONTEXT('2D SPACE',''
  ) );
#12768 = PCURVE('',#12659,#12769);
#12769 = DEFINITIONAL_REPRESENTATION('',(#12770),#12774);
#12770 = LINE('',#12771,#12772);
#12771 = CARTESIAN_POINT('',(0.,3.9));
#12772 = VECTOR('',#12773,1.);
#12773 = DIRECTION('',(1.,0.));
#12774 = ( GEOMETRIC_REPRESENTATION_CONTEXT(2) 
PARAMETRIC_REPRESENTATION_CONTEXT() REPRESENTATION_CONTEXT('2D SPACE',''
  ) );
#12775 = ORIENTED_EDGE('',*,*,#12776,.F.);
#12776 = EDGE_CURVE('',#12703,#12754,#12777,.T.);
#12777 = SURFACE_CURVE('',#12778,(#12782,#12789),.PCURVE_S1.);
#12778 = LINE('',#12779,#12780);
#12779 = CARTESIAN_POINT('',(1.95,-4.95,1.75));
#12780 = VECTOR('',#12781,1.);
#12781 = DIRECTION('',(0.,1.,0.));
#12782 = PCURVE('',#12711,#12783);
#12783 = DEFINITIONAL_REPRESENTATION('',(#12784),#12788);
#12784 = LINE('',#12785,#12786);
#12785 = CARTESIAN_POINT('',(1.75,0.));
#12786 = VECTOR('',#12787,1.);
#12787 = DIRECTION('',(0.,-1.));
#12788 = ( GEOMETRIC_REPRESENTATION_CONTEXT(2) 
PARAMETRIC_REPRESENTATION_CONTEXT() REPRESENTATION_CONTEXT('2D SPACE',''
  ) );
#12789 = PCURVE('',#12685,#12790);
#12790 = DEFINITIONAL_REPRESENTATION('',(#12791),#12795);
#12791 = LINE('',#12792,#12793);
#12792 = CARTESIAN_POINT('',(3.9,0.));
#12793 = VECTOR('',#12794,1.);
#12794 = DIRECTION('',(0.,1.));
#12795 = ( GEOMETRIC_REPRESENTATION_CONTEXT(2) 
PARAMETRIC_REPRESENTATION_CONTEXT() REPRESENTATION_CONTEXT('2D SPACE',''
  ) );
#12796 = ADVANCED_FACE('',(#12797),#12603,.F.);
#12797 = FACE_BOUND('',#12798,.F.);
#12798 = EDGE_LOOP('',(#12799,#12820,#12821,#12842));
#12799 = ORIENTED_EDGE('',*,*,#12800,.F.);
#12800 = EDGE_CURVE('',#12581,#12701,#12801,.T.);
#12801 = SURFACE_CURVE('',#12802,(#12806,#12813),.PCURVE_S1.);
#12802 = LINE('',#12803,#12804);
#12803 = CARTESIAN_POINT('',(-1.95,-4.95,0.));
#12804 = VECTOR('',#12805,1.);
#12805 = DIRECTION('',(1.,0.,0.));
#12806 = PCURVE('',#12603,#12807);
#12807 = DEFINITIONAL_REPRESENTATION('',(#12808),#12812);
#12808 = LINE('',#12809,#12810);
#12809 = CARTESIAN_POINT('',(0.,0.));
#12810 = VECTOR('',#12811,1.);
#12811 = DIRECTION('',(0.,1.));
#12812 = ( GEOMETRIC_REPRESENTATION_CONTEXT(2) 
PARAMETRIC_REPRESENTATION_CONTEXT() REPRESENTATION_CONTEXT('2D SPACE',''
  ) );
#12813 = PCURVE('',#12631,#12814);
#12814 = DEFINITIONAL_REPRESENTATION('',(#12815),#12819);
#12815 = LINE('',#12816,#12817);
#12816 = CARTESIAN_POINT('',(0.,0.));
#12817 = VECTOR('',#12818,1.);
#12818 = DIRECTION('',(1.,0.));
#12819 = ( GEOMETRIC_REPRESENTATION_CONTEXT(2) 
PARAMETRIC_REPRESENTATION_CONTEXT() REPRESENTATION_CONTEXT('2D SPACE',''
  ) );
#12820 = ORIENTED_EDGE('',*,*,#12580,.T.);
#12821 = ORIENTED_EDGE('',*,*,#12822,.T.);
#12822 = EDGE_CURVE('',#12583,#12703,#12823,.T.);
#12823 = SURFACE_CURVE('',#12824,(#12828,#12835),.PCURVE_S1.);
#12824 = LINE('',#12825,#12826);
#12825 = CARTESIAN_POINT('',(-1.95,-4.95,1.75));
#12826 = VECTOR('',#12827,1.);
#12827 = DIRECTION('',(1.,0.,0.));
#12828 = PCURVE('',#12603,#12829);
#12829 = DEFINITIONAL_REPRESENTATION('',(#12830),#12834);
#12830 = LINE('',#12831,#12832);
#12831 = CARTESIAN_POINT('',(1.75,0.));
#12832 = VECTOR('',#12833,1.);
#12833 = DIRECTION('',(0.,1.));
#12834 = ( GEOMETRIC_REPRESENTATION_CONTEXT(2) 
PARAMETRIC_REPRESENTATION_CONTEXT() REPRESENTATION_CONTEXT('2D SPACE',''
  ) );
#12835 = PCURVE('',#12685,#12836);
#12836 = DEFINITIONAL_REPRESENTATION('',(#12837),#12841);
#12837 = LINE('',#12838,#12839);
#12838 = CARTESIAN_POINT('',(0.,0.));
#12839 = VECTOR('',#12840,1.);
#12840 = DIRECTION('',(1.,0.));
#12841 = ( GEOMETRIC_REPRESENTATION_CONTEXT(2) 
PARAMETRIC_REPRESENTATION_CONTEXT() REPRESENTATION_CONTEXT('2D SPACE',''
  ) );
#12842 = ORIENTED_EDGE('',*,*,#12700,.F.);
#12843 = ADVANCED_FACE('',(#12844),#12659,.T.);
#12844 = FACE_BOUND('',#12845,.T.);
#12845 = EDGE_LOOP('',(#12846,#12867,#12868,#12889));
#12846 = ORIENTED_EDGE('',*,*,#12847,.F.);
#12847 = EDGE_CURVE('',#12616,#12731,#12848,.T.);
#12848 = SURFACE_CURVE('',#12849,(#12853,#12860),.PCURVE_S1.);
#12849 = LINE('',#12850,#12851);
#12850 = CARTESIAN_POINT('',(-1.95,4.95,0.));
#12851 = VECTOR('',#12852,1.);
#12852 = DIRECTION('',(1.,0.,0.));
#12853 = PCURVE('',#12659,#12854);
#12854 = DEFINITIONAL_REPRESENTATION('',(#12855),#12859);
#12855 = LINE('',#12856,#12857);
#12856 = CARTESIAN_POINT('',(0.,0.));
#12857 = VECTOR('',#12858,1.);
#12858 = DIRECTION('',(0.,1.));
#12859 = ( GEOMETRIC_REPRESENTATION_CONTEXT(2) 
PARAMETRIC_REPRESENTATION_CONTEXT() REPRESENTATION_CONTEXT('2D SPACE',''
  ) );
#12860 = PCURVE('',#12631,#12861);
#12861 = DEFINITIONAL_REPRESENTATION('',(#12862),#12866);
#12862 = LINE('',#12863,#12864);
#12863 = CARTESIAN_POINT('',(0.,9.9));
#12864 = VECTOR('',#12865,1.);
#12865 = DIRECTION('',(1.,0.));
#12866 = ( GEOMETRIC_REPRESENTATION_CONTEXT(2) 
PARAMETRIC_REPRESENTATION_CONTEXT() REPRESENTATION_CONTEXT('2D SPACE',''
  ) );
#12867 = ORIENTED_EDGE('',*,*,#12643,.T.);
#12868 = ORIENTED_EDGE('',*,*,#12869,.T.);
#12869 = EDGE_CURVE('',#12644,#12754,#12870,.T.);
#12870 = SURFACE_CURVE('',#12871,(#12875,#12882),.PCURVE_S1.);
#12871 = LINE('',#12872,#12873);
#12872 = CARTESIAN_POINT('',(-1.95,4.95,1.75));
#12873 = VECTOR('',#12874,1.);
#12874 = DIRECTION('',(1.,0.,0.));
#12875 = PCURVE('',#12659,#12876);
#12876 = DEFINITIONAL_REPRESENTATION('',(#12877),#12881);
#12877 = LINE('',#12878,#12879);
#12878 = CARTESIAN_POINT('',(1.75,0.));
#12879 = VECTOR('',#12880,1.);
#12880 = DIRECTION('',(0.,1.));
#12881 = ( GEOMETRIC_REPRESENTATION_CONTEXT(2) 
PARAMETRIC_REPRESENTATION_CONTEXT() REPRESENTATION_CONTEXT('2D SPACE',''
  ) );
#12882 = PCURVE('',#12685,#12883);
#12883 = DEFINITIONAL_REPRESENTATION('',(#12884),#12888);
#12884 = LINE('',#12885,#12886);
#12885 = CARTESIAN_POINT('',(0.,9.9));
#12886 = VECTOR('',#12887,1.);
#12887 = DIRECTION('',(1.,0.));
#12888 = ( GEOMETRIC_REPRESENTATION_CONTEXT(2) 
PARAMETRIC_REPRESENTATION_CONTEXT() REPRESENTATION_CONTEXT('2D SPACE',''
  ) );
#12889 = ORIENTED_EDGE('',*,*,#12753,.F.);
#12890 = ADVANCED_FACE('',(#12891),#12631,.F.);
#12891 = FACE_BOUND('',#12892,.F.);
#12892 = EDGE_LOOP('',(#12893,#12894,#12895,#12896));
#12893 = ORIENTED_EDGE('',*,*,#12615,.F.);
#12894 = ORIENTED_EDGE('',*,*,#12800,.T.);
#12895 = ORIENTED_EDGE('',*,*,#12730,.T.);
#12896 = ORIENTED_EDGE('',*,*,#12847,.F.);
#12897 = ADVANCED_FACE('',(#12898),#12685,.T.);
#12898 = FACE_BOUND('',#12899,.T.);
#12899 = EDGE_LOOP('',(#12900,#12901,#12902,#12903));
#12900 = ORIENTED_EDGE('',*,*,#12671,.F.);
#12901 = ORIENTED_EDGE('',*,*,#12822,.T.);
#12902 = ORIENTED_EDGE('',*,*,#12776,.T.);
#12903 = ORIENTED_EDGE('',*,*,#12869,.F.);
#12904 = ( GEOMETRIC_REPRESENTATION_CONTEXT(3) 
GLOBAL_UNCERTAINTY_ASSIGNED_CONTEXT((#12908)) 
GLOBAL_UNIT_ASSIGNED_CONTEXT((#12905,#12906,#12907)) 
REPRESENTATION_CONTEXT('Context #1',
  '3D Context with UNIT and UNCERTAINTY') );
#12905 = ( LENGTH_UNIT() NAMED_UNIT(*) SI_UNIT(.MILLI.,.METRE.) );
#12906 = ( NAMED_UNIT(*) PLANE_ANGLE_UNIT() SI_UNIT($,.RADIAN.) );
#12907 = ( NAMED_UNIT(*) SI_UNIT($,.STERADIAN.) SOLID_ANGLE_UNIT() );
#12908 = UNCERTAINTY_MEASURE_WITH_UNIT(LENGTH_MEASURE(1.E-07),#12905,
  'distance_accuracy_value','confusion accuracy');
#12909 = CONTEXT_DEPENDENT_SHAPE_REPRESENTATION(#12910,#12912);
#12910 = ( REPRESENTATION_RELATIONSHIP('','',#12573,#10) 
REPRESENTATION_RELATIONSHIP_WITH_TRANSFORMATION(#12911) 
SHAPE_REPRESENTATION_RELATIONSHIP() );
#12911 = ITEM_DEFINED_TRANSFORMATION('','',#11,#531);
#12912 = PRODUCT_DEFINITION_SHAPE('Placement','Placement of an item',
  #12913);
#12913 = NEXT_ASSEMBLY_USAGE_OCCURRENCE('141','U1','',#5,#12568,$);
#12914 = PRODUCT_RELATED_PRODUCT_CATEGORY('part',$,(#12570));
#12915 = SHAPE_DEFINITION_REPRESENTATION(#12916,#12922);
#12916 = PRODUCT_DEFINITION_SHAPE('','',#12917);
#12917 = PRODUCT_DEFINITION('design','',#12918,#12921);
#12918 = PRODUCT_DEFINITION_FORMATION('','',#12919);
#12919 = PRODUCT('U10','U10','',(#12920));
#12920 = PRODUCT_CONTEXT('',#2,'mechanical');
#12921 = PRODUCT_DEFINITION_CONTEXT('part definition',#2,'design');
#12922 = ADVANCED_BREP_SHAPE_REPRESENTATION('',(#11,#12923),#13253);
#12923 = MANIFOLD_SOLID_BREP('',#12924);
#12924 = CLOSED_SHELL('',(#12925,#13045,#13145,#13192,#13239,#13246));
#12925 = ADVANCED_FACE('',(#12926),#12940,.F.);
#12926 = FACE_BOUND('',#12927,.F.);
#12927 = EDGE_LOOP('',(#12928,#12963,#12991,#13019));
#12928 = ORIENTED_EDGE('',*,*,#12929,.F.);
#12929 = EDGE_CURVE('',#12930,#12932,#12934,.T.);
#12930 = VERTEX_POINT('',#12931);
#12931 = CARTESIAN_POINT('',(-1.95,-2.45,0.));
#12932 = VERTEX_POINT('',#12933);
#12933 = CARTESIAN_POINT('',(-1.95,-2.45,1.75));
#12934 = SURFACE_CURVE('',#12935,(#12939,#12951),.PCURVE_S1.);
#12935 = LINE('',#12936,#12937);
#12936 = CARTESIAN_POINT('',(-1.95,-2.45,0.));
#12937 = VECTOR('',#12938,1.);
#12938 = DIRECTION('',(0.,0.,1.));
#12939 = PCURVE('',#12940,#12945);
#12940 = PLANE('',#12941);
#12941 = AXIS2_PLACEMENT_3D('',#12942,#12943,#12944);
#12942 = CARTESIAN_POINT('',(-1.95,-2.45,0.));
#12943 = DIRECTION('',(1.,0.,0.));
#12944 = DIRECTION('',(0.,0.,1.));
#12945 = DEFINITIONAL_REPRESENTATION('',(#12946),#12950);
#12946 = LINE('',#12947,#12948);
#12947 = CARTESIAN_POINT('',(0.,0.));
#12948 = VECTOR('',#12949,1.);
#12949 = DIRECTION('',(1.,0.));
#12950 = ( GEOMETRIC_REPRESENTATION_CONTEXT(2) 
PARAMETRIC_REPRESENTATION_CONTEXT() REPRESENTATION_CONTEXT('2D SPACE',''
  ) );
#12951 = PCURVE('',#12952,#12957);
#12952 = PLANE('',#12953);
#12953 = AXIS2_PLACEMENT_3D('',#12954,#12955,#12956);
#12954 = CARTESIAN_POINT('',(-1.95,-2.45,0.));
#12955 = DIRECTION('',(0.,1.,0.));
#12956 = DIRECTION('',(0.,-0.,1.));
#12957 = DEFINITIONAL_REPRESENTATION('',(#12958),#12962);
#12958 = LINE('',#12959,#12960);
#12959 = CARTESIAN_POINT('',(0.,0.));
#12960 = VECTOR('',#12961,1.);
#12961 = DIRECTION('',(1.,0.));
#12962 = ( GEOMETRIC_REPRESENTATION_CONTEXT(2) 
PARAMETRIC_REPRESENTATION_CONTEXT() REPRESENTATION_CONTEXT('2D SPACE',''
  ) );
#12963 = ORIENTED_EDGE('',*,*,#12964,.T.);
#12964 = EDGE_CURVE('',#12930,#12965,#12967,.T.);
#12965 = VERTEX_POINT('',#12966);
#12966 = CARTESIAN_POINT('',(-1.95,2.45,0.));
#12967 = SURFACE_CURVE('',#12968,(#12972,#12979),.PCURVE_S1.);
#12968 = LINE('',#12969,#12970);
#12969 = CARTESIAN_POINT('',(-1.95,-2.45,0.));
#12970 = VECTOR('',#12971,1.);
#12971 = DIRECTION('',(0.,1.,0.));
#12972 = PCURVE('',#12940,#12973);
#12973 = DEFINITIONAL_REPRESENTATION('',(#12974),#12978);
#12974 = LINE('',#12975,#12976);
#12975 = CARTESIAN_POINT('',(0.,0.));
#12976 = VECTOR('',#12977,1.);
#12977 = DIRECTION('',(0.,-1.));
#12978 = ( GEOMETRIC_REPRESENTATION_CONTEXT(2) 
PARAMETRIC_REPRESENTATION_CONTEXT() REPRESENTATION_CONTEXT('2D SPACE',''
  ) );
#12979 = PCURVE('',#12980,#12985);
#12980 = PLANE('',#12981);
#12981 = AXIS2_PLACEMENT_3D('',#12982,#12983,#12984);
#12982 = CARTESIAN_POINT('',(-1.95,-2.45,0.));
#12983 = DIRECTION('',(0.,0.,1.));
#12984 = DIRECTION('',(1.,0.,-0.));
#12985 = DEFINITIONAL_REPRESENTATION('',(#12986),#12990);
#12986 = LINE('',#12987,#12988);
#12987 = CARTESIAN_POINT('',(0.,0.));
#12988 = VECTOR('',#12989,1.);
#12989 = DIRECTION('',(0.,1.));
#12990 = ( GEOMETRIC_REPRESENTATION_CONTEXT(2) 
PARAMETRIC_REPRESENTATION_CONTEXT() REPRESENTATION_CONTEXT('2D SPACE',''
  ) );
#12991 = ORIENTED_EDGE('',*,*,#12992,.T.);
#12992 = EDGE_CURVE('',#12965,#12993,#12995,.T.);
#12993 = VERTEX_POINT('',#12994);
#12994 = CARTESIAN_POINT('',(-1.95,2.45,1.75));
#12995 = SURFACE_CURVE('',#12996,(#13000,#13007),.PCURVE_S1.);
#12996 = LINE('',#12997,#12998);
#12997 = CARTESIAN_POINT('',(-1.95,2.45,0.));
#12998 = VECTOR('',#12999,1.);
#12999 = DIRECTION('',(0.,0.,1.));
#13000 = PCURVE('',#12940,#13001);
#13001 = DEFINITIONAL_REPRESENTATION('',(#13002),#13006);
#13002 = LINE('',#13003,#13004);
#13003 = CARTESIAN_POINT('',(0.,-4.9));
#13004 = VECTOR('',#13005,1.);
#13005 = DIRECTION('',(1.,0.));
#13006 = ( GEOMETRIC_REPRESENTATION_CONTEXT(2) 
PARAMETRIC_REPRESENTATION_CONTEXT() REPRESENTATION_CONTEXT('2D SPACE',''
  ) );
#13007 = PCURVE('',#13008,#13013);
#13008 = PLANE('',#13009);
#13009 = AXIS2_PLACEMENT_3D('',#13010,#13011,#13012);
#13010 = CARTESIAN_POINT('',(-1.95,2.45,0.));
#13011 = DIRECTION('',(0.,1.,0.));
#13012 = DIRECTION('',(0.,-0.,1.));
#13013 = DEFINITIONAL_REPRESENTATION('',(#13014),#13018);
#13014 = LINE('',#13015,#13016);
#13015 = CARTESIAN_POINT('',(0.,0.));
#13016 = VECTOR('',#13017,1.);
#13017 = DIRECTION('',(1.,0.));
#13018 = ( GEOMETRIC_REPRESENTATION_CONTEXT(2) 
PARAMETRIC_REPRESENTATION_CONTEXT() REPRESENTATION_CONTEXT('2D SPACE',''
  ) );
#13019 = ORIENTED_EDGE('',*,*,#13020,.F.);
#13020 = EDGE_CURVE('',#12932,#12993,#13021,.T.);
#13021 = SURFACE_CURVE('',#13022,(#13026,#13033),.PCURVE_S1.);
#13022 = LINE('',#13023,#13024);
#13023 = CARTESIAN_POINT('',(-1.95,-2.45,1.75));
#13024 = VECTOR('',#13025,1.);
#13025 = DIRECTION('',(0.,1.,0.));
#13026 = PCURVE('',#12940,#13027);
#13027 = DEFINITIONAL_REPRESENTATION('',(#13028),#13032);
#13028 = LINE('',#13029,#13030);
#13029 = CARTESIAN_POINT('',(1.75,0.));
#13030 = VECTOR('',#13031,1.);
#13031 = DIRECTION('',(0.,-1.));
#13032 = ( GEOMETRIC_REPRESENTATION_CONTEXT(2) 
PARAMETRIC_REPRESENTATION_CONTEXT() REPRESENTATION_CONTEXT('2D SPACE',''
  ) );
#13033 = PCURVE('',#13034,#13039);
#13034 = PLANE('',#13035);
#13035 = AXIS2_PLACEMENT_3D('',#13036,#13037,#13038);
#13036 = CARTESIAN_POINT('',(-1.95,-2.45,1.75));
#13037 = DIRECTION('',(0.,0.,1.));
#13038 = DIRECTION('',(1.,0.,-0.));
#13039 = DEFINITIONAL_REPRESENTATION('',(#13040),#13044);
#13040 = LINE('',#13041,#13042);
#13041 = CARTESIAN_POINT('',(0.,0.));
#13042 = VECTOR('',#13043,1.);
#13043 = DIRECTION('',(0.,1.));
#13044 = ( GEOMETRIC_REPRESENTATION_CONTEXT(2) 
PARAMETRIC_REPRESENTATION_CONTEXT() REPRESENTATION_CONTEXT('2D SPACE',''
  ) );
#13045 = ADVANCED_FACE('',(#13046),#13060,.T.);
#13046 = FACE_BOUND('',#13047,.T.);
#13047 = EDGE_LOOP('',(#13048,#13078,#13101,#13124));
#13048 = ORIENTED_EDGE('',*,*,#13049,.F.);
#13049 = EDGE_CURVE('',#13050,#13052,#13054,.T.);
#13050 = VERTEX_POINT('',#13051);
#13051 = CARTESIAN_POINT('',(1.95,-2.45,0.));
#13052 = VERTEX_POINT('',#13053);
#13053 = CARTESIAN_POINT('',(1.95,-2.45,1.75));
#13054 = SURFACE_CURVE('',#13055,(#13059,#13071),.PCURVE_S1.);
#13055 = LINE('',#13056,#13057);
#13056 = CARTESIAN_POINT('',(1.95,-2.45,0.));
#13057 = VECTOR('',#13058,1.);
#13058 = DIRECTION('',(0.,0.,1.));
#13059 = PCURVE('',#13060,#13065);
#13060 = PLANE('',#13061);
#13061 = AXIS2_PLACEMENT_3D('',#13062,#13063,#13064);
#13062 = CARTESIAN_POINT('',(1.95,-2.45,0.));
#13063 = DIRECTION('',(1.,0.,0.));
#13064 = DIRECTION('',(0.,0.,1.));
#13065 = DEFINITIONAL_REPRESENTATION('',(#13066),#13070);
#13066 = LINE('',#13067,#13068);
#13067 = CARTESIAN_POINT('',(0.,0.));
#13068 = VECTOR('',#13069,1.);
#13069 = DIRECTION('',(1.,0.));
#13070 = ( GEOMETRIC_REPRESENTATION_CONTEXT(2) 
PARAMETRIC_REPRESENTATION_CONTEXT() REPRESENTATION_CONTEXT('2D SPACE',''
  ) );
#13071 = PCURVE('',#12952,#13072);
#13072 = DEFINITIONAL_REPRESENTATION('',(#13073),#13077);
#13073 = LINE('',#13074,#13075);
#13074 = CARTESIAN_POINT('',(0.,3.9));
#13075 = VECTOR('',#13076,1.);
#13076 = DIRECTION('',(1.,0.));
#13077 = ( GEOMETRIC_REPRESENTATION_CONTEXT(2) 
PARAMETRIC_REPRESENTATION_CONTEXT() REPRESENTATION_CONTEXT('2D SPACE',''
  ) );
#13078 = ORIENTED_EDGE('',*,*,#13079,.T.);
#13079 = EDGE_CURVE('',#13050,#13080,#13082,.T.);
#13080 = VERTEX_POINT('',#13081);
#13081 = CARTESIAN_POINT('',(1.95,2.45,0.));
#13082 = SURFACE_CURVE('',#13083,(#13087,#13094),.PCURVE_S1.);
#13083 = LINE('',#13084,#13085);
#13084 = CARTESIAN_POINT('',(1.95,-2.45,0.));
#13085 = VECTOR('',#13086,1.);
#13086 = DIRECTION('',(0.,1.,0.));
#13087 = PCURVE('',#13060,#13088);
#13088 = DEFINITIONAL_REPRESENTATION('',(#13089),#13093);
#13089 = LINE('',#13090,#13091);
#13090 = CARTESIAN_POINT('',(0.,0.));
#13091 = VECTOR('',#13092,1.);
#13092 = DIRECTION('',(0.,-1.));
#13093 = ( GEOMETRIC_REPRESENTATION_CONTEXT(2) 
PARAMETRIC_REPRESENTATION_CONTEXT() REPRESENTATION_CONTEXT('2D SPACE',''
  ) );
#13094 = PCURVE('',#12980,#13095);
#13095 = DEFINITIONAL_REPRESENTATION('',(#13096),#13100);
#13096 = LINE('',#13097,#13098);
#13097 = CARTESIAN_POINT('',(3.9,0.));
#13098 = VECTOR('',#13099,1.);
#13099 = DIRECTION('',(0.,1.));
#13100 = ( GEOMETRIC_REPRESENTATION_CONTEXT(2) 
PARAMETRIC_REPRESENTATION_CONTEXT() REPRESENTATION_CONTEXT('2D SPACE',''
  ) );
#13101 = ORIENTED_EDGE('',*,*,#13102,.T.);
#13102 = EDGE_CURVE('',#13080,#13103,#13105,.T.);
#13103 = VERTEX_POINT('',#13104);
#13104 = CARTESIAN_POINT('',(1.95,2.45,1.75));
#13105 = SURFACE_CURVE('',#13106,(#13110,#13117),.PCURVE_S1.);
#13106 = LINE('',#13107,#13108);
#13107 = CARTESIAN_POINT('',(1.95,2.45,0.));
#13108 = VECTOR('',#13109,1.);
#13109 = DIRECTION('',(0.,0.,1.));
#13110 = PCURVE('',#13060,#13111);
#13111 = DEFINITIONAL_REPRESENTATION('',(#13112),#13116);
#13112 = LINE('',#13113,#13114);
#13113 = CARTESIAN_POINT('',(0.,-4.9));
#13114 = VECTOR('',#13115,1.);
#13115 = DIRECTION('',(1.,0.));
#13116 = ( GEOMETRIC_REPRESENTATION_CONTEXT(2) 
PARAMETRIC_REPRESENTATION_CONTEXT() REPRESENTATION_CONTEXT('2D SPACE',''
  ) );
#13117 = PCURVE('',#13008,#13118);
#13118 = DEFINITIONAL_REPRESENTATION('',(#13119),#13123);
#13119 = LINE('',#13120,#13121);
#13120 = CARTESIAN_POINT('',(0.,3.9));
#13121 = VECTOR('',#13122,1.);
#13122 = DIRECTION('',(1.,0.));
#13123 = ( GEOMETRIC_REPRESENTATION_CONTEXT(2) 
PARAMETRIC_REPRESENTATION_CONTEXT() REPRESENTATION_CONTEXT('2D SPACE',''
  ) );
#13124 = ORIENTED_EDGE('',*,*,#13125,.F.);
#13125 = EDGE_CURVE('',#13052,#13103,#13126,.T.);
#13126 = SURFACE_CURVE('',#13127,(#13131,#13138),.PCURVE_S1.);
#13127 = LINE('',#13128,#13129);
#13128 = CARTESIAN_POINT('',(1.95,-2.45,1.75));
#13129 = VECTOR('',#13130,1.);
#13130 = DIRECTION('',(0.,1.,0.));
#13131 = PCURVE('',#13060,#13132);
#13132 = DEFINITIONAL_REPRESENTATION('',(#13133),#13137);
#13133 = LINE('',#13134,#13135);
#13134 = CARTESIAN_POINT('',(1.75,0.));
#13135 = VECTOR('',#13136,1.);
#13136 = DIRECTION('',(0.,-1.));
#13137 = ( GEOMETRIC_REPRESENTATION_CONTEXT(2) 
PARAMETRIC_REPRESENTATION_CONTEXT() REPRESENTATION_CONTEXT('2D SPACE',''
  ) );
#13138 = PCURVE('',#13034,#13139);
#13139 = DEFINITIONAL_REPRESENTATION('',(#13140),#13144);
#13140 = LINE('',#13141,#13142);
#13141 = CARTESIAN_POINT('',(3.9,0.));
#13142 = VECTOR('',#13143,1.);
#13143 = DIRECTION('',(0.,1.));
#13144 = ( GEOMETRIC_REPRESENTATION_CONTEXT(2) 
PARAMETRIC_REPRESENTATION_CONTEXT() REPRESENTATION_CONTEXT('2D SPACE',''
  ) );
#13145 = ADVANCED_FACE('',(#13146),#12952,.F.);
#13146 = FACE_BOUND('',#13147,.F.);
#13147 = EDGE_LOOP('',(#13148,#13169,#13170,#13191));
#13148 = ORIENTED_EDGE('',*,*,#13149,.F.);
#13149 = EDGE_CURVE('',#12930,#13050,#13150,.T.);
#13150 = SURFACE_CURVE('',#13151,(#13155,#13162),.PCURVE_S1.);
#13151 = LINE('',#13152,#13153);
#13152 = CARTESIAN_POINT('',(-1.95,-2.45,0.));
#13153 = VECTOR('',#13154,1.);
#13154 = DIRECTION('',(1.,0.,0.));
#13155 = PCURVE('',#12952,#13156);
#13156 = DEFINITIONAL_REPRESENTATION('',(#13157),#13161);
#13157 = LINE('',#13158,#13159);
#13158 = CARTESIAN_POINT('',(0.,0.));
#13159 = VECTOR('',#13160,1.);
#13160 = DIRECTION('',(0.,1.));
#13161 = ( GEOMETRIC_REPRESENTATION_CONTEXT(2) 
PARAMETRIC_REPRESENTATION_CONTEXT() REPRESENTATION_CONTEXT('2D SPACE',''
  ) );
#13162 = PCURVE('',#12980,#13163);
#13163 = DEFINITIONAL_REPRESENTATION('',(#13164),#13168);
#13164 = LINE('',#13165,#13166);
#13165 = CARTESIAN_POINT('',(0.,0.));
#13166 = VECTOR('',#13167,1.);
#13167 = DIRECTION('',(1.,0.));
#13168 = ( GEOMETRIC_REPRESENTATION_CONTEXT(2) 
PARAMETRIC_REPRESENTATION_CONTEXT() REPRESENTATION_CONTEXT('2D SPACE',''
  ) );
#13169 = ORIENTED_EDGE('',*,*,#12929,.T.);
#13170 = ORIENTED_EDGE('',*,*,#13171,.T.);
#13171 = EDGE_CURVE('',#12932,#13052,#13172,.T.);
#13172 = SURFACE_CURVE('',#13173,(#13177,#13184),.PCURVE_S1.);
#13173 = LINE('',#13174,#13175);
#13174 = CARTESIAN_POINT('',(-1.95,-2.45,1.75));
#13175 = VECTOR('',#13176,1.);
#13176 = DIRECTION('',(1.,0.,0.));
#13177 = PCURVE('',#12952,#13178);
#13178 = DEFINITIONAL_REPRESENTATION('',(#13179),#13183);
#13179 = LINE('',#13180,#13181);
#13180 = CARTESIAN_POINT('',(1.75,0.));
#13181 = VECTOR('',#13182,1.);
#13182 = DIRECTION('',(0.,1.));
#13183 = ( GEOMETRIC_REPRESENTATION_CONTEXT(2) 
PARAMETRIC_REPRESENTATION_CONTEXT() REPRESENTATION_CONTEXT('2D SPACE',''
  ) );
#13184 = PCURVE('',#13034,#13185);
#13185 = DEFINITIONAL_REPRESENTATION('',(#13186),#13190);
#13186 = LINE('',#13187,#13188);
#13187 = CARTESIAN_POINT('',(0.,0.));
#13188 = VECTOR('',#13189,1.);
#13189 = DIRECTION('',(1.,0.));
#13190 = ( GEOMETRIC_REPRESENTATION_CONTEXT(2) 
PARAMETRIC_REPRESENTATION_CONTEXT() REPRESENTATION_CONTEXT('2D SPACE',''
  ) );
#13191 = ORIENTED_EDGE('',*,*,#13049,.F.);
#13192 = ADVANCED_FACE('',(#13193),#13008,.T.);
#13193 = FACE_BOUND('',#13194,.T.);
#13194 = EDGE_LOOP('',(#13195,#13216,#13217,#13238));
#13195 = ORIENTED_EDGE('',*,*,#13196,.F.);
#13196 = EDGE_CURVE('',#12965,#13080,#13197,.T.);
#13197 = SURFACE_CURVE('',#13198,(#13202,#13209),.PCURVE_S1.);
#13198 = LINE('',#13199,#13200);
#13199 = CARTESIAN_POINT('',(-1.95,2.45,0.));
#13200 = VECTOR('',#13201,1.);
#13201 = DIRECTION('',(1.,0.,0.));
#13202 = PCURVE('',#13008,#13203);
#13203 = DEFINITIONAL_REPRESENTATION('',(#13204),#13208);
#13204 = LINE('',#13205,#13206);
#13205 = CARTESIAN_POINT('',(0.,0.));
#13206 = VECTOR('',#13207,1.);
#13207 = DIRECTION('',(0.,1.));
#13208 = ( GEOMETRIC_REPRESENTATION_CONTEXT(2) 
PARAMETRIC_REPRESENTATION_CONTEXT() REPRESENTATION_CONTEXT('2D SPACE',''
  ) );
#13209 = PCURVE('',#12980,#13210);
#13210 = DEFINITIONAL_REPRESENTATION('',(#13211),#13215);
#13211 = LINE('',#13212,#13213);
#13212 = CARTESIAN_POINT('',(0.,4.9));
#13213 = VECTOR('',#13214,1.);
#13214 = DIRECTION('',(1.,0.));
#13215 = ( GEOMETRIC_REPRESENTATION_CONTEXT(2) 
PARAMETRIC_REPRESENTATION_CONTEXT() REPRESENTATION_CONTEXT('2D SPACE',''
  ) );
#13216 = ORIENTED_EDGE('',*,*,#12992,.T.);
#13217 = ORIENTED_EDGE('',*,*,#13218,.T.);
#13218 = EDGE_CURVE('',#12993,#13103,#13219,.T.);
#13219 = SURFACE_CURVE('',#13220,(#13224,#13231),.PCURVE_S1.);
#13220 = LINE('',#13221,#13222);
#13221 = CARTESIAN_POINT('',(-1.95,2.45,1.75));
#13222 = VECTOR('',#13223,1.);
#13223 = DIRECTION('',(1.,0.,0.));
#13224 = PCURVE('',#13008,#13225);
#13225 = DEFINITIONAL_REPRESENTATION('',(#13226),#13230);
#13226 = LINE('',#13227,#13228);
#13227 = CARTESIAN_POINT('',(1.75,0.));
#13228 = VECTOR('',#13229,1.);
#13229 = DIRECTION('',(0.,1.));
#13230 = ( GEOMETRIC_REPRESENTATION_CONTEXT(2) 
PARAMETRIC_REPRESENTATION_CONTEXT() REPRESENTATION_CONTEXT('2D SPACE',''
  ) );
#13231 = PCURVE('',#13034,#13232);
#13232 = DEFINITIONAL_REPRESENTATION('',(#13233),#13237);
#13233 = LINE('',#13234,#13235);
#13234 = CARTESIAN_POINT('',(0.,4.9));
#13235 = VECTOR('',#13236,1.);
#13236 = DIRECTION('',(1.,0.));
#13237 = ( GEOMETRIC_REPRESENTATION_CONTEXT(2) 
PARAMETRIC_REPRESENTATION_CONTEXT() REPRESENTATION_CONTEXT('2D SPACE',''
  ) );
#13238 = ORIENTED_EDGE('',*,*,#13102,.F.);
#13239 = ADVANCED_FACE('',(#13240),#12980,.F.);
#13240 = FACE_BOUND('',#13241,.F.);
#13241 = EDGE_LOOP('',(#13242,#13243,#13244,#13245));
#13242 = ORIENTED_EDGE('',*,*,#12964,.F.);
#13243 = ORIENTED_EDGE('',*,*,#13149,.T.);
#13244 = ORIENTED_EDGE('',*,*,#13079,.T.);
#13245 = ORIENTED_EDGE('',*,*,#13196,.F.);
#13246 = ADVANCED_FACE('',(#13247),#13034,.T.);
#13247 = FACE_BOUND('',#13248,.T.);
#13248 = EDGE_LOOP('',(#13249,#13250,#13251,#13252));
#13249 = ORIENTED_EDGE('',*,*,#13020,.F.);
#13250 = ORIENTED_EDGE('',*,*,#13171,.T.);
#13251 = ORIENTED_EDGE('',*,*,#13125,.T.);
#13252 = ORIENTED_EDGE('',*,*,#13218,.F.);
#13253 = ( GEOMETRIC_REPRESENTATION_CONTEXT(3) 
GLOBAL_UNCERTAINTY_ASSIGNED_CONTEXT((#13257)) 
GLOBAL_UNIT_ASSIGNED_CONTEXT((#13254,#13255,#13256)) 
REPRESENTATION_CONTEXT('Context #1',
  '3D Context with UNIT and UNCERTAINTY') );
#13254 = ( LENGTH_UNIT() NAMED_UNIT(*) SI_UNIT(.MILLI.,.METRE.) );
#13255 = ( NAMED_UNIT(*) PLANE_ANGLE_UNIT() SI_UNIT($,.RADIAN.) );
#13256 = ( NAMED_UNIT(*) SI_UNIT($,.STERADIAN.) SOLID_ANGLE_UNIT() );
#13257 = UNCERTAINTY_MEASURE_WITH_UNIT(LENGTH_MEASURE(1.E-07),#13254,
  'distance_accuracy_value','confusion accuracy');
#13258 = CONTEXT_DEPENDENT_SHAPE_REPRESENTATION(#13259,#13261);
#13259 = ( REPRESENTATION_RELATIONSHIP('','',#12922,#10) 
REPRESENTATION_RELATIONSHIP_WITH_TRANSFORMATION(#13260) 
SHAPE_REPRESENTATION_RELATIONSHIP() );
#13260 = ITEM_DEFINED_TRANSFORMATION('','',#11,#535);
#13261 = PRODUCT_DEFINITION_SHAPE('Placement','Placement of an item',
  #13262);
#13262 = NEXT_ASSEMBLY_USAGE_OCCURRENCE('142','U10','',#5,#12917,$);
#13263 = PRODUCT_RELATED_PRODUCT_CATEGORY('part',$,(#12919));
#13264 = CONTEXT_DEPENDENT_SHAPE_REPRESENTATION(#13265,#13267);
#13265 = ( REPRESENTATION_RELATIONSHIP('','',#12922,#10) 
REPRESENTATION_RELATIONSHIP_WITH_TRANSFORMATION(#13266) 
SHAPE_REPRESENTATION_RELATIONSHIP() );
#13266 = ITEM_DEFINED_TRANSFORMATION('','',#11,#539);
#13267 = PRODUCT_DEFINITION_SHAPE('Placement','Placement of an item',
  #13268);
#13268 = NEXT_ASSEMBLY_USAGE_OCCURRENCE('143','U11','',#5,#12917,$);
#13269 = CONTEXT_DEPENDENT_SHAPE_REPRESENTATION(#13270,#13272);
#13270 = ( REPRESENTATION_RELATIONSHIP('','',#12922,#10) 
REPRESENTATION_RELATIONSHIP_WITH_TRANSFORMATION(#13271) 
SHAPE_REPRESENTATION_RELATIONSHIP() );
#13271 = ITEM_DEFINED_TRANSFORMATION('','',#11,#543);
#13272 = PRODUCT_DEFINITION_SHAPE('Placement','Placement of an item',
  #13273);
#13273 = NEXT_ASSEMBLY_USAGE_OCCURRENCE('144','U12','',#5,#12917,$);
#13274 = CONTEXT_DEPENDENT_SHAPE_REPRESENTATION(#13275,#13277);
#13275 = ( REPRESENTATION_RELATIONSHIP('','',#12922,#10) 
REPRESENTATION_RELATIONSHIP_WITH_TRANSFORMATION(#13276) 
SHAPE_REPRESENTATION_RELATIONSHIP() );
#13276 = ITEM_DEFINED_TRANSFORMATION('','',#11,#547);
#13277 = PRODUCT_DEFINITION_SHAPE('Placement','Placement of an item',
  #13278);
#13278 = NEXT_ASSEMBLY_USAGE_OCCURRENCE('145','U13','',#5,#12917,$);
#13279 = CONTEXT_DEPENDENT_SHAPE_REPRESENTATION(#13280,#13282);
#13280 = ( REPRESENTATION_RELATIONSHIP('','',#12922,#10) 
REPRESENTATION_RELATIONSHIP_WITH_TRANSFORMATION(#13281) 
SHAPE_REPRESENTATION_RELATIONSHIP() );
#13281 = ITEM_DEFINED_TRANSFORMATION('','',#11,#551);
#13282 = PRODUCT_DEFINITION_SHAPE('Placement','Placement of an item',
  #13283);
#13283 = NEXT_ASSEMBLY_USAGE_OCCURRENCE('146','U14','',#5,#12917,$);
#13284 = CONTEXT_DEPENDENT_SHAPE_REPRESENTATION(#13285,#13287);
#13285 = ( REPRESENTATION_RELATIONSHIP('','',#12922,#10) 
REPRESENTATION_RELATIONSHIP_WITH_TRANSFORMATION(#13286) 
SHAPE_REPRESENTATION_RELATIONSHIP() );
#13286 = ITEM_DEFINED_TRANSFORMATION('','',#11,#555);
#13287 = PRODUCT_DEFINITION_SHAPE('Placement','Placement of an item',
  #13288);
#13288 = NEXT_ASSEMBLY_USAGE_OCCURRENCE('147','U15','',#5,#12917,$);
#13289 = CONTEXT_DEPENDENT_SHAPE_REPRESENTATION(#13290,#13292);
#13290 = ( REPRESENTATION_RELATIONSHIP('','',#12922,#10) 
REPRESENTATION_RELATIONSHIP_WITH_TRANSFORMATION(#13291) 
SHAPE_REPRESENTATION_RELATIONSHIP() );
#13291 = ITEM_DEFINED_TRANSFORMATION('','',#11,#559);
#13292 = PRODUCT_DEFINITION_SHAPE('Placement','Placement of an item',
  #13293);
#13293 = NEXT_ASSEMBLY_USAGE_OCCURRENCE('148','U16','',#5,#12917,$);
#13294 = CONTEXT_DEPENDENT_SHAPE_REPRESENTATION(#13295,#13297);
#13295 = ( REPRESENTATION_RELATIONSHIP('','',#12922,#10) 
REPRESENTATION_RELATIONSHIP_WITH_TRANSFORMATION(#13296) 
SHAPE_REPRESENTATION_RELATIONSHIP() );
#13296 = ITEM_DEFINED_TRANSFORMATION('','',#11,#563);
#13297 = PRODUCT_DEFINITION_SHAPE('Placement','Placement of an item',
  #13298);
#13298 = NEXT_ASSEMBLY_USAGE_OCCURRENCE('149','U17','',#5,#12917,$);
#13299 = CONTEXT_DEPENDENT_SHAPE_REPRESENTATION(#13300,#13302);
#13300 = ( REPRESENTATION_RELATIONSHIP('','',#12922,#10) 
REPRESENTATION_RELATIONSHIP_WITH_TRANSFORMATION(#13301) 
SHAPE_REPRESENTATION_RELATIONSHIP() );
#13301 = ITEM_DEFINED_TRANSFORMATION('','',#11,#567);
#13302 = PRODUCT_DEFINITION_SHAPE('Placement','Placement of an item',
  #13303);
#13303 = NEXT_ASSEMBLY_USAGE_OCCURRENCE('150','U18','',#5,#12917,$);
#13304 = CONTEXT_DEPENDENT_SHAPE_REPRESENTATION(#13305,#13307);
#13305 = ( REPRESENTATION_RELATIONSHIP('','',#12922,#10) 
REPRESENTATION_RELATIONSHIP_WITH_TRANSFORMATION(#13306) 
SHAPE_REPRESENTATION_RELATIONSHIP() );
#13306 = ITEM_DEFINED_TRANSFORMATION('','',#11,#571);
#13307 = PRODUCT_DEFINITION_SHAPE('Placement','Placement of an item',
  #13308);
#13308 = NEXT_ASSEMBLY_USAGE_OCCURRENCE('151','U19','',#5,#12917,$);
#13309 = CONTEXT_DEPENDENT_SHAPE_REPRESENTATION(#13310,#13312);
#13310 = ( REPRESENTATION_RELATIONSHIP('','',#12573,#10) 
REPRESENTATION_RELATIONSHIP_WITH_TRANSFORMATION(#13311) 
SHAPE_REPRESENTATION_RELATIONSHIP() );
#13311 = ITEM_DEFINED_TRANSFORMATION('','',#11,#575);
#13312 = PRODUCT_DEFINITION_SHAPE('Placement','Placement of an item',
  #13313);
#13313 = NEXT_ASSEMBLY_USAGE_OCCURRENCE('152','U2','',#5,#12568,$);
#13314 = CONTEXT_DEPENDENT_SHAPE_REPRESENTATION(#13315,#13317);
#13315 = ( REPRESENTATION_RELATIONSHIP('','',#12922,#10) 
REPRESENTATION_RELATIONSHIP_WITH_TRANSFORMATION(#13316) 
SHAPE_REPRESENTATION_RELATIONSHIP() );
#13316 = ITEM_DEFINED_TRANSFORMATION('','',#11,#579);
#13317 = PRODUCT_DEFINITION_SHAPE('Placement','Placement of an item',
  #13318);
#13318 = NEXT_ASSEMBLY_USAGE_OCCURRENCE('153','U20','',#5,#12917,$);
#13319 = CONTEXT_DEPENDENT_SHAPE_REPRESENTATION(#13320,#13322);
#13320 = ( REPRESENTATION_RELATIONSHIP('','',#12573,#10) 
REPRESENTATION_RELATIONSHIP_WITH_TRANSFORMATION(#13321) 
SHAPE_REPRESENTATION_RELATIONSHIP() );
#13321 = ITEM_DEFINED_TRANSFORMATION('','',#11,#583);
#13322 = PRODUCT_DEFINITION_SHAPE('Placement','Placement of an item',
  #13323);
#13323 = NEXT_ASSEMBLY_USAGE_OCCURRENCE('154','U3','',#5,#12568,$);
#13324 = CONTEXT_DEPENDENT_SHAPE_REPRESENTATION(#13325,#13327);
#13325 = ( REPRESENTATION_RELATIONSHIP('','',#12573,#10) 
REPRESENTATION_RELATIONSHIP_WITH_TRANSFORMATION(#13326) 
SHAPE_REPRESENTATION_RELATIONSHIP() );
#13326 = ITEM_DEFINED_TRANSFORMATION('','',#11,#587);
#13327 = PRODUCT_DEFINITION_SHAPE('Placement','Placement of an item',
  #13328);
#13328 = NEXT_ASSEMBLY_USAGE_OCCURRENCE('155','U4','',#5,#12568,$);
#13329 = CONTEXT_DEPENDENT_SHAPE_REPRESENTATION(#13330,#13332);
#13330 = ( REPRESENTATION_RELATIONSHIP('','',#12922,#10) 
REPRESENTATION_RELATIONSHIP_WITH_TRANSFORMATION(#13331) 
SHAPE_REPRESENTATION_RELATIONSHIP() );
#13331 = ITEM_DEFINED_TRANSFORMATION('','',#11,#591);
#13332 = PRODUCT_DEFINITION_SHAPE('Placement','Placement of an item',
  #13333);
#13333 = NEXT_ASSEMBLY_USAGE_OCCURRENCE('156','U5','',#5,#12917,$);
#13334 = CONTEXT_DEPENDENT_SHAPE_REPRESENTATION(#13335,#13337);
#13335 = ( REPRESENTATION_RELATIONSHIP('','',#12922,#10) 
REPRESENTATION_RELATIONSHIP_WITH_TRANSFORMATION(#13336) 
SHAPE_REPRESENTATION_RELATIONSHIP() );
#13336 = ITEM_DEFINED_TRANSFORMATION('','',#11,#595);
#13337 = PRODUCT_DEFINITION_SHAPE('Placement','Placement of an item',
  #13338);
#13338 = NEXT_ASSEMBLY_USAGE_OCCURRENCE('157','U6','',#5,#12917,$);
#13339 = CONTEXT_DEPENDENT_SHAPE_REPRESENTATION(#13340,#13342);
#13340 = ( REPRESENTATION_RELATIONSHIP('','',#12922,#10) 
REPRESENTATION_RELATIONSHIP_WITH_TRANSFORMATION(#13341) 
SHAPE_REPRESENTATION_RELATIONSHIP() );
#13341 = ITEM_DEFINED_TRANSFORMATION('','',#11,#599);
#13342 = PRODUCT_DEFINITION_SHAPE('Placement','Placement of an item',
  #13343);
#13343 = NEXT_ASSEMBLY_USAGE_OCCURRENCE('158','U7','',#5,#12917,$);
#13344 = CONTEXT_DEPENDENT_SHAPE_REPRESENTATION(#13345,#13347);
#13345 = ( REPRESENTATION_RELATIONSHIP('','',#12922,#10) 
REPRESENTATION_RELATIONSHIP_WITH_TRANSFORMATION(#13346) 
SHAPE_REPRESENTATION_RELATIONSHIP() );
#13346 = ITEM_DEFINED_TRANSFORMATION('','',#11,#603);
#13347 = PRODUCT_DEFINITION_SHAPE('Placement','Placement of an item',
  #13348);
#13348 = NEXT_ASSEMBLY_USAGE_OCCURRENCE('159','U8','',#5,#12917,$);
#13349 = CONTEXT_DEPENDENT_SHAPE_REPRESENTATION(#13350,#13352);
#13350 = ( REPRESENTATION_RELATIONSHIP('','',#12922,#10) 
REPRESENTATION_RELATIONSHIP_WITH_TRANSFORMATION(#13351) 
SHAPE_REPRESENTATION_RELATIONSHIP() );
#13351 = ITEM_DEFINED_TRANSFORMATION('','',#11,#607);
#13352 = PRODUCT_DEFINITION_SHAPE('Placement','Placement of an item',
  #13353);
#13353 = NEXT_ASSEMBLY_USAGE_OCCURRENCE('160','U9','',#5,#12917,$);
#13354 = MECHANICAL_DESIGN_GEOMETRIC_PRESENTATION_REPRESENTATION('',(
    #13355),#12400);
#13355 = STYLED_ITEM('color',(#13356),#12302);
#13356 = PRESENTATION_STYLE_ASSIGNMENT((#13357));
#13357 = SURFACE_STYLE_USAGE(.BOTH.,#13358);
#13358 = SURFACE_SIDE_STYLE('',(#13359));
#13359 = SURFACE_STYLE_FILL_AREA(#13360);
#13360 = FILL_AREA_STYLE('',(#13361));
#13361 = FILL_AREA_STYLE_COLOUR('',#13362);
#13362 = COLOUR_RGB('',0.700000005816,0.709999997415,0.740000011925);
#13363 = MECHANICAL_DESIGN_GEOMETRIC_PRESENTATION_REPRESENTATION('',(
    #13364),#11330);
#13364 = STYLED_ITEM('color',(#13365),#11000);
#13365 = PRESENTATION_STYLE_ASSIGNMENT((#13366));
#13366 = SURFACE_STYLE_USAGE(.BOTH.,#13367);
#13367 = SURFACE_SIDE_STYLE('',(#13368));
#13368 = SURFACE_STYLE_FILL_AREA(#13369);
#13369 = FILL_AREA_STYLE('',(#13370));
#13370 = FILL_AREA_STYLE_COLOUR('',#13371);
#13371 = COLOUR_RGB('',0.180000002302,0.180000002302,0.199999998682);
#13372 = MECHANICAL_DESIGN_GEOMETRIC_PRESENTATION_REPRESENTATION('',(
    #13373),#13253);
#13373 = STYLED_ITEM('color',(#13374),#12923);
#13374 = PRESENTATION_STYLE_ASSIGNMENT((#13375));
#13375 = SURFACE_STYLE_USAGE(.BOTH.,#13376);
#13376 = SURFACE_SIDE_STYLE('',(#13377));
#13377 = SURFACE_STYLE_FILL_AREA(#13378);
#13378 = FILL_AREA_STYLE('',(#13379));
#13379 = FILL_AREA_STYLE_COLOUR('',#13380);
#13380 = COLOUR_RGB('',9.999999991362E-02,0.109999998779,0.130000001093
  );
#13381 = MECHANICAL_DESIGN_GEOMETRIC_PRESENTATION_REPRESENTATION('',(
    #13382),#10976);
#13382 = STYLED_ITEM('color',(#13383),#10646);
#13383 = PRESENTATION_STYLE_ASSIGNMENT((#13384));
#13384 = SURFACE_STYLE_USAGE(.BOTH.,#13385);
#13385 = SURFACE_SIDE_STYLE('',(#13386));
#13386 = SURFACE_STYLE_FILL_AREA(#13387);
#13387 = FILL_AREA_STYLE('',(#13388));
#13388 = FILL_AREA_STYLE_COLOUR('',#13371);
#13389 = MECHANICAL_DESIGN_GEOMETRIC_PRESENTATION_REPRESENTATION('',(
    #13390),#9971);
#13390 = STYLED_ITEM('color',(#13391),#625);
#13391 = PRESENTATION_STYLE_ASSIGNMENT((#13392));
#13392 = SURFACE_STYLE_USAGE(.BOTH.,#13393);
#13393 = SURFACE_SIDE_STYLE('',(#13394));
#13394 = SURFACE_STYLE_FILL_AREA(#13395);
#13395 = FILL_AREA_STYLE('',(#13396));
#13396 = FILL_AREA_STYLE_COLOUR('',#13397);
#13397 = COLOUR_RGB('',3.999999888241E-02,0.350000000377,0.1599999992);
#13398 = MECHANICAL_DESIGN_GEOMETRIC_PRESENTATION_REPRESENTATION('',(
    #13399),#12904);
#13399 = STYLED_ITEM('color',(#13400),#12574);
#13400 = PRESENTATION_STYLE_ASSIGNMENT((#13401));
#13401 = SURFACE_STYLE_USAGE(.BOTH.,#13402);
#13402 = SURFACE_SIDE_STYLE('',(#13403));
#13403 = SURFACE_STYLE_FILL_AREA(#13404);
#13404 = FILL_AREA_STYLE('',(#13405));
#13405 = FILL_AREA_STYLE_COLOUR('',#13380);
#13406 = MECHANICAL_DESIGN_GEOMETRIC_PRESENTATION_REPRESENTATION('',(
    #13407),#10320);
#13407 = STYLED_ITEM('color',(#13408),#9990);
#13408 = PRESENTATION_STYLE_ASSIGNMENT((#13409));
#13409 = SURFACE_STYLE_USAGE(.BOTH.,#13410);
#13410 = SURFACE_SIDE_STYLE('',(#13411));
#13411 = SURFACE_STYLE_FILL_AREA(#13412);
#13412 = FILL_AREA_STYLE('',(#13413));
#13413 = FILL_AREA_STYLE_COLOUR('',#13414);
#13414 = COLOUR_RGB('',0.659999992303,0.480000004686,0.259999998834);
#13415 = MECHANICAL_DESIGN_GEOMETRIC_PRESENTATION_REPRESENTATION('',(
    #13416),#10482);
#13416 = STYLED_ITEM('color',(#13417),#10384);
#13417 = PRESENTATION_STYLE_ASSIGNMENT((#13418));
#13418 = SURFACE_STYLE_USAGE(.BOTH.,#13419);
#13419 = SURFACE_SIDE_STYLE('',(#13420));
#13420 = SURFACE_STYLE_FILL_AREA(#13421);
#13421 = FILL_AREA_STYLE('',(#13422));
#13422 = FILL_AREA_STYLE_COLOUR('',#13423);
#13423 = COLOUR_RGB('',0.149999997808,0.24000000363,0.36000000506);
#13424 = MECHANICAL_DESIGN_GEOMETRIC_PRESENTATION_REPRESENTATION('',(
    #13425),#12038);
#13425 = STYLED_ITEM('color',(#13426),#11708);
#13426 = PRESENTATION_STYLE_ASSIGNMENT((#13427));
#13427 = SURFACE_STYLE_USAGE(.BOTH.,#13428);
#13428 = SURFACE_SIDE_STYLE('',(#13429));
#13429 = SURFACE_STYLE_FILL_AREA(#13430);
#13430 = FILL_AREA_STYLE('',(#13431));
#13431 = FILL_AREA_STYLE_COLOUR('',#13432);
#13432 = COLOUR_RGB('',0.149999997808,0.1599999992,0.180000002302);
#13433 = MECHANICAL_DESIGN_GEOMETRIC_PRESENTATION_REPRESENTATION('',(
    #13434),#11684);
#13434 = STYLED_ITEM('color',(#13435),#11354);
#13435 = PRESENTATION_STYLE_ASSIGNMENT((#13436));
#13436 = SURFACE_STYLE_USAGE(.BOTH.,#13437);
#13437 = SURFACE_SIDE_STYLE('',(#13438));
#13438 = SURFACE_STYLE_FILL_AREA(#13439);
#13439 = FILL_AREA_STYLE('',(#13440));
#13440 = FILL_AREA_STYLE_COLOUR('',#13380);
ENDSEC;
END-ISO-10303-21;
