Component coordinate alias,Type,Pin or coordinate index,X mm,Y mm,Copper net,Net interpretation
"K4@4.445,43.434",HEADER-2X3,1,3.175,45.974,126,GND
"K4@4.445,43.434",HEADER-2X3,2,5.715,45.974,1836,
"K4@4.445,43.434",HEADER-2X3,3,3.175,43.434,126,GND
"K4@4.445,43.434",HEADER-2X3,4,5.715,43.434,1835,
"K4@4.445,43.434",HEADER-2X3,5,3.175,40.894,126,GND
"K4@4.445,43.434",HEADER-2X3,6,5.715,40.894,1837,
"K3@180.647,43.472",HEADER-2X3,1,181.91709,40.9321,126,GND
"K3@180.647,43.472",HEADER-2X3,2,179.37709,40.9321,2206,
"K3@180.647,43.472",HEADER-2X3,3,181.91709,43.4721,126,GND
"K3@180.647,43.472",HEADER-2X3,4,179.37709,43.4721,2208,
"K3@180.647,43.472",HEADER-2X3,5,181.91709,46.0121,126,GND
"K3@180.647,43.472",HEADER-2X3,6,179.37709,46.0121,2209,
"K2@180.647,34.925",HEADER-2X2,1,181.91709,36.195,126,GND
"K2@180.647,34.925",HEADER-2X2,2,179.37709,36.195,1640,DRIVER_VDD
"K2@180.647,34.925",HEADER-2X2,3,181.91709,33.655,126,GND
"K2@180.647,34.925",HEADER-2X2,4,179.37709,33.655,2203,LOGIC_VCC
"K1@4.445,34.925",HEADER-2X2,1,3.175,33.655,126,GND
"K1@4.445,34.925",HEADER-2X2,2,5.715,33.655,2203,LOGIC_VCC
"K1@4.445,34.925",HEADER-2X2,3,3.175,36.195,126,GND
"K1@4.445,34.925",HEADER-2X2,4,5.715,36.195,1640,DRIVER_VDD
"J1@179.441,23.533",KYCN-KLDX-0202-B-3,1,179.63109,25.8191,126,GND
"J1@179.441,23.533",KYCN-KLDX-0202-B-3,2,176.45609,21.2471,1640,DRIVER_VDD
"J1@179.441,23.533",KYCN-KLDX-0202-B-3,3,182.42509,21.2471,126,GND
"C4_SHIFTER@172.706,146.996",0.1uF,1,172.70603,145.89608,1905,LOGIC_VCC
"C4_SHIFTER@172.706,146.996",0.1uF,2,172.70603,148.09597,126,GND
"C4_SHIFTER@152.706,146.896",0.1uF,1,152.70607,147.99589,126,GND
"C4_SHIFTER@152.706,146.896",0.1uF,2,152.70607,145.796,1905,LOGIC_VCC
"C4_SHIFTER@131.706,146.896",0.1uF,1,131.70611,147.99589,126,GND
"C4_SHIFTER@131.706,146.896",0.1uF,2,131.70611,145.796,1905,LOGIC_VCC
"C4_SHIFTER@110.706,146.896",0.1uF,1,110.7059,147.99589,126,GND
"C4_SHIFTER@110.706,146.896",0.1uF,2,110.7059,145.796,1905,LOGIC_VCC
"C4_SHIFTER@89.706,146.896",0.1uF,1,89.70594,147.99589,126,GND
"C4_SHIFTER@89.706,146.896",0.1uF,2,89.70594,145.796,1905,LOGIC_VCC
"C4_SHIFTER@68.706,146.896",0.1uF,1,68.70598,147.99589,126,GND
"C4_SHIFTER@68.706,146.896",0.1uF,2,68.70598,145.796,1905,LOGIC_VCC
"C4_SHIFTER@47.706,146.896",0.1uF,1,47.70603,147.99589,126,GND
"C4_SHIFTER@47.706,146.896",0.1uF,2,47.70603,145.796,1905,LOGIC_VCC
"C4_SHIFTER@26.664,146.896",0.1uF,1,26.66365,147.99589,126,GND
"C4_SHIFTER@26.664,146.896",0.1uF,2,26.66365,145.796,1905,LOGIC_VCC
"C4_SHIFTER@172.706,104.996",0.1uF,1,172.70603,106.09605,126,GND
"C4_SHIFTER@172.706,104.996",0.1uF,2,172.70603,103.89591,1905,LOGIC_VCC
"C4_SHIFTER@152.706,104.996",0.1uF,1,152.70607,106.09605,126,GND
"C4_SHIFTER@152.706,104.996",0.1uF,2,152.70607,103.89591,1905,LOGIC_VCC
"C4_SHIFTER@131.706,104.996",0.1uF,1,131.70611,106.09605,126,GND
"C4_SHIFTER@131.706,104.996",0.1uF,2,131.70611,103.89591,1905,LOGIC_VCC
"C4_SHIFTER@110.706,104.996",0.1uF,1,110.7059,106.09605,126,GND
"C4_SHIFTER@110.706,104.996",0.1uF,2,110.7059,103.89591,1905,LOGIC_VCC
"C4_SHIFTER@89.706,104.996",0.1uF,1,89.70594,106.09605,126,GND
"C4_SHIFTER@89.706,104.996",0.1uF,2,89.70594,103.89591,1905,LOGIC_VCC
"C4_SHIFTER@68.706,104.996",0.1uF,1,68.70598,106.09605,126,GND
"C4_SHIFTER@68.706,104.996",0.1uF,2,68.70598,103.89591,1905,LOGIC_VCC
"C4_SHIFTER@47.706,104.996",0.1uF,1,47.70603,106.09605,126,GND
"C4_SHIFTER@47.706,104.996",0.1uF,2,47.70603,103.89591,1905,LOGIC_VCC
"C4_SHIFTER@26.706,104.996",0.1uF,1,26.70607,106.09605,126,GND
"C4_SHIFTER@26.706,104.996",0.1uF,2,26.70607,103.89591,1905,LOGIC_VCC
"C4_SHIFTER@172.706,62.996",0.1uF,1,172.70603,64.09588,126,GND
"C4_SHIFTER@172.706,62.996",0.1uF,2,172.70603,61.89599,1905,LOGIC_VCC
"C4_SHIFTER@152.706,62.996",0.1uF,1,152.70607,64.09588,126,GND
"C4_SHIFTER@152.706,62.996",0.1uF,2,152.70607,61.89599,1905,LOGIC_VCC
"C4_SHIFTER@131.706,62.996",0.1uF,1,131.70611,64.09588,126,GND
"C4_SHIFTER@131.706,62.996",0.1uF,2,131.70611,61.89599,1905,LOGIC_VCC
"C4_SHIFTER@110.706,62.996",0.1uF,1,110.7059,64.09588,126,GND
"C4_SHIFTER@110.706,62.996",0.1uF,2,110.7059,61.89599,1905,LOGIC_VCC
"C4_SHIFTER@89.706,62.996",0.1uF,1,89.70594,64.09588,1905,LOGIC_VCC
"C4_SHIFTER@89.706,62.996",0.1uF,2,89.70594,61.89599,126,GND
"C4_SHIFTER@68.706,62.996",0.1uF,1,68.70598,64.09588,126,GND
"C4_SHIFTER@68.706,62.996",0.1uF,2,68.70598,61.89599,1905,LOGIC_VCC
"C4_SHIFTER@47.706,62.996",0.1uF,1,47.70603,64.09588,126,GND
"C4_SHIFTER@47.706,62.996",0.1uF,2,47.70603,61.89599,1905,LOGIC_VCC
"C4_SHIFTER@26.706,62.996",0.1uF,1,26.70607,64.09588,126,GND
"C4_SHIFTER@26.706,62.996",0.1uF,2,26.70607,61.89599,1905,LOGIC_VCC
"C4_SHIFTER@172.706,20.996",0.1uF,1,172.70603,22.09597,126,GND
"C4_SHIFTER@172.706,20.996",0.1uF,2,172.70603,19.89607,2203,LOGIC_VCC
"C4_SHIFTER@152.706,20.996",0.1uF,1,152.70607,22.09597,126,GND
"C4_SHIFTER@152.706,20.996",0.1uF,2,152.70607,19.89607,2203,LOGIC_VCC
"C4_SHIFTER@131.706,20.996",0.1uF,1,131.70611,22.09597,126,GND
"C4_SHIFTER@131.706,20.996",0.1uF,2,131.70611,19.89607,2203,LOGIC_VCC
"C4_SHIFTER@110.706,20.996",0.1uF,1,110.7059,22.09597,126,GND
"C4_SHIFTER@110.706,20.996",0.1uF,2,110.7059,19.89607,2203,LOGIC_VCC
"C4_SHIFTER@89.706,20.996",0.1uF,1,89.70594,22.09597,126,GND
"C4_SHIFTER@89.706,20.996",0.1uF,2,89.70594,19.89607,2203,LOGIC_VCC
"C4_SHIFTER@68.706,20.996",0.1uF,1,68.70598,22.09597,126,GND
"C4_SHIFTER@68.706,20.996",0.1uF,2,68.70598,19.89607,2203,LOGIC_VCC
"C4_SHIFTER@47.706,20.996",0.1uF,1,47.70603,22.09597,126,GND
"C4_SHIFTER@47.706,20.996",0.1uF,2,47.70603,19.89607,2203,LOGIC_VCC
"C4_SHIFTER@26.706,20.996",0.1uF,1,26.70607,22.09597,126,GND
"C4_SHIFTER@26.706,20.996",0.1uF,2,26.70607,19.89607,2203,LOGIC_VCC
"C5@176.456,157.746",0.1uF,1,176.45609,156.64612,126,GND
"C5@176.456,157.746",0.1uF,2,176.45609,158.84601,1640,DRIVER_VDD
"c6@176.456,136.746",0.1uF,1,176.45609,137.84605,126,GND
"c6@176.456,136.746",0.1uF,2,176.45609,135.64591,1640,DRIVER_VDD
"C7@176.456,115.746",0.1uF,1,176.45609,114.64595,126,GND
"C7@176.456,115.746",0.1uF,2,176.45609,116.8461,1640,DRIVER_VDD
"C8@176.456,94.746",0.1uF,1,176.45609,95.84588,126,GND
"C8@176.456,94.746",0.1uF,2,176.45609,93.64599,1640,DRIVER_VDD
"C11@176.456,31.746",0.1uF,1,176.45609,30.64612,126,GND
"C11@176.456,31.746",0.1uF,2,176.45609,32.84601,1640,DRIVER_VDD
"C12@176.456,10.746",0.1uF,1,176.45609,11.84605,126,GND
"C12@176.456,10.746",0.1uF,2,176.45609,9.6459,1640,DRIVER_VDD
"C10@176.456,52.746",0.1uF,1,176.45609,51.64607,1640,DRIVER_VDD
"C10@176.456,52.746",0.1uF,2,176.45609,53.84597,126,GND
"C9@176.456,73.746",0.1uF,1,176.45609,74.84593,1640,DRIVER_VDD
"C9@176.456,73.746",0.1uF,2,176.45609,72.64603,126,GND
"T4_SHIFTER@66.206,78.996",Transducer,1,68.70598,78.99603,1847,
"T4_SHIFTER@66.206,78.996",Transducer,2,63.70599,78.99603,126,GND
"U4_SHIFTER@13.706,31.746",IN-MOSDRV-TC1426CPA-8,1,11.80109,29.39593,25,
"U4_SHIFTER@13.706,31.746",IN-MOSDRV-TC1426CPA-8,2,13.07109,29.39593,22,
"U4_SHIFTER@13.706,31.746",IN-MOSDRV-TC1426CPA-8,3,14.34109,29.39593,126,GND
"U4_SHIFTER@13.706,31.746",IN-MOSDRV-TC1426CPA-8,4,15.61109,29.39593,21,
"U4_SHIFTER@13.706,31.746",IN-MOSDRV-TC1426CPA-8,5,15.61109,34.09594,1641,
"U4_SHIFTER@13.706,31.746",IN-MOSDRV-TC1426CPA-8,6,14.34109,34.09594,1640,DRIVER_VDD
"U4_SHIFTER@13.706,31.746",IN-MOSDRV-TC1426CPA-8,7,13.07109,34.09594,27,
"U4_SHIFTER@13.706,31.746",IN-MOSDRV-TC1426CPA-8,8,11.80109,34.09594,32,
"U3_SHIFTER@13.706,10.746",IN-MOSDRV-TC1426CPA-8,1,15.61109,13.09599,8,
"U3_SHIFTER@13.706,10.746",IN-MOSDRV-TC1426CPA-8,2,14.34109,13.09599,9,
"U3_SHIFTER@13.706,10.746",IN-MOSDRV-TC1426CPA-8,3,13.07109,13.09599,126,GND
"U3_SHIFTER@13.706,10.746",IN-MOSDRV-TC1426CPA-8,4,11.80109,13.09599,10,
"U3_SHIFTER@13.706,10.746",IN-MOSDRV-TC1426CPA-8,5,11.80109,8.39597,3,
"U3_SHIFTER@13.706,10.746",IN-MOSDRV-TC1426CPA-8,6,13.07109,8.39597,1640,DRIVER_VDD
"U3_SHIFTER@13.706,10.746",IN-MOSDRV-TC1426CPA-8,7,14.34109,8.39597,1631,
"U3_SHIFTER@13.706,10.746",IN-MOSDRV-TC1426CPA-8,8,15.61109,8.39597,4,
"U2_SHIFTER@24.206,31.746",IN-MOSDRV-TC1426CPA-8,1,22.30095,29.39593,24,
"U2_SHIFTER@24.206,31.746",IN-MOSDRV-TC1426CPA-8,2,23.57095,29.39593,23,
"U2_SHIFTER@24.206,31.746",IN-MOSDRV-TC1426CPA-8,3,24.84095,29.39593,126,GND
"U2_SHIFTER@24.206,31.746",IN-MOSDRV-TC1426CPA-8,4,26.11095,29.39593,149,
"U2_SHIFTER@24.206,31.746",IN-MOSDRV-TC1426CPA-8,5,26.11095,34.09594,1685,
"U2_SHIFTER@24.206,31.746",IN-MOSDRV-TC1426CPA-8,6,24.84095,34.09594,1640,DRIVER_VDD
"U2_SHIFTER@24.206,31.746",IN-MOSDRV-TC1426CPA-8,7,23.57095,34.09594,152,
"U2_SHIFTER@24.206,31.746",IN-MOSDRV-TC1426CPA-8,8,22.30095,34.09594,31,
"U1_SHIFTER@24.206,10.746",IN-MOSDRV-TC1426CPA-8,1,26.11095,13.09599,136,
"U1_SHIFTER@24.206,10.746",IN-MOSDRV-TC1426CPA-8,2,24.84095,13.09599,138,
"U1_SHIFTER@24.206,10.746",IN-MOSDRV-TC1426CPA-8,3,23.57095,13.09599,126,GND
"U1_SHIFTER@24.206,10.746",IN-MOSDRV-TC1426CPA-8,4,22.30095,13.09599,11,
"U1_SHIFTER@24.206,10.746",IN-MOSDRV-TC1426CPA-8,5,22.30095,8.39597,2,
"U1_SHIFTER@24.206,10.746",IN-MOSDRV-TC1426CPA-8,6,23.57095,8.39597,1640,DRIVER_VDD
"U1_SHIFTER@24.206,10.746",IN-MOSDRV-TC1426CPA-8,7,24.84095,8.39597,1678,
"U1_SHIFTER@24.206,10.746",IN-MOSDRV-TC1426CPA-8,8,26.11095,8.39597,131,
"T8_SHIFTER@13.706,36.996",Transducer,1,16.20596,36.99612,1641,
"T8_SHIFTER@13.706,36.996",Transducer,2,11.20597,36.99612,126,GND
"T7_SHIFTER@13.706,26.496",Transducer,1,16.20596,26.49601,27,
"T7_SHIFTER@13.706,26.496",Transducer,2,11.20597,26.49601,126,GND
"T6_SHIFTER@13.706,5.496",Transducer,1,11.20597,5.49605,3,
"T6_SHIFTER@13.706,5.496",Transducer,2,16.20596,5.49605,126,GND
"T5_SHIFTER@13.706,15.996",Transducer,1,11.20597,15.9959,1631,
"T5_SHIFTER@13.706,15.996",Transducer,2,16.20596,15.9959,126,GND
"T4_SHIFTER@24.206,36.996",Transducer,1,26.70607,36.99612,1685,
"T4_SHIFTER@24.206,36.996",Transducer,2,21.70608,36.99612,126,GND
"T3_SHIFTER@24.206,26.496",Transducer,1,26.70607,26.49601,152,
"T3_SHIFTER@24.206,26.496",Transducer,2,21.70608,26.49601,126,GND
"T2_SHIFTER@24.206,5.496",Transducer,1,21.70608,5.49605,2,
"T2_SHIFTER@24.206,5.496",Transducer,2,26.70607,5.49605,126,GND
"T1_SHIFTER@24.206,15.996",Transducer,1,21.70608,15.9959,1678,
"T1_SHIFTER@24.206,15.996",Transducer,2,26.70607,15.9959,126,GND
"C13_SHIFTE@8.456,31.746",0.1uF,1,8.45591,30.64612,126,GND
"C13_SHIFTE@8.456,31.746",0.1uF,2,8.45591,32.84601,1640,DRIVER_VDD
"C3_SHIFTER@8.456,10.746",0.1uF,1,8.45591,11.84605,126,GND
"C3_SHIFTER@8.456,10.746",0.1uF,2,8.45591,9.6459,1640,DRIVER_VDD
"C2_SHIFTER@18.956,31.746",0.1uF,1,18.95602,30.64612,126,GND
"C2_SHIFTER@18.956,31.746",0.1uF,2,18.95602,32.84601,1640,DRIVER_VDD
"C1_SHIFTER@18.956,10.996",0.1uF,1,18.95602,9.89609,1640,DRIVER_VDD
"C1_SHIFTER@18.956,10.996",0.1uF,2,18.95602,12.09599,126,GND
"1_SHIFTERS@18.956,21.246",74HC595,1,14.51102,18.70608,22,
"1_SHIFTERS@18.956,21.246",74HC595,2,15.78102,18.70608,10,
"1_SHIFTERS@18.956,21.246",74HC595,3,17.05102,18.70608,9,
"1_SHIFTERS@18.956,21.246",74HC595,4,18.32102,18.70608,23,
"1_SHIFTERS@18.956,21.246",74HC595,5,19.59102,18.70608,149,
"1_SHIFTERS@18.956,21.246",74HC595,6,20.86102,18.70608,11,
"1_SHIFTERS@18.956,21.246",74HC595,7,22.13102,18.70608,138,
"1_SHIFTERS@18.956,21.246",74HC595,8,23.40102,18.70608,126,GND
"1_SHIFTERS@18.956,21.246",74HC595,9,23.40102,23.78608,145,
"1_SHIFTERS@18.956,21.246",74HC595,10,22.13102,23.78608,2203,LOGIC_VCC
"1_SHIFTERS@18.956,21.246",74HC595,11,20.86102,23.78608,663,SHIFT_CLK_1
"1_SHIFTERS@18.956,21.246",74HC595,12,19.59102,23.78608,805,LATCH_CLK_1
"1_SHIFTERS@18.956,21.246",74HC595,13,18.32102,23.78608,126,GND
"1_SHIFTERS@18.956,21.246",74HC595,14,17.05102,23.78608,1831,
"1_SHIFTERS@18.956,21.246",74HC595,15,15.78102,23.78608,21,
"1_SHIFTERS@18.956,21.246",74HC595,16,14.51102,23.78608,2203,LOGIC_VCC
"U4_SHIFTER@160.706,157.746",IN-MOSDRV-TC1426CPA-8,1,158.80105,155.39593,1499,
"U4_SHIFTER@160.706,157.746",IN-MOSDRV-TC1426CPA-8,2,160.07105,155.39593,1498,
"U4_SHIFTER@160.706,157.746",IN-MOSDRV-TC1426CPA-8,3,161.34105,155.39593,126,GND
"U4_SHIFTER@160.706,157.746",IN-MOSDRV-TC1426CPA-8,4,162.61105,155.39593,1497,
"U4_SHIFTER@160.706,157.746",IN-MOSDRV-TC1426CPA-8,5,162.61105,160.09595,2193,
"U4_SHIFTER@160.706,157.746",IN-MOSDRV-TC1426CPA-8,6,161.34105,160.09595,1640,DRIVER_VDD
"U4_SHIFTER@160.706,157.746",IN-MOSDRV-TC1426CPA-8,7,160.07105,160.09595,1502,
"U4_SHIFTER@160.706,157.746",IN-MOSDRV-TC1426CPA-8,8,158.80105,160.09595,1504,
"U4_SHIFTER@139.706,157.746",IN-MOSDRV-TC1426CPA-8,1,137.8011,155.39593,1243,
"U4_SHIFTER@139.706,157.746",IN-MOSDRV-TC1426CPA-8,2,139.0711,155.39593,1372,
"U4_SHIFTER@139.706,157.746",IN-MOSDRV-TC1426CPA-8,3,140.3411,155.39593,126,GND
"U4_SHIFTER@139.706,157.746",IN-MOSDRV-TC1426CPA-8,4,141.6111,155.39593,1371,
"U4_SHIFTER@139.706,157.746",IN-MOSDRV-TC1426CPA-8,5,141.6111,160.09595,2145,
"U4_SHIFTER@139.706,157.746",IN-MOSDRV-TC1426CPA-8,6,140.3411,160.09595,1640,DRIVER_VDD
"U4_SHIFTER@139.706,157.746",IN-MOSDRV-TC1426CPA-8,7,139.0711,160.09595,1376,
"U4_SHIFTER@139.706,157.746",IN-MOSDRV-TC1426CPA-8,8,137.8011,160.09595,1379,
"U4_SHIFTER@118.706,157.746",IN-MOSDRV-TC1426CPA-8,1,116.80088,155.39593,1123,
"U4_SHIFTER@118.706,157.746",IN-MOSDRV-TC1426CPA-8,2,118.07114,155.39593,1122,
"U4_SHIFTER@118.706,157.746",IN-MOSDRV-TC1426CPA-8,3,119.34088,155.39593,126,GND
"U4_SHIFTER@118.706,157.746",IN-MOSDRV-TC1426CPA-8,4,120.61114,155.39593,1121,
"U4_SHIFTER@118.706,157.746",IN-MOSDRV-TC1426CPA-8,5,120.61114,160.09595,2093,
"U4_SHIFTER@118.706,157.746",IN-MOSDRV-TC1426CPA-8,6,119.34088,160.09595,1640,DRIVER_VDD
"U4_SHIFTER@118.706,157.746",IN-MOSDRV-TC1426CPA-8,7,118.07114,160.09595,1125,
"U4_SHIFTER@118.706,157.746",IN-MOSDRV-TC1426CPA-8,8,116.80088,160.09595,1127,
"U4_SHIFTER@97.706,157.746",IN-MOSDRV-TC1426CPA-8,1,95.80093,155.39593,869,
"U4_SHIFTER@97.706,157.746",IN-MOSDRV-TC1426CPA-8,2,97.07093,155.39593,868,
"U4_SHIFTER@97.706,157.746",IN-MOSDRV-TC1426CPA-8,3,98.34093,155.39593,126,GND
"U4_SHIFTER@97.706,157.746",IN-MOSDRV-TC1426CPA-8,4,99.61093,155.39593,997,
"U4_SHIFTER@97.706,157.746",IN-MOSDRV-TC1426CPA-8,5,99.61093,160.09595,1989,
"U4_SHIFTER@97.706,157.746",IN-MOSDRV-TC1426CPA-8,6,98.34093,160.09595,1640,DRIVER_VDD
"U4_SHIFTER@97.706,157.746",IN-MOSDRV-TC1426CPA-8,7,97.07093,160.09595,871,
"U4_SHIFTER@97.706,157.746",IN-MOSDRV-TC1426CPA-8,8,95.80093,160.09595,874,
"U4_SHIFTER@76.706,157.746",IN-MOSDRV-TC1426CPA-8,1,74.80097,155.39593,620,
"U4_SHIFTER@76.706,157.746",IN-MOSDRV-TC1426CPA-8,2,76.07097,155.39593,745,
"U4_SHIFTER@76.706,157.746",IN-MOSDRV-TC1426CPA-8,3,77.34097,155.39593,126,GND
"U4_SHIFTER@76.706,157.746",IN-MOSDRV-TC1426CPA-8,4,78.61097,155.39593,744,
"U4_SHIFTER@76.706,157.746",IN-MOSDRV-TC1426CPA-8,5,78.61097,160.09595,1878,
"U4_SHIFTER@76.706,157.746",IN-MOSDRV-TC1426CPA-8,6,77.34097,160.09595,1640,DRIVER_VDD
"U4_SHIFTER@76.706,157.746",IN-MOSDRV-TC1426CPA-8,7,76.07097,160.09595,749,
"U4_SHIFTER@76.706,157.746",IN-MOSDRV-TC1426CPA-8,8,74.80097,160.09595,626,
"U4_SHIFTER@55.706,157.746",IN-MOSDRV-TC1426CPA-8,1,53.80101,155.39593,498,
"U4_SHIFTER@55.706,157.746",IN-MOSDRV-TC1426CPA-8,2,55.07101,155.39593,1814,
"U4_SHIFTER@55.706,157.746",IN-MOSDRV-TC1426CPA-8,3,56.34101,155.39593,126,GND
"U4_SHIFTER@55.706,157.746",IN-MOSDRV-TC1426CPA-8,4,57.61101,155.39593,495,
"U4_SHIFTER@55.706,157.746",IN-MOSDRV-TC1426CPA-8,5,57.61101,160.09595,1820,
"U4_SHIFTER@55.706,157.746",IN-MOSDRV-TC1426CPA-8,6,56.34101,160.09595,1640,DRIVER_VDD
"U4_SHIFTER@55.706,157.746",IN-MOSDRV-TC1426CPA-8,7,55.07101,160.09595,500,
"U4_SHIFTER@55.706,157.746",IN-MOSDRV-TC1426CPA-8,8,53.80101,160.09595,502,
"U4_SHIFTER@34.706,157.746",IN-MOSDRV-TC1426CPA-8,1,32.80105,155.39593,246,
"U4_SHIFTER@34.706,157.746",IN-MOSDRV-TC1426CPA-8,2,34.07105,155.39593,243,
"U4_SHIFTER@34.706,157.746",IN-MOSDRV-TC1426CPA-8,3,35.34105,155.39593,126,GND
"U4_SHIFTER@34.706,157.746",IN-MOSDRV-TC1426CPA-8,4,36.61105,155.39593,242,
"U4_SHIFTER@34.706,157.746",IN-MOSDRV-TC1426CPA-8,5,36.61105,160.09595,1770,
"U4_SHIFTER@34.706,157.746",IN-MOSDRV-TC1426CPA-8,6,35.34105,160.09595,1640,DRIVER_VDD
"U4_SHIFTER@34.706,157.746",IN-MOSDRV-TC1426CPA-8,7,34.07105,160.09595,249,
"U4_SHIFTER@34.706,157.746",IN-MOSDRV-TC1426CPA-8,8,32.80105,160.09595,251,
"U4_SHIFTER@13.706,157.746",IN-MOSDRV-TC1426CPA-8,1,11.80109,155.39593,119,
"U4_SHIFTER@13.706,157.746",IN-MOSDRV-TC1426CPA-8,2,13.07109,155.39593,117,
"U4_SHIFTER@13.706,157.746",IN-MOSDRV-TC1426CPA-8,3,14.34109,155.39593,126,GND
"U4_SHIFTER@13.706,157.746",IN-MOSDRV-TC1426CPA-8,4,15.61109,155.39593,116,
"U4_SHIFTER@13.706,157.746",IN-MOSDRV-TC1426CPA-8,5,15.61109,160.09595,1673,
"U4_SHIFTER@13.706,157.746",IN-MOSDRV-TC1426CPA-8,6,14.34109,160.09595,1640,DRIVER_VDD
"U4_SHIFTER@13.706,157.746",IN-MOSDRV-TC1426CPA-8,7,13.07109,160.09595,121,
"U4_SHIFTER@13.706,157.746",IN-MOSDRV-TC1426CPA-8,8,11.80109,160.09595,123,
"U4_SHIFTER@160.706,115.746",IN-MOSDRV-TC1426CPA-8,1,158.80105,113.39601,1467,
"U4_SHIFTER@160.706,115.746",IN-MOSDRV-TC1426CPA-8,2,160.07105,113.39601,1466,
"U4_SHIFTER@160.706,115.746",IN-MOSDRV-TC1426CPA-8,3,161.34105,113.39601,126,GND
"U4_SHIFTER@160.706,115.746",IN-MOSDRV-TC1426CPA-8,4,162.61105,113.39601,1465,
"U4_SHIFTER@160.706,115.746",IN-MOSDRV-TC1426CPA-8,5,162.61105,118.09603,2181,
"U4_SHIFTER@160.706,115.746",IN-MOSDRV-TC1426CPA-8,6,161.34105,118.09603,1640,DRIVER_VDD
"U4_SHIFTER@160.706,115.746",IN-MOSDRV-TC1426CPA-8,7,160.07105,118.09603,1470,
"U4_SHIFTER@160.706,115.746",IN-MOSDRV-TC1426CPA-8,8,158.80105,118.09603,1472,
"U4_SHIFTER@139.706,115.746",IN-MOSDRV-TC1426CPA-8,1,137.8011,113.39601,1342,
"U4_SHIFTER@139.706,115.746",IN-MOSDRV-TC1426CPA-8,2,139.0711,113.39601,1339,
"U4_SHIFTER@139.706,115.746",IN-MOSDRV-TC1426CPA-8,3,140.3411,113.39601,126,GND
"U4_SHIFTER@139.706,115.746",IN-MOSDRV-TC1426CPA-8,4,141.6111,113.39601,1338,
"U4_SHIFTER@139.706,115.746",IN-MOSDRV-TC1426CPA-8,5,141.6111,118.09603,2132,
"U4_SHIFTER@139.706,115.746",IN-MOSDRV-TC1426CPA-8,6,140.3411,118.09603,1640,DRIVER_VDD
"U4_SHIFTER@139.706,115.746",IN-MOSDRV-TC1426CPA-8,7,139.0711,118.09603,1344,
"U4_SHIFTER@139.706,115.746",IN-MOSDRV-TC1426CPA-8,8,137.8011,118.09603,1218,
"U4_SHIFTER@118.706,115.746",IN-MOSDRV-TC1426CPA-8,1,116.80088,113.39601,1092,
"U4_SHIFTER@118.706,115.746",IN-MOSDRV-TC1426CPA-8,2,118.07114,113.39601,1089,
"U4_SHIFTER@118.706,115.746",IN-MOSDRV-TC1426CPA-8,3,119.34088,113.39601,126,GND
"U4_SHIFTER@118.706,115.746",IN-MOSDRV-TC1426CPA-8,4,120.61114,113.39601,1088,
"U4_SHIFTER@118.706,115.746",IN-MOSDRV-TC1426CPA-8,5,120.61114,118.09603,2083,
"U4_SHIFTER@118.706,115.746",IN-MOSDRV-TC1426CPA-8,6,119.34088,118.09603,1640,DRIVER_VDD
"U4_SHIFTER@118.706,115.746",IN-MOSDRV-TC1426CPA-8,7,118.07114,118.09603,1094,
"U4_SHIFTER@118.706,115.746",IN-MOSDRV-TC1426CPA-8,8,116.80088,118.09603,1095,
"U4_SHIFTER@97.706,115.746",IN-MOSDRV-TC1426CPA-8,1,95.80093,113.39601,842,
"U4_SHIFTER@97.706,115.746",IN-MOSDRV-TC1426CPA-8,2,97.07093,113.39601,1971,
"U4_SHIFTER@97.706,115.746",IN-MOSDRV-TC1426CPA-8,3,98.34093,113.39601,126,GND
"U4_SHIFTER@97.706,115.746",IN-MOSDRV-TC1426CPA-8,4,99.61093,113.39601,968,
"U4_SHIFTER@97.706,115.746",IN-MOSDRV-TC1426CPA-8,5,99.61093,118.09603,1977,
"U4_SHIFTER@97.706,115.746",IN-MOSDRV-TC1426CPA-8,6,98.34093,118.09603,1640,DRIVER_VDD
"U4_SHIFTER@97.706,115.746",IN-MOSDRV-TC1426CPA-8,7,97.07093,118.09603,845,
"U4_SHIFTER@97.706,115.746",IN-MOSDRV-TC1426CPA-8,8,95.80093,118.09603,846,
"U4_SHIFTER@76.706,115.746",IN-MOSDRV-TC1426CPA-8,1,74.80097,113.39601,588,
"U4_SHIFTER@76.706,115.746",IN-MOSDRV-TC1426CPA-8,2,76.07097,113.39601,717,
"U4_SHIFTER@76.706,115.746",IN-MOSDRV-TC1426CPA-8,3,77.34097,113.39601,126,GND
"U4_SHIFTER@76.706,115.746",IN-MOSDRV-TC1426CPA-8,4,78.61097,113.39601,716,
"U4_SHIFTER@76.706,115.746",IN-MOSDRV-TC1426CPA-8,5,78.61097,118.09603,1867,
"U4_SHIFTER@76.706,115.746",IN-MOSDRV-TC1426CPA-8,6,77.34097,118.09603,1640,DRIVER_VDD
"U4_SHIFTER@76.706,115.746",IN-MOSDRV-TC1426CPA-8,7,76.07097,118.09603,721,
"U4_SHIFTER@76.706,115.746",IN-MOSDRV-TC1426CPA-8,8,74.80097,118.09603,593,
"U4_SHIFTER@55.706,115.746",IN-MOSDRV-TC1426CPA-8,1,53.80101,113.39601,467,
"U4_SHIFTER@55.706,115.746",IN-MOSDRV-TC1426CPA-8,2,55.07101,113.39601,465,
"U4_SHIFTER@55.706,115.746",IN-MOSDRV-TC1426CPA-8,3,56.34101,113.39601,126,GND
"U4_SHIFTER@55.706,115.746",IN-MOSDRV-TC1426CPA-8,4,57.61101,113.39601,464,
"U4_SHIFTER@55.706,115.746",IN-MOSDRV-TC1426CPA-8,5,57.61101,118.09603,1807,
"U4_SHIFTER@55.706,115.746",IN-MOSDRV-TC1426CPA-8,6,56.34101,118.09603,1640,DRIVER_VDD
"U4_SHIFTER@55.706,115.746",IN-MOSDRV-TC1426CPA-8,7,55.07101,118.09603,469,
"U4_SHIFTER@55.706,115.746",IN-MOSDRV-TC1426CPA-8,8,53.80101,118.09603,471,
"U4_SHIFTER@34.706,115.746",IN-MOSDRV-TC1426CPA-8,1,32.80105,113.39601,213,
"U4_SHIFTER@34.706,115.746",IN-MOSDRV-TC1426CPA-8,2,34.07105,113.39601,211,
"U4_SHIFTER@34.706,115.746",IN-MOSDRV-TC1426CPA-8,3,35.34105,113.39601,126,GND
"U4_SHIFTER@34.706,115.746",IN-MOSDRV-TC1426CPA-8,4,36.61105,113.39601,210,
"U4_SHIFTER@34.706,115.746",IN-MOSDRV-TC1426CPA-8,5,36.61105,118.09603,1710,
"U4_SHIFTER@34.706,115.746",IN-MOSDRV-TC1426CPA-8,6,35.34105,118.09603,1640,DRIVER_VDD
"U4_SHIFTER@34.706,115.746",IN-MOSDRV-TC1426CPA-8,7,34.07105,118.09603,216,
"U4_SHIFTER@34.706,115.746",IN-MOSDRV-TC1426CPA-8,8,32.80105,118.09603,220,
"U4_SHIFTER@13.706,115.746",IN-MOSDRV-TC1426CPA-8,1,11.80109,113.39601,90,
"U4_SHIFTER@13.706,115.746",IN-MOSDRV-TC1426CPA-8,2,13.07109,113.39601,88,
"U4_SHIFTER@13.706,115.746",IN-MOSDRV-TC1426CPA-8,3,14.34109,113.39601,126,GND
"U4_SHIFTER@13.706,115.746",IN-MOSDRV-TC1426CPA-8,4,15.61109,113.39601,87,
"U4_SHIFTER@13.706,115.746",IN-MOSDRV-TC1426CPA-8,5,15.61109,118.09603,1663,
"U4_SHIFTER@13.706,115.746",IN-MOSDRV-TC1426CPA-8,6,14.34109,118.09603,1640,DRIVER_VDD
"U4_SHIFTER@13.706,115.746",IN-MOSDRV-TC1426CPA-8,7,13.07109,118.09603,92,
"U4_SHIFTER@13.706,115.746",IN-MOSDRV-TC1426CPA-8,8,11.80109,118.09603,94,
"U4_SHIFTER@160.706,73.746",IN-MOSDRV-TC1426CPA-8,1,158.80105,71.3961,1436,
"U4_SHIFTER@160.706,73.746",IN-MOSDRV-TC1426CPA-8,2,160.07105,71.3961,1435,
"U4_SHIFTER@160.706,73.746",IN-MOSDRV-TC1426CPA-8,3,161.34105,71.3961,126,GND
"U4_SHIFTER@160.706,73.746",IN-MOSDRV-TC1426CPA-8,4,162.61105,71.3961,1434,
"U4_SHIFTER@160.706,73.746",IN-MOSDRV-TC1426CPA-8,5,162.61105,76.09611,2168,
"U4_SHIFTER@160.706,73.746",IN-MOSDRV-TC1426CPA-8,6,161.34105,76.09611,1640,DRIVER_VDD
"U4_SHIFTER@160.706,73.746",IN-MOSDRV-TC1426CPA-8,7,160.07105,76.09611,1438,
"U4_SHIFTER@160.706,73.746",IN-MOSDRV-TC1426CPA-8,8,158.80105,76.09611,1441,
"U4_SHIFTER@139.706,73.746",IN-MOSDRV-TC1426CPA-8,1,137.8011,71.3961,1181,
"U4_SHIFTER@139.706,73.746",IN-MOSDRV-TC1426CPA-8,2,139.0711,71.3961,1308,
"U4_SHIFTER@139.706,73.746",IN-MOSDRV-TC1426CPA-8,3,140.3411,71.3961,126,GND
"U4_SHIFTER@139.706,73.746",IN-MOSDRV-TC1426CPA-8,4,141.6111,71.3961,1307,
"U4_SHIFTER@139.706,73.746",IN-MOSDRV-TC1426CPA-8,5,141.6111,76.09611,2119,
"U4_SHIFTER@139.706,73.746",IN-MOSDRV-TC1426CPA-8,6,140.3411,76.09611,1640,DRIVER_VDD
"U4_SHIFTER@139.706,73.746",IN-MOSDRV-TC1426CPA-8,7,139.0711,76.09611,2117,
"U4_SHIFTER@139.706,73.746",IN-MOSDRV-TC1426CPA-8,8,137.8011,76.09611,1187,
"U4_SHIFTER@118.706,73.746",IN-MOSDRV-TC1426CPA-8,1,116.80088,71.3961,1062,
"U4_SHIFTER@118.706,73.746",IN-MOSDRV-TC1426CPA-8,2,118.07114,71.3961,1060,
"U4_SHIFTER@118.706,73.746",IN-MOSDRV-TC1426CPA-8,3,119.34088,71.3961,126,GND
"U4_SHIFTER@118.706,73.746",IN-MOSDRV-TC1426CPA-8,4,120.61114,71.3961,1059,
"U4_SHIFTER@118.706,73.746",IN-MOSDRV-TC1426CPA-8,5,120.61114,76.09611,2071,
"U4_SHIFTER@118.706,73.746",IN-MOSDRV-TC1426CPA-8,6,119.34088,76.09611,1640,DRIVER_VDD
"U4_SHIFTER@118.706,73.746",IN-MOSDRV-TC1426CPA-8,7,118.07114,76.09611,1064,
"U4_SHIFTER@118.706,73.746",IN-MOSDRV-TC1426CPA-8,8,116.80088,76.09611,1065,
"U4_SHIFTER@97.706,73.746",IN-MOSDRV-TC1426CPA-8,1,95.80093,71.3961,809,
"U4_SHIFTER@97.706,73.746",IN-MOSDRV-TC1426CPA-8,2,97.07093,71.3961,807,
"U4_SHIFTER@97.706,73.746",IN-MOSDRV-TC1426CPA-8,3,98.34093,71.3961,126,GND
"U4_SHIFTER@97.706,73.746",IN-MOSDRV-TC1426CPA-8,4,99.61093,71.3961,931,
"U4_SHIFTER@97.706,73.746",IN-MOSDRV-TC1426CPA-8,5,99.61093,76.09611,1959,
"U4_SHIFTER@97.706,73.746",IN-MOSDRV-TC1426CPA-8,6,98.34093,76.09611,1640,DRIVER_VDD
"U4_SHIFTER@97.706,73.746",IN-MOSDRV-TC1426CPA-8,7,97.07093,76.09611,812,
"U4_SHIFTER@97.706,73.746",IN-MOSDRV-TC1426CPA-8,8,95.80093,76.09611,813,
"U4_SHIFTER@76.706,73.746",IN-MOSDRV-TC1426CPA-8,1,74.80097,71.3961,556,
"U4_SHIFTER@76.706,73.746",IN-MOSDRV-TC1426CPA-8,2,76.07097,71.3961,683,
"U4_SHIFTER@76.706,73.746",IN-MOSDRV-TC1426CPA-8,3,77.34097,71.3961,126,GND
"U4_SHIFTER@76.706,73.746",IN-MOSDRV-TC1426CPA-8,4,78.61097,71.3961,682,
"U4_SHIFTER@76.706,73.746",IN-MOSDRV-TC1426CPA-8,5,78.61097,76.09611,1848,
"U4_SHIFTER@76.706,73.746",IN-MOSDRV-TC1426CPA-8,6,77.34097,76.09611,1640,DRIVER_VDD
"U4_SHIFTER@76.706,73.746",IN-MOSDRV-TC1426CPA-8,7,76.07097,76.09611,687,
"U4_SHIFTER@76.706,73.746",IN-MOSDRV-TC1426CPA-8,8,74.80097,76.09611,562,
"U4_SHIFTER@55.706,73.746",IN-MOSDRV-TC1426CPA-8,1,53.80101,71.3961,436,
"U4_SHIFTER@55.706,73.746",IN-MOSDRV-TC1426CPA-8,2,55.07101,71.3961,434,
"U4_SHIFTER@55.706,73.746",IN-MOSDRV-TC1426CPA-8,3,56.34101,71.3961,126,GND
"U4_SHIFTER@55.706,73.746",IN-MOSDRV-TC1426CPA-8,4,57.61101,71.3961,433,
"U4_SHIFTER@55.706,73.746",IN-MOSDRV-TC1426CPA-8,5,57.61101,76.09611,1794,
"U4_SHIFTER@55.706,73.746",IN-MOSDRV-TC1426CPA-8,6,56.34101,76.09611,1640,DRIVER_VDD
"U4_SHIFTER@55.706,73.746",IN-MOSDRV-TC1426CPA-8,7,55.07101,76.09611,438,
"U4_SHIFTER@55.706,73.746",IN-MOSDRV-TC1426CPA-8,8,53.80101,76.09611,440,
"U4_SHIFTER@34.706,73.746",IN-MOSDRV-TC1426CPA-8,1,32.80105,71.3961,181,
"U4_SHIFTER@34.706,73.746",IN-MOSDRV-TC1426CPA-8,2,34.07105,71.3961,178,
"U4_SHIFTER@34.706,73.746",IN-MOSDRV-TC1426CPA-8,3,35.34105,71.3961,126,GND
"U4_SHIFTER@34.706,73.746",IN-MOSDRV-TC1426CPA-8,4,36.61105,71.3961,177,
"U4_SHIFTER@34.706,73.746",IN-MOSDRV-TC1426CPA-8,5,36.61105,76.09611,1748,
"U4_SHIFTER@34.706,73.746",IN-MOSDRV-TC1426CPA-8,6,35.34105,76.09611,1640,DRIVER_VDD
"U4_SHIFTER@34.706,73.746",IN-MOSDRV-TC1426CPA-8,7,34.07105,76.09611,183,
"U4_SHIFTER@34.706,73.746",IN-MOSDRV-TC1426CPA-8,8,32.80105,76.09611,187,
"U4_SHIFTER@13.706,73.746",IN-MOSDRV-TC1426CPA-8,1,11.80109,71.3961,61,
"U4_SHIFTER@13.706,73.746",IN-MOSDRV-TC1426CPA-8,2,13.07109,71.3961,59,
"U4_SHIFTER@13.706,73.746",IN-MOSDRV-TC1426CPA-8,3,14.34109,71.3961,126,GND
"U4_SHIFTER@13.706,73.746",IN-MOSDRV-TC1426CPA-8,4,15.61109,71.3961,58,
"U4_SHIFTER@13.706,73.746",IN-MOSDRV-TC1426CPA-8,5,15.61109,76.09611,1653,
"U4_SHIFTER@13.706,73.746",IN-MOSDRV-TC1426CPA-8,6,14.34109,76.09611,1640,DRIVER_VDD
"U4_SHIFTER@13.706,73.746",IN-MOSDRV-TC1426CPA-8,7,13.07109,76.09611,63,
"U4_SHIFTER@13.706,73.746",IN-MOSDRV-TC1426CPA-8,8,11.80109,76.09611,65,
"U4_SHIFTER@160.706,31.746",IN-MOSDRV-TC1426CPA-8,1,158.80105,29.39593,1406,
"U4_SHIFTER@160.706,31.746",IN-MOSDRV-TC1426CPA-8,2,160.07105,29.39593,1405,
"U4_SHIFTER@160.706,31.746",IN-MOSDRV-TC1426CPA-8,3,161.34105,29.39593,126,GND
"U4_SHIFTER@160.706,31.746",IN-MOSDRV-TC1426CPA-8,4,162.61105,29.39593,1404,
"U4_SHIFTER@160.706,31.746",IN-MOSDRV-TC1426CPA-8,5,162.61105,34.09594,2154,
"U4_SHIFTER@160.706,31.746",IN-MOSDRV-TC1426CPA-8,6,161.34105,34.09594,1640,DRIVER_VDD
"U4_SHIFTER@160.706,31.746",IN-MOSDRV-TC1426CPA-8,7,160.07105,34.09594,1409,
"U4_SHIFTER@160.706,31.746",IN-MOSDRV-TC1426CPA-8,8,158.80105,34.09594,1411,
"U4_SHIFTER@139.706,31.746",IN-MOSDRV-TC1426CPA-8,1,137.8011,29.39593,1149,
"U4_SHIFTER@139.706,31.746",IN-MOSDRV-TC1426CPA-8,2,139.0711,29.39593,1272,
"U4_SHIFTER@139.706,31.746",IN-MOSDRV-TC1426CPA-8,3,140.3411,29.39593,126,GND
"U4_SHIFTER@139.706,31.746",IN-MOSDRV-TC1426CPA-8,4,141.6111,29.39593,1271,
"U4_SHIFTER@139.706,31.746",IN-MOSDRV-TC1426CPA-8,5,141.6111,34.09594,2106,
"U4_SHIFTER@139.706,31.746",IN-MOSDRV-TC1426CPA-8,6,140.3411,34.09594,1640,DRIVER_VDD
"U4_SHIFTER@139.706,31.746",IN-MOSDRV-TC1426CPA-8,7,139.0711,34.09594,1276,
"U4_SHIFTER@139.706,31.746",IN-MOSDRV-TC1426CPA-8,8,137.8011,34.09594,1279,
"U4_SHIFTER@118.706,31.746",IN-MOSDRV-TC1426CPA-8,1,116.80088,29.39593,1029,
"U4_SHIFTER@118.706,31.746",IN-MOSDRV-TC1426CPA-8,2,118.07114,29.39593,1026,
"U4_SHIFTER@118.706,31.746",IN-MOSDRV-TC1426CPA-8,3,119.34088,29.39593,126,GND
"U4_SHIFTER@118.706,31.746",IN-MOSDRV-TC1426CPA-8,4,120.61114,29.39593,1025,
"U4_SHIFTER@118.706,31.746",IN-MOSDRV-TC1426CPA-8,5,120.61114,34.09594,2059,
"U4_SHIFTER@118.706,31.746",IN-MOSDRV-TC1426CPA-8,6,119.34088,34.09594,1640,DRIVER_VDD
"U4_SHIFTER@118.706,31.746",IN-MOSDRV-TC1426CPA-8,7,118.07114,34.09594,1031,
"U4_SHIFTER@118.706,31.746",IN-MOSDRV-TC1426CPA-8,8,116.80088,34.09594,1034,
"U4_SHIFTER@97.706,31.746",IN-MOSDRV-TC1426CPA-8,1,95.80093,29.39593,774,
"U4_SHIFTER@97.706,31.746",IN-MOSDRV-TC1426CPA-8,2,97.07093,29.39593,773,
"U4_SHIFTER@97.706,31.746",IN-MOSDRV-TC1426CPA-8,3,98.34093,29.39593,126,GND
"U4_SHIFTER@97.706,31.746",IN-MOSDRV-TC1426CPA-8,4,99.61093,29.39593,896,
"U4_SHIFTER@97.706,31.746",IN-MOSDRV-TC1426CPA-8,5,99.61093,34.09594,1941,
"U4_SHIFTER@97.706,31.746",IN-MOSDRV-TC1426CPA-8,6,98.34093,34.09594,1640,DRIVER_VDD
"U4_SHIFTER@97.706,31.746",IN-MOSDRV-TC1426CPA-8,7,97.07093,34.09594,776,
"U4_SHIFTER@97.706,31.746",IN-MOSDRV-TC1426CPA-8,8,95.80093,34.09594,778,
"U4_SHIFTER@76.706,31.746",IN-MOSDRV-TC1426CPA-8,1,74.80097,29.39593,524,
"U4_SHIFTER@76.706,31.746",IN-MOSDRV-TC1426CPA-8,2,76.07097,29.39593,648,
"U4_SHIFTER@76.706,31.746",IN-MOSDRV-TC1426CPA-8,3,77.34097,29.39593,126,GND
"U4_SHIFTER@76.706,31.746",IN-MOSDRV-TC1426CPA-8,4,78.61097,29.39593,647,
"U4_SHIFTER@76.706,31.746",IN-MOSDRV-TC1426CPA-8,5,78.61097,34.09594,1829,
"U4_SHIFTER@76.706,31.746",IN-MOSDRV-TC1426CPA-8,6,77.34097,34.09594,1640,DRIVER_VDD
"U4_SHIFTER@76.706,31.746",IN-MOSDRV-TC1426CPA-8,7,76.07097,34.09594,652,
"U4_SHIFTER@76.706,31.746",IN-MOSDRV-TC1426CPA-8,8,74.80097,34.09594,531,
"U4_SHIFTER@55.706,31.746",IN-MOSDRV-TC1426CPA-8,1,53.80101,29.39593,405,
"U4_SHIFTER@55.706,31.746",IN-MOSDRV-TC1426CPA-8,2,55.07101,29.39593,403,
"U4_SHIFTER@55.706,31.746",IN-MOSDRV-TC1426CPA-8,3,56.34101,29.39593,126,GND
"U4_SHIFTER@55.706,31.746",IN-MOSDRV-TC1426CPA-8,4,57.61101,29.39593,402,
"U4_SHIFTER@55.706,31.746",IN-MOSDRV-TC1426CPA-8,5,57.61101,34.09594,1780,
"U4_SHIFTER@55.706,31.746",IN-MOSDRV-TC1426CPA-8,6,56.34101,34.09594,1640,DRIVER_VDD
"U4_SHIFTER@55.706,31.746",IN-MOSDRV-TC1426CPA-8,7,55.07101,34.09594,407,
"U4_SHIFTER@55.706,31.746",IN-MOSDRV-TC1426CPA-8,8,53.80101,34.09594,410,
"U4_SHIFTER@34.706,31.746",IN-MOSDRV-TC1426CPA-8,1,32.80105,29.39593,150,
"U4_SHIFTER@34.706,31.746",IN-MOSDRV-TC1426CPA-8,2,34.07105,29.39593,148,
"U4_SHIFTER@34.706,31.746",IN-MOSDRV-TC1426CPA-8,3,35.34105,29.39593,126,GND
"U4_SHIFTER@34.706,31.746",IN-MOSDRV-TC1426CPA-8,4,36.61105,29.39593,147,
"U4_SHIFTER@34.706,31.746",IN-MOSDRV-TC1426CPA-8,5,36.61105,34.09594,1736,
"U4_SHIFTER@34.706,31.746",IN-MOSDRV-TC1426CPA-8,6,35.34105,34.09594,1640,DRIVER_VDD
"U4_SHIFTER@34.706,31.746",IN-MOSDRV-TC1426CPA-8,7,34.07105,34.09594,153,
"U4_SHIFTER@34.706,31.746",IN-MOSDRV-TC1426CPA-8,8,32.80105,34.09594,155,
"U3_SHIFTER@160.706,136.746",IN-MOSDRV-TC1426CPA-8,1,162.61105,139.09599,1485,
"U3_SHIFTER@160.706,136.746",IN-MOSDRV-TC1426CPA-8,2,161.34105,139.09599,1488,
"U3_SHIFTER@160.706,136.746",IN-MOSDRV-TC1426CPA-8,3,160.07105,139.09599,126,GND
"U3_SHIFTER@160.706,136.746",IN-MOSDRV-TC1426CPA-8,4,158.80105,139.09599,1489,
"U3_SHIFTER@160.706,136.746",IN-MOSDRV-TC1426CPA-8,5,158.80105,134.39597,1478,
"U3_SHIFTER@160.706,136.746",IN-MOSDRV-TC1426CPA-8,6,160.07105,134.39597,1640,DRIVER_VDD
"U3_SHIFTER@160.706,136.746",IN-MOSDRV-TC1426CPA-8,7,161.34105,134.39597,2185,
"U3_SHIFTER@160.706,136.746",IN-MOSDRV-TC1426CPA-8,8,162.61105,134.39597,1480,
"U3_SHIFTER@139.706,136.746",IN-MOSDRV-TC1426CPA-8,1,141.6111,139.09599,1359,
"U3_SHIFTER@139.706,136.746",IN-MOSDRV-TC1426CPA-8,2,140.3411,139.09599,1362,
"U3_SHIFTER@139.706,136.746",IN-MOSDRV-TC1426CPA-8,3,139.0711,139.09599,126,GND
"U3_SHIFTER@139.706,136.746",IN-MOSDRV-TC1426CPA-8,4,137.8011,139.09599,1361,
"U3_SHIFTER@139.706,136.746",IN-MOSDRV-TC1426CPA-8,5,137.8011,134.39597,1224,
"U3_SHIFTER@139.706,136.746",IN-MOSDRV-TC1426CPA-8,6,139.0711,134.39597,1640,DRIVER_VDD
"U3_SHIFTER@139.706,136.746",IN-MOSDRV-TC1426CPA-8,7,140.3411,134.39597,2136,
"U3_SHIFTER@139.706,136.746",IN-MOSDRV-TC1426CPA-8,8,141.6111,134.39597,1355,
"U3_SHIFTER@118.706,136.746",IN-MOSDRV-TC1426CPA-8,1,120.61114,139.09599,1109,
"U3_SHIFTER@118.706,136.746",IN-MOSDRV-TC1426CPA-8,2,119.34088,139.09599,1110,
"U3_SHIFTER@118.706,136.746",IN-MOSDRV-TC1426CPA-8,3,118.07114,139.09599,126,GND
"U3_SHIFTER@118.706,136.746",IN-MOSDRV-TC1426CPA-8,4,116.80088,139.09599,1111,
"U3_SHIFTER@118.706,136.746",IN-MOSDRV-TC1426CPA-8,5,116.80088,134.39597,1104,
"U3_SHIFTER@118.706,136.746",IN-MOSDRV-TC1426CPA-8,6,118.07114,134.39597,1640,DRIVER_VDD
"U3_SHIFTER@118.706,136.746",IN-MOSDRV-TC1426CPA-8,7,119.34088,134.39597,2044,
"U3_SHIFTER@118.706,136.746",IN-MOSDRV-TC1426CPA-8,8,120.61114,134.39597,1105,
"U3_SHIFTER@97.706,136.746",IN-MOSDRV-TC1426CPA-8,1,99.61093,139.09599,984,
"U3_SHIFTER@97.706,136.746",IN-MOSDRV-TC1426CPA-8,2,98.34093,139.09599,987,
"U3_SHIFTER@97.706,136.746",IN-MOSDRV-TC1426CPA-8,3,97.07093,139.09599,126,GND
"U3_SHIFTER@97.706,136.746",IN-MOSDRV-TC1426CPA-8,4,95.80093,139.09599,859,
"U3_SHIFTER@97.706,136.746",IN-MOSDRV-TC1426CPA-8,5,95.80093,134.39597,852,
"U3_SHIFTER@97.706,136.746",IN-MOSDRV-TC1426CPA-8,6,97.07093,134.39597,1640,DRIVER_VDD
"U3_SHIFTER@97.706,136.746",IN-MOSDRV-TC1426CPA-8,7,98.34093,134.39597,1982,
"U3_SHIFTER@97.706,136.746",IN-MOSDRV-TC1426CPA-8,8,99.61093,134.39597,979,
"U3_SHIFTER@76.706,136.746",IN-MOSDRV-TC1426CPA-8,1,78.61097,139.09599,732,
"U3_SHIFTER@76.706,136.746",IN-MOSDRV-TC1426CPA-8,2,77.34097,139.09599,733,
"U3_SHIFTER@76.706,136.746",IN-MOSDRV-TC1426CPA-8,3,76.07097,139.09599,126,GND
"U3_SHIFTER@76.706,136.746",IN-MOSDRV-TC1426CPA-8,4,74.80097,139.09599,734,
"U3_SHIFTER@76.706,136.746",IN-MOSDRV-TC1426CPA-8,5,74.80097,134.39597,602,
"U3_SHIFTER@76.706,136.746",IN-MOSDRV-TC1426CPA-8,6,76.07097,134.39597,1640,DRIVER_VDD
"U3_SHIFTER@76.706,136.746",IN-MOSDRV-TC1426CPA-8,7,77.34097,134.39597,1872,
"U3_SHIFTER@76.706,136.746",IN-MOSDRV-TC1426CPA-8,8,78.61097,134.39597,728,
"U3_SHIFTER@55.706,136.746",IN-MOSDRV-TC1426CPA-8,1,57.61101,139.09599,482,
"U3_SHIFTER@55.706,136.746",IN-MOSDRV-TC1426CPA-8,2,56.34101,139.09599,484,
"U3_SHIFTER@55.706,136.746",IN-MOSDRV-TC1426CPA-8,3,55.07101,139.09599,126,GND
"U3_SHIFTER@55.706,136.746",IN-MOSDRV-TC1426CPA-8,4,53.80101,139.09599,485,
"U3_SHIFTER@55.706,136.746",IN-MOSDRV-TC1426CPA-8,5,53.80101,134.39597,477,
"U3_SHIFTER@55.706,136.746",IN-MOSDRV-TC1426CPA-8,6,55.07101,134.39597,1640,DRIVER_VDD
"U3_SHIFTER@55.706,136.746",IN-MOSDRV-TC1426CPA-8,7,56.34101,134.39597,1812,
"U3_SHIFTER@55.706,136.746",IN-MOSDRV-TC1426CPA-8,8,57.61101,134.39597,478,
"U3_SHIFTER@34.706,136.746",IN-MOSDRV-TC1426CPA-8,1,36.61105,139.09599,360,
"U3_SHIFTER@34.706,136.746",IN-MOSDRV-TC1426CPA-8,2,35.34105,139.09599,364,
"U3_SHIFTER@34.706,136.746",IN-MOSDRV-TC1426CPA-8,3,34.07105,139.09599,126,GND
"U3_SHIFTER@34.706,136.746",IN-MOSDRV-TC1426CPA-8,4,32.80105,139.09599,232,
"U3_SHIFTER@34.706,136.746",IN-MOSDRV-TC1426CPA-8,5,32.80105,134.39597,224,
"U3_SHIFTER@34.706,136.746",IN-MOSDRV-TC1426CPA-8,6,34.07105,134.39597,1640,DRIVER_VDD
"U3_SHIFTER@34.706,136.746",IN-MOSDRV-TC1426CPA-8,7,35.34105,134.39597,1716,
"U3_SHIFTER@34.706,136.746",IN-MOSDRV-TC1426CPA-8,8,36.61105,134.39597,225,
"U3_SHIFTER@13.706,136.746",IN-MOSDRV-TC1426CPA-8,1,15.61109,139.09599,105,
"U3_SHIFTER@13.706,136.746",IN-MOSDRV-TC1426CPA-8,2,14.34109,139.09599,106,
"U3_SHIFTER@13.706,136.746",IN-MOSDRV-TC1426CPA-8,3,13.07109,139.09599,126,GND
"U3_SHIFTER@13.706,136.746",IN-MOSDRV-TC1426CPA-8,4,11.80109,139.09599,108,
"U3_SHIFTER@13.706,136.746",IN-MOSDRV-TC1426CPA-8,5,11.80109,134.39597,100,
"U3_SHIFTER@13.706,136.746",IN-MOSDRV-TC1426CPA-8,6,13.07109,134.39597,1640,DRIVER_VDD
"U3_SHIFTER@13.706,136.746",IN-MOSDRV-TC1426CPA-8,7,14.34109,134.39597,1666,
"U3_SHIFTER@13.706,136.746",IN-MOSDRV-TC1426CPA-8,8,15.61109,134.39597,101,
"U3_SHIFTER@160.706,94.746",IN-MOSDRV-TC1426CPA-8,1,162.61105,97.09607,1452,
"U3_SHIFTER@160.706,94.746",IN-MOSDRV-TC1426CPA-8,2,161.34105,97.09607,1454,
"U3_SHIFTER@160.706,94.746",IN-MOSDRV-TC1426CPA-8,3,160.07105,97.09607,126,GND
"U3_SHIFTER@160.706,94.746",IN-MOSDRV-TC1426CPA-8,4,158.80105,97.09607,1455,
"U3_SHIFTER@160.706,94.746",IN-MOSDRV-TC1426CPA-8,5,158.80105,92.39606,1445,
"U3_SHIFTER@160.706,94.746",IN-MOSDRV-TC1426CPA-8,6,160.07105,92.39606,1640,DRIVER_VDD
"U3_SHIFTER@160.706,94.746",IN-MOSDRV-TC1426CPA-8,7,161.34105,92.39606,2172,
"U3_SHIFTER@160.706,94.746",IN-MOSDRV-TC1426CPA-8,8,162.61105,92.39606,1447,
"U3_SHIFTER@139.706,94.746",IN-MOSDRV-TC1426CPA-8,1,141.6111,97.09607,1323,
"U3_SHIFTER@139.706,94.746",IN-MOSDRV-TC1426CPA-8,2,140.3411,97.09607,1325,
"U3_SHIFTER@139.706,94.746",IN-MOSDRV-TC1426CPA-8,3,139.0711,97.09607,126,GND
"U3_SHIFTER@139.706,94.746",IN-MOSDRV-TC1426CPA-8,4,137.8011,97.09607,1326,
"U3_SHIFTER@139.706,94.746",IN-MOSDRV-TC1426CPA-8,5,137.8011,92.39606,1194,
"U3_SHIFTER@139.706,94.746",IN-MOSDRV-TC1426CPA-8,6,139.0711,92.39606,1640,DRIVER_VDD
"U3_SHIFTER@139.706,94.746",IN-MOSDRV-TC1426CPA-8,7,140.3411,92.39606,2123,
"U3_SHIFTER@139.706,94.746",IN-MOSDRV-TC1426CPA-8,8,141.6111,92.39606,1319,
"U3_SHIFTER@118.706,94.746",IN-MOSDRV-TC1426CPA-8,1,120.61114,97.09607,1077,
"U3_SHIFTER@118.706,94.746",IN-MOSDRV-TC1426CPA-8,2,119.34088,97.09607,1078,
"U3_SHIFTER@118.706,94.746",IN-MOSDRV-TC1426CPA-8,3,118.07114,97.09607,126,GND
"U3_SHIFTER@118.706,94.746",IN-MOSDRV-TC1426CPA-8,4,116.80088,97.09607,1079,
"U3_SHIFTER@118.706,94.746",IN-MOSDRV-TC1426CPA-8,5,116.80088,92.39606,1072,
"U3_SHIFTER@118.706,94.746",IN-MOSDRV-TC1426CPA-8,6,118.07114,92.39606,1640,DRIVER_VDD
"U3_SHIFTER@118.706,94.746",IN-MOSDRV-TC1426CPA-8,7,119.34088,92.39606,2031,
"U3_SHIFTER@118.706,94.746",IN-MOSDRV-TC1426CPA-8,8,120.61114,92.39606,1073,
"U3_SHIFTER@97.706,94.746",IN-MOSDRV-TC1426CPA-8,1,99.61093,97.09607,956,
"U3_SHIFTER@97.706,94.746",IN-MOSDRV-TC1426CPA-8,2,98.34093,97.09607,959,
"U3_SHIFTER@97.706,94.746",IN-MOSDRV-TC1426CPA-8,3,97.07093,97.09607,126,GND
"U3_SHIFTER@97.706,94.746",IN-MOSDRV-TC1426CPA-8,4,95.80093,97.09607,833,
"U3_SHIFTER@97.706,94.746",IN-MOSDRV-TC1426CPA-8,5,95.80093,92.39606,824,
"U3_SHIFTER@97.706,94.746",IN-MOSDRV-TC1426CPA-8,6,97.07093,92.39606,1640,DRIVER_VDD
"U3_SHIFTER@97.706,94.746",IN-MOSDRV-TC1426CPA-8,7,98.34093,92.39606,1970,
"U3_SHIFTER@97.706,94.746",IN-MOSDRV-TC1426CPA-8,8,99.61093,92.39606,950,
"U3_SHIFTER@76.706,94.746",IN-MOSDRV-TC1426CPA-8,1,78.61097,97.09607,705,
"U3_SHIFTER@76.706,94.746",IN-MOSDRV-TC1426CPA-8,2,77.34097,97.09607,707,
"U3_SHIFTER@76.706,94.746",IN-MOSDRV-TC1426CPA-8,3,76.07097,97.09607,126,GND
"U3_SHIFTER@76.706,94.746",IN-MOSDRV-TC1426CPA-8,4,74.80097,97.09607,708,
"U3_SHIFTER@76.706,94.746",IN-MOSDRV-TC1426CPA-8,5,74.80097,92.39606,569,
"U3_SHIFTER@76.706,94.746",IN-MOSDRV-TC1426CPA-8,6,76.07097,92.39606,1640,DRIVER_VDD
"U3_SHIFTER@76.706,94.746",IN-MOSDRV-TC1426CPA-8,7,77.34097,92.39606,1860,
"U3_SHIFTER@76.706,94.746",IN-MOSDRV-TC1426CPA-8,8,78.61097,92.39606,702,
"U3_SHIFTER@55.706,94.746",IN-MOSDRV-TC1426CPA-8,1,57.61101,97.09607,451,
"U3_SHIFTER@55.706,94.746",IN-MOSDRV-TC1426CPA-8,2,56.34101,97.09607,453,
"U3_SHIFTER@55.706,94.746",IN-MOSDRV-TC1426CPA-8,3,55.07101,97.09607,126,GND
"U3_SHIFTER@55.706,94.746",IN-MOSDRV-TC1426CPA-8,4,53.80101,97.09607,454,
"U3_SHIFTER@55.706,94.746",IN-MOSDRV-TC1426CPA-8,5,53.80101,92.39606,446,
"U3_SHIFTER@55.706,94.746",IN-MOSDRV-TC1426CPA-8,6,55.07101,92.39606,1640,DRIVER_VDD
"U3_SHIFTER@55.706,94.746",IN-MOSDRV-TC1426CPA-8,7,56.34101,92.39606,1798,
"U3_SHIFTER@55.706,94.746",IN-MOSDRV-TC1426CPA-8,8,57.61101,92.39606,447,
"U3_SHIFTER@34.706,94.746",IN-MOSDRV-TC1426CPA-8,1,36.61105,97.09607,199,
"U3_SHIFTER@34.706,94.746",IN-MOSDRV-TC1426CPA-8,2,35.34105,97.09607,326,
"U3_SHIFTER@34.706,94.746",IN-MOSDRV-TC1426CPA-8,3,34.07105,97.09607,126,GND
"U3_SHIFTER@34.706,94.746",IN-MOSDRV-TC1426CPA-8,4,32.80105,97.09607,201,
"U3_SHIFTER@34.706,94.746",IN-MOSDRV-TC1426CPA-8,5,32.80105,92.39606,191,
"U3_SHIFTER@34.706,94.746",IN-MOSDRV-TC1426CPA-8,6,34.07105,92.39606,1640,DRIVER_VDD
"U3_SHIFTER@34.706,94.746",IN-MOSDRV-TC1426CPA-8,7,35.34105,92.39606,1703,
"U3_SHIFTER@34.706,94.746",IN-MOSDRV-TC1426CPA-8,8,36.61105,92.39606,192,
"U3_SHIFTER@13.706,94.746",IN-MOSDRV-TC1426CPA-8,1,15.61109,97.09607,76,
"U3_SHIFTER@13.706,94.746",IN-MOSDRV-TC1426CPA-8,2,14.34109,97.09607,79,
"U3_SHIFTER@13.706,94.746",IN-MOSDRV-TC1426CPA-8,3,13.07109,97.09607,126,GND
"U3_SHIFTER@13.706,94.746",IN-MOSDRV-TC1426CPA-8,4,11.80109,97.09607,78,
"U3_SHIFTER@13.706,94.746",IN-MOSDRV-TC1426CPA-8,5,11.80109,92.39606,70,
"U3_SHIFTER@13.706,94.746",IN-MOSDRV-TC1426CPA-8,6,13.07109,92.39606,1640,DRIVER_VDD
"U3_SHIFTER@13.706,94.746",IN-MOSDRV-TC1426CPA-8,7,14.34109,92.39606,1657,
"U3_SHIFTER@13.706,94.746",IN-MOSDRV-TC1426CPA-8,8,15.61109,92.39606,72,
"U3_SHIFTER@160.706,52.746",IN-MOSDRV-TC1426CPA-8,1,162.61105,55.0959,1422,
"U3_SHIFTER@160.706,52.746",IN-MOSDRV-TC1426CPA-8,2,161.34105,55.0959,1424,
"U3_SHIFTER@160.706,52.746",IN-MOSDRV-TC1426CPA-8,3,160.07105,55.0959,126,GND
"U3_SHIFTER@160.706,52.746",IN-MOSDRV-TC1426CPA-8,4,158.80105,55.0959,1425,
"U3_SHIFTER@160.706,52.746",IN-MOSDRV-TC1426CPA-8,5,158.80105,50.39589,1415,
"U3_SHIFTER@160.706,52.746",IN-MOSDRV-TC1426CPA-8,6,160.07105,50.39589,1640,DRIVER_VDD
"U3_SHIFTER@160.706,52.746",IN-MOSDRV-TC1426CPA-8,7,161.34105,50.39589,2159,
"U3_SHIFTER@160.706,52.746",IN-MOSDRV-TC1426CPA-8,8,162.61105,50.39589,1417,
"U3_SHIFTER@139.706,52.746",IN-MOSDRV-TC1426CPA-8,1,141.6111,55.0959,1292,
"U3_SHIFTER@139.706,52.746",IN-MOSDRV-TC1426CPA-8,2,140.3411,55.0959,1295,
"U3_SHIFTER@139.706,52.746",IN-MOSDRV-TC1426CPA-8,3,139.0711,55.0959,126,GND
"U3_SHIFTER@139.706,52.746",IN-MOSDRV-TC1426CPA-8,4,137.8011,55.0959,1294,
"U3_SHIFTER@139.706,52.746",IN-MOSDRV-TC1426CPA-8,5,137.8011,50.39589,1161,
"U3_SHIFTER@139.706,52.746",IN-MOSDRV-TC1426CPA-8,6,139.0711,50.39589,1640,DRIVER_VDD
"U3_SHIFTER@139.706,52.746",IN-MOSDRV-TC1426CPA-8,7,140.3411,50.39589,2110,
"U3_SHIFTER@139.706,52.746",IN-MOSDRV-TC1426CPA-8,8,141.6111,50.39589,1288,
"U3_SHIFTER@118.706,52.746",IN-MOSDRV-TC1426CPA-8,1,120.61114,55.0959,1046,
"U3_SHIFTER@118.706,52.746",IN-MOSDRV-TC1426CPA-8,2,119.34088,55.0959,1048,
"U3_SHIFTER@118.706,52.746",IN-MOSDRV-TC1426CPA-8,3,118.07114,55.0959,126,GND
"U3_SHIFTER@118.706,52.746",IN-MOSDRV-TC1426CPA-8,4,116.80088,55.0959,1049,
"U3_SHIFTER@118.706,52.746",IN-MOSDRV-TC1426CPA-8,5,116.80088,50.39589,1040,
"U3_SHIFTER@118.706,52.746",IN-MOSDRV-TC1426CPA-8,6,118.07114,50.39589,1640,DRIVER_VDD
"U3_SHIFTER@118.706,52.746",IN-MOSDRV-TC1426CPA-8,7,119.34088,50.39589,2010,
"U3_SHIFTER@118.706,52.746",IN-MOSDRV-TC1426CPA-8,8,120.61114,50.39589,1041,
"U3_SHIFTER@97.706,52.746",IN-MOSDRV-TC1426CPA-8,1,99.61093,55.0959,919,
"U3_SHIFTER@97.706,52.746",IN-MOSDRV-TC1426CPA-8,2,98.34093,55.0959,920,
"U3_SHIFTER@97.706,52.746",IN-MOSDRV-TC1426CPA-8,3,97.07093,55.0959,126,GND
"U3_SHIFTER@97.706,52.746",IN-MOSDRV-TC1426CPA-8,4,95.80093,55.0959,799,
"U3_SHIFTER@97.706,52.746",IN-MOSDRV-TC1426CPA-8,5,95.80093,50.39589,792,
"U3_SHIFTER@97.706,52.746",IN-MOSDRV-TC1426CPA-8,6,97.07093,50.39589,1640,DRIVER_VDD
"U3_SHIFTER@97.706,52.746",IN-MOSDRV-TC1426CPA-8,7,98.34093,50.39589,1952,
"U3_SHIFTER@97.706,52.746",IN-MOSDRV-TC1426CPA-8,8,99.61093,50.39589,915,
"U3_SHIFTER@76.706,52.746",IN-MOSDRV-TC1426CPA-8,1,78.61097,55.0959,670,
"U3_SHIFTER@76.706,52.746",IN-MOSDRV-TC1426CPA-8,2,77.34097,55.0959,671,
"U3_SHIFTER@76.706,52.746",IN-MOSDRV-TC1426CPA-8,3,76.07097,55.0959,126,GND
"U3_SHIFTER@76.706,52.746",IN-MOSDRV-TC1426CPA-8,4,74.80097,55.0959,673,
"U3_SHIFTER@76.706,52.746",IN-MOSDRV-TC1426CPA-8,5,74.80097,50.39589,539,
"U3_SHIFTER@76.706,52.746",IN-MOSDRV-TC1426CPA-8,6,76.07097,50.39589,1640,DRIVER_VDD
"U3_SHIFTER@76.706,52.746",IN-MOSDRV-TC1426CPA-8,7,77.34097,50.39589,1841,
"U3_SHIFTER@76.706,52.746",IN-MOSDRV-TC1426CPA-8,8,78.61097,50.39589,666,
"U3_SHIFTER@55.706,52.746",IN-MOSDRV-TC1426CPA-8,1,57.61101,55.0959,421,
"U3_SHIFTER@55.706,52.746",IN-MOSDRV-TC1426CPA-8,2,56.34101,55.0959,423,
"U3_SHIFTER@55.706,52.746",IN-MOSDRV-TC1426CPA-8,3,55.07101,55.0959,126,GND
"U3_SHIFTER@55.706,52.746",IN-MOSDRV-TC1426CPA-8,4,53.80101,55.0959,422,
"U3_SHIFTER@55.706,52.746",IN-MOSDRV-TC1426CPA-8,5,53.80101,50.39589,416,
"U3_SHIFTER@55.706,52.746",IN-MOSDRV-TC1426CPA-8,6,55.07101,50.39589,1640,DRIVER_VDD
"U3_SHIFTER@55.706,52.746",IN-MOSDRV-TC1426CPA-8,7,56.34101,50.39589,1786,
"U3_SHIFTER@55.706,52.746",IN-MOSDRV-TC1426CPA-8,8,57.61101,50.39589,417,
"U3_SHIFTER@34.706,52.746",IN-MOSDRV-TC1426CPA-8,1,36.61105,55.0959,294,
"U3_SHIFTER@34.706,52.746",IN-MOSDRV-TC1426CPA-8,2,35.34105,55.0959,297,
"U3_SHIFTER@34.706,52.746",IN-MOSDRV-TC1426CPA-8,3,34.07105,55.0959,126,GND
"U3_SHIFTER@34.706,52.746",IN-MOSDRV-TC1426CPA-8,4,32.80105,55.0959,167,
"U3_SHIFTER@34.706,52.746",IN-MOSDRV-TC1426CPA-8,5,32.80105,50.39589,159,
"U3_SHIFTER@34.706,52.746",IN-MOSDRV-TC1426CPA-8,6,34.07105,50.39589,1640,DRIVER_VDD
"U3_SHIFTER@34.706,52.746",IN-MOSDRV-TC1426CPA-8,7,35.34105,50.39589,1691,
"U3_SHIFTER@34.706,52.746",IN-MOSDRV-TC1426CPA-8,8,36.61105,50.39589,161,
"U3_SHIFTER@13.706,52.746",IN-MOSDRV-TC1426CPA-8,1,15.61109,55.0959,47,
"U3_SHIFTER@13.706,52.746",IN-MOSDRV-TC1426CPA-8,2,14.34109,55.0959,48,
"U3_SHIFTER@13.706,52.746",IN-MOSDRV-TC1426CPA-8,3,13.07109,55.0959,126,GND
"U3_SHIFTER@13.706,52.746",IN-MOSDRV-TC1426CPA-8,4,11.80109,55.0959,50,
"U3_SHIFTER@13.706,52.746",IN-MOSDRV-TC1426CPA-8,5,11.80109,50.39589,42,
"U3_SHIFTER@13.706,52.746",IN-MOSDRV-TC1426CPA-8,6,13.07109,50.39589,1640,DRIVER_VDD
"U3_SHIFTER@13.706,52.746",IN-MOSDRV-TC1426CPA-8,7,14.34109,50.39589,1647,
"U3_SHIFTER@13.706,52.746",IN-MOSDRV-TC1426CPA-8,8,15.61109,50.39589,43,
"U3_SHIFTER@160.706,10.746",IN-MOSDRV-TC1426CPA-8,1,162.61105,13.09599,1391,
"U3_SHIFTER@160.706,10.746",IN-MOSDRV-TC1426CPA-8,2,161.34105,13.09599,1394,
"U3_SHIFTER@160.706,10.746",IN-MOSDRV-TC1426CPA-8,3,160.07105,13.09599,126,GND
"U3_SHIFTER@160.706,10.746",IN-MOSDRV-TC1426CPA-8,4,158.80105,13.09599,1395,
"U3_SHIFTER@160.706,10.746",IN-MOSDRV-TC1426CPA-8,5,158.80105,8.39597,1384,
"U3_SHIFTER@160.706,10.746",IN-MOSDRV-TC1426CPA-8,6,160.07105,8.39597,1640,DRIVER_VDD
"U3_SHIFTER@160.706,10.746",IN-MOSDRV-TC1426CPA-8,7,161.34105,8.39597,2147,
"U3_SHIFTER@160.706,10.746",IN-MOSDRV-TC1426CPA-8,8,162.61105,8.39597,1385,
"U3_SHIFTER@139.706,10.746",IN-MOSDRV-TC1426CPA-8,1,141.6111,13.09599,1259,
"U3_SHIFTER@139.706,10.746",IN-MOSDRV-TC1426CPA-8,2,140.3411,13.09599,1261,
"U3_SHIFTER@139.706,10.746",IN-MOSDRV-TC1426CPA-8,3,139.0711,13.09599,126,GND
"U3_SHIFTER@139.706,10.746",IN-MOSDRV-TC1426CPA-8,4,137.8011,13.09599,1262,
"U3_SHIFTER@139.706,10.746",IN-MOSDRV-TC1426CPA-8,5,137.8011,8.39597,1133,
"U3_SHIFTER@139.706,10.746",IN-MOSDRV-TC1426CPA-8,6,139.0711,8.39597,1640,DRIVER_VDD
"U3_SHIFTER@139.706,10.746",IN-MOSDRV-TC1426CPA-8,7,140.3411,8.39597,2098,
"U3_SHIFTER@139.706,10.746",IN-MOSDRV-TC1426CPA-8,8,141.6111,8.39597,1255,
"U3_SHIFTER@118.706,10.746",IN-MOSDRV-TC1426CPA-8,1,120.61114,13.09599,1014,
"U3_SHIFTER@118.706,10.746",IN-MOSDRV-TC1426CPA-8,2,119.34088,13.09599,1016,
"U3_SHIFTER@118.706,10.746",IN-MOSDRV-TC1426CPA-8,3,118.07114,13.09599,126,GND
"U3_SHIFTER@118.706,10.746",IN-MOSDRV-TC1426CPA-8,4,116.80088,13.09599,1015,
"U3_SHIFTER@118.706,10.746",IN-MOSDRV-TC1426CPA-8,5,116.80088,8.39597,1008,
"U3_SHIFTER@118.706,10.746",IN-MOSDRV-TC1426CPA-8,6,118.07114,8.39597,1640,DRIVER_VDD
"U3_SHIFTER@118.706,10.746",IN-MOSDRV-TC1426CPA-8,7,119.34088,8.39597,1991,
"U3_SHIFTER@118.706,10.746",IN-MOSDRV-TC1426CPA-8,8,120.61114,8.39597,1009,
"U3_SHIFTER@97.706,10.746",IN-MOSDRV-TC1426CPA-8,1,99.61093,13.09599,884,
"U3_SHIFTER@97.706,10.746",IN-MOSDRV-TC1426CPA-8,2,98.34093,13.09599,886,
"U3_SHIFTER@97.706,10.746",IN-MOSDRV-TC1426CPA-8,3,97.07093,13.09599,126,GND
"U3_SHIFTER@97.706,10.746",IN-MOSDRV-TC1426CPA-8,4,95.80093,13.09599,761,
"U3_SHIFTER@97.706,10.746",IN-MOSDRV-TC1426CPA-8,5,95.80093,8.39597,755,
"U3_SHIFTER@97.706,10.746",IN-MOSDRV-TC1426CPA-8,6,97.07093,8.39597,1640,DRIVER_VDD
"U3_SHIFTER@97.706,10.746",IN-MOSDRV-TC1426CPA-8,7,98.34093,8.39597,1933,
"U3_SHIFTER@97.706,10.746",IN-MOSDRV-TC1426CPA-8,8,99.61093,8.39597,880,
"U3_SHIFTER@76.706,10.746",IN-MOSDRV-TC1426CPA-8,1,78.61097,13.09599,635,
"U3_SHIFTER@76.706,10.746",IN-MOSDRV-TC1426CPA-8,2,77.34097,13.09599,638,
"U3_SHIFTER@76.706,10.746",IN-MOSDRV-TC1426CPA-8,3,76.07097,13.09599,126,GND
"U3_SHIFTER@76.706,10.746",IN-MOSDRV-TC1426CPA-8,4,74.80097,13.09599,636,
"U3_SHIFTER@76.706,10.746",IN-MOSDRV-TC1426CPA-8,5,74.80097,8.39597,506,
"U3_SHIFTER@76.706,10.746",IN-MOSDRV-TC1426CPA-8,6,76.07097,8.39597,1640,DRIVER_VDD
"U3_SHIFTER@76.706,10.746",IN-MOSDRV-TC1426CPA-8,7,77.34097,8.39597,1822,
"U3_SHIFTER@76.706,10.746",IN-MOSDRV-TC1426CPA-8,8,78.61097,8.39597,632,
"U3_SHIFTER@55.706,10.746",IN-MOSDRV-TC1426CPA-8,1,57.61101,13.09599,391,
"U3_SHIFTER@55.706,10.746",IN-MOSDRV-TC1426CPA-8,2,56.34101,13.09599,393,
"U3_SHIFTER@55.706,10.746",IN-MOSDRV-TC1426CPA-8,3,55.07101,13.09599,126,GND
"U3_SHIFTER@55.706,10.746",IN-MOSDRV-TC1426CPA-8,4,53.80101,13.09599,392,
"U3_SHIFTER@55.706,10.746",IN-MOSDRV-TC1426CPA-8,5,53.80101,8.39597,385,
"U3_SHIFTER@55.706,10.746",IN-MOSDRV-TC1426CPA-8,6,55.07101,8.39597,1640,DRIVER_VDD
"U3_SHIFTER@55.706,10.746",IN-MOSDRV-TC1426CPA-8,7,56.34101,8.39597,1727,
"U3_SHIFTER@55.706,10.746",IN-MOSDRV-TC1426CPA-8,8,57.61101,8.39597,387,
"U3_SHIFTER@34.706,10.746",IN-MOSDRV-TC1426CPA-8,1,36.61105,13.09599,261,
"U3_SHIFTER@34.706,10.746",IN-MOSDRV-TC1426CPA-8,2,35.34105,13.09599,264,
"U3_SHIFTER@34.706,10.746",IN-MOSDRV-TC1426CPA-8,3,34.07105,13.09599,126,GND
"U3_SHIFTER@34.706,10.746",IN-MOSDRV-TC1426CPA-8,4,32.80105,13.09599,137,
"U3_SHIFTER@34.706,10.746",IN-MOSDRV-TC1426CPA-8,5,32.80105,8.39597,130,
"U3_SHIFTER@34.706,10.746",IN-MOSDRV-TC1426CPA-8,6,34.07105,8.39597,1640,DRIVER_VDD
"U3_SHIFTER@34.706,10.746",IN-MOSDRV-TC1426CPA-8,7,35.34105,8.39597,1679,
"U3_SHIFTER@34.706,10.746",IN-MOSDRV-TC1426CPA-8,8,36.61105,8.39597,256,
"U2_SHIFTER@171.206,157.746",IN-MOSDRV-TC1426CPA-8,1,169.30091,155.39593,1620,
"U2_SHIFTER@171.206,157.746",IN-MOSDRV-TC1426CPA-8,2,170.57091,155.39593,1619,
"U2_SHIFTER@171.206,157.746",IN-MOSDRV-TC1426CPA-8,3,171.84091,155.39593,126,GND
"U2_SHIFTER@171.206,157.746",IN-MOSDRV-TC1426CPA-8,4,173.11091,155.39593,1618,
"U2_SHIFTER@171.206,157.746",IN-MOSDRV-TC1426CPA-8,5,173.11091,160.09595,2230,
"U2_SHIFTER@171.206,157.746",IN-MOSDRV-TC1426CPA-8,6,171.84091,160.09595,1640,DRIVER_VDD
"U2_SHIFTER@171.206,157.746",IN-MOSDRV-TC1426CPA-8,7,170.57091,160.09595,1622,
"U2_SHIFTER@171.206,157.746",IN-MOSDRV-TC1426CPA-8,8,169.30091,160.09595,1624,
"U2_SHIFTER@150.206,157.746",IN-MOSDRV-TC1426CPA-8,1,148.30095,155.39593,1375,
"U2_SHIFTER@150.206,157.746",IN-MOSDRV-TC1426CPA-8,2,149.57095,155.39593,1374,
"U2_SHIFTER@150.206,157.746",IN-MOSDRV-TC1426CPA-8,3,150.84095,155.39593,126,GND
"U2_SHIFTER@150.206,157.746",IN-MOSDRV-TC1426CPA-8,4,152.11095,155.39593,1373,
"U2_SHIFTER@150.206,157.746",IN-MOSDRV-TC1426CPA-8,5,152.11095,160.09595,2192,
"U2_SHIFTER@150.206,157.746",IN-MOSDRV-TC1426CPA-8,6,150.84095,160.09595,1640,DRIVER_VDD
"U2_SHIFTER@150.206,157.746",IN-MOSDRV-TC1426CPA-8,7,149.57095,160.09595,1501,
"U2_SHIFTER@150.206,157.746",IN-MOSDRV-TC1426CPA-8,8,148.30095,160.09595,1378,
"U2_SHIFTER@129.206,157.746",IN-MOSDRV-TC1426CPA-8,1,127.30099,155.39593,1244,
"U2_SHIFTER@129.206,157.746",IN-MOSDRV-TC1426CPA-8,2,128.57099,155.39593,1242,
"U2_SHIFTER@129.206,157.746",IN-MOSDRV-TC1426CPA-8,3,129.84099,155.39593,126,GND
"U2_SHIFTER@129.206,157.746",IN-MOSDRV-TC1426CPA-8,4,131.11099,155.39593,1241,
"U2_SHIFTER@129.206,157.746",IN-MOSDRV-TC1426CPA-8,5,131.11099,160.09595,2094,
"U2_SHIFTER@129.206,157.746",IN-MOSDRV-TC1426CPA-8,6,129.84099,160.09595,1640,DRIVER_VDD
"U2_SHIFTER@129.206,157.746",IN-MOSDRV-TC1426CPA-8,7,128.57099,160.09595,1246,
"U2_SHIFTER@129.206,157.746",IN-MOSDRV-TC1426CPA-8,8,127.30099,160.09595,1249,
"U2_SHIFTER@108.206,157.746",IN-MOSDRV-TC1426CPA-8,1,106.30103,155.39593,1000,
"U2_SHIFTER@108.206,157.746",IN-MOSDRV-TC1426CPA-8,2,107.57103,155.39593,999,
"U2_SHIFTER@108.206,157.746",IN-MOSDRV-TC1426CPA-8,3,108.84103,155.39593,126,GND
"U2_SHIFTER@108.206,157.746",IN-MOSDRV-TC1426CPA-8,4,110.11103,155.39593,998,
"U2_SHIFTER@108.206,157.746",IN-MOSDRV-TC1426CPA-8,5,110.11103,160.09595,2049,
"U2_SHIFTER@108.206,157.746",IN-MOSDRV-TC1426CPA-8,6,108.84103,160.09595,1640,DRIVER_VDD
"U2_SHIFTER@108.206,157.746",IN-MOSDRV-TC1426CPA-8,7,107.57103,160.09595,1001,
"U2_SHIFTER@108.206,157.746",IN-MOSDRV-TC1426CPA-8,8,106.30103,160.09595,1003,
"U2_SHIFTER@87.206,157.746",IN-MOSDRV-TC1426CPA-8,1,85.30107,155.39593,748,
"U2_SHIFTER@87.206,157.746",IN-MOSDRV-TC1426CPA-8,2,86.57107,155.39593,747,
"U2_SHIFTER@87.206,157.746",IN-MOSDRV-TC1426CPA-8,3,87.84107,155.39593,126,GND
"U2_SHIFTER@87.206,157.746",IN-MOSDRV-TC1426CPA-8,4,89.11107,155.39593,746,
"U2_SHIFTER@87.206,157.746",IN-MOSDRV-TC1426CPA-8,5,89.11107,160.09595,1930,
"U2_SHIFTER@87.206,157.746",IN-MOSDRV-TC1426CPA-8,6,87.84107,160.09595,1640,DRIVER_VDD
"U2_SHIFTER@87.206,157.746",IN-MOSDRV-TC1426CPA-8,7,86.57107,160.09595,872,
"U2_SHIFTER@87.206,157.746",IN-MOSDRV-TC1426CPA-8,8,85.30107,160.09595,751,
"U2_SHIFTER@66.206,157.746",IN-MOSDRV-TC1426CPA-8,1,64.30112,155.39593,619,
"U2_SHIFTER@66.206,157.746",IN-MOSDRV-TC1426CPA-8,2,65.57112,155.39593,497,
"U2_SHIFTER@66.206,157.746",IN-MOSDRV-TC1426CPA-8,3,66.84112,155.39593,126,GND
"U2_SHIFTER@66.206,157.746",IN-MOSDRV-TC1426CPA-8,4,68.11112,155.39593,618,
"U2_SHIFTER@66.206,157.746",IN-MOSDRV-TC1426CPA-8,5,68.11112,160.09595,1877,
"U2_SHIFTER@66.206,157.746",IN-MOSDRV-TC1426CPA-8,6,66.84112,160.09595,1640,DRIVER_VDD
"U2_SHIFTER@66.206,157.746",IN-MOSDRV-TC1426CPA-8,7,65.57112,160.09595,622,
"U2_SHIFTER@66.206,157.746",IN-MOSDRV-TC1426CPA-8,8,64.30112,160.09595,625,
"U2_SHIFTER@45.206,157.746",IN-MOSDRV-TC1426CPA-8,1,43.3009,155.39593,376,
"U2_SHIFTER@45.206,157.746",IN-MOSDRV-TC1426CPA-8,2,44.57116,155.39593,375,
"U2_SHIFTER@45.206,157.746",IN-MOSDRV-TC1426CPA-8,3,45.8409,155.39593,126,GND
"U2_SHIFTER@45.206,157.746",IN-MOSDRV-TC1426CPA-8,4,47.11116,155.39593,374,
"U2_SHIFTER@45.206,157.746",IN-MOSDRV-TC1426CPA-8,5,47.11116,160.09595,1771,
"U2_SHIFTER@45.206,157.746",IN-MOSDRV-TC1426CPA-8,6,45.8409,160.09595,1640,DRIVER_VDD
"U2_SHIFTER@45.206,157.746",IN-MOSDRV-TC1426CPA-8,7,44.57116,160.09595,377,
"U2_SHIFTER@45.206,157.746",IN-MOSDRV-TC1426CPA-8,8,43.3009,160.09595,379,
"U2_SHIFTER@24.206,157.746",IN-MOSDRV-TC1426CPA-8,1,22.30095,155.39593,245,
"U2_SHIFTER@24.206,157.746",IN-MOSDRV-TC1426CPA-8,2,23.57095,155.39593,118,
"U2_SHIFTER@24.206,157.746",IN-MOSDRV-TC1426CPA-8,3,24.84095,155.39593,126,GND
"U2_SHIFTER@24.206,157.746",IN-MOSDRV-TC1426CPA-8,4,26.11095,155.39593,244,
"U2_SHIFTER@24.206,157.746",IN-MOSDRV-TC1426CPA-8,5,26.11095,160.09595,1723,
"U2_SHIFTER@24.206,157.746",IN-MOSDRV-TC1426CPA-8,6,24.84095,160.09595,1640,DRIVER_VDD
"U2_SHIFTER@24.206,157.746",IN-MOSDRV-TC1426CPA-8,7,23.57095,160.09595,248,
"U2_SHIFTER@24.206,157.746",IN-MOSDRV-TC1426CPA-8,8,22.30095,160.09595,124,
"U2_SHIFTER@171.206,115.746",IN-MOSDRV-TC1426CPA-8,1,169.30091,113.39601,1593,
"U2_SHIFTER@171.206,115.746",IN-MOSDRV-TC1426CPA-8,2,170.57091,113.39601,1592,
"U2_SHIFTER@171.206,115.746",IN-MOSDRV-TC1426CPA-8,3,171.84091,113.39601,126,GND
"U2_SHIFTER@171.206,115.746",IN-MOSDRV-TC1426CPA-8,4,173.11091,113.39601,1591,
"U2_SHIFTER@171.206,115.746",IN-MOSDRV-TC1426CPA-8,5,173.11091,118.09603,2222,
"U2_SHIFTER@171.206,115.746",IN-MOSDRV-TC1426CPA-8,6,171.84091,118.09603,1640,DRIVER_VDD
"U2_SHIFTER@171.206,115.746",IN-MOSDRV-TC1426CPA-8,7,170.57091,118.09603,1595,
"U2_SHIFTER@171.206,115.746",IN-MOSDRV-TC1426CPA-8,8,169.30091,118.09603,1597,
"U2_SHIFTER@150.206,115.746",IN-MOSDRV-TC1426CPA-8,1,148.30095,113.39601,1343,
"U2_SHIFTER@150.206,115.746",IN-MOSDRV-TC1426CPA-8,2,149.57095,113.39601,1341,
"U2_SHIFTER@150.206,115.746",IN-MOSDRV-TC1426CPA-8,3,150.84095,113.39601,126,GND
"U2_SHIFTER@150.206,115.746",IN-MOSDRV-TC1426CPA-8,4,152.11095,113.39601,1340,
"U2_SHIFTER@150.206,115.746",IN-MOSDRV-TC1426CPA-8,5,152.11095,118.09603,2180,
"U2_SHIFTER@150.206,115.746",IN-MOSDRV-TC1426CPA-8,6,150.84095,118.09603,1640,DRIVER_VDD
"U2_SHIFTER@150.206,115.746",IN-MOSDRV-TC1426CPA-8,7,149.57095,118.09603,1469,
"U2_SHIFTER@150.206,115.746",IN-MOSDRV-TC1426CPA-8,8,148.30095,118.09603,1346,
"U2_SHIFTER@129.206,115.746",IN-MOSDRV-TC1426CPA-8,1,127.30099,113.39601,1212,
"U2_SHIFTER@129.206,115.746",IN-MOSDRV-TC1426CPA-8,2,128.57099,113.39601,1091,
"U2_SHIFTER@129.206,115.746",IN-MOSDRV-TC1426CPA-8,3,129.84099,113.39601,126,GND
"U2_SHIFTER@129.206,115.746",IN-MOSDRV-TC1426CPA-8,4,131.11099,113.39601,1211,
"U2_SHIFTER@129.206,115.746",IN-MOSDRV-TC1426CPA-8,5,131.11099,118.09603,2082,
"U2_SHIFTER@129.206,115.746",IN-MOSDRV-TC1426CPA-8,6,129.84099,118.09603,1640,DRIVER_VDD
"U2_SHIFTER@129.206,115.746",IN-MOSDRV-TC1426CPA-8,7,128.57099,118.09603,1214,
"U2_SHIFTER@129.206,115.746",IN-MOSDRV-TC1426CPA-8,8,127.30099,118.09603,1217,
"U2_SHIFTER@108.206,115.746",IN-MOSDRV-TC1426CPA-8,1,106.30103,113.39601,971,
"U2_SHIFTER@108.206,115.746",IN-MOSDRV-TC1426CPA-8,2,107.57103,113.39601,970,
"U2_SHIFTER@108.206,115.746",IN-MOSDRV-TC1426CPA-8,3,108.84103,113.39601,126,GND
"U2_SHIFTER@108.206,115.746",IN-MOSDRV-TC1426CPA-8,4,110.11103,113.39601,969,
"U2_SHIFTER@108.206,115.746",IN-MOSDRV-TC1426CPA-8,5,110.11103,118.09603,2038,
"U2_SHIFTER@108.206,115.746",IN-MOSDRV-TC1426CPA-8,6,108.84103,118.09603,1640,DRIVER_VDD
"U2_SHIFTER@108.206,115.746",IN-MOSDRV-TC1426CPA-8,7,107.57103,118.09603,972,
"U2_SHIFTER@108.206,115.746",IN-MOSDRV-TC1426CPA-8,8,106.30103,118.09603,974,
"U2_SHIFTER@87.206,115.746",IN-MOSDRV-TC1426CPA-8,1,85.30107,113.39601,720,
"U2_SHIFTER@87.206,115.746",IN-MOSDRV-TC1426CPA-8,2,86.57107,113.39601,719,
"U2_SHIFTER@87.206,115.746",IN-MOSDRV-TC1426CPA-8,3,87.84107,113.39601,126,GND
"U2_SHIFTER@87.206,115.746",IN-MOSDRV-TC1426CPA-8,4,89.11107,113.39601,711,
"U2_SHIFTER@87.206,115.746",IN-MOSDRV-TC1426CPA-8,5,89.11107,118.09603,1918,
"U2_SHIFTER@87.206,115.746",IN-MOSDRV-TC1426CPA-8,6,87.84107,118.09603,1640,DRIVER_VDD
"U2_SHIFTER@87.206,115.746",IN-MOSDRV-TC1426CPA-8,7,86.57107,118.09603,844,
"U2_SHIFTER@87.206,115.746",IN-MOSDRV-TC1426CPA-8,8,85.30107,118.09603,723,
"U2_SHIFTER@66.206,115.746",IN-MOSDRV-TC1426CPA-8,1,64.30112,113.39601,589,
"U2_SHIFTER@66.206,115.746",IN-MOSDRV-TC1426CPA-8,2,65.57112,113.39601,466,
"U2_SHIFTER@66.206,115.746",IN-MOSDRV-TC1426CPA-8,3,66.84112,113.39601,126,GND
"U2_SHIFTER@66.206,115.746",IN-MOSDRV-TC1426CPA-8,4,68.11112,113.39601,587,
"U2_SHIFTER@66.206,115.746",IN-MOSDRV-TC1426CPA-8,5,68.11112,118.09603,1866,
"U2_SHIFTER@66.206,115.746",IN-MOSDRV-TC1426CPA-8,6,66.84112,118.09603,1640,DRIVER_VDD
"U2_SHIFTER@66.206,115.746",IN-MOSDRV-TC1426CPA-8,7,65.57112,118.09603,591,
"U2_SHIFTER@66.206,115.746",IN-MOSDRV-TC1426CPA-8,8,64.30112,118.09603,594,
"U2_SHIFTER@45.206,115.746",IN-MOSDRV-TC1426CPA-8,1,43.3009,113.39601,344,
"U2_SHIFTER@45.206,115.746",IN-MOSDRV-TC1426CPA-8,2,44.57116,113.39601,343,
"U2_SHIFTER@45.206,115.746",IN-MOSDRV-TC1426CPA-8,3,45.8409,113.39601,126,GND
"U2_SHIFTER@45.206,115.746",IN-MOSDRV-TC1426CPA-8,4,47.11116,113.39601,342,
"U2_SHIFTER@45.206,115.746",IN-MOSDRV-TC1426CPA-8,5,47.11116,118.09603,1759,
"U2_SHIFTER@45.206,115.746",IN-MOSDRV-TC1426CPA-8,6,45.8409,118.09603,1640,DRIVER_VDD
"U2_SHIFTER@45.206,115.746",IN-MOSDRV-TC1426CPA-8,7,44.57116,118.09603,345,
"U2_SHIFTER@45.206,115.746",IN-MOSDRV-TC1426CPA-8,8,43.3009,118.09603,347,
"U2_SHIFTER@24.206,115.746",IN-MOSDRV-TC1426CPA-8,1,22.30095,113.39601,214,
"U2_SHIFTER@24.206,115.746",IN-MOSDRV-TC1426CPA-8,2,23.57095,113.39601,89,
"U2_SHIFTER@24.206,115.746",IN-MOSDRV-TC1426CPA-8,3,24.84095,113.39601,126,GND
"U2_SHIFTER@24.206,115.746",IN-MOSDRV-TC1426CPA-8,4,26.11095,113.39601,212,
"U2_SHIFTER@24.206,115.746",IN-MOSDRV-TC1426CPA-8,5,26.11095,118.09603,1711,
"U2_SHIFTER@24.206,115.746",IN-MOSDRV-TC1426CPA-8,6,24.84095,118.09603,1640,DRIVER_VDD
"U2_SHIFTER@24.206,115.746",IN-MOSDRV-TC1426CPA-8,7,23.57095,118.09603,217,
"U2_SHIFTER@24.206,115.746",IN-MOSDRV-TC1426CPA-8,8,22.30095,118.09603,219,
"U2_SHIFTER@171.206,73.746",IN-MOSDRV-TC1426CPA-8,1,169.30091,71.3961,1564,
"U2_SHIFTER@171.206,73.746",IN-MOSDRV-TC1426CPA-8,2,170.57091,71.3961,1563,
"U2_SHIFTER@171.206,73.746",IN-MOSDRV-TC1426CPA-8,3,171.84091,71.3961,126,GND
"U2_SHIFTER@171.206,73.746",IN-MOSDRV-TC1426CPA-8,4,173.11091,71.3961,1562,
"U2_SHIFTER@171.206,73.746",IN-MOSDRV-TC1426CPA-8,5,173.11091,76.09611,2215,
"U2_SHIFTER@171.206,73.746",IN-MOSDRV-TC1426CPA-8,6,171.84091,76.09611,1640,DRIVER_VDD
"U2_SHIFTER@171.206,73.746",IN-MOSDRV-TC1426CPA-8,7,170.57091,76.09611,1566,
"U2_SHIFTER@171.206,73.746",IN-MOSDRV-TC1426CPA-8,8,169.30091,76.09611,1568,
"U2_SHIFTER@150.206,73.746",IN-MOSDRV-TC1426CPA-8,1,148.30095,71.3961,1311,
"U2_SHIFTER@150.206,73.746",IN-MOSDRV-TC1426CPA-8,2,149.57095,71.3961,1310,
"U2_SHIFTER@150.206,73.746",IN-MOSDRV-TC1426CPA-8,3,150.84095,71.3961,126,GND
"U2_SHIFTER@150.206,73.746",IN-MOSDRV-TC1426CPA-8,4,152.11095,71.3961,1309,
"U2_SHIFTER@150.206,73.746",IN-MOSDRV-TC1426CPA-8,5,152.11095,76.09611,2167,
"U2_SHIFTER@150.206,73.746",IN-MOSDRV-TC1426CPA-8,6,150.84095,76.09611,1640,DRIVER_VDD
"U2_SHIFTER@150.206,73.746",IN-MOSDRV-TC1426CPA-8,7,149.57095,76.09611,1439,
"U2_SHIFTER@150.206,73.746",IN-MOSDRV-TC1426CPA-8,8,148.30095,76.09611,1314,
"U2_SHIFTER@129.206,73.746",IN-MOSDRV-TC1426CPA-8,1,127.30099,71.3961,1182,
"U2_SHIFTER@129.206,73.746",IN-MOSDRV-TC1426CPA-8,2,128.57099,71.3961,1180,
"U2_SHIFTER@129.206,73.746",IN-MOSDRV-TC1426CPA-8,3,129.84099,71.3961,126,GND
"U2_SHIFTER@129.206,73.746",IN-MOSDRV-TC1426CPA-8,4,131.11099,71.3961,1179,
"U2_SHIFTER@129.206,73.746",IN-MOSDRV-TC1426CPA-8,5,131.11099,76.09611,2072,
"U2_SHIFTER@129.206,73.746",IN-MOSDRV-TC1426CPA-8,6,129.84099,76.09611,1640,DRIVER_VDD
"U2_SHIFTER@129.206,73.746",IN-MOSDRV-TC1426CPA-8,7,128.57099,76.09611,1184,
"U2_SHIFTER@129.206,73.746",IN-MOSDRV-TC1426CPA-8,8,127.30099,76.09611,1188,
"U2_SHIFTER@108.206,73.746",IN-MOSDRV-TC1426CPA-8,1,106.30103,71.3961,934,
"U2_SHIFTER@108.206,73.746",IN-MOSDRV-TC1426CPA-8,2,107.57103,71.3961,933,
"U2_SHIFTER@108.206,73.746",IN-MOSDRV-TC1426CPA-8,3,108.84103,71.3961,126,GND
"U2_SHIFTER@108.206,73.746",IN-MOSDRV-TC1426CPA-8,4,110.11103,71.3961,932,
"U2_SHIFTER@108.206,73.746",IN-MOSDRV-TC1426CPA-8,5,110.11103,76.09611,2016,
"U2_SHIFTER@108.206,73.746",IN-MOSDRV-TC1426CPA-8,6,108.84103,76.09611,1640,DRIVER_VDD
"U2_SHIFTER@108.206,73.746",IN-MOSDRV-TC1426CPA-8,7,107.57103,76.09611,935,
"U2_SHIFTER@108.206,73.746",IN-MOSDRV-TC1426CPA-8,8,106.30103,76.09611,938,
"U2_SHIFTER@87.206,73.746",IN-MOSDRV-TC1426CPA-8,1,85.30107,71.3961,686,
"U2_SHIFTER@87.206,73.746",IN-MOSDRV-TC1426CPA-8,2,86.57107,71.3961,685,
"U2_SHIFTER@87.206,73.746",IN-MOSDRV-TC1426CPA-8,3,87.84107,71.3961,126,GND
"U2_SHIFTER@87.206,73.746",IN-MOSDRV-TC1426CPA-8,4,89.11107,71.3961,684,
"U2_SHIFTER@87.206,73.746",IN-MOSDRV-TC1426CPA-8,5,89.11107,76.09611,1902,
"U2_SHIFTER@87.206,73.746",IN-MOSDRV-TC1426CPA-8,6,87.84107,76.09611,1640,DRIVER_VDD
"U2_SHIFTER@87.206,73.746",IN-MOSDRV-TC1426CPA-8,7,86.57107,76.09611,811,
"U2_SHIFTER@87.206,73.746",IN-MOSDRV-TC1426CPA-8,8,85.30107,76.09611,690,
"U2_SHIFTER@66.206,73.746",IN-MOSDRV-TC1426CPA-8,1,64.30112,71.3961,557,
"U2_SHIFTER@66.206,73.746",IN-MOSDRV-TC1426CPA-8,2,65.57112,71.3961,435,
"U2_SHIFTER@66.206,73.746",IN-MOSDRV-TC1426CPA-8,3,66.84112,71.3961,126,GND
"U2_SHIFTER@66.206,73.746",IN-MOSDRV-TC1426CPA-8,4,68.11112,71.3961,554,
"U2_SHIFTER@66.206,73.746",IN-MOSDRV-TC1426CPA-8,5,68.11112,76.09611,1847,
"U2_SHIFTER@66.206,73.746",IN-MOSDRV-TC1426CPA-8,6,66.84112,76.09611,1640,DRIVER_VDD
"U2_SHIFTER@66.206,73.746",IN-MOSDRV-TC1426CPA-8,7,65.57112,76.09611,559,
"U2_SHIFTER@66.206,73.746",IN-MOSDRV-TC1426CPA-8,8,64.30112,76.09611,561,
"U2_SHIFTER@45.206,73.746",IN-MOSDRV-TC1426CPA-8,1,43.3009,71.3961,313,
"U2_SHIFTER@45.206,73.746",IN-MOSDRV-TC1426CPA-8,2,44.57116,71.3961,312,
"U2_SHIFTER@45.206,73.746",IN-MOSDRV-TC1426CPA-8,3,45.8409,71.3961,126,GND
"U2_SHIFTER@45.206,73.746",IN-MOSDRV-TC1426CPA-8,4,47.11116,71.3961,311,
"U2_SHIFTER@45.206,73.746",IN-MOSDRV-TC1426CPA-8,5,47.11116,76.09611,1747,
"U2_SHIFTER@45.206,73.746",IN-MOSDRV-TC1426CPA-8,6,45.8409,76.09611,1640,DRIVER_VDD
"U2_SHIFTER@45.206,73.746",IN-MOSDRV-TC1426CPA-8,7,44.57116,76.09611,314,
"U2_SHIFTER@45.206,73.746",IN-MOSDRV-TC1426CPA-8,8,43.3009,76.09611,316,
"U2_SHIFTER@24.206,73.746",IN-MOSDRV-TC1426CPA-8,1,22.30095,71.3961,180,
"U2_SHIFTER@24.206,73.746",IN-MOSDRV-TC1426CPA-8,2,23.57095,71.3961,60,
"U2_SHIFTER@24.206,73.746",IN-MOSDRV-TC1426CPA-8,3,24.84095,71.3961,126,GND
"U2_SHIFTER@24.206,73.746",IN-MOSDRV-TC1426CPA-8,4,26.11095,71.3961,179,
"U2_SHIFTER@24.206,73.746",IN-MOSDRV-TC1426CPA-8,5,26.11095,76.09611,1698,
"U2_SHIFTER@24.206,73.746",IN-MOSDRV-TC1426CPA-8,6,24.84095,76.09611,1640,DRIVER_VDD
"U2_SHIFTER@24.206,73.746",IN-MOSDRV-TC1426CPA-8,7,23.57095,76.09611,184,
"U2_SHIFTER@24.206,73.746",IN-MOSDRV-TC1426CPA-8,8,22.30095,76.09611,186,
"U2_SHIFTER@171.206,31.746",IN-MOSDRV-TC1426CPA-8,1,169.30091,29.39593,1529,
"U2_SHIFTER@171.206,31.746",IN-MOSDRV-TC1426CPA-8,2,170.57091,29.39593,1528,
"U2_SHIFTER@171.206,31.746",IN-MOSDRV-TC1426CPA-8,3,171.84091,29.39593,126,GND
"U2_SHIFTER@171.206,31.746",IN-MOSDRV-TC1426CPA-8,4,173.11091,29.39593,1527,
"U2_SHIFTER@171.206,31.746",IN-MOSDRV-TC1426CPA-8,5,173.11091,34.09594,2205,
"U2_SHIFTER@171.206,31.746",IN-MOSDRV-TC1426CPA-8,6,171.84091,34.09594,1640,DRIVER_VDD
"U2_SHIFTER@171.206,31.746",IN-MOSDRV-TC1426CPA-8,7,170.57091,34.09594,1531,
"U2_SHIFTER@171.206,31.746",IN-MOSDRV-TC1426CPA-8,8,169.30091,34.09594,1535,
"U2_SHIFTER@150.206,31.746",IN-MOSDRV-TC1426CPA-8,1,148.30095,29.39593,1275,
"U2_SHIFTER@150.206,31.746",IN-MOSDRV-TC1426CPA-8,2,149.57095,29.39593,1274,
"U2_SHIFTER@150.206,31.746",IN-MOSDRV-TC1426CPA-8,3,150.84095,29.39593,126,GND
"U2_SHIFTER@150.206,31.746",IN-MOSDRV-TC1426CPA-8,4,152.11095,29.39593,1273,
"U2_SHIFTER@150.206,31.746",IN-MOSDRV-TC1426CPA-8,5,152.11095,34.09594,2155,
"U2_SHIFTER@150.206,31.746",IN-MOSDRV-TC1426CPA-8,6,150.84095,34.09594,1640,DRIVER_VDD
"U2_SHIFTER@150.206,31.746",IN-MOSDRV-TC1426CPA-8,7,149.57095,34.09594,2152,
"U2_SHIFTER@150.206,31.746",IN-MOSDRV-TC1426CPA-8,8,148.30095,34.09594,1280,
"U2_SHIFTER@129.206,31.746",IN-MOSDRV-TC1426CPA-8,1,127.30099,29.39593,1150,
"U2_SHIFTER@129.206,31.746",IN-MOSDRV-TC1426CPA-8,2,128.57099,29.39593,1028,
"U2_SHIFTER@129.206,31.746",IN-MOSDRV-TC1426CPA-8,3,129.84099,29.39593,126,GND
"U2_SHIFTER@129.206,31.746",IN-MOSDRV-TC1426CPA-8,4,131.11099,29.39593,1148,
"U2_SHIFTER@129.206,31.746",IN-MOSDRV-TC1426CPA-8,5,131.11099,34.09594,2058,
"U2_SHIFTER@129.206,31.746",IN-MOSDRV-TC1426CPA-8,6,129.84099,34.09594,1640,DRIVER_VDD
"U2_SHIFTER@129.206,31.746",IN-MOSDRV-TC1426CPA-8,7,128.57099,34.09594,1152,
"U2_SHIFTER@129.206,31.746",IN-MOSDRV-TC1426CPA-8,8,127.30099,34.09594,1156,
"U2_SHIFTER@108.206,31.746",IN-MOSDRV-TC1426CPA-8,1,106.30103,29.39593,899,
"U2_SHIFTER@108.206,31.746",IN-MOSDRV-TC1426CPA-8,2,107.57103,29.39593,898,
"U2_SHIFTER@108.206,31.746",IN-MOSDRV-TC1426CPA-8,3,108.84103,29.39593,126,GND
"U2_SHIFTER@108.206,31.746",IN-MOSDRV-TC1426CPA-8,4,110.11103,29.39593,897,
"U2_SHIFTER@108.206,31.746",IN-MOSDRV-TC1426CPA-8,5,110.11103,34.09594,1997,
"U2_SHIFTER@108.206,31.746",IN-MOSDRV-TC1426CPA-8,6,108.84103,34.09594,1640,DRIVER_VDD
"U2_SHIFTER@108.206,31.746",IN-MOSDRV-TC1426CPA-8,7,107.57103,34.09594,900,
"U2_SHIFTER@108.206,31.746",IN-MOSDRV-TC1426CPA-8,8,106.30103,34.09594,903,
"U2_SHIFTER@87.206,31.746",IN-MOSDRV-TC1426CPA-8,1,85.30107,29.39593,651,
"U2_SHIFTER@87.206,31.746",IN-MOSDRV-TC1426CPA-8,2,86.57107,29.39593,650,
"U2_SHIFTER@87.206,31.746",IN-MOSDRV-TC1426CPA-8,3,87.84107,29.39593,126,GND
"U2_SHIFTER@87.206,31.746",IN-MOSDRV-TC1426CPA-8,4,89.11107,29.39593,649,
"U2_SHIFTER@87.206,31.746",IN-MOSDRV-TC1426CPA-8,5,89.11107,34.09594,779,
"U2_SHIFTER@87.206,31.746",IN-MOSDRV-TC1426CPA-8,6,87.84107,34.09594,1640,DRIVER_VDD
"U2_SHIFTER@87.206,31.746",IN-MOSDRV-TC1426CPA-8,7,86.57107,34.09594,777,
"U2_SHIFTER@87.206,31.746",IN-MOSDRV-TC1426CPA-8,8,85.30107,34.09594,655,
"U2_SHIFTER@66.206,31.746",IN-MOSDRV-TC1426CPA-8,1,64.30112,29.39593,525,
"U2_SHIFTER@66.206,31.746",IN-MOSDRV-TC1426CPA-8,2,65.57112,29.39593,404,
"U2_SHIFTER@66.206,31.746",IN-MOSDRV-TC1426CPA-8,3,66.84112,29.39593,126,GND
"U2_SHIFTER@66.206,31.746",IN-MOSDRV-TC1426CPA-8,4,68.11112,29.39593,522,
"U2_SHIFTER@66.206,31.746",IN-MOSDRV-TC1426CPA-8,5,68.11112,34.09594,1828,
"U2_SHIFTER@66.206,31.746",IN-MOSDRV-TC1426CPA-8,6,66.84112,34.09594,1640,DRIVER_VDD
"U2_SHIFTER@66.206,31.746",IN-MOSDRV-TC1426CPA-8,7,65.57112,34.09594,527,
"U2_SHIFTER@66.206,31.746",IN-MOSDRV-TC1426CPA-8,8,64.30112,34.09594,530,
"U2_SHIFTER@45.206,31.746",IN-MOSDRV-TC1426CPA-8,1,43.3009,29.39593,277,
"U2_SHIFTER@45.206,31.746",IN-MOSDRV-TC1426CPA-8,2,44.57116,29.39593,276,
"U2_SHIFTER@45.206,31.746",IN-MOSDRV-TC1426CPA-8,3,45.8409,29.39593,126,GND
"U2_SHIFTER@45.206,31.746",IN-MOSDRV-TC1426CPA-8,4,47.11116,29.39593,275,
"U2_SHIFTER@45.206,31.746",IN-MOSDRV-TC1426CPA-8,5,47.11116,34.09594,1737,
"U2_SHIFTER@45.206,31.746",IN-MOSDRV-TC1426CPA-8,6,45.8409,34.09594,1640,DRIVER_VDD
"U2_SHIFTER@45.206,31.746",IN-MOSDRV-TC1426CPA-8,7,44.57116,34.09594,278,
"U2_SHIFTER@45.206,31.746",IN-MOSDRV-TC1426CPA-8,8,43.3009,34.09594,281,
"U1_SHIFTER@171.206,136.746",IN-MOSDRV-TC1426CPA-8,1,173.11091,139.09599,1606,
"U1_SHIFTER@171.206,136.746",IN-MOSDRV-TC1426CPA-8,2,171.84091,139.09599,1607,
"U1_SHIFTER@171.206,136.746",IN-MOSDRV-TC1426CPA-8,3,170.57091,139.09599,126,GND
"U1_SHIFTER@171.206,136.746",IN-MOSDRV-TC1426CPA-8,4,169.30091,139.09599,1608,
"U1_SHIFTER@171.206,136.746",IN-MOSDRV-TC1426CPA-8,5,169.30091,134.39597,1601,
"U1_SHIFTER@171.206,136.746",IN-MOSDRV-TC1426CPA-8,6,170.57091,134.39597,1640,DRIVER_VDD
"U1_SHIFTER@171.206,136.746",IN-MOSDRV-TC1426CPA-8,7,171.84091,134.39597,2225,
"U1_SHIFTER@171.206,136.746",IN-MOSDRV-TC1426CPA-8,8,173.11091,134.39597,1602,
"U1_SHIFTER@150.206,136.746",IN-MOSDRV-TC1426CPA-8,1,152.11095,139.09599,1486,
"U1_SHIFTER@150.206,136.746",IN-MOSDRV-TC1426CPA-8,2,150.84095,139.09599,1487,
"U1_SHIFTER@150.206,136.746",IN-MOSDRV-TC1426CPA-8,3,149.57095,139.09599,126,GND
"U1_SHIFTER@150.206,136.746",IN-MOSDRV-TC1426CPA-8,4,148.30095,139.09599,1360,
"U1_SHIFTER@150.206,136.746",IN-MOSDRV-TC1426CPA-8,5,148.30095,134.39597,1354,
"U1_SHIFTER@150.206,136.746",IN-MOSDRV-TC1426CPA-8,6,149.57095,134.39597,1640,DRIVER_VDD
"U1_SHIFTER@150.206,136.746",IN-MOSDRV-TC1426CPA-8,7,150.84095,134.39597,2137,
"U1_SHIFTER@150.206,136.746",IN-MOSDRV-TC1426CPA-8,8,152.11095,134.39597,1479,
"U1_SHIFTER@129.206,136.746",IN-MOSDRV-TC1426CPA-8,1,131.11099,139.09599,1230,
"U1_SHIFTER@129.206,136.746",IN-MOSDRV-TC1426CPA-8,2,129.84099,139.09599,1232,
"U1_SHIFTER@129.206,136.746",IN-MOSDRV-TC1426CPA-8,3,128.57099,139.09599,126,GND
"U1_SHIFTER@129.206,136.746",IN-MOSDRV-TC1426CPA-8,4,127.30099,139.09599,1231,
"U1_SHIFTER@129.206,136.746",IN-MOSDRV-TC1426CPA-8,5,127.30099,134.39597,1223,
"U1_SHIFTER@129.206,136.746",IN-MOSDRV-TC1426CPA-8,6,128.57099,134.39597,1640,DRIVER_VDD
"U1_SHIFTER@129.206,136.746",IN-MOSDRV-TC1426CPA-8,7,129.84099,134.39597,2086,
"U1_SHIFTER@129.206,136.746",IN-MOSDRV-TC1426CPA-8,8,131.11099,134.39597,1225,
"U1_SHIFTER@108.206,136.746",IN-MOSDRV-TC1426CPA-8,1,110.11103,139.09599,985,
"U1_SHIFTER@108.206,136.746",IN-MOSDRV-TC1426CPA-8,2,108.84103,139.09599,986,
"U1_SHIFTER@108.206,136.746",IN-MOSDRV-TC1426CPA-8,3,107.57103,139.09599,126,GND
"U1_SHIFTER@108.206,136.746",IN-MOSDRV-TC1426CPA-8,4,106.30103,139.09599,988,
"U1_SHIFTER@108.206,136.746",IN-MOSDRV-TC1426CPA-8,5,106.30103,134.39597,978,
"U1_SHIFTER@108.206,136.746",IN-MOSDRV-TC1426CPA-8,6,107.57103,134.39597,1640,DRIVER_VDD
"U1_SHIFTER@108.206,136.746",IN-MOSDRV-TC1426CPA-8,7,108.84103,134.39597,1981,
"U1_SHIFTER@108.206,136.746",IN-MOSDRV-TC1426CPA-8,8,110.11103,134.39597,980,
"U1_SHIFTER@87.206,136.746",IN-MOSDRV-TC1426CPA-8,1,89.11107,139.09599,857,
"U1_SHIFTER@87.206,136.746",IN-MOSDRV-TC1426CPA-8,2,87.84107,139.09599,858,
"U1_SHIFTER@87.206,136.746",IN-MOSDRV-TC1426CPA-8,3,86.57107,139.09599,126,GND
"U1_SHIFTER@87.206,136.746",IN-MOSDRV-TC1426CPA-8,4,85.30107,139.09599,735,
"U1_SHIFTER@87.206,136.746",IN-MOSDRV-TC1426CPA-8,5,85.30107,134.39597,727,
"U1_SHIFTER@87.206,136.746",IN-MOSDRV-TC1426CPA-8,6,86.57107,134.39597,1640,DRIVER_VDD
"U1_SHIFTER@87.206,136.746",IN-MOSDRV-TC1426CPA-8,7,87.84107,134.39597,1922,
"U1_SHIFTER@87.206,136.746",IN-MOSDRV-TC1426CPA-8,8,89.11107,134.39597,853,
"U1_SHIFTER@66.206,136.746",IN-MOSDRV-TC1426CPA-8,1,68.11112,139.09599,608,
"U1_SHIFTER@66.206,136.746",IN-MOSDRV-TC1426CPA-8,2,66.84112,139.09599,609,
"U1_SHIFTER@66.206,136.746",IN-MOSDRV-TC1426CPA-8,3,65.57112,139.09599,126,GND
"U1_SHIFTER@66.206,136.746",IN-MOSDRV-TC1426CPA-8,4,64.30112,139.09599,610,
"U1_SHIFTER@66.206,136.746",IN-MOSDRV-TC1426CPA-8,5,64.30112,134.39597,603,
"U1_SHIFTER@66.206,136.746",IN-MOSDRV-TC1426CPA-8,6,65.57112,134.39597,1640,DRIVER_VDD
"U1_SHIFTER@66.206,136.746",IN-MOSDRV-TC1426CPA-8,7,66.84112,134.39597,1811,
"U1_SHIFTER@66.206,136.746",IN-MOSDRV-TC1426CPA-8,8,68.11112,134.39597,604,
"U1_SHIFTER@45.206,136.746",IN-MOSDRV-TC1426CPA-8,1,47.11116,139.09599,361,
"U1_SHIFTER@45.206,136.746",IN-MOSDRV-TC1426CPA-8,2,45.8409,139.09599,363,
"U1_SHIFTER@45.206,136.746",IN-MOSDRV-TC1426CPA-8,3,44.57116,139.09599,126,GND
"U1_SHIFTER@45.206,136.746",IN-MOSDRV-TC1426CPA-8,4,43.3009,139.09599,362,
"U1_SHIFTER@45.206,136.746",IN-MOSDRV-TC1426CPA-8,5,43.3009,134.39597,355,
"U1_SHIFTER@45.206,136.746",IN-MOSDRV-TC1426CPA-8,6,44.57116,134.39597,1640,DRIVER_VDD
"U1_SHIFTER@45.206,136.746",IN-MOSDRV-TC1426CPA-8,7,45.8409,134.39597,357,
"U1_SHIFTER@45.206,136.746",IN-MOSDRV-TC1426CPA-8,8,47.11116,134.39597,356,
"U1_SHIFTER@24.206,136.746",IN-MOSDRV-TC1426CPA-8,1,26.11095,139.09599,231,
"U1_SHIFTER@24.206,136.746",IN-MOSDRV-TC1426CPA-8,2,24.84095,139.09599,233,
"U1_SHIFTER@24.206,136.746",IN-MOSDRV-TC1426CPA-8,3,23.57095,139.09599,126,GND
"U1_SHIFTER@24.206,136.746",IN-MOSDRV-TC1426CPA-8,4,22.30095,139.09599,107,
"U1_SHIFTER@24.206,136.746",IN-MOSDRV-TC1426CPA-8,5,22.30095,134.39597,99,
"U1_SHIFTER@24.206,136.746",IN-MOSDRV-TC1426CPA-8,6,23.57095,134.39597,1640,DRIVER_VDD
"U1_SHIFTER@24.206,136.746",IN-MOSDRV-TC1426CPA-8,7,24.84095,134.39597,1667,
"U1_SHIFTER@24.206,136.746",IN-MOSDRV-TC1426CPA-8,8,26.11095,134.39597,226,
"U1_SHIFTER@171.206,94.746",IN-MOSDRV-TC1426CPA-8,1,173.11091,97.09607,1579,
"U1_SHIFTER@171.206,94.746",IN-MOSDRV-TC1426CPA-8,2,171.84091,97.09607,1581,
"U1_SHIFTER@171.206,94.746",IN-MOSDRV-TC1426CPA-8,3,170.57091,97.09607,126,GND
"U1_SHIFTER@171.206,94.746",IN-MOSDRV-TC1426CPA-8,4,169.30091,97.09607,1580,
"U1_SHIFTER@171.206,94.746",IN-MOSDRV-TC1426CPA-8,5,169.30091,92.39606,1574,
"U1_SHIFTER@171.206,94.746",IN-MOSDRV-TC1426CPA-8,6,170.57091,92.39606,1640,DRIVER_VDD
"U1_SHIFTER@171.206,94.746",IN-MOSDRV-TC1426CPA-8,7,171.84091,92.39606,2218,
"U1_SHIFTER@171.206,94.746",IN-MOSDRV-TC1426CPA-8,8,173.11091,92.39606,1575,
"U1_SHIFTER@150.206,94.746",IN-MOSDRV-TC1426CPA-8,1,152.11095,97.09607,1453,
"U1_SHIFTER@150.206,94.746",IN-MOSDRV-TC1426CPA-8,2,150.84095,97.09607,1456,
"U1_SHIFTER@150.206,94.746",IN-MOSDRV-TC1426CPA-8,3,149.57095,97.09607,126,GND
"U1_SHIFTER@150.206,94.746",IN-MOSDRV-TC1426CPA-8,4,148.30095,97.09607,1324,
"U1_SHIFTER@150.206,94.746",IN-MOSDRV-TC1426CPA-8,5,148.30095,92.39606,1318,
"U1_SHIFTER@150.206,94.746",IN-MOSDRV-TC1426CPA-8,6,149.57095,92.39606,1640,DRIVER_VDD
"U1_SHIFTER@150.206,94.746",IN-MOSDRV-TC1426CPA-8,7,150.84095,92.39606,2124,
"U1_SHIFTER@150.206,94.746",IN-MOSDRV-TC1426CPA-8,8,152.11095,92.39606,1446,
"U1_SHIFTER@129.206,94.746",IN-MOSDRV-TC1426CPA-8,1,131.11099,97.09607,1199,
"U1_SHIFTER@129.206,94.746",IN-MOSDRV-TC1426CPA-8,2,129.84099,97.09607,1201,
"U1_SHIFTER@129.206,94.746",IN-MOSDRV-TC1426CPA-8,3,128.57099,97.09607,126,GND
"U1_SHIFTER@129.206,94.746",IN-MOSDRV-TC1426CPA-8,4,127.30099,97.09607,1200,
"U1_SHIFTER@129.206,94.746",IN-MOSDRV-TC1426CPA-8,5,127.30099,92.39606,1193,
"U1_SHIFTER@129.206,94.746",IN-MOSDRV-TC1426CPA-8,6,128.57099,92.39606,1640,DRIVER_VDD
"U1_SHIFTER@129.206,94.746",IN-MOSDRV-TC1426CPA-8,7,129.84099,92.39606,2075,
"U1_SHIFTER@129.206,94.746",IN-MOSDRV-TC1426CPA-8,8,131.11099,92.39606,1195,
"U1_SHIFTER@108.206,94.746",IN-MOSDRV-TC1426CPA-8,1,110.11103,97.09607,955,
"U1_SHIFTER@108.206,94.746",IN-MOSDRV-TC1426CPA-8,2,108.84103,97.09607,957,
"U1_SHIFTER@108.206,94.746",IN-MOSDRV-TC1426CPA-8,3,107.57103,97.09607,126,GND
"U1_SHIFTER@108.206,94.746",IN-MOSDRV-TC1426CPA-8,4,106.30103,97.09607,958,
"U1_SHIFTER@108.206,94.746",IN-MOSDRV-TC1426CPA-8,5,106.30103,92.39606,949,
"U1_SHIFTER@108.206,94.746",IN-MOSDRV-TC1426CPA-8,6,107.57103,92.39606,1640,DRIVER_VDD
"U1_SHIFTER@108.206,94.746",IN-MOSDRV-TC1426CPA-8,7,108.84103,92.39606,2032,
"U1_SHIFTER@108.206,94.746",IN-MOSDRV-TC1426CPA-8,8,110.11103,92.39606,951,
"U1_SHIFTER@87.206,94.746",IN-MOSDRV-TC1426CPA-8,1,89.11107,97.09607,831,
"U1_SHIFTER@87.206,94.746",IN-MOSDRV-TC1426CPA-8,2,87.84107,97.09607,832,
"U1_SHIFTER@87.206,94.746",IN-MOSDRV-TC1426CPA-8,3,86.57107,97.09607,126,GND
"U1_SHIFTER@87.206,94.746",IN-MOSDRV-TC1426CPA-8,4,85.30107,97.09607,706,
"U1_SHIFTER@87.206,94.746",IN-MOSDRV-TC1426CPA-8,5,85.30107,92.39606,701,
"U1_SHIFTER@87.206,94.746",IN-MOSDRV-TC1426CPA-8,6,86.57107,92.39606,1640,DRIVER_VDD
"U1_SHIFTER@87.206,94.746",IN-MOSDRV-TC1426CPA-8,7,87.84107,92.39606,1910,
"U1_SHIFTER@87.206,94.746",IN-MOSDRV-TC1426CPA-8,8,89.11107,92.39606,825,
"U1_SHIFTER@66.206,94.746",IN-MOSDRV-TC1426CPA-8,1,68.11112,97.09607,576,
"U1_SHIFTER@66.206,94.746",IN-MOSDRV-TC1426CPA-8,2,66.84112,97.09607,578,
"U1_SHIFTER@66.206,94.746",IN-MOSDRV-TC1426CPA-8,3,65.57112,97.09607,126,GND
"U1_SHIFTER@66.206,94.746",IN-MOSDRV-TC1426CPA-8,4,64.30112,97.09607,577,
"U1_SHIFTER@66.206,94.746",IN-MOSDRV-TC1426CPA-8,5,64.30112,92.39606,570,
"U1_SHIFTER@66.206,94.746",IN-MOSDRV-TC1426CPA-8,6,65.57112,92.39606,1640,DRIVER_VDD
"U1_SHIFTER@66.206,94.746",IN-MOSDRV-TC1426CPA-8,7,66.84112,92.39606,1799,
"U1_SHIFTER@66.206,94.746",IN-MOSDRV-TC1426CPA-8,8,68.11112,92.39606,571,
"U1_SHIFTER@45.206,94.746",IN-MOSDRV-TC1426CPA-8,1,47.11116,97.09607,325,
"U1_SHIFTER@45.206,94.746",IN-MOSDRV-TC1426CPA-8,2,45.8409,97.09607,327,
"U1_SHIFTER@45.206,94.746",IN-MOSDRV-TC1426CPA-8,3,44.57116,97.09607,126,GND
"U1_SHIFTER@45.206,94.746",IN-MOSDRV-TC1426CPA-8,4,43.3009,97.09607,328,
"U1_SHIFTER@45.206,94.746",IN-MOSDRV-TC1426CPA-8,5,43.3009,92.39606,320,
"U1_SHIFTER@45.206,94.746",IN-MOSDRV-TC1426CPA-8,6,44.57116,92.39606,1640,DRIVER_VDD
"U1_SHIFTER@45.206,94.746",IN-MOSDRV-TC1426CPA-8,7,45.8409,92.39606,1752,
"U1_SHIFTER@45.206,94.746",IN-MOSDRV-TC1426CPA-8,8,47.11116,92.39606,321,
"U1_SHIFTER@24.206,94.746",IN-MOSDRV-TC1426CPA-8,1,26.11095,97.09607,198,
"U1_SHIFTER@24.206,94.746",IN-MOSDRV-TC1426CPA-8,2,24.84095,97.09607,200,
"U1_SHIFTER@24.206,94.746",IN-MOSDRV-TC1426CPA-8,3,23.57095,97.09607,126,GND
"U1_SHIFTER@24.206,94.746",IN-MOSDRV-TC1426CPA-8,4,22.30095,97.09607,77,
"U1_SHIFTER@24.206,94.746",IN-MOSDRV-TC1426CPA-8,5,22.30095,92.39606,71,
"U1_SHIFTER@24.206,94.746",IN-MOSDRV-TC1426CPA-8,6,23.57095,92.39606,1640,DRIVER_VDD
"U1_SHIFTER@24.206,94.746",IN-MOSDRV-TC1426CPA-8,7,24.84095,92.39606,1702,
"U1_SHIFTER@24.206,94.746",IN-MOSDRV-TC1426CPA-8,8,26.11095,92.39606,193,
"U1_SHIFTER@171.206,52.746",IN-MOSDRV-TC1426CPA-8,1,173.11091,55.0959,1550,
"U1_SHIFTER@171.206,52.746",IN-MOSDRV-TC1426CPA-8,2,171.84091,55.0959,1551,
"U1_SHIFTER@171.206,52.746",IN-MOSDRV-TC1426CPA-8,3,170.57091,55.0959,126,GND
"U1_SHIFTER@171.206,52.746",IN-MOSDRV-TC1426CPA-8,4,169.30091,55.0959,1552,
"U1_SHIFTER@171.206,52.746",IN-MOSDRV-TC1426CPA-8,5,169.30091,50.39589,1545,
"U1_SHIFTER@171.206,52.746",IN-MOSDRV-TC1426CPA-8,6,170.57091,50.39589,1640,DRIVER_VDD
"U1_SHIFTER@171.206,52.746",IN-MOSDRV-TC1426CPA-8,7,171.84091,50.39589,2211,
"U1_SHIFTER@171.206,52.746",IN-MOSDRV-TC1426CPA-8,8,173.11091,50.39589,1546,
"U1_SHIFTER@150.206,52.746",IN-MOSDRV-TC1426CPA-8,1,152.11095,55.0959,1423,
"U1_SHIFTER@150.206,52.746",IN-MOSDRV-TC1426CPA-8,2,150.84095,55.0959,1426,
"U1_SHIFTER@150.206,52.746",IN-MOSDRV-TC1426CPA-8,3,149.57095,55.0959,126,GND
"U1_SHIFTER@150.206,52.746",IN-MOSDRV-TC1426CPA-8,4,148.30095,55.0959,1293,
"U1_SHIFTER@150.206,52.746",IN-MOSDRV-TC1426CPA-8,5,148.30095,50.39589,1287,
"U1_SHIFTER@150.206,52.746",IN-MOSDRV-TC1426CPA-8,6,149.57095,50.39589,1640,DRIVER_VDD
"U1_SHIFTER@150.206,52.746",IN-MOSDRV-TC1426CPA-8,7,150.84095,50.39589,2111,
"U1_SHIFTER@150.206,52.746",IN-MOSDRV-TC1426CPA-8,8,152.11095,50.39589,1416,
"U1_SHIFTER@129.206,52.746",IN-MOSDRV-TC1426CPA-8,1,131.11099,55.0959,1167,
"U1_SHIFTER@129.206,52.746",IN-MOSDRV-TC1426CPA-8,2,129.84099,55.0959,1168,
"U1_SHIFTER@129.206,52.746",IN-MOSDRV-TC1426CPA-8,3,128.57099,55.0959,126,GND
"U1_SHIFTER@129.206,52.746",IN-MOSDRV-TC1426CPA-8,4,127.30099,55.0959,1169,
"U1_SHIFTER@129.206,52.746",IN-MOSDRV-TC1426CPA-8,5,127.30099,50.39589,1162,
"U1_SHIFTER@129.206,52.746",IN-MOSDRV-TC1426CPA-8,6,128.57099,50.39589,1640,DRIVER_VDD
"U1_SHIFTER@129.206,52.746",IN-MOSDRV-TC1426CPA-8,7,129.84099,50.39589,2064,
"U1_SHIFTER@129.206,52.746",IN-MOSDRV-TC1426CPA-8,8,131.11099,50.39589,1163,
"U1_SHIFTER@108.206,52.746",IN-MOSDRV-TC1426CPA-8,1,110.11103,55.0959,1047,
"U1_SHIFTER@108.206,52.746",IN-MOSDRV-TC1426CPA-8,2,108.84103,55.0959,921,
"U1_SHIFTER@108.206,52.746",IN-MOSDRV-TC1426CPA-8,3,107.57103,55.0959,126,GND
"U1_SHIFTER@108.206,52.746",IN-MOSDRV-TC1426CPA-8,4,106.30103,55.0959,922,
"U1_SHIFTER@108.206,52.746",IN-MOSDRV-TC1426CPA-8,5,106.30103,50.39589,914,
"U1_SHIFTER@108.206,52.746",IN-MOSDRV-TC1426CPA-8,6,107.57103,50.39589,1640,DRIVER_VDD
"U1_SHIFTER@108.206,52.746",IN-MOSDRV-TC1426CPA-8,7,108.84103,50.39589,2009,
"U1_SHIFTER@108.206,52.746",IN-MOSDRV-TC1426CPA-8,8,110.11103,50.39589,1042,
"U1_SHIFTER@87.206,52.746",IN-MOSDRV-TC1426CPA-8,1,89.11107,55.0959,797,
"U1_SHIFTER@87.206,52.746",IN-MOSDRV-TC1426CPA-8,2,87.84107,55.0959,798,
"U1_SHIFTER@87.206,52.746",IN-MOSDRV-TC1426CPA-8,3,86.57107,55.0959,126,GND
"U1_SHIFTER@87.206,52.746",IN-MOSDRV-TC1426CPA-8,4,85.30107,55.0959,672,
"U1_SHIFTER@87.206,52.746",IN-MOSDRV-TC1426CPA-8,5,85.30107,50.39589,665,
"U1_SHIFTER@87.206,52.746",IN-MOSDRV-TC1426CPA-8,6,86.57107,50.39589,1640,DRIVER_VDD
"U1_SHIFTER@87.206,52.746",IN-MOSDRV-TC1426CPA-8,7,87.84107,50.39589,1894,
"U1_SHIFTER@87.206,52.746",IN-MOSDRV-TC1426CPA-8,8,89.11107,50.39589,793,
"U1_SHIFTER@66.206,52.746",IN-MOSDRV-TC1426CPA-8,1,68.11112,55.0959,544,
"U1_SHIFTER@66.206,52.746",IN-MOSDRV-TC1426CPA-8,2,66.84112,55.0959,546,
"U1_SHIFTER@66.206,52.746",IN-MOSDRV-TC1426CPA-8,3,65.57112,55.0959,126,GND
"U1_SHIFTER@66.206,52.746",IN-MOSDRV-TC1426CPA-8,4,64.30112,55.0959,545,
"U1_SHIFTER@66.206,52.746",IN-MOSDRV-TC1426CPA-8,5,64.30112,50.39589,538,
"U1_SHIFTER@66.206,52.746",IN-MOSDRV-TC1426CPA-8,6,65.57112,50.39589,1640,DRIVER_VDD
"U1_SHIFTER@66.206,52.746",IN-MOSDRV-TC1426CPA-8,7,66.84112,50.39589,1785,
"U1_SHIFTER@66.206,52.746",IN-MOSDRV-TC1426CPA-8,8,68.11112,50.39589,540,
"U1_SHIFTER@45.206,52.746",IN-MOSDRV-TC1426CPA-8,1,47.11116,55.0959,293,
"U1_SHIFTER@45.206,52.746",IN-MOSDRV-TC1426CPA-8,2,45.8409,55.0959,296,
"U1_SHIFTER@45.206,52.746",IN-MOSDRV-TC1426CPA-8,3,44.57116,55.0959,126,GND
"U1_SHIFTER@45.206,52.746",IN-MOSDRV-TC1426CPA-8,4,43.3009,55.0959,298,
"U1_SHIFTER@45.206,52.746",IN-MOSDRV-TC1426CPA-8,5,43.3009,50.39589,288,
"U1_SHIFTER@45.206,52.746",IN-MOSDRV-TC1426CPA-8,6,44.57116,50.39589,1640,DRIVER_VDD
"U1_SHIFTER@45.206,52.746",IN-MOSDRV-TC1426CPA-8,7,45.8409,50.39589,290,
"U1_SHIFTER@45.206,52.746",IN-MOSDRV-TC1426CPA-8,8,47.11116,50.39589,289,
"U1_SHIFTER@24.206,52.746",IN-MOSDRV-TC1426CPA-8,1,26.11095,55.0959,166,
"U1_SHIFTER@24.206,52.746",IN-MOSDRV-TC1426CPA-8,2,24.84095,55.0959,168,
"U1_SHIFTER@24.206,52.746",IN-MOSDRV-TC1426CPA-8,3,23.57095,55.0959,126,GND
"U1_SHIFTER@24.206,52.746",IN-MOSDRV-TC1426CPA-8,4,22.30095,55.0959,49,
"U1_SHIFTER@24.206,52.746",IN-MOSDRV-TC1426CPA-8,5,22.30095,50.39589,41,
"U1_SHIFTER@24.206,52.746",IN-MOSDRV-TC1426CPA-8,6,23.57095,50.39589,1640,DRIVER_VDD
"U1_SHIFTER@24.206,52.746",IN-MOSDRV-TC1426CPA-8,7,24.84095,50.39589,1690,
"U1_SHIFTER@24.206,52.746",IN-MOSDRV-TC1426CPA-8,8,26.11095,50.39589,160,
"U1_SHIFTER@171.206,10.746",IN-MOSDRV-TC1426CPA-8,1,173.11091,13.09599,1514,
"U1_SHIFTER@171.206,10.746",IN-MOSDRV-TC1426CPA-8,2,171.84091,13.09599,1516,
"U1_SHIFTER@171.206,10.746",IN-MOSDRV-TC1426CPA-8,3,170.57091,13.09599,126,GND
"U1_SHIFTER@171.206,10.746",IN-MOSDRV-TC1426CPA-8,4,169.30091,13.09599,1515,
"U1_SHIFTER@171.206,10.746",IN-MOSDRV-TC1426CPA-8,5,169.30091,8.39597,1509,
"U1_SHIFTER@171.206,10.746",IN-MOSDRV-TC1426CPA-8,6,170.57091,8.39597,1640,DRIVER_VDD
"U1_SHIFTER@171.206,10.746",IN-MOSDRV-TC1426CPA-8,7,171.84091,8.39597,2196,
"U1_SHIFTER@171.206,10.746",IN-MOSDRV-TC1426CPA-8,8,173.11091,8.39597,1510,
"U1_SHIFTER@150.206,10.746",IN-MOSDRV-TC1426CPA-8,1,152.11095,13.09599,1392,
"U1_SHIFTER@150.206,10.746",IN-MOSDRV-TC1426CPA-8,2,150.84095,13.09599,1393,
"U1_SHIFTER@150.206,10.746",IN-MOSDRV-TC1426CPA-8,3,149.57095,13.09599,126,GND
"U1_SHIFTER@150.206,10.746",IN-MOSDRV-TC1426CPA-8,4,148.30095,13.09599,1260,
"U1_SHIFTER@150.206,10.746",IN-MOSDRV-TC1426CPA-8,5,148.30095,8.39597,1254,
"U1_SHIFTER@150.206,10.746",IN-MOSDRV-TC1426CPA-8,6,149.57095,8.39597,1640,DRIVER_VDD
"U1_SHIFTER@150.206,10.746",IN-MOSDRV-TC1426CPA-8,7,150.84095,8.39597,2097,
"U1_SHIFTER@150.206,10.746",IN-MOSDRV-TC1426CPA-8,8,152.11095,8.39597,1386,
"U1_SHIFTER@129.206,10.746",IN-MOSDRV-TC1426CPA-8,1,131.11099,13.09599,1138,
"U1_SHIFTER@129.206,10.746",IN-MOSDRV-TC1426CPA-8,2,129.84099,13.09599,1139,
"U1_SHIFTER@129.206,10.746",IN-MOSDRV-TC1426CPA-8,3,128.57099,13.09599,126,GND
"U1_SHIFTER@129.206,10.746",IN-MOSDRV-TC1426CPA-8,4,127.30099,13.09599,1140,
"U1_SHIFTER@129.206,10.746",IN-MOSDRV-TC1426CPA-8,5,127.30099,8.39597,1132,
"U1_SHIFTER@129.206,10.746",IN-MOSDRV-TC1426CPA-8,6,128.57099,8.39597,1640,DRIVER_VDD
"U1_SHIFTER@129.206,10.746",IN-MOSDRV-TC1426CPA-8,7,129.84099,8.39597,2051,
"U1_SHIFTER@129.206,10.746",IN-MOSDRV-TC1426CPA-8,8,131.11099,8.39597,1134,
"U1_SHIFTER@108.206,10.746",IN-MOSDRV-TC1426CPA-8,1,110.11103,13.09599,1013,
"U1_SHIFTER@108.206,10.746",IN-MOSDRV-TC1426CPA-8,2,108.84103,13.09599,885,
"U1_SHIFTER@108.206,10.746",IN-MOSDRV-TC1426CPA-8,3,107.57103,13.09599,126,GND
"U1_SHIFTER@108.206,10.746",IN-MOSDRV-TC1426CPA-8,4,106.30103,13.09599,887,
"U1_SHIFTER@108.206,10.746",IN-MOSDRV-TC1426CPA-8,5,106.30103,8.39597,878,
"U1_SHIFTER@108.206,10.746",IN-MOSDRV-TC1426CPA-8,6,107.57103,8.39597,1640,DRIVER_VDD
"U1_SHIFTER@108.206,10.746",IN-MOSDRV-TC1426CPA-8,7,108.84103,8.39597,1934,
"U1_SHIFTER@108.206,10.746",IN-MOSDRV-TC1426CPA-8,8,110.11103,8.39597,879,
"U1_SHIFTER@87.206,10.746",IN-MOSDRV-TC1426CPA-8,1,89.11107,13.09599,760,
"U1_SHIFTER@87.206,10.746",IN-MOSDRV-TC1426CPA-8,2,87.84107,13.09599,762,
"U1_SHIFTER@87.206,10.746",IN-MOSDRV-TC1426CPA-8,3,86.57107,13.09599,126,GND
"U1_SHIFTER@87.206,10.746",IN-MOSDRV-TC1426CPA-8,4,85.30107,13.09599,637,
"U1_SHIFTER@87.206,10.746",IN-MOSDRV-TC1426CPA-8,5,85.30107,8.39597,631,
"U1_SHIFTER@87.206,10.746",IN-MOSDRV-TC1426CPA-8,6,86.57107,8.39597,1640,DRIVER_VDD
"U1_SHIFTER@87.206,10.746",IN-MOSDRV-TC1426CPA-8,7,87.84107,8.39597,1880,
"U1_SHIFTER@87.206,10.746",IN-MOSDRV-TC1426CPA-8,8,89.11107,8.39597,756,
"U1_SHIFTER@66.206,10.746",IN-MOSDRV-TC1426CPA-8,1,68.11112,13.09599,512,
"U1_SHIFTER@66.206,10.746",IN-MOSDRV-TC1426CPA-8,2,66.84112,13.09599,513,
"U1_SHIFTER@66.206,10.746",IN-MOSDRV-TC1426CPA-8,3,65.57112,13.09599,126,GND
"U1_SHIFTER@66.206,10.746",IN-MOSDRV-TC1426CPA-8,4,64.30112,13.09599,514,
"U1_SHIFTER@66.206,10.746",IN-MOSDRV-TC1426CPA-8,5,64.30112,8.39597,386,
"U1_SHIFTER@66.206,10.746",IN-MOSDRV-TC1426CPA-8,6,65.57112,8.39597,1640,DRIVER_VDD
"U1_SHIFTER@66.206,10.746",IN-MOSDRV-TC1426CPA-8,7,66.84112,8.39597,1773,
"U1_SHIFTER@66.206,10.746",IN-MOSDRV-TC1426CPA-8,8,68.11112,8.39597,507,
"U1_SHIFTER@45.206,10.746",IN-MOSDRV-TC1426CPA-8,1,47.11116,13.09599,262,
"U1_SHIFTER@45.206,10.746",IN-MOSDRV-TC1426CPA-8,2,45.8409,13.09599,263,
"U1_SHIFTER@45.206,10.746",IN-MOSDRV-TC1426CPA-8,3,44.57116,13.09599,126,GND
"U1_SHIFTER@45.206,10.746",IN-MOSDRV-TC1426CPA-8,4,43.3009,13.09599,265,
"U1_SHIFTER@45.206,10.746",IN-MOSDRV-TC1426CPA-8,5,43.3009,8.39597,255,
"U1_SHIFTER@45.206,10.746",IN-MOSDRV-TC1426CPA-8,6,44.57116,8.39597,1640,DRIVER_VDD
"U1_SHIFTER@45.206,10.746",IN-MOSDRV-TC1426CPA-8,7,45.8409,8.39597,258,
"U1_SHIFTER@45.206,10.746",IN-MOSDRV-TC1426CPA-8,8,47.11116,8.39597,257,
"T8_SHIFTER@160.706,162.996",Transducer,1,163.20592,162.99612,2193,
"T8_SHIFTER@160.706,162.996",Transducer,2,158.20593,162.99612,126,GND
"T8_SHIFTER@139.706,162.996",Transducer,1,142.20596,162.99612,2145,
"T8_SHIFTER@139.706,162.996",Transducer,2,137.20597,162.99612,126,GND
"T8_SHIFTER@118.706,162.996",Transducer,1,121.20601,162.99612,2093,
"T8_SHIFTER@118.706,162.996",Transducer,2,116.20602,162.99612,126,GND
"T8_SHIFTER@97.706,162.996",Transducer,1,100.20605,162.99612,1989,
"T8_SHIFTER@97.706,162.996",Transducer,2,95.20606,162.99612,126,GND
"T8_SHIFTER@76.706,162.996",Transducer,1,79.20609,162.99612,1878,
"T8_SHIFTER@76.706,162.996",Transducer,2,74.2061,162.99612,126,GND
"T8_SHIFTER@55.706,162.996",Transducer,1,58.20613,162.99612,1820,
"T8_SHIFTER@55.706,162.996",Transducer,2,53.20589,162.99612,126,GND
"T8_SHIFTER@34.706,162.996",Transducer,1,37.20592,162.99612,1770,
"T8_SHIFTER@34.706,162.996",Transducer,2,32.20593,162.99612,126,GND
"T8_SHIFTER@13.706,162.996",Transducer,1,16.20596,162.99612,1673,
"T8_SHIFTER@13.706,162.996",Transducer,2,11.20597,162.99612,126,GND
"T8_SHIFTER@160.706,120.996",Transducer,1,163.20592,120.99595,2181,
"T8_SHIFTER@160.706,120.996",Transducer,2,158.20593,120.99595,126,GND
"T8_SHIFTER@139.706,120.996",Transducer,1,142.20596,120.99595,2132,
"T8_SHIFTER@139.706,120.996",Transducer,2,137.20597,120.99595,126,GND
"T8_SHIFTER@118.706,120.996",Transducer,1,121.20601,120.99595,2083,
"T8_SHIFTER@118.706,120.996",Transducer,2,116.20602,120.99595,126,GND
"T8_SHIFTER@97.706,120.996",Transducer,1,100.20605,120.99595,1977,
"T8_SHIFTER@97.706,120.996",Transducer,2,95.20606,120.99595,126,GND
"T8_SHIFTER@76.706,120.996",Transducer,1,79.20609,120.99595,1867,
"T8_SHIFTER@76.706,120.996",Transducer,2,74.2061,120.99595,126,GND
"T8_SHIFTER@55.706,120.996",Transducer,1,58.20613,120.99595,1807,
"T8_SHIFTER@55.706,120.996",Transducer,2,53.20589,120.99595,126,GND
"T8_SHIFTER@34.706,120.996",Transducer,1,37.20592,120.99595,1710,
"T8_SHIFTER@34.706,120.996",Transducer,2,32.20593,120.99595,126,GND
"T8_SHIFTER@13.706,120.996",Transducer,1,16.20596,120.99595,1663,
"T8_SHIFTER@13.706,120.996",Transducer,2,11.20597,120.99595,126,GND
"T8_SHIFTER@160.706,78.996",Transducer,1,163.20592,78.99603,2168,
"T8_SHIFTER@160.706,78.996",Transducer,2,158.20593,78.99603,126,GND
"T8_SHIFTER@139.706,78.996",Transducer,1,142.20596,78.99603,2119,
"T8_SHIFTER@139.706,78.996",Transducer,2,137.20597,78.99603,126,GND
"T8_SHIFTER@118.706,78.996",Transducer,1,121.20601,78.99603,2071,
"T8_SHIFTER@118.706,78.996",Transducer,2,116.20602,78.99603,126,GND
"T8_SHIFTER@97.706,78.996",Transducer,1,100.20605,78.99603,1959,
"T8_SHIFTER@97.706,78.996",Transducer,2,95.20606,78.99603,126,GND
"T8_SHIFTER@76.706,78.996",Transducer,1,79.20609,78.99603,1848,
"T8_SHIFTER@76.706,78.996",Transducer,2,74.2061,78.99603,126,GND
"T8_SHIFTER@55.706,78.996",Transducer,1,58.20613,78.99603,1794,
"T8_SHIFTER@55.706,78.996",Transducer,2,53.20589,78.99603,126,GND
"T8_SHIFTER@34.706,78.996",Transducer,1,37.20592,78.99603,1748,
"T8_SHIFTER@34.706,78.996",Transducer,2,32.20593,78.99603,126,GND
"T8_SHIFTER@13.706,78.996",Transducer,1,16.20596,78.99603,1653,
"T8_SHIFTER@13.706,78.996",Transducer,2,11.20597,78.99603,126,GND
"T8_SHIFTER@160.706,36.996",Transducer,1,163.20592,36.99612,2154,
"T8_SHIFTER@160.706,36.996",Transducer,2,158.20593,36.99612,126,GND
"T8_SHIFTER@139.706,36.996",Transducer,1,142.20596,36.99612,2106,
"T8_SHIFTER@139.706,36.996",Transducer,2,137.20597,36.99612,126,GND
"T8_SHIFTER@118.706,36.996",Transducer,1,121.20601,36.99612,2059,
"T8_SHIFTER@118.706,36.996",Transducer,2,116.20602,36.99612,126,GND
"T8_SHIFTER@97.706,36.996",Transducer,1,100.20605,36.99612,1941,
"T8_SHIFTER@97.706,36.996",Transducer,2,95.20606,36.99612,126,GND
"T8_SHIFTER@76.706,36.996",Transducer,1,79.20609,36.99612,1829,
"T8_SHIFTER@76.706,36.996",Transducer,2,74.2061,36.99612,126,GND
"T8_SHIFTER@55.706,36.996",Transducer,1,58.20613,36.99612,1780,
"T8_SHIFTER@55.706,36.996",Transducer,2,53.20589,36.99612,126,GND
"T8_SHIFTER@34.706,36.996",Transducer,1,37.20592,36.99612,1736,
"T8_SHIFTER@34.706,36.996",Transducer,2,32.20593,36.99612,126,GND
"T7_SHIFTER@160.706,152.496",Transducer,1,163.20592,152.49601,1502,
"T7_SHIFTER@160.706,152.496",Transducer,2,158.20593,152.49601,126,GND
"T7_SHIFTER@139.706,152.496",Transducer,1,142.20596,152.49601,1376,
"T7_SHIFTER@139.706,152.496",Transducer,2,137.20597,152.49601,126,GND
"T7_SHIFTER@118.706,152.496",Transducer,1,121.20601,152.49601,1125,
"T7_SHIFTER@118.706,152.496",Transducer,2,116.20602,152.49601,126,GND
"T7_SHIFTER@97.706,152.496",Transducer,1,100.20605,152.49601,871,
"T7_SHIFTER@97.706,152.496",Transducer,2,95.20606,152.49601,126,GND
"T7_SHIFTER@76.706,152.496",Transducer,1,79.20609,152.49601,749,
"T7_SHIFTER@76.706,152.496",Transducer,2,74.2061,152.49601,126,GND
"T7_SHIFTER@55.706,152.496",Transducer,1,58.20613,152.49601,500,
"T7_SHIFTER@55.706,152.496",Transducer,2,53.20589,152.49601,126,GND
"T7_SHIFTER@34.706,152.496",Transducer,1,37.20592,152.49601,249,
"T7_SHIFTER@34.706,152.496",Transducer,2,32.20593,152.49601,126,GND
"T7_SHIFTER@13.706,152.496",Transducer,1,16.20596,152.49601,121,
"T7_SHIFTER@13.706,152.496",Transducer,2,11.20597,152.49601,126,GND
"T7_SHIFTER@160.706,110.496",Transducer,1,163.20592,110.4961,1470,
"T7_SHIFTER@160.706,110.496",Transducer,2,158.20593,110.4961,126,GND
"T7_SHIFTER@139.706,110.496",Transducer,1,142.20596,110.4961,1344,
"T7_SHIFTER@139.706,110.496",Transducer,2,137.20597,110.4961,126,GND
"T7_SHIFTER@118.706,110.496",Transducer,1,121.20601,110.4961,1094,
"T7_SHIFTER@118.706,110.496",Transducer,2,116.20602,110.4961,126,GND
"T7_SHIFTER@97.706,110.496",Transducer,1,100.20605,110.4961,845,
"T7_SHIFTER@97.706,110.496",Transducer,2,95.20606,110.4961,126,GND
"T7_SHIFTER@76.706,110.496",Transducer,1,79.20609,110.4961,721,
"T7_SHIFTER@76.706,110.496",Transducer,2,74.2061,110.4961,126,GND
"T7_SHIFTER@55.706,110.496",Transducer,1,58.20613,110.4961,469,
"T7_SHIFTER@55.706,110.496",Transducer,2,53.20589,110.4961,126,GND
"T7_SHIFTER@34.706,110.496",Transducer,1,37.20592,110.4961,216,
"T7_SHIFTER@34.706,110.496",Transducer,2,32.20593,110.4961,126,GND
"T7_SHIFTER@13.706,110.496",Transducer,1,16.20596,110.4961,92,
"T7_SHIFTER@13.706,110.496",Transducer,2,11.20597,110.4961,126,GND
"T7_SHIFTER@160.706,68.496",Transducer,1,163.20592,68.49593,1438,
"T7_SHIFTER@160.706,68.496",Transducer,2,158.20593,68.49593,126,GND
"T7_SHIFTER@139.706,68.496",Transducer,1,142.20596,68.49593,2117,
"T7_SHIFTER@139.706,68.496",Transducer,2,137.20597,68.49593,126,GND
"T7_SHIFTER@118.706,68.496",Transducer,1,121.20601,68.49593,1064,
"T7_SHIFTER@118.706,68.496",Transducer,2,116.20602,68.49593,126,GND
"T7_SHIFTER@97.706,68.496",Transducer,1,100.20605,68.49593,812,
"T7_SHIFTER@97.706,68.496",Transducer,2,95.20606,68.49593,126,GND
"T7_SHIFTER@76.706,68.496",Transducer,1,79.20609,68.49593,687,
"T7_SHIFTER@76.706,68.496",Transducer,2,74.2061,68.49593,126,GND
"T7_SHIFTER@55.706,68.496",Transducer,1,58.20613,68.49593,438,
"T7_SHIFTER@55.706,68.496",Transducer,2,53.20589,68.49593,126,GND
"T7_SHIFTER@34.706,68.496",Transducer,1,37.20592,68.49593,183,
"T7_SHIFTER@34.706,68.496",Transducer,2,32.20593,68.49593,126,GND
"T7_SHIFTER@13.706,68.496",Transducer,1,16.20596,68.49593,63,
"T7_SHIFTER@13.706,68.496",Transducer,2,11.20597,68.49593,126,GND
"T7_SHIFTER@160.706,26.496",Transducer,1,163.20592,26.49601,1409,
"T7_SHIFTER@160.706,26.496",Transducer,2,158.20593,26.49601,126,GND
"T7_SHIFTER@139.706,26.496",Transducer,1,142.20596,26.49601,1276,
"T7_SHIFTER@139.706,26.496",Transducer,2,137.20597,26.49601,126,GND
"T7_SHIFTER@118.706,26.496",Transducer,1,121.20601,26.49601,1031,
"T7_SHIFTER@118.706,26.496",Transducer,2,116.20602,26.49601,126,GND
"T7_SHIFTER@97.706,26.496",Transducer,1,100.20605,26.49601,776,
"T7_SHIFTER@97.706,26.496",Transducer,2,95.20606,26.49601,126,GND
"T7_SHIFTER@76.706,26.496",Transducer,1,79.20609,26.49601,652,
"T7_SHIFTER@76.706,26.496",Transducer,2,74.2061,26.49601,126,GND
"T7_SHIFTER@55.706,26.496",Transducer,1,58.20613,26.49601,407,
"T7_SHIFTER@55.706,26.496",Transducer,2,53.20589,26.49601,126,GND
"T7_SHIFTER@34.706,26.496",Transducer,1,37.20592,26.49601,153,
"T7_SHIFTER@34.706,26.496",Transducer,2,32.20593,26.49601,126,GND
"T6_SHIFTER@160.706,131.496",Transducer,1,158.20593,131.49605,1478,
"T6_SHIFTER@160.706,131.496",Transducer,2,163.20592,131.49605,126,GND
"T6_SHIFTER@139.706,131.496",Transducer,1,137.20597,131.49605,1224,
"T6_SHIFTER@139.706,131.496",Transducer,2,142.20596,131.49605,126,GND
"T6_SHIFTER@118.706,131.496",Transducer,1,116.20602,131.49605,1104,
"T6_SHIFTER@118.706,131.496",Transducer,2,121.20601,131.49605,126,GND
"T6_SHIFTER@97.706,131.496",Transducer,1,95.20606,131.49605,852,
"T6_SHIFTER@97.706,131.496",Transducer,2,100.20605,131.49605,126,GND
"T6_SHIFTER@76.706,131.496",Transducer,1,74.2061,131.49605,602,
"T6_SHIFTER@76.706,131.496",Transducer,2,79.20609,131.49605,126,GND
"T6_SHIFTER@55.706,131.496",Transducer,1,53.20589,131.49605,477,
"T6_SHIFTER@55.706,131.496",Transducer,2,58.20613,131.49605,126,GND
"T6_SHIFTER@34.706,131.496",Transducer,1,32.20593,131.49605,224,
"T6_SHIFTER@34.706,131.496",Transducer,2,37.20592,131.49605,126,GND
"T6_SHIFTER@13.706,131.496",Transducer,1,11.20597,131.49605,100,
"T6_SHIFTER@13.706,131.496",Transducer,2,16.20596,131.49605,126,GND
"T6_SHIFTER@160.706,89.496",Transducer,1,158.20593,89.49588,1445,
"T6_SHIFTER@160.706,89.496",Transducer,2,163.20592,89.49588,126,GND
"T6_SHIFTER@139.706,89.496",Transducer,1,137.20597,89.49588,1194,
"T6_SHIFTER@139.706,89.496",Transducer,2,142.20596,89.49588,126,GND
"T6_SHIFTER@118.706,89.496",Transducer,1,116.20602,89.49588,1072,
"T6_SHIFTER@118.706,89.496",Transducer,2,121.20601,89.49588,126,GND
"T6_SHIFTER@97.706,89.496",Transducer,1,95.20606,89.49588,824,
"T6_SHIFTER@97.706,89.496",Transducer,2,100.20605,89.49588,126,GND
"T6_SHIFTER@76.706,89.496",Transducer,1,74.2061,89.49588,569,
"T6_SHIFTER@76.706,89.496",Transducer,2,79.20609,89.49588,126,GND
"T6_SHIFTER@55.706,89.496",Transducer,1,53.20589,89.49588,446,
"T6_SHIFTER@55.706,89.496",Transducer,2,58.20613,89.49588,126,GND
"T6_SHIFTER@34.706,89.496",Transducer,1,32.20593,89.49588,191,
"T6_SHIFTER@34.706,89.496",Transducer,2,37.20592,89.49588,126,GND
"T6_SHIFTER@13.706,89.496",Transducer,1,11.20597,89.49588,70,
"T6_SHIFTER@13.706,89.496",Transducer,2,16.20596,89.49588,126,GND
"T6_SHIFTER@160.706,47.496",Transducer,1,158.20593,47.49597,1415,
"T6_SHIFTER@160.706,47.496",Transducer,2,163.20592,47.49597,126,GND
"T6_SHIFTER@139.706,47.496",Transducer,1,137.20597,47.49597,1161,
"T6_SHIFTER@139.706,47.496",Transducer,2,142.20596,47.49597,126,GND
"T6_SHIFTER@118.706,47.496",Transducer,1,116.20602,47.49597,1040,
"T6_SHIFTER@118.706,47.496",Transducer,2,121.20601,47.49597,126,GND
"T6_SHIFTER@97.706,47.496",Transducer,1,95.20606,47.49597,792,
"T6_SHIFTER@97.706,47.496",Transducer,2,100.20605,47.49597,126,GND
"T6_SHIFTER@76.706,47.496",Transducer,1,74.2061,47.49597,539,
"T6_SHIFTER@76.706,47.496",Transducer,2,79.20609,47.49597,126,GND
"T6_SHIFTER@55.706,47.496",Transducer,1,53.20589,47.49597,416,
"T6_SHIFTER@55.706,47.496",Transducer,2,58.20613,47.49597,126,GND
"T6_SHIFTER@34.706,47.496",Transducer,1,32.20593,47.49597,159,
"T6_SHIFTER@34.706,47.496",Transducer,2,37.20592,47.49597,126,GND
"T6_SHIFTER@13.706,47.496",Transducer,1,11.20597,47.49597,42,
"T6_SHIFTER@13.706,47.496",Transducer,2,16.20596,47.49597,126,GND
"T6_SHIFTER@160.706,5.496",Transducer,1,158.20593,5.49605,1384,
"T6_SHIFTER@160.706,5.496",Transducer,2,163.20592,5.49605,126,GND
"T6_SHIFTER@139.706,5.496",Transducer,1,137.20597,5.49605,1133,
"T6_SHIFTER@139.706,5.496",Transducer,2,142.20596,5.49605,126,GND
"T6_SHIFTER@118.706,5.496",Transducer,1,116.20602,5.49605,1008,
"T6_SHIFTER@118.706,5.496",Transducer,2,121.20601,5.49605,126,GND
"T6_SHIFTER@97.706,5.496",Transducer,1,95.20606,5.49605,755,
"T6_SHIFTER@97.706,5.496",Transducer,2,100.20605,5.49605,126,GND
"T6_SHIFTER@76.706,5.496",Transducer,1,74.2061,5.49605,506,
"T6_SHIFTER@76.706,5.496",Transducer,2,79.20609,5.49605,126,GND
"T6_SHIFTER@55.706,5.496",Transducer,1,53.20589,5.49605,385,
"T6_SHIFTER@55.706,5.496",Transducer,2,58.20613,5.49605,126,GND
"T6_SHIFTER@34.706,5.496",Transducer,1,32.20593,5.49605,130,
"T6_SHIFTER@34.706,5.496",Transducer,2,37.20592,5.49605,126,GND
"T5_SHIFTER@160.706,141.996",Transducer,1,158.20593,141.99591,2185,
"T5_SHIFTER@160.706,141.996",Transducer,2,163.20592,141.99591,126,GND
"T5_SHIFTER@139.706,141.996",Transducer,1,137.20597,141.99591,2136,
"T5_SHIFTER@139.706,141.996",Transducer,2,142.20596,141.99591,126,GND
"T5_SHIFTER@118.706,141.996",Transducer,1,116.20602,141.99591,2044,
"T5_SHIFTER@118.706,141.996",Transducer,2,121.20601,141.99591,126,GND
"T5_SHIFTER@97.706,141.996",Transducer,1,95.20606,141.99591,1982,
"T5_SHIFTER@97.706,141.996",Transducer,2,100.20605,141.99591,126,GND
"T5_SHIFTER@76.706,141.996",Transducer,1,74.2061,141.99591,1872,
"T5_SHIFTER@76.706,141.996",Transducer,2,79.20609,141.99591,126,GND
"T5_SHIFTER@55.706,141.996",Transducer,1,53.20589,141.99591,1812,
"T5_SHIFTER@55.706,141.996",Transducer,2,58.20613,141.99591,126,GND
"T5_SHIFTER@34.706,141.996",Transducer,1,32.20593,141.99591,1716,
"T5_SHIFTER@34.706,141.996",Transducer,2,37.20592,141.99591,126,GND
"T5_SHIFTER@13.706,141.996",Transducer,1,11.20597,141.99591,1666,
"T5_SHIFTER@13.706,141.996",Transducer,2,16.20596,141.99591,126,GND
"T5_SHIFTER@160.706,99.996",Transducer,1,158.20593,99.99599,2172,
"T5_SHIFTER@160.706,99.996",Transducer,2,163.20592,99.99599,126,GND
"T5_SHIFTER@139.706,99.996",Transducer,1,137.20597,99.99599,2123,
"T5_SHIFTER@139.706,99.996",Transducer,2,142.20596,99.99599,126,GND
"T5_SHIFTER@118.706,99.996",Transducer,1,116.20602,99.99599,2031,
"T5_SHIFTER@118.706,99.996",Transducer,2,121.20601,99.99599,126,GND
"T5_SHIFTER@97.706,99.996",Transducer,1,95.20606,99.99599,1970,
"T5_SHIFTER@97.706,99.996",Transducer,2,100.20605,99.99599,126,GND
"T5_SHIFTER@76.706,99.996",Transducer,1,74.2061,99.99599,1860,
"T5_SHIFTER@76.706,99.996",Transducer,2,79.20609,99.99599,126,GND
"T5_SHIFTER@55.706,99.996",Transducer,1,53.20589,99.99599,1798,
"T5_SHIFTER@55.706,99.996",Transducer,2,58.20613,99.99599,126,GND
"T5_SHIFTER@34.706,99.996",Transducer,1,32.20593,99.99599,1703,
"T5_SHIFTER@34.706,99.996",Transducer,2,37.20592,99.99599,126,GND
"T5_SHIFTER@13.706,99.996",Transducer,1,11.20597,99.99599,1657,
"T5_SHIFTER@13.706,99.996",Transducer,2,16.20596,99.99599,126,GND
"T5_SHIFTER@160.706,57.996",Transducer,1,158.20593,57.99607,2159,
"T5_SHIFTER@160.706,57.996",Transducer,2,163.20592,57.99607,126,GND
"T5_SHIFTER@139.706,57.996",Transducer,1,137.20597,57.99607,2110,
"T5_SHIFTER@139.706,57.996",Transducer,2,142.20596,57.99607,126,GND
"T5_SHIFTER@118.706,57.996",Transducer,1,116.20602,57.99607,2010,
"T5_SHIFTER@118.706,57.996",Transducer,2,121.20601,57.99607,126,GND
"T5_SHIFTER@97.706,57.996",Transducer,1,95.20606,57.99607,1952,
"T5_SHIFTER@97.706,57.996",Transducer,2,100.20605,57.99607,126,GND
"T5_SHIFTER@76.706,57.996",Transducer,1,74.2061,57.99607,1841,
"T5_SHIFTER@76.706,57.996",Transducer,2,79.20609,57.99607,126,GND
"T5_SHIFTER@55.706,57.996",Transducer,1,53.20589,57.99607,1786,
"T5_SHIFTER@55.706,57.996",Transducer,2,58.20613,57.99607,126,GND
"T5_SHIFTER@34.706,57.996",Transducer,1,32.20593,57.99607,1691,
"T5_SHIFTER@34.706,57.996",Transducer,2,37.20592,57.99607,126,GND
"T5_SHIFTER@13.706,57.996",Transducer,1,11.20597,57.99607,1647,
"T5_SHIFTER@13.706,57.996",Transducer,2,16.20596,57.99607,126,GND
"T5_SHIFTER@160.706,15.996",Transducer,1,158.20593,15.9959,2147,
"T5_SHIFTER@160.706,15.996",Transducer,2,163.20592,15.9959,126,GND
"T5_SHIFTER@139.706,15.996",Transducer,1,137.20597,15.9959,2098,
"T5_SHIFTER@139.706,15.996",Transducer,2,142.20596,15.9959,126,GND
"T5_SHIFTER@118.706,15.996",Transducer,1,116.20602,15.9959,1991,
"T5_SHIFTER@118.706,15.996",Transducer,2,121.20601,15.9959,126,GND
"T5_SHIFTER@97.706,15.996",Transducer,1,95.20606,15.9959,1933,
"T5_SHIFTER@97.706,15.996",Transducer,2,100.20605,15.9959,126,GND
"T5_SHIFTER@76.706,15.996",Transducer,1,74.2061,15.9959,1822,
"T5_SHIFTER@76.706,15.996",Transducer,2,79.20609,15.9959,126,GND
"T5_SHIFTER@55.706,15.996",Transducer,1,53.20589,15.9959,1727,
"T5_SHIFTER@55.706,15.996",Transducer,2,58.20613,15.9959,126,GND
"T5_SHIFTER@34.706,15.996",Transducer,1,32.20593,15.9959,1679,
"T5_SHIFTER@34.706,15.996",Transducer,2,37.20592,15.9959,126,GND
"T4_SHIFTER@171.206,162.996",Transducer,1,173.70603,162.99612,2230,
"T4_SHIFTER@171.206,162.996",Transducer,2,168.70604,162.99612,126,GND
"T4_SHIFTER@150.206,162.996",Transducer,1,152.70607,162.99612,2192,
"T4_SHIFTER@150.206,162.996",Transducer,2,147.70608,162.99612,126,GND
"T4_SHIFTER@129.206,162.996",Transducer,1,131.70611,162.99612,2094,
"T4_SHIFTER@129.206,162.996",Transducer,2,126.70612,162.99612,126,GND
"T4_SHIFTER@108.206,162.996",Transducer,1,110.7059,162.99612,2049,
"T4_SHIFTER@108.206,162.996",Transducer,2,105.70591,162.99612,126,GND
"T4_SHIFTER@87.206,162.996",Transducer,1,89.70594,162.99612,1930,
"T4_SHIFTER@87.206,162.996",Transducer,2,84.70595,162.99612,126,GND
"T4_SHIFTER@66.206,162.996",Transducer,1,68.70598,162.99612,1877,
"T4_SHIFTER@66.206,162.996",Transducer,2,63.70599,162.99612,126,GND
"T4_SHIFTER@45.206,162.996",Transducer,1,47.70603,162.99612,1771,
"T4_SHIFTER@45.206,162.996",Transducer,2,42.70604,162.99612,126,GND
"T4_SHIFTER@24.206,162.996",Transducer,1,26.70607,162.99612,1723,
"T4_SHIFTER@24.206,162.996",Transducer,2,21.70608,162.99612,126,GND
"T4_SHIFTER@171.206,120.996",Transducer,1,173.70603,120.99595,2222,
"T4_SHIFTER@171.206,120.996",Transducer,2,168.70604,120.99595,126,GND
"T4_SHIFTER@150.206,120.996",Transducer,1,152.70607,120.99595,2180,
"T4_SHIFTER@150.206,120.996",Transducer,2,147.70608,120.99595,126,GND
"T4_SHIFTER@129.206,120.996",Transducer,1,131.70611,120.99595,2082,
"T4_SHIFTER@129.206,120.996",Transducer,2,126.70612,120.99595,126,GND
"T4_SHIFTER@108.206,120.996",Transducer,1,110.7059,120.99595,2038,
"T4_SHIFTER@108.206,120.996",Transducer,2,105.70591,120.99595,126,GND
"T4_SHIFTER@87.206,120.996",Transducer,1,89.70594,120.99595,1918,
"T4_SHIFTER@87.206,120.996",Transducer,2,84.70595,120.99595,126,GND
"T4_SHIFTER@66.206,120.996",Transducer,1,68.70598,120.99595,1866,
"T4_SHIFTER@66.206,120.996",Transducer,2,63.70599,120.99595,126,GND
"T4_SHIFTER@45.206,120.996",Transducer,1,47.70603,120.99595,1759,
"T4_SHIFTER@45.206,120.996",Transducer,2,42.70604,120.99595,126,GND
"T4_SHIFTER@24.206,120.996",Transducer,1,26.70607,120.99595,1711,
"T4_SHIFTER@24.206,120.996",Transducer,2,21.70608,120.99595,126,GND
"T4_SHIFTER@171.206,78.996",Transducer,1,173.70603,78.99603,2215,
"T4_SHIFTER@171.206,78.996",Transducer,2,168.70604,78.99603,126,GND
"T4_SHIFTER@150.206,78.996",Transducer,1,152.70607,78.99603,2167,
"T4_SHIFTER@150.206,78.996",Transducer,2,147.70608,78.99603,126,GND
"T4_SHIFTER@129.206,78.996",Transducer,1,131.70611,78.99603,2072,
"T4_SHIFTER@129.206,78.996",Transducer,2,126.70612,78.99603,126,GND
"T4_SHIFTER@108.206,78.996",Transducer,1,110.7059,78.99603,2016,
"T4_SHIFTER@108.206,78.996",Transducer,2,105.70591,78.99603,126,GND
"T4_SHIFTER@87.206,78.996",Transducer,1,89.70594,78.99603,1902,
"T4_SHIFTER@87.206,78.996",Transducer,2,84.70595,78.99603,126,GND
"T4_SHIFTER@45.206,78.996",Transducer,1,47.70603,78.99603,1747,
"T4_SHIFTER@45.206,78.996",Transducer,2,42.70604,78.99603,126,GND
"T4_SHIFTER@24.206,78.996",Transducer,1,26.70607,78.99603,1698,
"T4_SHIFTER@24.206,78.996",Transducer,2,21.70608,78.99603,126,GND
"T4_SHIFTER@171.206,36.996",Transducer,1,173.70603,36.99612,2205,
"T4_SHIFTER@171.206,36.996",Transducer,2,168.70604,36.99612,126,GND
"T4_SHIFTER@150.206,36.996",Transducer,1,152.70607,36.99612,2155,
"T4_SHIFTER@150.206,36.996",Transducer,2,147.70608,36.99612,126,GND
"T4_SHIFTER@129.206,36.996",Transducer,1,131.70611,36.99612,2058,
"T4_SHIFTER@129.206,36.996",Transducer,2,126.70612,36.99612,126,GND
"T4_SHIFTER@108.206,36.996",Transducer,1,110.7059,36.99612,1997,
"T4_SHIFTER@108.206,36.996",Transducer,2,105.70591,36.99612,126,GND
"T4_SHIFTER@87.206,36.996",Transducer,1,89.70594,36.99612,779,
"T4_SHIFTER@87.206,36.996",Transducer,2,84.70595,36.99612,126,GND
"T4_SHIFTER@66.206,36.996",Transducer,1,68.70598,36.99612,1828,
"T4_SHIFTER@66.206,36.996",Transducer,2,63.70599,36.99612,126,GND
"T4_SHIFTER@45.206,36.996",Transducer,1,47.70603,36.99612,1737,
"T4_SHIFTER@45.206,36.996",Transducer,2,42.70604,36.99612,126,GND
"T3_SHIFTER@171.206,152.496",Transducer,1,173.70603,152.49601,1622,
"T3_SHIFTER@171.206,152.496",Transducer,2,168.70604,152.49601,126,GND
"T3_SHIFTER@150.206,152.496",Transducer,1,152.70607,152.49601,1501,
"T3_SHIFTER@150.206,152.496",Transducer,2,147.70608,152.49601,126,GND
"T3_SHIFTER@129.206,152.496",Transducer,1,131.70611,152.49601,1246,
"T3_SHIFTER@129.206,152.496",Transducer,2,126.70612,152.49601,126,GND
"T3_SHIFTER@108.206,152.496",Transducer,1,110.7059,152.49601,1001,
"T3_SHIFTER@108.206,152.496",Transducer,2,105.70591,152.49601,126,GND
"T3_SHIFTER@87.206,152.496",Transducer,1,89.70594,152.49601,872,
"T3_SHIFTER@87.206,152.496",Transducer,2,84.70595,152.49601,126,GND
"T3_SHIFTER@66.206,152.496",Transducer,1,68.70598,152.49601,622,
"T3_SHIFTER@66.206,152.496",Transducer,2,63.70599,152.49601,126,GND
"T3_SHIFTER@45.206,152.496",Transducer,1,47.70603,152.49601,377,
"T3_SHIFTER@45.206,152.496",Transducer,2,42.70604,152.49601,126,GND
"T3_SHIFTER@24.206,152.496",Transducer,1,26.70607,152.49601,248,
"T3_SHIFTER@24.206,152.496",Transducer,2,21.70608,152.49601,126,GND
"T3_SHIFTER@171.206,110.496",Transducer,1,173.70603,110.4961,1595,
"T3_SHIFTER@171.206,110.496",Transducer,2,168.70604,110.4961,126,GND
"T3_SHIFTER@150.206,110.496",Transducer,1,152.70607,110.4961,1469,
"T3_SHIFTER@150.206,110.496",Transducer,2,147.70608,110.4961,126,GND
"T3_SHIFTER@129.206,110.496",Transducer,1,131.70611,110.4961,1214,
"T3_SHIFTER@129.206,110.496",Transducer,2,126.70612,110.4961,126,GND
"T3_SHIFTER@108.206,110.496",Transducer,1,110.7059,110.4961,972,
"T3_SHIFTER@108.206,110.496",Transducer,2,105.70591,110.4961,126,GND
"T3_SHIFTER@87.206,110.496",Transducer,1,89.70594,110.4961,844,
"T3_SHIFTER@87.206,110.496",Transducer,2,84.70595,110.4961,126,GND
"T3_SHIFTER@66.206,110.496",Transducer,1,68.70598,110.4961,591,
"T3_SHIFTER@66.206,110.496",Transducer,2,63.70599,110.4961,126,GND
"T3_SHIFTER@45.206,110.496",Transducer,1,47.70603,110.4961,345,
"T3_SHIFTER@45.206,110.496",Transducer,2,42.70604,110.4961,126,GND
"T3_SHIFTER@24.206,110.496",Transducer,1,26.70607,110.4961,217,
"T3_SHIFTER@24.206,110.496",Transducer,2,21.70608,110.4961,126,GND
"T3_SHIFTER@171.206,68.496",Transducer,1,173.70603,68.49593,1566,
"T3_SHIFTER@171.206,68.496",Transducer,2,168.70604,68.49593,126,GND
"T3_SHIFTER@150.206,68.496",Transducer,1,152.70607,68.49593,1439,
"T3_SHIFTER@150.206,68.496",Transducer,2,147.70608,68.49593,126,GND
"T3_SHIFTER@129.206,68.496",Transducer,1,131.70611,68.49593,1184,
"T3_SHIFTER@129.206,68.496",Transducer,2,126.70612,68.49593,126,GND
"T3_SHIFTER@108.206,68.496",Transducer,1,110.7059,68.49593,935,
"T3_SHIFTER@108.206,68.496",Transducer,2,105.70591,68.49593,126,GND
"T3_SHIFTER@87.206,68.496",Transducer,1,89.70594,68.49593,811,
"T3_SHIFTER@87.206,68.496",Transducer,2,84.70595,68.49593,126,GND
"T3_SHIFTER@66.206,68.496",Transducer,1,68.70598,68.49593,559,
"T3_SHIFTER@66.206,68.496",Transducer,2,63.70599,68.49593,126,GND
"T3_SHIFTER@45.206,68.496",Transducer,1,47.70603,68.49593,314,
"T3_SHIFTER@45.206,68.496",Transducer,2,42.70604,68.49593,126,GND
"T3_SHIFTER@24.206,68.496",Transducer,1,26.70607,68.49593,184,
"T3_SHIFTER@24.206,68.496",Transducer,2,21.70608,68.49593,126,GND
"T3_SHIFTER@171.206,26.496",Transducer,1,173.70603,26.49601,1531,
"T3_SHIFTER@171.206,26.496",Transducer,2,168.70604,26.49601,126,GND
"T3_SHIFTER@150.206,26.496",Transducer,1,152.70607,26.49601,2152,
"T3_SHIFTER@150.206,26.496",Transducer,2,147.70608,26.49601,126,GND
"T3_SHIFTER@129.206,26.496",Transducer,1,131.70611,26.49601,1152,
"T3_SHIFTER@129.206,26.496",Transducer,2,126.70612,26.49601,126,GND
"T3_SHIFTER@108.206,26.496",Transducer,1,110.7059,26.49601,900,
"T3_SHIFTER@108.206,26.496",Transducer,2,105.70591,26.49601,126,GND
"T3_SHIFTER@87.206,26.496",Transducer,1,89.70594,26.49601,777,
"T3_SHIFTER@87.206,26.496",Transducer,2,84.70595,26.49601,126,GND
"T3_SHIFTER@66.206,26.496",Transducer,1,68.70598,26.49601,527,
"T3_SHIFTER@66.206,26.496",Transducer,2,63.70599,26.49601,126,GND
"T3_SHIFTER@45.206,26.496",Transducer,1,47.70603,26.49601,278,
"T3_SHIFTER@45.206,26.496",Transducer,2,42.70604,26.49601,126,GND
"T2_SHIFTER@171.206,131.496",Transducer,1,168.70604,131.49605,1601,
"T2_SHIFTER@171.206,131.496",Transducer,2,173.70603,131.49605,126,GND
"T2_SHIFTER@150.206,131.496",Transducer,1,147.70608,131.49605,1354,
"T2_SHIFTER@150.206,131.496",Transducer,2,152.70607,131.49605,126,GND
"T2_SHIFTER@129.206,131.496",Transducer,1,126.70612,131.49605,1223,
"T2_SHIFTER@129.206,131.496",Transducer,2,131.70611,131.49605,126,GND
"T2_SHIFTER@108.206,131.496",Transducer,1,105.70591,131.49605,978,
"T2_SHIFTER@108.206,131.496",Transducer,2,110.7059,131.49605,126,GND
"T2_SHIFTER@87.206,131.496",Transducer,1,84.70595,131.49605,727,
"T2_SHIFTER@87.206,131.496",Transducer,2,89.70594,131.49605,126,GND
"T2_SHIFTER@66.206,131.496",Transducer,1,63.70599,131.49605,603,
"T2_SHIFTER@66.206,131.496",Transducer,2,68.70598,131.49605,126,GND
"T2_SHIFTER@45.206,131.496",Transducer,1,42.70604,131.49605,355,
"T2_SHIFTER@45.206,131.496",Transducer,2,47.70603,131.49605,126,GND
"T2_SHIFTER@24.206,131.496",Transducer,1,21.70608,131.49605,99,
"T2_SHIFTER@24.206,131.496",Transducer,2,26.70607,131.49605,126,GND
"T2_SHIFTER@171.206,89.496",Transducer,1,168.70604,89.49588,1574,
"T2_SHIFTER@171.206,89.496",Transducer,2,173.70603,89.49588,126,GND
"T2_SHIFTER@150.206,89.496",Transducer,1,147.70608,89.49588,1318,
"T2_SHIFTER@150.206,89.496",Transducer,2,152.70607,89.49588,126,GND
"T2_SHIFTER@129.206,89.496",Transducer,1,126.70612,89.49588,1193,
"T2_SHIFTER@129.206,89.496",Transducer,2,131.70611,89.49588,126,GND
"T2_SHIFTER@108.206,89.496",Transducer,1,105.70591,89.49588,949,
"T2_SHIFTER@108.206,89.496",Transducer,2,110.7059,89.49588,126,GND
"T2_SHIFTER@87.206,89.496",Transducer,1,84.70595,89.49588,701,
"T2_SHIFTER@87.206,89.496",Transducer,2,89.70594,89.49588,126,GND
"T2_SHIFTER@66.206,89.496",Transducer,1,63.70599,89.49588,570,
"T2_SHIFTER@66.206,89.496",Transducer,2,68.70598,89.49588,126,GND
"T2_SHIFTER@45.206,89.496",Transducer,1,42.70604,89.49588,320,
"T2_SHIFTER@45.206,89.496",Transducer,2,47.70603,89.49588,126,GND
"T2_SHIFTER@24.206,89.496",Transducer,1,21.70608,89.49588,71,
"T2_SHIFTER@24.206,89.496",Transducer,2,26.70607,89.49588,126,GND
"T2_SHIFTER@171.206,47.496",Transducer,1,168.70604,47.49597,1545,
"T2_SHIFTER@171.206,47.496",Transducer,2,173.70603,47.49597,126,GND
"T2_SHIFTER@150.206,47.496",Transducer,1,147.70608,47.49597,1287,
"T2_SHIFTER@150.206,47.496",Transducer,2,152.70607,47.49597,126,GND
"T2_SHIFTER@129.206,47.496",Transducer,1,126.70612,47.49597,1162,
"T2_SHIFTER@129.206,47.496",Transducer,2,131.70611,47.49597,126,GND
"T2_SHIFTER@108.206,47.496",Transducer,1,105.70591,47.49597,914,
"T2_SHIFTER@108.206,47.496",Transducer,2,110.7059,47.49597,126,GND
"T2_SHIFTER@87.206,47.496",Transducer,1,84.70595,47.49597,665,
"T2_SHIFTER@87.206,47.496",Transducer,2,89.70594,47.49597,126,GND
"T2_SHIFTER@66.206,47.496",Transducer,1,63.70599,47.49597,538,
"T2_SHIFTER@66.206,47.496",Transducer,2,68.70598,47.49597,126,GND
"T2_SHIFTER@45.206,47.496",Transducer,1,42.70604,47.49597,288,
"T2_SHIFTER@45.206,47.496",Transducer,2,47.70603,47.49597,126,GND
"T2_SHIFTER@24.206,47.496",Transducer,1,21.70608,47.49597,41,
"T2_SHIFTER@24.206,47.496",Transducer,2,26.70607,47.49597,126,GND
"T2_SHIFTER@171.206,5.496",Transducer,1,168.70604,5.49605,1509,
"T2_SHIFTER@171.206,5.496",Transducer,2,173.70603,5.49605,126,GND
"T2_SHIFTER@150.206,5.496",Transducer,1,147.70608,5.49605,1254,
"T2_SHIFTER@150.206,5.496",Transducer,2,152.70607,5.49605,126,GND
"T2_SHIFTER@129.206,5.496",Transducer,1,126.70612,5.49605,1132,
"T2_SHIFTER@129.206,5.496",Transducer,2,131.70611,5.49605,126,GND
"T2_SHIFTER@108.206,5.496",Transducer,1,105.70591,5.49605,878,
"T2_SHIFTER@108.206,5.496",Transducer,2,110.7059,5.49605,126,GND
"T2_SHIFTER@87.206,5.496",Transducer,1,84.70595,5.49605,631,
"T2_SHIFTER@87.206,5.496",Transducer,2,89.70594,5.49605,126,GND
"T2_SHIFTER@66.206,5.496",Transducer,1,63.70599,5.49605,386,
"T2_SHIFTER@66.206,5.496",Transducer,2,68.70598,5.49605,126,GND
"T2_SHIFTER@45.206,5.496",Transducer,1,42.70604,5.49605,255,
"T2_SHIFTER@45.206,5.496",Transducer,2,47.70603,5.49605,126,GND
"T1_SHIFTER@171.206,141.996",Transducer,1,168.70604,141.99591,2225,
"T1_SHIFTER@171.206,141.996",Transducer,2,173.70603,141.99591,126,GND
"T1_SHIFTER@150.206,141.996",Transducer,1,147.70608,141.99591,2137,
"T1_SHIFTER@150.206,141.996",Transducer,2,152.70607,141.99591,126,GND
"T1_SHIFTER@129.206,141.996",Transducer,1,126.70612,141.99591,2086,
"T1_SHIFTER@129.206,141.996",Transducer,2,131.70611,141.99591,126,GND
"T1_SHIFTER@108.206,141.996",Transducer,1,105.70591,141.99591,1981,
"T1_SHIFTER@108.206,141.996",Transducer,2,110.7059,141.99591,126,GND
"T1_SHIFTER@87.206,141.996",Transducer,1,84.70595,141.99591,1922,
"T1_SHIFTER@87.206,141.996",Transducer,2,89.70594,141.99591,126,GND
"T1_SHIFTER@66.206,141.996",Transducer,1,63.70599,141.99591,1811,
"T1_SHIFTER@66.206,141.996",Transducer,2,68.70598,141.99591,126,GND
"T1_SHIFTER@45.206,141.996",Transducer,1,42.70604,141.99591,357,
"T1_SHIFTER@45.206,141.996",Transducer,2,47.70603,141.99591,126,GND
"T1_SHIFTER@24.206,141.996",Transducer,1,21.70608,141.99591,1667,
"T1_SHIFTER@24.206,141.996",Transducer,2,26.70607,141.99591,126,GND
"T1_SHIFTER@171.206,99.996",Transducer,1,168.70604,99.99599,2218,
"T1_SHIFTER@171.206,99.996",Transducer,2,173.70603,99.99599,126,GND
"T1_SHIFTER@150.206,99.996",Transducer,1,147.70608,99.99599,2124,
"T1_SHIFTER@150.206,99.996",Transducer,2,152.70607,99.99599,126,GND
"T1_SHIFTER@129.206,99.996",Transducer,1,126.70612,99.99599,2075,
"T1_SHIFTER@129.206,99.996",Transducer,2,131.70611,99.99599,126,GND
"T1_SHIFTER@108.206,99.996",Transducer,1,105.70591,99.99599,2032,
"T1_SHIFTER@108.206,99.996",Transducer,2,110.7059,99.99599,126,GND
"T1_SHIFTER@87.206,99.996",Transducer,1,84.70595,99.99599,1910,
"T1_SHIFTER@87.206,99.996",Transducer,2,89.70594,99.99599,126,GND
"T1_SHIFTER@66.206,99.996",Transducer,1,63.70599,99.99599,1799,
"T1_SHIFTER@66.206,99.996",Transducer,2,68.70598,99.99599,126,GND
"T1_SHIFTER@45.206,99.996",Transducer,1,42.70604,99.99599,1752,
"T1_SHIFTER@45.206,99.996",Transducer,2,47.70603,99.99599,126,GND
"T1_SHIFTER@24.206,99.996",Transducer,1,21.70608,99.99599,1702,
"T1_SHIFTER@24.206,99.996",Transducer,2,26.70607,99.99599,126,GND
"T1_SHIFTER@171.206,57.996",Transducer,1,168.70604,57.99607,2211,
"T1_SHIFTER@171.206,57.996",Transducer,2,173.70603,57.99607,126,GND
"T1_SHIFTER@150.206,57.996",Transducer,1,147.70608,57.99607,2111,
"T1_SHIFTER@150.206,57.996",Transducer,2,152.70607,57.99607,126,GND
"T1_SHIFTER@129.206,57.996",Transducer,1,126.70612,57.99607,2064,
"T1_SHIFTER@129.206,57.996",Transducer,2,131.70611,57.99607,126,GND
"T1_SHIFTER@108.206,57.996",Transducer,1,105.70591,57.99607,2009,
"T1_SHIFTER@108.206,57.996",Transducer,2,110.7059,57.99607,126,GND
"T1_SHIFTER@87.206,57.996",Transducer,1,84.70595,57.99607,1894,
"T1_SHIFTER@87.206,57.996",Transducer,2,89.70594,57.99607,126,GND
"T1_SHIFTER@66.206,57.996",Transducer,1,63.70599,57.99607,1785,
"T1_SHIFTER@66.206,57.996",Transducer,2,68.70598,57.99607,126,GND
"T1_SHIFTER@45.206,57.996",Transducer,1,42.70604,57.99607,290,
"T1_SHIFTER@45.206,57.996",Transducer,2,47.70603,57.99607,126,GND
"T1_SHIFTER@24.206,57.996",Transducer,1,21.70608,57.99607,1690,
"T1_SHIFTER@24.206,57.996",Transducer,2,26.70607,57.99607,126,GND
"T1_SHIFTER@171.206,15.996",Transducer,1,168.70604,15.9959,2196,
"T1_SHIFTER@171.206,15.996",Transducer,2,173.70603,15.9959,126,GND
"T1_SHIFTER@150.206,15.996",Transducer,1,147.70608,15.9959,2097,
"T1_SHIFTER@150.206,15.996",Transducer,2,152.70607,15.9959,126,GND
"T1_SHIFTER@129.206,15.996",Transducer,1,126.70612,15.9959,2051,
"T1_SHIFTER@129.206,15.996",Transducer,2,131.70611,15.9959,126,GND
"T1_SHIFTER@108.206,15.996",Transducer,1,105.70591,15.9959,1934,
"T1_SHIFTER@108.206,15.996",Transducer,2,110.7059,15.9959,126,GND
"T1_SHIFTER@87.206,15.996",Transducer,1,84.70595,15.9959,1880,
"T1_SHIFTER@87.206,15.996",Transducer,2,89.70594,15.9959,126,GND
"T1_SHIFTER@66.206,15.996",Transducer,1,63.70599,15.9959,1773,
"T1_SHIFTER@66.206,15.996",Transducer,2,68.70598,15.9959,126,GND
"T1_SHIFTER@45.206,15.996",Transducer,1,42.70604,15.9959,258,
"T1_SHIFTER@45.206,15.996",Transducer,2,47.70603,15.9959,126,GND
"C13_SHIFTE@155.456,157.746",0.1uF,1,155.45613,156.64612,126,GND
"C13_SHIFTE@155.456,157.746",0.1uF,2,155.45613,158.84601,1640,DRIVER_VDD
"C13_SHIFTE@134.456,157.746",0.1uF,1,134.45592,156.64612,126,GND
"C13_SHIFTE@134.456,157.746",0.1uF,2,134.45592,158.84601,1640,DRIVER_VDD
"C13_SHIFTE@113.456,157.746",0.1uF,1,113.45596,156.64612,126,GND
"C13_SHIFTE@113.456,157.746",0.1uF,2,113.45596,158.84601,1640,DRIVER_VDD
"C13_SHIFTE@92.456,157.746",0.1uF,1,92.456,156.64612,126,GND
"C13_SHIFTE@92.456,157.746",0.1uF,2,92.456,158.84601,1640,DRIVER_VDD
"C13_SHIFTE@71.456,157.746",0.1uF,1,71.45604,156.64612,126,GND
"C13_SHIFTE@71.456,157.746",0.1uF,2,71.45604,158.84601,1640,DRIVER_VDD
"C13_SHIFTE@50.456,157.746",0.1uF,1,50.45608,156.64612,126,GND
"C13_SHIFTE@50.456,157.746",0.1uF,2,50.45608,158.84601,1640,DRIVER_VDD
"C13_SHIFTE@29.456,157.746",0.1uF,1,29.45613,156.64612,126,GND
"C13_SHIFTE@29.456,157.746",0.1uF,2,29.45613,158.84601,1640,DRIVER_VDD
"C13_SHIFTE@8.456,157.746",0.1uF,1,8.45591,156.64612,126,GND
"C13_SHIFTE@8.456,157.746",0.1uF,2,8.45591,158.84601,1640,DRIVER_VDD
"C13_SHIFTE@155.456,115.746",0.1uF,1,155.45613,114.64595,126,GND
"C13_SHIFTE@155.456,115.746",0.1uF,2,155.45613,116.8461,1640,DRIVER_VDD
"C13_SHIFTE@134.456,115.746",0.1uF,1,134.45592,114.64595,126,GND
"C13_SHIFTE@134.456,115.746",0.1uF,2,134.45592,116.8461,1640,DRIVER_VDD
"C13_SHIFTE@113.456,115.746",0.1uF,1,113.45596,114.64595,126,GND
"C13_SHIFTE@113.456,115.746",0.1uF,2,113.45596,116.8461,1640,DRIVER_VDD
"C13_SHIFTE@92.456,115.746",0.1uF,1,92.456,114.64595,126,GND
"C13_SHIFTE@92.456,115.746",0.1uF,2,92.456,116.8461,1640,DRIVER_VDD
"C13_SHIFTE@71.456,115.746",0.1uF,1,71.45604,114.64595,126,GND
"C13_SHIFTE@71.456,115.746",0.1uF,2,71.45604,116.8461,1640,DRIVER_VDD
"C13_SHIFTE@50.456,115.746",0.1uF,1,50.45608,114.64595,126,GND
"C13_SHIFTE@50.456,115.746",0.1uF,2,50.45608,116.8461,1640,DRIVER_VDD
"C13_SHIFTE@29.456,115.746",0.1uF,1,29.45613,114.64595,126,GND
"C13_SHIFTE@29.456,115.746",0.1uF,2,29.45613,116.8461,1640,DRIVER_VDD
"C13_SHIFTE@8.456,115.746",0.1uF,1,8.45591,114.64595,126,GND
"C13_SHIFTE@8.456,115.746",0.1uF,2,8.45591,116.8461,1640,DRIVER_VDD
"C13_SHIFTE@155.456,73.746",0.1uF,1,155.45613,74.84593,1640,DRIVER_VDD
"C13_SHIFTE@155.456,73.746",0.1uF,2,155.45613,72.64603,126,GND
"C13_SHIFTE@134.456,73.746",0.1uF,1,134.45592,74.84593,1640,DRIVER_VDD
"C13_SHIFTE@134.456,73.746",0.1uF,2,134.45592,72.64603,126,GND
"C13_SHIFTE@113.456,73.746",0.1uF,1,113.45596,74.84593,1640,DRIVER_VDD
"C13_SHIFTE@113.456,73.746",0.1uF,2,113.45596,72.64603,126,GND
"C13_SHIFTE@92.456,73.746",0.1uF,1,92.456,74.84593,1640,DRIVER_VDD
"C13_SHIFTE@92.456,73.746",0.1uF,2,92.456,72.64603,126,GND
"C13_SHIFTE@71.456,73.746",0.1uF,1,71.45604,74.84593,1640,DRIVER_VDD
"C13_SHIFTE@71.456,73.746",0.1uF,2,71.45604,72.64603,126,GND
"C13_SHIFTE@50.456,73.746",0.1uF,1,50.45608,74.84593,1640,DRIVER_VDD
"C13_SHIFTE@50.456,73.746",0.1uF,2,50.45608,72.64603,126,GND
"C13_SHIFTE@29.456,73.746",0.1uF,1,29.45613,74.84593,1640,DRIVER_VDD
"C13_SHIFTE@29.456,73.746",0.1uF,2,29.45613,72.64603,126,GND
"C13_SHIFTE@8.456,73.746",0.1uF,1,8.45591,74.84593,1640,DRIVER_VDD
"C13_SHIFTE@8.456,73.746",0.1uF,2,8.45591,72.64603,126,GND
"C13_SHIFTE@155.456,31.746",0.1uF,1,155.45613,30.64612,126,GND
"C13_SHIFTE@155.456,31.746",0.1uF,2,155.45613,32.84601,1640,DRIVER_VDD
"C13_SHIFTE@134.456,31.746",0.1uF,1,134.45592,30.64612,126,GND
"C13_SHIFTE@134.456,31.746",0.1uF,2,134.45592,32.84601,1640,DRIVER_VDD
"C13_SHIFTE@113.456,31.746",0.1uF,1,113.45596,30.64612,126,GND
"C13_SHIFTE@113.456,31.746",0.1uF,2,113.45596,32.84601,1640,DRIVER_VDD
"C13_SHIFTE@92.456,31.746",0.1uF,1,92.456,30.64612,126,GND
"C13_SHIFTE@92.456,31.746",0.1uF,2,92.456,32.84601,1640,DRIVER_VDD
"C13_SHIFTE@71.456,31.746",0.1uF,1,71.45604,30.64612,126,GND
"C13_SHIFTE@71.456,31.746",0.1uF,2,71.45604,32.84601,1640,DRIVER_VDD
"C13_SHIFTE@50.456,31.746",0.1uF,1,50.45608,30.64612,126,GND
"C13_SHIFTE@50.456,31.746",0.1uF,2,50.45608,32.84601,1640,DRIVER_VDD
"C13_SHIFTE@29.456,31.746",0.1uF,1,29.45613,30.64612,126,GND
"C13_SHIFTE@29.456,31.746",0.1uF,2,29.45613,32.84601,1640,DRIVER_VDD
"C3_SHIFTER@155.456,136.746",0.1uF,1,155.45613,137.84605,126,GND
"C3_SHIFTER@155.456,136.746",0.1uF,2,155.45613,135.64591,1640,DRIVER_VDD
"C3_SHIFTER@134.456,136.746",0.1uF,1,134.45592,137.84605,126,GND
"C3_SHIFTER@134.456,136.746",0.1uF,2,134.45592,135.64591,1640,DRIVER_VDD
"C3_SHIFTER@113.456,136.746",0.1uF,1,113.45596,137.84605,126,GND
"C3_SHIFTER@113.456,136.746",0.1uF,2,113.45596,135.64591,1640,DRIVER_VDD
"C3_SHIFTER@92.456,136.746",0.1uF,1,92.456,137.84605,126,GND
"C3_SHIFTER@92.456,136.746",0.1uF,2,92.456,135.64591,1640,DRIVER_VDD
"C3_SHIFTER@71.456,136.746",0.1uF,1,71.45604,137.84605,126,GND
"C3_SHIFTER@71.456,136.746",0.1uF,2,71.45604,135.64591,1640,DRIVER_VDD
"C3_SHIFTER@50.456,136.746",0.1uF,1,50.45608,137.84605,126,GND
"C3_SHIFTER@50.456,136.746",0.1uF,2,50.45608,135.64591,1640,DRIVER_VDD
"C3_SHIFTER@29.456,136.746",0.1uF,1,29.45613,137.84605,126,GND
"C3_SHIFTER@29.456,136.746",0.1uF,2,29.45613,135.64591,1640,DRIVER_VDD
"C3_SHIFTER@8.456,136.746",0.1uF,1,8.45591,137.84605,126,GND
"C3_SHIFTER@8.456,136.746",0.1uF,2,8.45591,135.64591,1640,DRIVER_VDD
"C3_SHIFTER@155.456,94.746",0.1uF,1,155.45613,95.84588,126,GND
"C3_SHIFTER@155.456,94.746",0.1uF,2,155.45613,93.64599,1640,DRIVER_VDD
"C3_SHIFTER@134.456,94.746",0.1uF,1,134.45592,95.84588,126,GND
"C3_SHIFTER@134.456,94.746",0.1uF,2,134.45592,93.64599,1640,DRIVER_VDD
"C3_SHIFTER@113.456,94.746",0.1uF,1,113.45596,95.84588,126,GND
"C3_SHIFTER@113.456,94.746",0.1uF,2,113.45596,93.64599,1640,DRIVER_VDD
"C3_SHIFTER@92.456,94.746",0.1uF,1,92.456,95.84588,126,GND
"C3_SHIFTER@92.456,94.746",0.1uF,2,92.456,93.64599,1640,DRIVER_VDD
"C3_SHIFTER@71.456,94.746",0.1uF,1,71.45604,95.84588,126,GND
"C3_SHIFTER@71.456,94.746",0.1uF,2,71.45604,93.64599,1640,DRIVER_VDD
"C3_SHIFTER@50.456,94.746",0.1uF,1,50.45608,95.84588,126,GND
"C3_SHIFTER@50.456,94.746",0.1uF,2,50.45608,93.64599,1640,DRIVER_VDD
"C3_SHIFTER@29.456,94.746",0.1uF,1,29.45613,95.84588,126,GND
"C3_SHIFTER@29.456,94.746",0.1uF,2,29.45613,93.64599,1640,DRIVER_VDD
"C3_SHIFTER@8.456,94.746",0.1uF,1,8.45591,95.84588,126,GND
"C3_SHIFTER@8.456,94.746",0.1uF,2,8.45591,93.64599,1640,DRIVER_VDD
"C3_SHIFTER@155.456,52.746",0.1uF,1,155.45613,51.64607,1640,DRIVER_VDD
"C3_SHIFTER@155.456,52.746",0.1uF,2,155.45613,53.84597,126,GND
"C3_SHIFTER@134.456,52.746",0.1uF,1,134.45592,51.64607,1640,DRIVER_VDD
"C3_SHIFTER@134.456,52.746",0.1uF,2,134.45592,53.84597,126,GND
"C3_SHIFTER@113.456,52.746",0.1uF,1,113.45596,51.64607,1640,DRIVER_VDD
"C3_SHIFTER@113.456,52.746",0.1uF,2,113.45596,53.84597,126,GND
"C3_SHIFTER@92.456,52.746",0.1uF,1,92.456,51.64607,1640,DRIVER_VDD
"C3_SHIFTER@92.456,52.746",0.1uF,2,92.456,53.84597,126,GND
"C3_SHIFTER@71.456,52.746",0.1uF,1,71.45604,51.64607,1640,DRIVER_VDD
"C3_SHIFTER@71.456,52.746",0.1uF,2,71.45604,53.84597,126,GND
"C3_SHIFTER@50.456,52.746",0.1uF,1,50.45608,51.64607,1640,DRIVER_VDD
"C3_SHIFTER@50.456,52.746",0.1uF,2,50.45608,53.84597,126,GND
"C3_SHIFTER@29.456,52.746",0.1uF,1,29.45613,51.64607,1640,DRIVER_VDD
"C3_SHIFTER@29.456,52.746",0.1uF,2,29.45613,53.84597,126,GND
"C3_SHIFTER@8.456,52.746",0.1uF,1,8.45591,51.64607,1640,DRIVER_VDD
"C3_SHIFTER@8.456,52.746",0.1uF,2,8.45591,53.84597,126,GND
"C3_SHIFTER@155.456,10.746",0.1uF,1,155.45613,11.84605,126,GND
"C3_SHIFTER@155.456,10.746",0.1uF,2,155.45613,9.6459,1640,DRIVER_VDD
"C3_SHIFTER@134.456,10.746",0.1uF,1,134.45592,11.84605,126,GND
"C3_SHIFTER@134.456,10.746",0.1uF,2,134.45592,9.6459,1640,DRIVER_VDD
"C3_SHIFTER@113.456,10.746",0.1uF,1,113.45596,11.84605,126,GND
"C3_SHIFTER@113.456,10.746",0.1uF,2,113.45596,9.6459,1640,DRIVER_VDD
"C3_SHIFTER@92.456,10.746",0.1uF,1,92.456,11.84605,126,GND
"C3_SHIFTER@92.456,10.746",0.1uF,2,92.456,9.6459,1640,DRIVER_VDD
"C3_SHIFTER@71.456,10.746",0.1uF,1,71.45604,11.84605,126,GND
"C3_SHIFTER@71.456,10.746",0.1uF,2,71.45604,9.6459,1640,DRIVER_VDD
"C3_SHIFTER@50.456,10.746",0.1uF,1,50.45608,11.84605,126,GND
"C3_SHIFTER@50.456,10.746",0.1uF,2,50.45608,9.6459,1640,DRIVER_VDD
"C3_SHIFTER@29.456,10.746",0.1uF,1,29.45613,11.84605,126,GND
"C3_SHIFTER@29.456,10.746",0.1uF,2,29.45613,9.6459,1640,DRIVER_VDD
"C2_SHIFTER@165.956,157.746",0.1uF,1,165.95598,156.64612,126,GND
"C2_SHIFTER@165.956,157.746",0.1uF,2,165.95598,158.84601,1640,DRIVER_VDD
"C2_SHIFTER@144.956,157.746",0.1uF,1,144.95602,156.64612,126,GND
"C2_SHIFTER@144.956,157.746",0.1uF,2,144.95602,158.84601,1640,DRIVER_VDD
"C2_SHIFTER@123.956,157.746",0.1uF,1,123.95606,156.64612,126,GND
"C2_SHIFTER@123.956,157.746",0.1uF,2,123.95606,158.84601,1640,DRIVER_VDD
"C2_SHIFTER@102.956,157.746",0.1uF,1,102.95611,156.64612,126,GND
"C2_SHIFTER@102.956,157.746",0.1uF,2,102.95611,158.84601,1640,DRIVER_VDD
"C2_SHIFTER@81.956,157.746",0.1uF,1,81.95589,156.64612,126,GND
"C2_SHIFTER@81.956,157.746",0.1uF,2,81.95589,158.84601,1640,DRIVER_VDD
"C2_SHIFTER@60.956,157.746",0.1uF,1,60.95594,156.64612,126,GND
"C2_SHIFTER@60.956,157.746",0.1uF,2,60.95594,158.84601,1640,DRIVER_VDD
"C2_SHIFTER@39.956,157.746",0.1uF,1,39.95598,156.64612,126,GND
"C2_SHIFTER@39.956,157.746",0.1uF,2,39.95598,158.84601,1640,DRIVER_VDD
"C2_SHIFTER@18.956,157.746",0.1uF,1,18.95602,156.64612,126,GND
"C2_SHIFTER@18.956,157.746",0.1uF,2,18.95602,158.84601,1640,DRIVER_VDD
"C2_SHIFTER@165.956,115.746",0.1uF,1,165.95598,114.64595,126,GND
"C2_SHIFTER@165.956,115.746",0.1uF,2,165.95598,116.8461,1640,DRIVER_VDD
"C2_SHIFTER@144.956,115.746",0.1uF,1,144.95602,114.64595,126,GND
"C2_SHIFTER@144.956,115.746",0.1uF,2,144.95602,116.8461,1640,DRIVER_VDD
"C2_SHIFTER@123.956,115.746",0.1uF,1,123.95606,114.64595,126,GND
"C2_SHIFTER@123.956,115.746",0.1uF,2,123.95606,116.8461,1640,DRIVER_VDD
"C2_SHIFTER@102.956,115.746",0.1uF,1,102.95611,114.64595,126,GND
"C2_SHIFTER@102.956,115.746",0.1uF,2,102.95611,116.8461,1640,DRIVER_VDD
"C2_SHIFTER@81.956,115.746",0.1uF,1,81.95589,114.64595,126,GND
"C2_SHIFTER@81.956,115.746",0.1uF,2,81.95589,116.8461,1640,DRIVER_VDD
"C2_SHIFTER@60.956,115.746",0.1uF,1,60.95594,114.64595,126,GND
"C2_SHIFTER@60.956,115.746",0.1uF,2,60.95594,116.8461,1640,DRIVER_VDD
"C2_SHIFTER@39.956,115.746",0.1uF,1,39.95598,114.64595,126,GND
"C2_SHIFTER@39.956,115.746",0.1uF,2,39.95598,116.8461,1640,DRIVER_VDD
"C2_SHIFTER@18.956,115.746",0.1uF,1,18.95602,114.64595,126,GND
"C2_SHIFTER@18.956,115.746",0.1uF,2,18.95602,116.8461,1640,DRIVER_VDD
"C2_SHIFTER@165.956,73.746",0.1uF,1,165.95598,74.84593,1640,DRIVER_VDD
"C2_SHIFTER@165.956,73.746",0.1uF,2,165.95598,72.64603,126,GND
"C2_SHIFTER@144.956,73.746",0.1uF,1,144.95602,74.84593,1640,DRIVER_VDD
"C2_SHIFTER@144.956,73.746",0.1uF,2,144.95602,72.64603,126,GND
"C2_SHIFTER@123.956,73.746",0.1uF,1,123.95606,74.84593,1640,DRIVER_VDD
"C2_SHIFTER@123.956,73.746",0.1uF,2,123.95606,72.64603,126,GND
"C2_SHIFTER@102.956,73.746",0.1uF,1,102.95611,74.84593,1640,DRIVER_VDD
"C2_SHIFTER@102.956,73.746",0.1uF,2,102.95611,72.64603,126,GND
"C2_SHIFTER@81.956,73.746",0.1uF,1,81.95589,74.84593,1640,DRIVER_VDD
"C2_SHIFTER@81.956,73.746",0.1uF,2,81.95589,72.64603,126,GND
"C2_SHIFTER@60.956,73.746",0.1uF,1,60.95594,74.84593,1640,DRIVER_VDD
"C2_SHIFTER@60.956,73.746",0.1uF,2,60.95594,72.64603,126,GND
"C2_SHIFTER@39.956,73.746",0.1uF,1,39.95598,74.84593,1640,DRIVER_VDD
"C2_SHIFTER@39.956,73.746",0.1uF,2,39.95598,72.64603,126,GND
"C2_SHIFTER@18.956,73.746",0.1uF,1,18.95602,74.84593,1640,DRIVER_VDD
"C2_SHIFTER@18.956,73.746",0.1uF,2,18.95602,72.64603,126,GND
"C2_SHIFTER@165.956,31.746",0.1uF,1,165.95598,30.64612,126,GND
"C2_SHIFTER@165.956,31.746",0.1uF,2,165.95598,32.84601,1640,DRIVER_VDD
"C2_SHIFTER@144.956,31.746",0.1uF,1,144.95602,30.64612,126,GND
"C2_SHIFTER@144.956,31.746",0.1uF,2,144.95602,32.84601,1640,DRIVER_VDD
"C2_SHIFTER@123.956,31.746",0.1uF,1,123.95606,30.64612,126,GND
"C2_SHIFTER@123.956,31.746",0.1uF,2,123.95606,32.84601,1640,DRIVER_VDD
"C2_SHIFTER@102.956,31.746",0.1uF,1,102.95611,30.64612,126,GND
"C2_SHIFTER@102.956,31.746",0.1uF,2,102.95611,32.84601,1640,DRIVER_VDD
"C2_SHIFTER@81.956,31.746",0.1uF,1,81.95589,30.64612,126,GND
"C2_SHIFTER@81.956,31.746",0.1uF,2,81.95589,32.84601,1640,DRIVER_VDD
"C2_SHIFTER@60.956,31.746",0.1uF,1,60.95594,30.64612,126,GND
"C2_SHIFTER@60.956,31.746",0.1uF,2,60.95594,32.84601,1640,DRIVER_VDD
"C2_SHIFTER@39.956,31.746",0.1uF,1,39.95598,30.64612,126,GND
"C2_SHIFTER@39.956,31.746",0.1uF,2,39.95598,32.84601,1640,DRIVER_VDD
"C1_SHIFTER@165.956,136.996",0.1uF,1,165.95598,135.8961,1640,DRIVER_VDD
"C1_SHIFTER@165.956,136.996",0.1uF,2,165.95598,138.09599,126,GND
"C1_SHIFTER@144.956,136.996",0.1uF,1,144.95602,135.8961,1640,DRIVER_VDD
"C1_SHIFTER@144.956,136.996",0.1uF,2,144.95602,138.09599,126,GND
"C1_SHIFTER@123.956,136.996",0.1uF,1,123.95606,135.8961,1640,DRIVER_VDD
"C1_SHIFTER@123.956,136.996",0.1uF,2,123.95606,138.09599,126,GND
"C1_SHIFTER@102.956,136.996",0.1uF,1,102.95611,135.8961,1640,DRIVER_VDD
"C1_SHIFTER@102.956,136.996",0.1uF,2,102.95611,138.09599,126,GND
"C1_SHIFTER@81.956,136.996",0.1uF,1,81.95589,135.8961,1640,DRIVER_VDD
"C1_SHIFTER@81.956,136.996",0.1uF,2,81.95589,138.09599,126,GND
"C1_SHIFTER@60.956,136.996",0.1uF,1,60.95594,135.8961,1640,DRIVER_VDD
"C1_SHIFTER@60.956,136.996",0.1uF,2,60.95594,138.09599,126,GND
"C1_SHIFTER@39.956,136.996",0.1uF,1,39.95598,135.8961,1640,DRIVER_VDD
"C1_SHIFTER@39.956,136.996",0.1uF,2,39.95598,138.09599,126,GND
"C1_SHIFTER@18.956,136.996",0.1uF,1,18.95602,135.8961,1640,DRIVER_VDD
"C1_SHIFTER@18.956,136.996",0.1uF,2,18.95602,138.09599,126,GND
"C1_SHIFTER@165.956,94.996",0.1uF,1,165.95598,96.09607,126,GND
"C1_SHIFTER@165.956,94.996",0.1uF,2,165.95598,93.89593,1640,DRIVER_VDD
"C1_SHIFTER@144.956,94.996",0.1uF,1,144.95602,96.09607,126,GND
"C1_SHIFTER@144.956,94.996",0.1uF,2,144.95602,93.89593,1640,DRIVER_VDD
"C1_SHIFTER@123.956,94.996",0.1uF,1,123.95606,96.09607,126,GND
"C1_SHIFTER@123.956,94.996",0.1uF,2,123.95606,93.89593,1640,DRIVER_VDD
"C1_SHIFTER@102.956,94.996",0.1uF,1,102.95611,96.09607,126,GND
"C1_SHIFTER@102.956,94.996",0.1uF,2,102.95611,93.89593,1640,DRIVER_VDD
"C1_SHIFTER@81.956,94.996",0.1uF,1,81.95589,96.09607,126,GND
"C1_SHIFTER@81.956,94.996",0.1uF,2,81.95589,93.89593,1640,DRIVER_VDD
"C1_SHIFTER@60.956,94.996",0.1uF,1,60.95594,96.09607,126,GND
"C1_SHIFTER@60.956,94.996",0.1uF,2,60.95594,93.89593,1640,DRIVER_VDD
"C1_SHIFTER@39.956,94.996",0.1uF,1,39.95598,96.09607,126,GND
"C1_SHIFTER@39.956,94.996",0.1uF,2,39.95598,93.89593,1640,DRIVER_VDD
"C1_SHIFTER@18.956,94.996",0.1uF,1,18.95602,96.09607,126,GND
"C1_SHIFTER@18.956,94.996",0.1uF,2,18.95602,93.89593,1640,DRIVER_VDD
"C1_SHIFTER@165.956,52.996",0.1uF,1,165.95598,54.0959,126,GND
"C1_SHIFTER@165.956,52.996",0.1uF,2,165.95598,51.89601,1640,DRIVER_VDD
"C1_SHIFTER@144.956,52.996",0.1uF,1,144.95602,54.0959,126,GND
"C1_SHIFTER@144.956,52.996",0.1uF,2,144.95602,51.89601,1640,DRIVER_VDD
"C1_SHIFTER@123.956,52.996",0.1uF,1,123.95606,54.0959,126,GND
"C1_SHIFTER@123.956,52.996",0.1uF,2,123.95606,51.89601,1640,DRIVER_VDD
"C1_SHIFTER@102.956,52.996",0.1uF,1,102.95611,54.0959,126,GND
"C1_SHIFTER@102.956,52.996",0.1uF,2,102.95611,51.89601,1640,DRIVER_VDD
"C1_SHIFTER@81.956,52.996",0.1uF,1,81.95589,54.0959,126,GND
"C1_SHIFTER@81.956,52.996",0.1uF,2,81.95589,51.89601,1640,DRIVER_VDD
"C1_SHIFTER@60.956,52.996",0.1uF,1,60.95594,54.0959,126,GND
"C1_SHIFTER@60.956,52.996",0.1uF,2,60.95594,51.89601,1640,DRIVER_VDD
"C1_SHIFTER@39.956,52.996",0.1uF,1,39.95598,54.0959,126,GND
"C1_SHIFTER@39.956,52.996",0.1uF,2,39.95598,51.89601,1640,DRIVER_VDD
"C1_SHIFTER@18.956,52.996",0.1uF,1,18.95602,54.0959,126,GND
"C1_SHIFTER@18.956,52.996",0.1uF,2,18.95602,51.89601,1640,DRIVER_VDD
"C1_SHIFTER@165.956,10.996",0.1uF,1,165.95598,9.89609,1640,DRIVER_VDD
"C1_SHIFTER@165.956,10.996",0.1uF,2,165.95598,12.09599,126,GND
"C1_SHIFTER@144.956,10.996",0.1uF,1,144.95602,9.89609,1640,DRIVER_VDD
"C1_SHIFTER@144.956,10.996",0.1uF,2,144.95602,12.09599,126,GND
"C1_SHIFTER@123.956,10.996",0.1uF,1,123.95606,9.89609,1640,DRIVER_VDD
"C1_SHIFTER@123.956,10.996",0.1uF,2,123.95606,12.09599,126,GND
"C1_SHIFTER@102.956,10.996",0.1uF,1,102.95611,9.89609,1640,DRIVER_VDD
"C1_SHIFTER@102.956,10.996",0.1uF,2,102.95611,12.09599,126,GND
"C1_SHIFTER@81.956,10.996",0.1uF,1,81.95589,9.89609,1640,DRIVER_VDD
"C1_SHIFTER@81.956,10.996",0.1uF,2,81.95589,12.09599,126,GND
"C1_SHIFTER@60.956,10.996",0.1uF,1,60.95594,9.89609,1640,DRIVER_VDD
"C1_SHIFTER@60.956,10.996",0.1uF,2,60.95594,12.09599,126,GND
"C1_SHIFTER@39.956,10.996",0.1uF,1,39.95598,9.89609,1640,DRIVER_VDD
"C1_SHIFTER@39.956,10.996",0.1uF,2,39.95598,12.09599,126,GND
"1_SHIFTERS@165.956,147.246",74HC595,1,161.51098,144.70609,1498,
"1_SHIFTERS@165.956,147.246",74HC595,2,162.78098,144.70609,1489,
"1_SHIFTERS@165.956,147.246",74HC595,3,164.05098,144.70609,1488,
"1_SHIFTERS@165.956,147.246",74HC595,4,165.32098,144.70609,1619,
"1_SHIFTERS@165.956,147.246",74HC595,5,166.59098,144.70609,1618,
"1_SHIFTERS@165.956,147.246",74HC595,6,167.86098,144.70609,1608,
"1_SHIFTERS@165.956,147.246",74HC595,7,169.13098,144.70609,1607,
"1_SHIFTERS@165.956,147.246",74HC595,8,170.40098,144.70609,126,GND
"1_SHIFTERS@165.956,147.246",74HC595,9,170.40098,149.78609,1615,
"1_SHIFTERS@165.956,147.246",74HC595,10,169.13098,149.78609,1905,LOGIC_VCC
"1_SHIFTERS@165.956,147.246",74HC595,11,167.86098,149.78609,818,SHIFT_CLK_2
"1_SHIFTERS@165.956,147.246",74HC595,12,166.59098,149.78609,865,LATCH_CLK_2
"1_SHIFTERS@165.956,147.246",74HC595,13,165.32098,149.78609,126,GND
"1_SHIFTERS@165.956,147.246",74HC595,14,164.05098,149.78609,1349,
"1_SHIFTERS@165.956,147.246",74HC595,15,162.78098,149.78609,1497,
"1_SHIFTERS@165.956,147.246",74HC595,16,161.51098,149.78609,1905,LOGIC_VCC
"1_SHIFTERS@144.956,147.246",74HC595,1,140.51102,144.70609,1372,
"1_SHIFTERS@144.956,147.246",74HC595,2,141.78102,144.70609,1361,
"1_SHIFTERS@144.956,147.246",74HC595,3,143.05102,144.70609,1362,
"1_SHIFTERS@144.956,147.246",74HC595,4,144.32102,144.70609,1374,
"1_SHIFTERS@144.956,147.246",74HC595,5,145.59102,144.70609,1373,
"1_SHIFTERS@144.956,147.246",74HC595,6,146.86102,144.70609,1360,
"1_SHIFTERS@144.956,147.246",74HC595,7,148.13102,144.70609,1487,
"1_SHIFTERS@144.956,147.246",74HC595,8,149.40102,144.70609,126,GND
"1_SHIFTERS@144.956,147.246",74HC595,9,149.40102,149.78609,1368,
"1_SHIFTERS@144.956,147.246",74HC595,10,148.13102,149.78609,1905,LOGIC_VCC
"1_SHIFTERS@144.956,147.246",74HC595,11,146.86102,149.78609,818,SHIFT_CLK_2
"1_SHIFTERS@144.956,147.246",74HC595,12,145.59102,149.78609,865,LATCH_CLK_2
"1_SHIFTERS@144.956,147.246",74HC595,13,144.32102,149.78609,126,GND
"1_SHIFTERS@144.956,147.246",74HC595,14,143.05102,149.78609,1350,
"1_SHIFTERS@144.956,147.246",74HC595,15,141.78102,149.78609,1371,
"1_SHIFTERS@144.956,147.246",74HC595,16,140.51102,149.78609,1905,LOGIC_VCC
"1_SHIFTERS@123.956,147.246",74HC595,1,119.51106,144.70609,1122,
"1_SHIFTERS@123.956,147.246",74HC595,2,120.78106,144.70609,1111,
"1_SHIFTERS@123.956,147.246",74HC595,3,122.05106,144.70609,1110,
"1_SHIFTERS@123.956,147.246",74HC595,4,123.32106,144.70609,1242,
"1_SHIFTERS@123.956,147.246",74HC595,5,124.59106,144.70609,1241,
"1_SHIFTERS@123.956,147.246",74HC595,6,125.86106,144.70609,1231,
"1_SHIFTERS@123.956,147.246",74HC595,7,127.13106,144.70609,1232,
"1_SHIFTERS@123.956,147.246",74HC595,8,128.40106,144.70609,126,GND
"1_SHIFTERS@123.956,147.246",74HC595,9,128.40106,149.78609,1238,
"1_SHIFTERS@123.956,147.246",74HC595,10,127.13106,149.78609,1905,LOGIC_VCC
"1_SHIFTERS@123.956,147.246",74HC595,11,125.86106,149.78609,818,SHIFT_CLK_2
"1_SHIFTERS@123.956,147.246",74HC595,12,124.59106,149.78609,865,LATCH_CLK_2
"1_SHIFTERS@123.956,147.246",74HC595,13,123.32106,149.78609,126,GND
"1_SHIFTERS@123.956,147.246",74HC595,14,122.05106,149.78609,1351,
"1_SHIFTERS@123.956,147.246",74HC595,15,120.78106,149.78609,1121,
"1_SHIFTERS@123.956,147.246",74HC595,16,119.51106,149.78609,1905,LOGIC_VCC
"1_SHIFTERS@102.956,147.246",74HC595,1,98.51111,144.70609,868,
"1_SHIFTERS@102.956,147.246",74HC595,2,99.78111,144.70609,859,
"1_SHIFTERS@102.956,147.246",74HC595,3,101.05111,144.70609,987,
"1_SHIFTERS@102.956,147.246",74HC595,4,102.32111,144.70609,999,
"1_SHIFTERS@102.956,147.246",74HC595,5,103.59111,144.70609,998,
"1_SHIFTERS@102.956,147.246",74HC595,6,104.86111,144.70609,988,
"1_SHIFTERS@102.956,147.246",74HC595,7,106.13111,144.70609,986,
"1_SHIFTERS@102.956,147.246",74HC595,8,107.40111,144.70609,126,GND
"1_SHIFTERS@102.956,147.246",74HC595,9,107.40111,149.78609,994,
"1_SHIFTERS@102.956,147.246",74HC595,10,106.13111,149.78609,1905,LOGIC_VCC
"1_SHIFTERS@102.956,147.246",74HC595,11,104.86111,149.78609,818,SHIFT_CLK_2
"1_SHIFTERS@102.956,147.246",74HC595,12,103.59111,149.78609,865,LATCH_CLK_2
"1_SHIFTERS@102.956,147.246",74HC595,13,102.32111,149.78609,126,GND
"1_SHIFTERS@102.956,147.246",74HC595,14,101.05111,149.78609,1352,
"1_SHIFTERS@102.956,147.246",74HC595,15,99.78111,149.78609,997,
"1_SHIFTERS@102.956,147.246",74HC595,16,98.51111,149.78609,1905,LOGIC_VCC
"1_SHIFTERS@81.956,147.246",74HC595,1,77.51089,144.70609,745,
"1_SHIFTERS@81.956,147.246",74HC595,2,78.78089,144.70609,734,
"1_SHIFTERS@81.956,147.246",74HC595,3,80.05089,144.70609,733,
"1_SHIFTERS@81.956,147.246",74HC595,4,81.32115,144.70609,747,
"1_SHIFTERS@81.956,147.246",74HC595,5,82.59115,144.70609,746,
"1_SHIFTERS@81.956,147.246",74HC595,6,83.86089,144.70609,735,
"1_SHIFTERS@81.956,147.246",74HC595,7,85.13089,144.70609,858,
"1_SHIFTERS@81.956,147.246",74HC595,8,86.40089,144.70609,126,GND
"1_SHIFTERS@81.956,147.246",74HC595,9,86.40089,149.78609,741,
"1_SHIFTERS@81.956,147.246",74HC595,10,85.13089,149.78609,1905,LOGIC_VCC
"1_SHIFTERS@81.956,147.246",74HC595,11,83.86089,149.78609,818,SHIFT_CLK_2
"1_SHIFTERS@81.956,147.246",74HC595,12,82.59115,149.78609,865,LATCH_CLK_2
"1_SHIFTERS@81.956,147.246",74HC595,13,81.32115,149.78609,126,GND
"1_SHIFTERS@81.956,147.246",74HC595,14,80.05089,149.78609,353,
"1_SHIFTERS@81.956,147.246",74HC595,15,78.78089,149.78609,744,
"1_SHIFTERS@81.956,147.246",74HC595,16,77.51089,149.78609,1905,LOGIC_VCC
"1_SHIFTERS@60.956,147.246",74HC595,1,56.51094,144.70609,1814,
"1_SHIFTERS@60.956,147.246",74HC595,2,57.78094,144.70609,485,
"1_SHIFTERS@60.956,147.246",74HC595,3,59.05094,144.70609,484,
"1_SHIFTERS@60.956,147.246",74HC595,4,60.32094,144.70609,497,
"1_SHIFTERS@60.956,147.246",74HC595,5,61.59094,144.70609,618,
"1_SHIFTERS@60.956,147.246",74HC595,6,62.86094,144.70609,610,
"1_SHIFTERS@60.956,147.246",74HC595,7,64.13094,144.70609,609,
"1_SHIFTERS@60.956,147.246",74HC595,8,65.40094,144.70609,126,GND
"1_SHIFTERS@60.956,147.246",74HC595,9,65.40094,149.78609,615,
"1_SHIFTERS@60.956,147.246",74HC595,10,64.13094,149.78609,1905,LOGIC_VCC
"1_SHIFTERS@60.956,147.246",74HC595,11,62.86094,149.78609,818,SHIFT_CLK_2
"1_SHIFTERS@60.956,147.246",74HC595,12,61.59094,149.78609,865,LATCH_CLK_2
"1_SHIFTERS@60.956,147.246",74HC595,13,60.32094,149.78609,126,GND
"1_SHIFTERS@60.956,147.246",74HC595,14,59.05094,149.78609,352,
"1_SHIFTERS@60.956,147.246",74HC595,15,57.78094,149.78609,495,
"1_SHIFTERS@60.956,147.246",74HC595,16,56.51094,149.78609,1905,LOGIC_VCC
"1_SHIFTERS@39.956,147.246",74HC595,1,35.51098,144.70609,243,
"1_SHIFTERS@39.956,147.246",74HC595,2,36.78098,144.70609,232,
"1_SHIFTERS@39.956,147.246",74HC595,3,38.05098,144.70609,364,
"1_SHIFTERS@39.956,147.246",74HC595,4,39.32098,144.70609,375,
"1_SHIFTERS@39.956,147.246",74HC595,5,40.59098,144.70609,374,
"1_SHIFTERS@39.956,147.246",74HC595,6,41.86098,144.70609,362,
"1_SHIFTERS@39.956,147.246",74HC595,7,43.13098,144.70609,363,
"1_SHIFTERS@39.956,147.246",74HC595,8,44.40098,144.70609,126,GND
"1_SHIFTERS@39.956,147.246",74HC595,9,44.40098,149.78609,371,
"1_SHIFTERS@39.956,147.246",74HC595,10,43.13098,149.78609,1905,LOGIC_VCC
"1_SHIFTERS@39.956,147.246",74HC595,11,41.86098,149.78609,818,SHIFT_CLK_2
"1_SHIFTERS@39.956,147.246",74HC595,12,40.59098,149.78609,865,LATCH_CLK_2
"1_SHIFTERS@39.956,147.246",74HC595,13,39.32098,149.78609,126,GND
"1_SHIFTERS@39.956,147.246",74HC595,14,38.05098,149.78609,351,
"1_SHIFTERS@39.956,147.246",74HC595,15,36.78098,149.78609,242,
"1_SHIFTERS@39.956,147.246",74HC595,16,35.51098,149.78609,1905,LOGIC_VCC
"1_SHIFTERS@18.956,147.246",74HC595,1,14.51102,144.70609,117,
"1_SHIFTERS@18.956,147.246",74HC595,2,15.78102,144.70609,108,
"1_SHIFTERS@18.956,147.246",74HC595,3,17.05102,144.70609,106,
"1_SHIFTERS@18.956,147.246",74HC595,4,18.32102,144.70609,118,
"1_SHIFTERS@18.956,147.246",74HC595,5,19.59102,144.70609,244,
"1_SHIFTERS@18.956,147.246",74HC595,6,20.86102,144.70609,107,
"1_SHIFTERS@18.956,147.246",74HC595,7,22.13102,144.70609,233,
"1_SHIFTERS@18.956,147.246",74HC595,8,23.40102,144.70609,126,GND
"1_SHIFTERS@18.956,147.246",74HC595,9,23.40102,149.78609,240,
"1_SHIFTERS@18.956,147.246",74HC595,10,22.13102,149.78609,1905,LOGIC_VCC
"1_SHIFTERS@18.956,147.246",74HC595,11,20.86102,149.78609,818,SHIFT_CLK_2
"1_SHIFTERS@18.956,147.246",74HC595,12,19.59102,149.78609,865,LATCH_CLK_2
"1_SHIFTERS@18.956,147.246",74HC595,13,18.32102,149.78609,126,GND
"1_SHIFTERS@18.956,147.246",74HC595,14,17.05102,149.78609,350,
"1_SHIFTERS@18.956,147.246",74HC595,15,15.78102,149.78609,116,
"1_SHIFTERS@18.956,147.246",74HC595,16,14.51102,149.78609,1905,LOGIC_VCC
"1_SHIFTERS@165.956,105.246",74HC595,1,161.51098,102.70592,1466,
"1_SHIFTERS@165.956,105.246",74HC595,2,162.78098,102.70592,1455,
"1_SHIFTERS@165.956,105.246",74HC595,3,164.05098,102.70592,1454,
"1_SHIFTERS@165.956,105.246",74HC595,4,165.32098,102.70592,1592,
"1_SHIFTERS@165.956,105.246",74HC595,5,166.59098,102.70592,1591,
"1_SHIFTERS@165.956,105.246",74HC595,6,167.86098,102.70592,1580,
"1_SHIFTERS@165.956,105.246",74HC595,7,169.13098,102.70592,1581,
"1_SHIFTERS@165.956,105.246",74HC595,8,170.40098,102.70592,126,GND
"1_SHIFTERS@165.956,105.246",74HC595,9,170.40098,107.78592,1588,
"1_SHIFTERS@165.956,105.246",74HC595,10,169.13098,107.78592,1905,LOGIC_VCC
"1_SHIFTERS@165.956,105.246",74HC595,11,167.86098,107.78592,818,SHIFT_CLK_2
"1_SHIFTERS@165.956,105.246",74HC595,12,166.59098,107.78592,865,LATCH_CLK_2
"1_SHIFTERS@165.956,105.246",74HC595,13,165.32098,107.78592,126,GND
"1_SHIFTERS@165.956,105.246",74HC595,14,164.05098,107.78592,2023,
"1_SHIFTERS@165.956,105.246",74HC595,15,162.78098,107.78592,1465,
"1_SHIFTERS@165.956,105.246",74HC595,16,161.51098,107.78592,1905,LOGIC_VCC
"1_SHIFTERS@144.956,105.246",74HC595,1,140.51102,102.70592,1339,
"1_SHIFTERS@144.956,105.246",74HC595,2,141.78102,102.70592,1326,
"1_SHIFTERS@144.956,105.246",74HC595,3,143.05102,102.70592,1325,
"1_SHIFTERS@144.956,105.246",74HC595,4,144.32102,102.70592,1341,
"1_SHIFTERS@144.956,105.246",74HC595,5,145.59102,102.70592,1340,
"1_SHIFTERS@144.956,105.246",74HC595,6,146.86102,102.70592,1324,
"1_SHIFTERS@144.956,105.246",74HC595,7,148.13102,102.70592,1456,
"1_SHIFTERS@144.956,105.246",74HC595,8,149.40102,102.70592,126,GND
"1_SHIFTERS@144.956,105.246",74HC595,9,149.40102,107.78592,1463,
"1_SHIFTERS@144.956,105.246",74HC595,10,148.13102,107.78592,1905,LOGIC_VCC
"1_SHIFTERS@144.956,105.246",74HC595,11,146.86102,107.78592,818,SHIFT_CLK_2
"1_SHIFTERS@144.956,105.246",74HC595,12,145.59102,107.78592,865,LATCH_CLK_2
"1_SHIFTERS@144.956,105.246",74HC595,13,144.32102,107.78592,126,GND
"1_SHIFTERS@144.956,105.246",74HC595,14,143.05102,107.78592,2027,
"1_SHIFTERS@144.956,105.246",74HC595,15,141.78102,107.78592,1338,
"1_SHIFTERS@144.956,105.246",74HC595,16,140.51102,107.78592,1905,LOGIC_VCC
"1_SHIFTERS@123.956,105.246",74HC595,1,119.51106,102.70592,1089,
"1_SHIFTERS@123.956,105.246",74HC595,2,120.78106,102.70592,1079,
"1_SHIFTERS@123.956,105.246",74HC595,3,122.05106,102.70592,1078,
"1_SHIFTERS@123.956,105.246",74HC595,4,123.32106,102.70592,1091,
"1_SHIFTERS@123.956,105.246",74HC595,5,124.59106,102.70592,1211,
"1_SHIFTERS@123.956,105.246",74HC595,6,125.86106,102.70592,1200,
"1_SHIFTERS@123.956,105.246",74HC595,7,127.13106,102.70592,1201,
"1_SHIFTERS@123.956,105.246",74HC595,8,128.40106,102.70592,126,GND
"1_SHIFTERS@123.956,105.246",74HC595,9,128.40106,107.78592,1208,
"1_SHIFTERS@123.956,105.246",74HC595,10,127.13106,107.78592,1905,LOGIC_VCC
"1_SHIFTERS@123.956,105.246",74HC595,11,125.86106,107.78592,818,SHIFT_CLK_2
"1_SHIFTERS@123.956,105.246",74HC595,12,124.59106,107.78592,865,LATCH_CLK_2
"1_SHIFTERS@123.956,105.246",74HC595,13,123.32106,107.78592,126,GND
"1_SHIFTERS@123.956,105.246",74HC595,14,122.05106,107.78592,2026,
"1_SHIFTERS@123.956,105.246",74HC595,15,120.78106,107.78592,1088,
"1_SHIFTERS@123.956,105.246",74HC595,16,119.51106,107.78592,1905,LOGIC_VCC
"1_SHIFTERS@102.956,105.246",74HC595,1,98.51111,102.70592,1971,
"1_SHIFTERS@102.956,105.246",74HC595,2,99.78111,102.70592,833,
"1_SHIFTERS@102.956,105.246",74HC595,3,101.05111,102.70592,959,
"1_SHIFTERS@102.956,105.246",74HC595,4,102.32111,102.70592,970,
"1_SHIFTERS@102.956,105.246",74HC595,5,103.59111,102.70592,969,
"1_SHIFTERS@102.956,105.246",74HC595,6,104.86111,102.70592,958,
"1_SHIFTERS@102.956,105.246",74HC595,7,106.13111,102.70592,957,
"1_SHIFTERS@102.956,105.246",74HC595,8,107.40111,102.70592,126,GND
"1_SHIFTERS@102.956,105.246",74HC595,9,107.40111,107.78592,965,
"1_SHIFTERS@102.956,105.246",74HC595,10,106.13111,107.78592,1905,LOGIC_VCC
"1_SHIFTERS@102.956,105.246",74HC595,11,104.86111,107.78592,818,SHIFT_CLK_2
"1_SHIFTERS@102.956,105.246",74HC595,12,103.59111,107.78592,865,LATCH_CLK_2
"1_SHIFTERS@102.956,105.246",74HC595,13,102.32111,107.78592,126,GND
"1_SHIFTERS@102.956,105.246",74HC595,14,101.05111,107.78592,1331,
"1_SHIFTERS@102.956,105.246",74HC595,15,99.78111,107.78592,968,
"1_SHIFTERS@102.956,105.246",74HC595,16,98.51111,107.78592,1905,LOGIC_VCC
"1_SHIFTERS@81.956,105.246",74HC595,1,77.51089,102.70592,717,
"1_SHIFTERS@81.956,105.246",74HC595,2,78.78089,102.70592,708,
"1_SHIFTERS@81.956,105.246",74HC595,3,80.05089,102.70592,707,
"1_SHIFTERS@81.956,105.246",74HC595,4,81.32115,102.70592,719,
"1_SHIFTERS@81.956,105.246",74HC595,5,82.59115,102.70592,711,
"1_SHIFTERS@81.956,105.246",74HC595,6,83.86089,102.70592,706,
"1_SHIFTERS@81.956,105.246",74HC595,7,85.13089,102.70592,832,
"1_SHIFTERS@81.956,105.246",74HC595,8,86.40089,102.70592,126,GND
"1_SHIFTERS@81.956,105.246",74HC595,9,86.40089,107.78592,713,
"1_SHIFTERS@81.956,105.246",74HC595,10,85.13089,107.78592,1905,LOGIC_VCC
"1_SHIFTERS@81.956,105.246",74HC595,11,83.86089,107.78592,818,SHIFT_CLK_2
"1_SHIFTERS@81.956,105.246",74HC595,12,82.59115,107.78592,865,LATCH_CLK_2
"1_SHIFTERS@81.956,105.246",74HC595,13,81.32115,107.78592,126,GND
"1_SHIFTERS@81.956,105.246",74HC595,14,80.05089,107.78592,333,
"1_SHIFTERS@81.956,105.246",74HC595,15,78.78089,107.78592,716,
"1_SHIFTERS@81.956,105.246",74HC595,16,77.51089,107.78592,1905,LOGIC_VCC
"1_SHIFTERS@60.956,105.246",74HC595,1,56.51094,102.70592,465,
"1_SHIFTERS@60.956,105.246",74HC595,2,57.78094,102.70592,454,
"1_SHIFTERS@60.956,105.246",74HC595,3,59.05094,102.70592,453,
"1_SHIFTERS@60.956,105.246",74HC595,4,60.32094,102.70592,466,
"1_SHIFTERS@60.956,105.246",74HC595,5,61.59094,102.70592,587,
"1_SHIFTERS@60.956,105.246",74HC595,6,62.86094,102.70592,577,
"1_SHIFTERS@60.956,105.246",74HC595,7,64.13094,102.70592,578,
"1_SHIFTERS@60.956,105.246",74HC595,8,65.40094,102.70592,126,GND
"1_SHIFTERS@60.956,105.246",74HC595,9,65.40094,107.78592,583,
"1_SHIFTERS@60.956,105.246",74HC595,10,64.13094,107.78592,1905,LOGIC_VCC
"1_SHIFTERS@60.956,105.246",74HC595,11,62.86094,107.78592,818,SHIFT_CLK_2
"1_SHIFTERS@60.956,105.246",74HC595,12,61.59094,107.78592,865,LATCH_CLK_2
"1_SHIFTERS@60.956,105.246",74HC595,13,60.32094,107.78592,126,GND
"1_SHIFTERS@60.956,105.246",74HC595,14,59.05094,107.78592,336,
"1_SHIFTERS@60.956,105.246",74HC595,15,57.78094,107.78592,464,
"1_SHIFTERS@60.956,105.246",74HC595,16,56.51094,107.78592,1905,LOGIC_VCC
"1_SHIFTERS@39.956,105.246",74HC595,1,35.51098,102.70592,211,
"1_SHIFTERS@39.956,105.246",74HC595,2,36.78098,102.70592,201,
"1_SHIFTERS@39.956,105.246",74HC595,3,38.05098,102.70592,326,
"1_SHIFTERS@39.956,105.246",74HC595,4,39.32098,102.70592,343,
"1_SHIFTERS@39.956,105.246",74HC595,5,40.59098,102.70592,342,
"1_SHIFTERS@39.956,105.246",74HC595,6,41.86098,102.70592,328,
"1_SHIFTERS@39.956,105.246",74HC595,7,43.13098,102.70592,327,
"1_SHIFTERS@39.956,105.246",74HC595,8,44.40098,102.70592,126,GND
"1_SHIFTERS@39.956,105.246",74HC595,9,44.40098,107.78592,339,
"1_SHIFTERS@39.956,105.246",74HC595,10,43.13098,107.78592,1905,LOGIC_VCC
"1_SHIFTERS@39.956,105.246",74HC595,11,41.86098,107.78592,818,SHIFT_CLK_2
"1_SHIFTERS@39.956,105.246",74HC595,12,40.59098,107.78592,865,LATCH_CLK_2
"1_SHIFTERS@39.956,105.246",74HC595,13,39.32098,107.78592,126,GND
"1_SHIFTERS@39.956,105.246",74HC595,14,38.05098,107.78592,335,
"1_SHIFTERS@39.956,105.246",74HC595,15,36.78098,107.78592,210,
"1_SHIFTERS@39.956,105.246",74HC595,16,35.51098,107.78592,1905,LOGIC_VCC
"1_SHIFTERS@18.956,105.246",74HC595,1,14.51102,102.70592,88,
"1_SHIFTERS@18.956,105.246",74HC595,2,15.78102,102.70592,78,
"1_SHIFTERS@18.956,105.246",74HC595,3,17.05102,102.70592,79,
"1_SHIFTERS@18.956,105.246",74HC595,4,18.32102,102.70592,89,
"1_SHIFTERS@18.956,105.246",74HC595,5,19.59102,102.70592,212,
"1_SHIFTERS@18.956,105.246",74HC595,6,20.86102,102.70592,77,
"1_SHIFTERS@18.956,105.246",74HC595,7,22.13102,102.70592,200,
"1_SHIFTERS@18.956,105.246",74HC595,8,23.40102,102.70592,126,GND
"1_SHIFTERS@18.956,105.246",74HC595,9,23.40102,107.78592,208,
"1_SHIFTERS@18.956,105.246",74HC595,10,22.13102,107.78592,1905,LOGIC_VCC
"1_SHIFTERS@18.956,105.246",74HC595,11,20.86102,107.78592,818,SHIFT_CLK_2
"1_SHIFTERS@18.956,105.246",74HC595,12,19.59102,107.78592,865,LATCH_CLK_2
"1_SHIFTERS@18.956,105.246",74HC595,13,18.32102,107.78592,126,GND
"1_SHIFTERS@18.956,105.246",74HC595,14,17.05102,107.78592,334,
"1_SHIFTERS@18.956,105.246",74HC595,15,15.78102,107.78592,87,
"1_SHIFTERS@18.956,105.246",74HC595,16,14.51102,107.78592,1905,LOGIC_VCC
"1_SHIFTERS@165.956,63.246",74HC595,1,161.51098,60.706,1435,
"1_SHIFTERS@165.956,63.246",74HC595,2,162.78098,60.706,1425,
"1_SHIFTERS@165.956,63.246",74HC595,3,164.05098,60.706,1424,
"1_SHIFTERS@165.956,63.246",74HC595,4,165.32098,60.706,1563,
"1_SHIFTERS@165.956,63.246",74HC595,5,166.59098,60.706,1562,
"1_SHIFTERS@165.956,63.246",74HC595,6,167.86098,60.706,1552,
"1_SHIFTERS@165.956,63.246",74HC595,7,169.13098,60.706,1551,
"1_SHIFTERS@165.956,63.246",74HC595,8,170.40098,60.706,126,GND
"1_SHIFTERS@165.956,63.246",74HC595,9,170.40098,65.786,1559,
"1_SHIFTERS@165.956,63.246",74HC595,10,169.13098,65.786,1905,LOGIC_VCC
"1_SHIFTERS@165.956,63.246",74HC595,11,167.86098,65.786,663,SHIFT_CLK_1
"1_SHIFTERS@165.956,63.246",74HC595,12,166.59098,65.786,805,LATCH_CLK_1
"1_SHIFTERS@165.956,63.246",74HC595,13,165.32098,65.786,126,GND
"1_SHIFTERS@165.956,63.246",74HC595,14,164.05098,65.786,1300,
"1_SHIFTERS@165.956,63.246",74HC595,15,162.78098,65.786,1434,
"1_SHIFTERS@165.956,63.246",74HC595,16,161.51098,65.786,1905,LOGIC_VCC
"1_SHIFTERS@144.956,63.246",74HC595,1,140.51102,60.706,1308,
"1_SHIFTERS@144.956,63.246",74HC595,2,141.78102,60.706,1294,
"1_SHIFTERS@144.956,63.246",74HC595,3,143.05102,60.706,1295,
"1_SHIFTERS@144.956,63.246",74HC595,4,144.32102,60.706,1310,
"1_SHIFTERS@144.956,63.246",74HC595,5,145.59102,60.706,1309,
"1_SHIFTERS@144.956,63.246",74HC595,6,146.86102,60.706,1293,
"1_SHIFTERS@144.956,63.246",74HC595,7,148.13102,60.706,1426,
"1_SHIFTERS@144.956,63.246",74HC595,8,149.40102,60.706,126,GND
"1_SHIFTERS@144.956,63.246",74HC595,9,149.40102,65.786,1304,
"1_SHIFTERS@144.956,63.246",74HC595,10,148.13102,65.786,1905,LOGIC_VCC
"1_SHIFTERS@144.956,63.246",74HC595,11,146.86102,65.786,663,SHIFT_CLK_1
"1_SHIFTERS@144.956,63.246",74HC595,12,145.59102,65.786,805,LATCH_CLK_1
"1_SHIFTERS@144.956,63.246",74HC595,13,144.32102,65.786,126,GND
"1_SHIFTERS@144.956,63.246",74HC595,14,143.05102,65.786,1301,
"1_SHIFTERS@144.956,63.246",74HC595,15,141.78102,65.786,1307,
"1_SHIFTERS@144.956,63.246",74HC595,16,140.51102,65.786,1905,LOGIC_VCC
"1_SHIFTERS@123.956,63.246",74HC595,1,119.51106,60.706,1060,
"1_SHIFTERS@123.956,63.246",74HC595,2,120.78106,60.706,1049,
"1_SHIFTERS@123.956,63.246",74HC595,3,122.05106,60.706,1048,
"1_SHIFTERS@123.956,63.246",74HC595,4,123.32106,60.706,1180,
"1_SHIFTERS@123.956,63.246",74HC595,5,124.59106,60.706,1179,
"1_SHIFTERS@123.956,63.246",74HC595,6,125.86106,60.706,1169,
"1_SHIFTERS@123.956,63.246",74HC595,7,127.13106,60.706,1168,
"1_SHIFTERS@123.956,63.246",74HC595,8,128.40106,60.706,126,GND
"1_SHIFTERS@123.956,63.246",74HC595,9,128.40106,65.786,1176,
"1_SHIFTERS@123.956,63.246",74HC595,10,127.13106,65.786,1905,LOGIC_VCC
"1_SHIFTERS@123.956,63.246",74HC595,11,125.86106,65.786,663,SHIFT_CLK_1
"1_SHIFTERS@123.956,63.246",74HC595,12,124.59106,65.786,805,LATCH_CLK_1
"1_SHIFTERS@123.956,63.246",74HC595,13,123.32106,65.786,126,GND
"1_SHIFTERS@123.956,63.246",74HC595,14,122.05106,65.786,1302,
"1_SHIFTERS@123.956,63.246",74HC595,15,120.78106,65.786,1059,
"1_SHIFTERS@123.956,63.246",74HC595,16,119.51106,65.786,1905,LOGIC_VCC
"1_SHIFTERS@102.956,63.246",74HC595,1,98.51111,60.706,807,
"1_SHIFTERS@102.956,63.246",74HC595,2,99.78111,60.706,799,
"1_SHIFTERS@102.956,63.246",74HC595,3,101.05111,60.706,920,
"1_SHIFTERS@102.956,63.246",74HC595,4,102.32111,60.706,933,
"1_SHIFTERS@102.956,63.246",74HC595,5,103.59111,60.706,932,
"1_SHIFTERS@102.956,63.246",74HC595,6,104.86111,60.706,922,
"1_SHIFTERS@102.956,63.246",74HC595,7,106.13111,60.706,921,
"1_SHIFTERS@102.956,63.246",74HC595,8,107.40111,60.706,126,GND
"1_SHIFTERS@102.956,63.246",74HC595,9,107.40111,65.786,928,
"1_SHIFTERS@102.956,63.246",74HC595,10,106.13111,65.786,1905,LOGIC_VCC
"1_SHIFTERS@102.956,63.246",74HC595,11,104.86111,65.786,663,SHIFT_CLK_1
"1_SHIFTERS@102.956,63.246",74HC595,12,103.59111,65.786,805,LATCH_CLK_1
"1_SHIFTERS@102.956,63.246",74HC595,13,102.32111,65.786,126,GND
"1_SHIFTERS@102.956,63.246",74HC595,14,101.05111,65.786,2017,
"1_SHIFTERS@102.956,63.246",74HC595,15,99.78111,65.786,931,
"1_SHIFTERS@102.956,63.246",74HC595,16,98.51111,65.786,1905,LOGIC_VCC
"1_SHIFTERS@81.956,63.246",74HC595,1,77.51089,60.706,683,
"1_SHIFTERS@81.956,63.246",74HC595,2,78.78089,60.706,673,
"1_SHIFTERS@81.956,63.246",74HC595,3,80.05089,60.706,671,
"1_SHIFTERS@81.956,63.246",74HC595,4,81.32115,60.706,685,
"1_SHIFTERS@81.956,63.246",74HC595,5,82.59115,60.706,684,
"1_SHIFTERS@81.956,63.246",74HC595,6,83.86089,60.706,672,
"1_SHIFTERS@81.956,63.246",74HC595,7,85.13089,60.706,798,
"1_SHIFTERS@81.956,63.246",74HC595,8,86.40089,60.706,126,GND
"1_SHIFTERS@81.956,63.246",74HC595,9,86.40089,65.786,679,
"1_SHIFTERS@81.956,63.246",74HC595,10,85.13089,65.786,1905,LOGIC_VCC
"1_SHIFTERS@81.956,63.246",74HC595,11,83.86089,65.786,663,SHIFT_CLK_1
"1_SHIFTERS@81.956,63.246",74HC595,12,82.59115,65.786,805,LATCH_CLK_1
"1_SHIFTERS@81.956,63.246",74HC595,13,81.32115,65.786,126,GND
"1_SHIFTERS@81.956,63.246",74HC595,14,80.05089,65.786,1903,
"1_SHIFTERS@81.956,63.246",74HC595,15,78.78089,65.786,682,
"1_SHIFTERS@81.956,63.246",74HC595,16,77.51089,65.786,1905,LOGIC_VCC
"1_SHIFTERS@60.956,63.246",74HC595,1,56.51094,60.706,434,
"1_SHIFTERS@60.956,63.246",74HC595,2,57.78094,60.706,422,
"1_SHIFTERS@60.956,63.246",74HC595,3,59.05094,60.706,423,
"1_SHIFTERS@60.956,63.246",74HC595,4,60.32094,60.706,435,
"1_SHIFTERS@60.956,63.246",74HC595,5,61.59094,60.706,554,
"1_SHIFTERS@60.956,63.246",74HC595,6,62.86094,60.706,545,
"1_SHIFTERS@60.956,63.246",74HC595,7,64.13094,60.706,546,
"1_SHIFTERS@60.956,63.246",74HC595,8,65.40094,60.706,126,GND
"1_SHIFTERS@60.956,63.246",74HC595,9,65.40094,65.786,551,
"1_SHIFTERS@60.956,63.246",74HC595,10,64.13094,65.786,1905,LOGIC_VCC
"1_SHIFTERS@60.956,63.246",74HC595,11,62.86094,65.786,663,SHIFT_CLK_1
"1_SHIFTERS@60.956,63.246",74HC595,12,61.59094,65.786,805,LATCH_CLK_1
"1_SHIFTERS@60.956,63.246",74HC595,13,60.32094,65.786,126,GND
"1_SHIFTERS@60.956,63.246",74HC595,14,59.05094,65.786,1839,
"1_SHIFTERS@60.956,63.246",74HC595,15,57.78094,65.786,433,
"1_SHIFTERS@60.956,63.246",74HC595,16,56.51094,65.786,1905,LOGIC_VCC
"1_SHIFTERS@39.956,63.246",74HC595,1,35.51098,60.706,178,
"1_SHIFTERS@39.956,63.246",74HC595,2,36.78098,60.706,167,
"1_SHIFTERS@39.956,63.246",74HC595,3,38.05098,60.706,297,
"1_SHIFTERS@39.956,63.246",74HC595,4,39.32098,60.706,312,
"1_SHIFTERS@39.956,63.246",74HC595,5,40.59098,60.706,311,
"1_SHIFTERS@39.956,63.246",74HC595,6,41.86098,60.706,298,
"1_SHIFTERS@39.956,63.246",74HC595,7,43.13098,60.706,296,
"1_SHIFTERS@39.956,63.246",74HC595,8,44.40098,60.706,126,GND
"1_SHIFTERS@39.956,63.246",74HC595,9,44.40098,65.786,308,
"1_SHIFTERS@39.956,63.246",74HC595,10,43.13098,65.786,1905,LOGIC_VCC
"1_SHIFTERS@39.956,63.246",74HC595,11,41.86098,65.786,663,SHIFT_CLK_1
"1_SHIFTERS@39.956,63.246",74HC595,12,40.59098,65.786,805,LATCH_CLK_1
"1_SHIFTERS@39.956,63.246",74HC595,13,39.32098,65.786,126,GND
"1_SHIFTERS@39.956,63.246",74HC595,14,38.05098,65.786,304,
"1_SHIFTERS@39.956,63.246",74HC595,15,36.78098,65.786,177,
"1_SHIFTERS@39.956,63.246",74HC595,16,35.51098,65.786,1905,LOGIC_VCC
"1_SHIFTERS@18.956,63.246",74HC595,1,14.51102,60.706,59,
"1_SHIFTERS@18.956,63.246",74HC595,2,15.78102,60.706,50,
"1_SHIFTERS@18.956,63.246",74HC595,3,17.05102,60.706,48,
"1_SHIFTERS@18.956,63.246",74HC595,4,18.32102,60.706,60,
"1_SHIFTERS@18.956,63.246",74HC595,5,19.59102,60.706,179,
"1_SHIFTERS@18.956,63.246",74HC595,6,20.86102,60.706,49,
"1_SHIFTERS@18.956,63.246",74HC595,7,22.13102,60.706,168,
"1_SHIFTERS@18.956,63.246",74HC595,8,23.40102,60.706,126,GND
"1_SHIFTERS@18.956,63.246",74HC595,9,23.40102,65.786,175,
"1_SHIFTERS@18.956,63.246",74HC595,10,22.13102,65.786,1905,LOGIC_VCC
"1_SHIFTERS@18.956,63.246",74HC595,11,20.86102,65.786,663,SHIFT_CLK_1
"1_SHIFTERS@18.956,63.246",74HC595,12,19.59102,65.786,805,LATCH_CLK_1
"1_SHIFTERS@18.956,63.246",74HC595,13,18.32102,65.786,126,GND
"1_SHIFTERS@18.956,63.246",74HC595,14,17.05102,65.786,303,
"1_SHIFTERS@18.956,63.246",74HC595,15,15.78102,65.786,58,
"1_SHIFTERS@18.956,63.246",74HC595,16,14.51102,65.786,1905,LOGIC_VCC
"1_SHIFTERS@165.956,21.246",74HC595,1,161.51098,18.70608,1405,
"1_SHIFTERS@165.956,21.246",74HC595,2,162.78098,18.70608,1395,
"1_SHIFTERS@165.956,21.246",74HC595,3,164.05098,18.70608,1394,
"1_SHIFTERS@165.956,21.246",74HC595,4,165.32098,18.70608,1528,
"1_SHIFTERS@165.956,21.246",74HC595,5,166.59098,18.70608,1527,
"1_SHIFTERS@165.956,21.246",74HC595,6,167.86098,18.70608,1515,
"1_SHIFTERS@165.956,21.246",74HC595,7,169.13098,18.70608,1516,
"1_SHIFTERS@165.956,21.246",74HC595,8,170.40098,18.70608,126,GND
"1_SHIFTERS@165.956,21.246",74HC595,9,170.40098,23.78608,1523,
"1_SHIFTERS@165.956,21.246",74HC595,10,169.13098,23.78608,2203,LOGIC_VCC
"1_SHIFTERS@165.956,21.246",74HC595,11,167.86098,23.78608,663,SHIFT_CLK_1
"1_SHIFTERS@165.956,21.246",74HC595,12,166.59098,23.78608,805,LATCH_CLK_1
"1_SHIFTERS@165.956,21.246",74HC595,13,165.32098,23.78608,126,GND
"1_SHIFTERS@165.956,21.246",74HC595,14,164.05098,23.78608,2060,
"1_SHIFTERS@165.956,21.246",74HC595,15,162.78098,23.78608,1404,
"1_SHIFTERS@165.956,21.246",74HC595,16,161.51098,23.78608,2203,LOGIC_VCC
"1_SHIFTERS@144.956,21.246",74HC595,1,140.51102,18.70608,1272,
"1_SHIFTERS@144.956,21.246",74HC595,2,141.78102,18.70608,1262,
"1_SHIFTERS@144.956,21.246",74HC595,3,143.05102,18.70608,1261,
"1_SHIFTERS@144.956,21.246",74HC595,4,144.32102,18.70608,1274,
"1_SHIFTERS@144.956,21.246",74HC595,5,145.59102,18.70608,1273,
"1_SHIFTERS@144.956,21.246",74HC595,6,146.86102,18.70608,1260,
"1_SHIFTERS@144.956,21.246",74HC595,7,148.13102,18.70608,1393,
"1_SHIFTERS@144.956,21.246",74HC595,8,149.40102,18.70608,126,GND
"1_SHIFTERS@144.956,21.246",74HC595,9,149.40102,23.78608,1268,
"1_SHIFTERS@144.956,21.246",74HC595,10,148.13102,23.78608,2203,LOGIC_VCC
"1_SHIFTERS@144.956,21.246",74HC595,11,146.86102,23.78608,663,SHIFT_CLK_1
"1_SHIFTERS@144.956,21.246",74HC595,12,145.59102,23.78608,805,LATCH_CLK_1
"1_SHIFTERS@144.956,21.246",74HC595,13,144.32102,23.78608,126,GND
"1_SHIFTERS@144.956,21.246",74HC595,14,143.05102,23.78608,2000,
"1_SHIFTERS@144.956,21.246",74HC595,15,141.78102,23.78608,1271,
"1_SHIFTERS@144.956,21.246",74HC595,16,140.51102,23.78608,2203,LOGIC_VCC
"1_SHIFTERS@123.956,21.246",74HC595,1,119.51106,18.70608,1026,
"1_SHIFTERS@123.956,21.246",74HC595,2,120.78106,18.70608,1015,
"1_SHIFTERS@123.956,21.246",74HC595,3,122.05106,18.70608,1016,
"1_SHIFTERS@123.956,21.246",74HC595,4,123.32106,18.70608,1028,
"1_SHIFTERS@123.956,21.246",74HC595,5,124.59106,18.70608,1148,
"1_SHIFTERS@123.956,21.246",74HC595,6,125.86106,18.70608,1140,
"1_SHIFTERS@123.956,21.246",74HC595,7,127.13106,18.70608,1139,
"1_SHIFTERS@123.956,21.246",74HC595,8,128.40106,18.70608,126,GND
"1_SHIFTERS@123.956,21.246",74HC595,9,128.40106,23.78608,1145,
"1_SHIFTERS@123.956,21.246",74HC595,10,127.13106,23.78608,2203,LOGIC_VCC
"1_SHIFTERS@123.956,21.246",74HC595,11,125.86106,23.78608,663,SHIFT_CLK_1
"1_SHIFTERS@123.956,21.246",74HC595,12,124.59106,23.78608,805,LATCH_CLK_1
"1_SHIFTERS@123.956,21.246",74HC595,13,123.32106,23.78608,126,GND
"1_SHIFTERS@123.956,21.246",74HC595,14,122.05106,23.78608,2002,
"1_SHIFTERS@123.956,21.246",74HC595,15,120.78106,23.78608,1025,
"1_SHIFTERS@123.956,21.246",74HC595,16,119.51106,23.78608,2203,LOGIC_VCC
"1_SHIFTERS@102.956,21.246",74HC595,1,98.51111,18.70608,773,
"1_SHIFTERS@102.956,21.246",74HC595,2,99.78111,18.70608,761,
"1_SHIFTERS@102.956,21.246",74HC595,3,101.05111,18.70608,886,
"1_SHIFTERS@102.956,21.246",74HC595,4,102.32111,18.70608,898,
"1_SHIFTERS@102.956,21.246",74HC595,5,103.59111,18.70608,897,
"1_SHIFTERS@102.956,21.246",74HC595,6,104.86111,18.70608,887,
"1_SHIFTERS@102.956,21.246",74HC595,7,106.13111,18.70608,885,
"1_SHIFTERS@102.956,21.246",74HC595,8,107.40111,18.70608,126,GND
"1_SHIFTERS@102.956,21.246",74HC595,9,107.40111,23.78608,893,
"1_SHIFTERS@102.956,21.246",74HC595,10,106.13111,23.78608,2203,LOGIC_VCC
"1_SHIFTERS@102.956,21.246",74HC595,11,104.86111,23.78608,663,SHIFT_CLK_1
"1_SHIFTERS@102.956,21.246",74HC595,12,103.59111,23.78608,805,LATCH_CLK_1
"1_SHIFTERS@102.956,21.246",74HC595,13,102.32111,23.78608,126,GND
"1_SHIFTERS@102.956,21.246",74HC595,14,101.05111,23.78608,902,
"1_SHIFTERS@102.956,21.246",74HC595,15,99.78111,23.78608,896,
"1_SHIFTERS@102.956,21.246",74HC595,16,98.51111,23.78608,2203,LOGIC_VCC
"1_SHIFTERS@81.956,21.246",74HC595,1,77.51089,18.70608,648,
"1_SHIFTERS@81.956,21.246",74HC595,2,78.78089,18.70608,636,
"1_SHIFTERS@81.956,21.246",74HC595,3,80.05089,18.70608,638,
"1_SHIFTERS@81.956,21.246",74HC595,4,81.32115,18.70608,650,
"1_SHIFTERS@81.956,21.246",74HC595,5,82.59115,18.70608,649,
"1_SHIFTERS@81.956,21.246",74HC595,6,83.86089,18.70608,637,
"1_SHIFTERS@81.956,21.246",74HC595,7,85.13089,18.70608,762,
"1_SHIFTERS@81.956,21.246",74HC595,8,86.40089,18.70608,126,GND
"1_SHIFTERS@81.956,21.246",74HC595,9,86.40089,23.78608,644,
"1_SHIFTERS@81.956,21.246",74HC595,10,85.13089,23.78608,2203,LOGIC_VCC
"1_SHIFTERS@81.956,21.246",74HC595,11,83.86089,23.78608,663,SHIFT_CLK_1
"1_SHIFTERS@81.956,21.246",74HC595,12,82.59115,23.78608,805,LATCH_CLK_1
"1_SHIFTERS@81.956,21.246",74HC595,13,81.32115,23.78608,126,GND
"1_SHIFTERS@81.956,21.246",74HC595,14,80.05089,23.78608,1834,
"1_SHIFTERS@81.956,21.246",74HC595,15,78.78089,23.78608,647,
"1_SHIFTERS@81.956,21.246",74HC595,16,77.51089,23.78608,2203,LOGIC_VCC
"1_SHIFTERS@60.956,21.246",74HC595,1,56.51094,18.70608,403,
"1_SHIFTERS@60.956,21.246",74HC595,2,57.78094,18.70608,392,
"1_SHIFTERS@60.956,21.246",74HC595,3,59.05094,18.70608,393,
"1_SHIFTERS@60.956,21.246",74HC595,4,60.32094,18.70608,404,
"1_SHIFTERS@60.956,21.246",74HC595,5,61.59094,18.70608,522,
"1_SHIFTERS@60.956,21.246",74HC595,6,62.86094,18.70608,514,
"1_SHIFTERS@60.956,21.246",74HC595,7,64.13094,18.70608,513,
"1_SHIFTERS@60.956,21.246",74HC595,8,65.40094,18.70608,126,GND
"1_SHIFTERS@60.956,21.246",74HC595,9,65.40094,23.78608,519,
"1_SHIFTERS@60.956,21.246",74HC595,10,64.13094,23.78608,2203,LOGIC_VCC
"1_SHIFTERS@60.956,21.246",74HC595,11,62.86094,23.78608,663,SHIFT_CLK_1
"1_SHIFTERS@60.956,21.246",74HC595,12,61.59094,23.78608,805,LATCH_CLK_1
"1_SHIFTERS@60.956,21.246",74HC595,13,60.32094,23.78608,126,GND
"1_SHIFTERS@60.956,21.246",74HC595,14,59.05094,23.78608,1833,
"1_SHIFTERS@60.956,21.246",74HC595,15,57.78094,23.78608,402,
"1_SHIFTERS@60.956,21.246",74HC595,16,56.51094,23.78608,2203,LOGIC_VCC
"1_SHIFTERS@39.956,21.246",74HC595,1,35.51098,18.70608,148,
"1_SHIFTERS@39.956,21.246",74HC595,2,36.78098,18.70608,137,
"1_SHIFTERS@39.956,21.246",74HC595,3,38.05098,18.70608,264,
"1_SHIFTERS@39.956,21.246",74HC595,4,39.32098,18.70608,276,
"1_SHIFTERS@39.956,21.246",74HC595,5,40.59098,18.70608,275,
"1_SHIFTERS@39.956,21.246",74HC595,6,41.86098,18.70608,265,
"1_SHIFTERS@39.956,21.246",74HC595,7,43.13098,18.70608,263,
"1_SHIFTERS@39.956,21.246",74HC595,8,44.40098,18.70608,126,GND
"1_SHIFTERS@39.956,21.246",74HC595,9,44.40098,23.78608,272,
"1_SHIFTERS@39.956,21.246",74HC595,10,43.13098,23.78608,2203,LOGIC_VCC
"1_SHIFTERS@39.956,21.246",74HC595,11,41.86098,23.78608,663,SHIFT_CLK_1
"1_SHIFTERS@39.956,21.246",74HC595,12,40.59098,23.78608,805,LATCH_CLK_1
"1_SHIFTERS@39.956,21.246",74HC595,13,39.32098,23.78608,126,GND
"1_SHIFTERS@39.956,21.246",74HC595,14,38.05098,23.78608,1830,
"1_SHIFTERS@39.956,21.246",74HC595,15,36.78098,23.78608,147,
"1_SHIFTERS@39.956,21.246",74HC595,16,35.51098,23.78608,2203,LOGIC_VCC
"J4@5.652,19.050",KYCN-KLDX-0202-B-3,1,5.461,16.764,126,GND
"J4@5.652,19.050",KYCN-KLDX-0202-B-3,2,8.636,21.336,1640,DRIVER_VDD
"J4@5.652,19.050",KYCN-KLDX-0202-B-3,3,2.667,21.336,126,GND
"J3@92.456,84.836",SSW-123-06-L-D,1,119.126,83.566,1331,
"J3@92.456,84.836",SSW-123-06-L-D,2,119.126,86.106,2026,
"J3@92.456,84.836",SSW-123-06-L-D,3,116.586,83.566,1349,
"J3@92.456,84.836",SSW-123-06-L-D,4,116.586,86.106,2027,
"J3@92.456,84.836",SSW-123-06-L-D,5,114.046,83.566,1350,
"J3@92.456,84.836",SSW-123-06-L-D,6,114.046,86.106,2023,
"J3@92.456,84.836",SSW-123-06-L-D,7,111.506,83.566,1351,
"J3@92.456,84.836",SSW-123-06-L-D,8,111.506,86.106,2024,
"J3@92.456,84.836",SSW-123-06-L-D,9,108.966,83.566,1352,
"J3@92.456,84.836",SSW-123-06-L-D,10,108.966,86.106,945,
"J3@92.456,84.836",SSW-123-06-L-D,11,106.426,83.566,2017,
"J3@92.456,84.836",SSW-123-06-L-D,12,106.426,86.106,944,
"J3@92.456,84.836",SSW-123-06-L-D,13,103.886,83.566,1961,
"J3@92.456,84.836",SSW-123-06-L-D,14,103.886,86.106,1967,
"J3@92.456,84.836",SSW-123-06-L-D,15,101.346,83.566,1963,
"J3@92.456,84.836",SSW-123-06-L-D,16,101.346,86.106,947,
"J3@92.456,84.836",SSW-123-06-L-D,17,98.806,83.566,817,
"J3@92.456,84.836",SSW-123-06-L-D,18,98.806,86.106,1965,
"J3@92.456,84.836",SSW-123-06-L-D,19,96.266,83.566,816,
"J3@92.456,84.836",SSW-123-06-L-D,20,96.266,86.106,820,
"J3@92.456,84.836",SSW-123-06-L-D,21,93.726,83.566,1905,LOGIC_VCC
"J3@92.456,84.836",SSW-123-06-L-D,22,93.726,86.106,126,GND
"J3@92.456,84.836",SSW-123-06-L-D,23,91.186,83.566,818,SHIFT_CLK_2
"J3@92.456,84.836",SSW-123-06-L-D,24,91.186,86.106,865,LATCH_CLK_2
"J3@92.456,84.836",SSW-123-06-L-D,25,88.646,83.566,818,SHIFT_CLK_2
"J3@92.456,84.836",SSW-123-06-L-D,26,88.646,86.106,865,LATCH_CLK_2
"J3@92.456,84.836",SSW-123-06-L-D,27,86.106,83.566,818,SHIFT_CLK_2
"J3@92.456,84.836",SSW-123-06-L-D,28,86.106,86.106,865,LATCH_CLK_2
"J3@92.456,84.836",SSW-123-06-L-D,29,83.566,83.566,818,SHIFT_CLK_2
"J3@92.456,84.836",SSW-123-06-L-D,30,83.566,86.106,865,LATCH_CLK_2
"J3@92.456,84.836",SSW-123-06-L-D,31,81.026,83.566,1903,
"J3@92.456,84.836",SSW-123-06-L-D,32,81.026,86.106,698,
"J3@92.456,84.836",SSW-123-06-L-D,33,78.486,83.566,353,
"J3@92.456,84.836",SSW-123-06-L-D,34,78.486,86.106,699,
"J3@92.456,84.836",SSW-123-06-L-D,35,75.946,83.566,352,
"J3@92.456,84.836",SSW-123-06-L-D,36,75.946,86.106,695,
"J3@92.456,84.836",SSW-123-06-L-D,37,73.406,83.566,351,
"J3@92.456,84.836",SSW-123-06-L-D,38,73.406,86.106,336,
"J3@92.456,84.836",SSW-123-06-L-D,39,70.866,83.566,350,
"J3@92.456,84.836",SSW-123-06-L-D,40,70.866,86.106,334,
"J3@92.456,84.836",SSW-123-06-L-D,41,68.326,83.566,333,
"J3@92.456,84.836",SSW-123-06-L-D,42,68.326,86.106,335,
"J3@92.456,84.836",SSW-123-06-L-D,43,65.786,83.566,566,
"J3@92.456,84.836",SSW-123-06-L-D,44,65.786,86.106,126,GND
"J2@92.484,41.656",SSW-123-06-L-D,1,119.15394,40.386,2060,
"J2@92.484,41.656",SSW-123-06-L-D,2,119.15394,42.926,2208,
"J2@92.484,41.656",SSW-123-06-L-D,3,116.61394,40.386,2000,
"J2@92.484,41.656",SSW-123-06-L-D,4,116.61394,42.926,2209,
"J2@92.484,41.656",SSW-123-06-L-D,5,114.07394,40.386,2002,
"J2@92.484,41.656",SSW-123-06-L-D,6,114.07394,42.926,2206,
"J2@92.484,41.656",SSW-123-06-L-D,7,111.53394,40.386,902,
"J2@92.484,41.656",SSW-123-06-L-D,8,111.53394,42.926,1302,
"J2@92.484,41.656",SSW-123-06-L-D,9,108.99394,40.386,2001,
"J2@92.484,41.656",SSW-123-06-L-D,10,108.99394,42.926,1301,
"J2@92.484,41.656",SSW-123-06-L-D,11,106.45394,40.386,1999,
"J2@92.484,41.656",SSW-123-06-L-D,12,106.45394,42.926,1300,
"J2@92.484,41.656",SSW-123-06-L-D,13,103.91394,40.386,908,
"J2@92.484,41.656",SSW-123-06-L-D,14,103.91394,42.926,911,
"J2@92.484,41.656",SSW-123-06-L-D,15,101.37394,40.386,910,
"J2@92.484,41.656",SSW-123-06-L-D,16,101.37394,42.926,1949,
"J2@92.484,41.656",SSW-123-06-L-D,17,98.83394,40.386,1944,
"J2@92.484,41.656",SSW-123-06-L-D,18,98.83394,42.926,1947,
"J2@92.484,41.656",SSW-123-06-L-D,19,96.29394,40.386,782,
"J2@92.484,41.656",SSW-123-06-L-D,20,96.29394,42.926,788,
"J2@92.484,41.656",SSW-123-06-L-D,21,93.75394,40.386,126,GND
"J2@92.484,41.656",SSW-123-06-L-D,22,93.75394,42.926,2203,LOGIC_VCC
"J2@92.484,41.656",SSW-123-06-L-D,23,91.21394,40.386,805,LATCH_CLK_1
"J2@92.484,41.656",SSW-123-06-L-D,24,91.21394,42.926,663,SHIFT_CLK_1
"J2@92.484,41.656",SSW-123-06-L-D,25,88.67394,40.386,805,LATCH_CLK_1
"J2@92.484,41.656",SSW-123-06-L-D,26,88.67394,42.926,663,SHIFT_CLK_1
"J2@92.484,41.656",SSW-123-06-L-D,27,86.13394,40.386,805,LATCH_CLK_1
"J2@92.484,41.656",SSW-123-06-L-D,28,86.13394,42.926,663,SHIFT_CLK_1
"J2@92.484,41.656",SSW-123-06-L-D,29,83.59394,40.386,805,LATCH_CLK_1
"J2@92.484,41.656",SSW-123-06-L-D,30,83.59394,42.926,663,SHIFT_CLK_1
"J2@92.484,41.656",SSW-123-06-L-D,31,81.05394,40.386,1888,
"J2@92.484,41.656",SSW-123-06-L-D,32,81.05394,42.926,303,
"J2@92.484,41.656",SSW-123-06-L-D,33,78.51394,40.386,1832,
"J2@92.484,41.656",SSW-123-06-L-D,34,78.51394,42.926,304,
"J2@92.484,41.656",SSW-123-06-L-D,35,75.97394,40.386,1834,
"J2@92.484,41.656",SSW-123-06-L-D,36,75.97394,42.926,1839,
"J2@92.484,41.656",SSW-123-06-L-D,37,73.43394,40.386,1833,
"J2@92.484,41.656",SSW-123-06-L-D,38,73.43394,42.926,1837,
"J2@92.484,41.656",SSW-123-06-L-D,39,70.89394,40.386,1830,
"J2@92.484,41.656",SSW-123-06-L-D,40,70.89394,42.926,1836,
"J2@92.484,41.656",SSW-123-06-L-D,41,68.35394,40.386,1831,
"J2@92.484,41.656",SSW-123-06-L-D,42,68.35394,42.926,1835,
"J2@92.484,41.656",SSW-123-06-L-D,43,65.81394,40.386,126,GND
"J2@92.484,41.656",SSW-123-06-L-D,44,65.81394,42.926,536,
